{
    "article_id": "80802f6f87b24f0ae55b3f3c0f3c470f.1589925604.6446304",
    "title": "Gelinim Mutfakta g\u00fcn birincisi kim? 19 May\u0131s Sal\u0131 Gelinim Mutfakta puan tablosu",
    "authors": [
        "Isvalid",
        "Yazarlar",
        "Data",
        "Name",
        "Mail",
        "Title",
        "Di\u0307\u011fer Yazarlar"
    ],
    "canonical_link": "https://www.haberturk.com/gelinim-mutfakta-gun-birincisi-kim-19-mayis-sali-gelinim-mutfakta-puan-tablosu-2684801-magazin",
    "url": "http://haberturk.com/gelinim-mutfakta-gun-birincisi-kim-19-mayis-sali-gelinim-mutfakta-puan-tablosu-2684801-magazin",
    "top_img": "https://im.haberturk.com/2020/05/19/ver1589894794/2684801_1200x627.jpg",
    "meta_img": "https://im.haberturk.com/2020/05/19/ver1589894794/2684801_1200x627.jpg",
    "movies": [
        "https://www.youtube.com/embed/YAUQiZeNCEM"
    ],
    "text": "Gelinim Mutfakta g\u00fcn birincisi kim? sorusu yar\u0131\u015fman\u0131n bug\u00fcnk\u00fc b\u00f6l\u00fcm\u00fcn\u00fcn ard\u0131ndan g\u00fcndeme geldi. Gelinim Mutfakta'da yar\u0131\u015fmaya damga vurmu\u015f ve unutulmayan eski yar\u0131\u015fmac\u0131lar geri d\u00f6nd\u00fc. Eski yar\u0131\u015fmac\u0131lar daha da h\u0131rsl\u0131 bir \u015fekilde m\u00fccadele edince rekabet de katland\u0131. Gelinim Mutfakta 527. son b\u00f6l\u00fcmde ya\u015fananlar haberimizde...\n\nGEL\u0130N\u0130M MUTFAKTA'DA FAT\u0130H \u00dcREK'\u0130N SORUSU ORTALI\u011eI KARI\u015eTIRDI\n\nGelinim Mutfakta'da bug\u00fcn Fatih \u00dcrek'in gelin ve kaynanalara y\u00f6neltti\u011fi soru gerilimi t\u0131rmand\u0131rd\u0131.\n\nGEL\u0130N\u0130M MUTFAKTA G\u00dcN\u00dcN B\u0130R\u0130NC\u0130S\u0130 K\u0130M? 18 MAYIS PAZARTES\u0130\n\nG\u00fcn\u00fcn en d\u00fc\u015f\u00fck puan\u0131n\u0131 alan gelini 6 puanla Neslihan oldu.\n\nG\u00fcn\u00fcn \u00fc\u00e7\u00fcnc\u00fcs\u00fc 7 puanla Dilek oldu.\n\nG\u00fcn\u00fcn ikincisi 12 puanla Hatice oldu.\n\nG\u00fcn\u00fcn en y\u00fcksek puan\u0131n\u0131 alan gelini 16 puanla Elif oldu.\n\nElif bug\u00fcnk\u00fc \u00e7eyrek alt\u0131n\u0131 kazanan yar\u0131\u015fmac\u0131 oldu.",
    "keywords": [
        "birincisi",
        "gelini",
        "yar\u0131\u015fmac\u0131lar",
        "puan\u0131n\u0131",
        "gelinim",
        "19",
        "kim",
        "oldug\u00fcn\u00fcn",
        "g\u00fcn",
        "mutfaktada",
        "puan",
        "puanla",
        "ve",
        "may\u0131s",
        "sorusu",
        "tablosu",
        "mutfakta",
        "sal\u0131"
    ],
    "meta_keywords": [
        ""
    ],
    "publish_date": {
        "$date": 1589894794000
    },
    "summary": "Gelinim Mutfakta g\u00fcn birincisi kim?\nsorusu yar\u0131\u015fman\u0131n bug\u00fcnk\u00fc b\u00f6l\u00fcm\u00fcn\u00fcn ard\u0131ndan g\u00fcndeme geldi.\nGelinim Mutfakta'da yar\u0131\u015fmaya damga vurmu\u015f ve unutulmayan eski yar\u0131\u015fmac\u0131lar geri d\u00f6nd\u00fc.\nEski yar\u0131\u015fmac\u0131lar daha da h\u0131rsl\u0131 bir \u015fekilde m\u00fccadele edince rekabet de katland\u0131.\nGelinim Mutfakta 527. son b\u00f6l\u00fcmde ya\u015fananlar haberimizde...GEL\u0130N\u0130M MUTFAKTA'DA FAT\u0130H \u00dcREK'\u0130N SORUSU ORTALI\u011eI KARI\u015eTIRDIGelinim Mutfakta'da bug\u00fcn Fatih \u00dcrek'in gelin ve kaynanalara y\u00f6neltti\u011fi soru gerilimi t\u0131rmand\u0131rd\u0131.\nGEL\u0130N\u0130M MUTFAKTA G\u00dcN\u00dcN B\u0130R\u0130NC\u0130S\u0130 K\u0130M?\n18 MAYIS PAZARTES\u0130G\u00fcn\u00fcn en d\u00fc\u015f\u00fck puan\u0131n\u0131 alan gelini 6 puanla Neslihan oldu.\nG\u00fcn\u00fcn \u00fc\u00e7\u00fcnc\u00fcs\u00fc 7 puanla Dilek oldu.\nG\u00fcn\u00fcn ikincisi 12 puanla Hatice oldu.\nG\u00fcn\u00fcn en y\u00fcksek puan\u0131n\u0131 alan gelini 16 puanla Elif oldu.\nElif bug\u00fcnk\u00fc \u00e7eyrek alt\u0131n\u0131 kazanan yar\u0131\u015fmac\u0131 oldu.",
    "article_html": "",
    "meta_description": "Gelinim Mutfakta g\u00fcn\u00fcn birincisi bug\u00fcn ekranlara gelen 527. b\u00f6l\u00fcmde belirlendi. Gelinim Mutfakta'da bug\u00fcn gelinler en lezzetli taba\u011f\u0131 \u00e7\u0131karmaya \u00e7al\u0131\u015f\u0131rken, Fatih \u00dcrek'in gelinlere ve kaynanalara sordu\u011fu soru ortal\u0131\u011f\u0131 kar\u0131\u015ft\u0131rd\u0131. \u0130\u015fte 19 May\u0131s 2020 Sal\u0131 Gelinim Mutfakta puan durumu ve g\u00fcn birincisi",
    "meta_lang": "tr"
}