{
    "article_id": "eb5e9b1949b72b206127904b4e68e3ec.1589925610.4007156",
    "title": "T\u00fcrk futbolu 19 May\u0131s'\u0131 kutlad\u0131",
    "authors": [
        "Isvalid",
        "Yazarlar",
        "Data",
        "Name",
        "Mail",
        "Title",
        "Di\u0307\u011fer Yazarlar"
    ],
    "canonical_link": "https://www.haberturk.com/turk-futbolu-19-mayis-i-kutladi-2683309-spor",
    "url": "http://haberturk.com/turk-futbolu-19-mayis-i-kutladi-2683309-spor",
    "top_img": "https://im.haberturk.com/2020/05/18/ver1589794852/2683309_1200x627.jpg",
    "meta_img": "https://im.haberturk.com/2020/05/18/ver1589794852/2683309_1200x627.jpg",
    "movies": [],
    "text": "T\u00fcrk futbolunun \u00f6nemli isimlerinden Arda Turan'dan FIFA kokartl\u0131 hakem Ali Palab\u0131y\u0131k'a, G\u00f6ztepeli futbolcu Soner Aydo\u011fdu'dan Kas\u0131mpa\u015fal\u0131 futbolcu Yusuf Erdo\u011fan'a, kariyerinde \u00f6nemli ba\u015far\u0131lar elde etmi\u015f, Medipol Ba\u015fak\u015fehir'in tecr\u00fcbeli oyuncusu G\u00f6khan \u0130nler'den Gen\u00e7lerbirli\u011fi'nin gen\u00e7 y\u0131ld\u0131z\u0131 Berat Ayberk \u00d6zdemir'e, Galatasaray'\u0131n gen\u00e7 orta sahas\u0131 Taylan Antalyal\u0131'dan Gaziantep FK'n\u0131n tecr\u00fcbeli ismi G\u00fcray Vural'a, Be\u015fikta\u015f'\u0131n golc\u00fc oyuncusu Umut Nayir'dan Fenerbah\u00e7e'nin gen\u00e7 kalecisi Berke \u00d6zer\u00b4e kadar bir\u00e7ok \u00f6nemli isim 19 May\u0131s Atat\u00fcrk\u00b4\u00fc Anma, Gen\u00e7lik ve Spor Bayram\u0131 mesajlar\u0131n\u0131 DHA arac\u0131l\u0131\u011f\u0131yla iletti.\n\nARDA TURAN: BAYRAMIMIZ KUTLU OLSUN\n\nT\u00fcrk futbolunun en \u00f6nemli isimlerinden Arda Turan da 19 May\u0131s mesaj\u0131n\u0131 arac\u0131l\u0131\u011f\u0131yla verdi. Turan, \"19 May\u0131s Atat\u00fcrk\u00b4\u00fc Anma, Gen\u00e7lik ve Spor Bayram\u0131 kutlu olsun\" dedi.\n\nSONER AYDO\u011eDU\u00b4DAN KIZLARIYLA 19 MAYIS MESAJI\n\nG\u00f6ztepe\u00b4nin tecr\u00fcbeli orta sahas\u0131 Soner Aydo\u011fdu da k\u0131zlar\u0131yla birlikte 19 May\u0131s\u00b4\u0131 kutlarken, \"19 May\u0131s Gen\u00e7lik ve Spor Bayram\u0131n\u0131z kutlu olsun\" diye konu\u015ftu.\n\nYUSUF ERDO\u011eAN: B\u00dcY\u00dcK B\u0130R GURUR VE ONURLA KUTLUYORUZ\n\nKas\u0131mpa\u015fa\u00b4n\u0131n y\u0131ld\u0131z oyuncusu Yusuf Erdo\u011fan, 19 May\u0131s\u00b4\u0131n b\u00fcy\u00fck bir gururla kutland\u0131\u011f\u0131n\u0131 dile getirirken, \"19 May\u0131s Atat\u00fcrk\u00b4\u00fc Anma, Gen\u00e7lik ve Spor Bayram\u0131\u00b4n\u0131 b\u00fcy\u00fck bir gurur ve onurla kutluyoruz. Ba\u015fta Mustafa Kemal Atat\u00fcrk ve t\u00fcm silah arkada\u015flar\u0131n\u0131 sayg\u0131 ve \u00f6zlemle an\u0131yoruz. Herkese iyi bayramlar\" \u015feklinde konu\u015ftu.\n\nTAYLAN ANTALYALI: MUSTAFA KEMAL ATAT\u00dcRK\u00b4\u00dc SAYGIYLA ANIYORUM\n\nGalatasaray\u00b4\u0131n gen\u00e7 y\u0131ld\u0131z\u0131 Taylan Antalyal\u0131 da Ulu \u00d6nder Atat\u00fcrk\u00b4\u00fc sayg\u0131yla and\u0131\u011f\u0131n\u0131 vurgularken, \"19 May\u0131s Atat\u00fcrk\u00b4\u00fc Anma, Gen\u00e7lik ve Spor Bayram\u0131n\u0131z kutlu olsun. Kurtulu\u015f Sava\u015f\u0131\u00b4n\u0131n ilk ad\u0131m\u0131 olan bu \u00f6zel g\u00fcnde Mustafa Kemal Atat\u00fcrk\u00b4\u00fc ve cefak\u00e2r T\u00fcrk milletini bir kez daha sayg\u0131yla an\u0131yorum. Bayram\u0131n kutlu olsun\" dedi.",
    "keywords": [
        "gen\u00e7",
        "kutlu",
        "\u00f6nemli",
        "19",
        "olsun",
        "futbolu",
        "ve",
        "t\u00fcrk",
        "may\u0131s\u0131",
        "may\u0131s",
        "spor",
        "gen\u00e7lik",
        "kutlad\u0131",
        "atat\u00fcrk\u00fc"
    ],
    "meta_keywords": [
        ""
    ],
    "publish_date": {
        "$date": 1589794852000
    },
    "summary": "T\u00fcrk futbolunun \u00f6nemli isimlerinden Arda Turan'dan FIFA kokartl\u0131 hakem Ali Palab\u0131y\u0131k'a, G\u00f6ztepeli futbolcu Soner Aydo\u011fdu'dan Kas\u0131mpa\u015fal\u0131 futbolcu Yusuf Erdo\u011fan'a, kariyerinde \u00f6nemli ba\u015far\u0131lar elde etmi\u015f, Medipol Ba\u015fak\u015fehir'in tecr\u00fcbeli oyuncusu G\u00f6khan \u0130nler'den Gen\u00e7lerbirli\u011fi'nin gen\u00e7 y\u0131ld\u0131z\u0131 Berat Ayberk \u00d6zdemir'e, Galatasaray'\u0131n gen\u00e7 orta sahas\u0131 Taylan Antalyal\u0131'dan Gaziantep FK'n\u0131n tecr\u00fcbeli ismi G\u00fcray Vural'a, Be\u015fikta\u015f'\u0131n golc\u00fc oyuncusu Umut Nayir'dan Fenerbah\u00e7e'nin gen\u00e7 kalecisi Berke \u00d6zer\u00b4e kadar bir\u00e7ok \u00f6nemli isim 19 May\u0131s Atat\u00fcrk\u00b4\u00fc Anma, Gen\u00e7lik ve Spor Bayram\u0131 mesajlar\u0131n\u0131 DHA arac\u0131l\u0131\u011f\u0131yla iletti.\nARDA TURAN: BAYRAMIMIZ KUTLU OLSUNT\u00fcrk futbolunun en \u00f6nemli isimlerinden Arda Turan da 19 May\u0131s mesaj\u0131n\u0131 arac\u0131l\u0131\u011f\u0131yla verdi.\nTuran, \"19 May\u0131s Atat\u00fcrk\u00b4\u00fc Anma, Gen\u00e7lik ve Spor Bayram\u0131 kutlu olsun\" dedi.\nSONER AYDO\u011eDU\u00b4DAN KIZLARIYLA 19 MAYIS MESAJIG\u00f6ztepe\u00b4nin tecr\u00fcbeli orta sahas\u0131 Soner Aydo\u011fdu da k\u0131zlar\u0131yla birlikte 19 May\u0131s\u00b4\u0131 kutlarken, \"19 May\u0131s Gen\u00e7lik ve Spor Bayram\u0131n\u0131z kutlu olsun\" diye konu\u015ftu.\nYUSUF ERDO\u011eAN: B\u00dcY\u00dcK B\u0130R GURUR VE ONURLA KUTLUYORUZKas\u0131mpa\u015fa\u00b4n\u0131n y\u0131ld\u0131z oyuncusu Yusuf Erdo\u011fan, 19 May\u0131s\u00b4\u0131n b\u00fcy\u00fck bir gururla kutland\u0131\u011f\u0131n\u0131 dile getirirken, \"19 May\u0131s Atat\u00fcrk\u00b4\u00fc Anma, Gen\u00e7lik ve Spor Bayram\u0131\u00b4n\u0131 b\u00fcy\u00fck bir gurur ve onurla kutluyoruz.\nBa\u015fta Mustafa Kemal Atat\u00fcrk ve t\u00fcm silah arkada\u015flar\u0131n\u0131 sayg\u0131 ve \u00f6zlemle an\u0131yoruz.\nHerkese iyi bayramlar\" \u015feklinde konu\u015ftu.\nTAYLAN ANTALYALI: MUSTAFA KEMAL ATAT\u00dcRK\u00b4\u00dc SAYGIYLA ANIYORUMGalatasaray\u00b4\u0131n gen\u00e7 y\u0131ld\u0131z\u0131 Taylan Antalyal\u0131 da Ulu \u00d6nder Atat\u00fcrk\u00b4\u00fc sayg\u0131yla and\u0131\u011f\u0131n\u0131 vurgularken, \"19 May\u0131s Atat\u00fcrk\u00b4\u00fc Anma, Gen\u00e7lik ve Spor Bayram\u0131n\u0131z kutlu olsun.\nKurtulu\u015f Sava\u015f\u0131\u00b4n\u0131n ilk ad\u0131m\u0131 olan bu \u00f6zel g\u00fcnde Mustafa Kemal Atat\u00fcrk\u00b4\u00fc ve cefak\u00e2r T\u00fcrk milletini bir kez daha sayg\u0131yla an\u0131yorum.\nBayram\u0131n kutlu olsun\" dedi.",
    "article_html": "",
    "meta_description": "T\u00fcrk futbolunda bir\u00e7ok \u00f6nemli isim 19 May\u0131s Atat\u00fcrk'\u00fc Anma, Gen\u00e7lik ve Spor Bayram\u0131 mesajlar\u0131n\u0131 iletti",
    "meta_lang": "tr"
}