{
    "article_id": "80653e27455b6dbe9b34401972bef348.1589925615.9886935",
    "title": "\u0130ngiliz bayra\u011f\u0131na benzeyen havluyu balkonuna ast\u0131, mahalle kar\u0131\u015ft\u0131",
    "authors": [],
    "canonical_link": "https://www.haberturk.com/kayseri-haberleri/78058588-ingiliz-bayragina-benzeyen-havluyu-balkonuna-asti-mahalle-karisti",
    "url": "http://haberturk.com/kayseri-haberleri/78058588-ingiliz-bayragina-benzeyen-havluyu-balkonuna-asti-mahalle-karisti",
    "top_img": "https://im.haberturk.com/assets/images/yerelhaberler/1102x620/iller_kayseri.png",
    "meta_img": "https://im.haberturk.com/assets/images/yerelhaberler/1102x620/iller_kayseri.png",
    "movies": [],
    "text": "<br>Yasin DALKILI\u00c7/KAYSER\u0130, (DHA)KAYSER\u0130'de, \u0130ranl\u0131 Mohammad Reza K.'n\u0131n (32), 19 May\u0131s Atat\u00fcrk'\u00fc Anma, Gen\u00e7lik ve Spor Bayram\u0131'nda evinin balkonuna ast\u0131\u011f\u0131 \u0130ngiliz bayra\u011f\u0131na benzeyen havlusu, mahallelinin tepkisine neden oldu. Polis, \u015fikayet \u00fczerine Reza K.'y\u0131 g\u00f6zalt\u0131na al\u0131rken, Kayseri Valili\u011fi de yapt\u0131\u011f\u0131 a\u00e7\u0131klamada, \"S\u00f6z konusu havluyu kurutmak i\u00e7in balkonuna ast\u0131\u011f\u0131n\u0131 iddia eden yabanc\u0131 uyruklu \u015fah\u0131s hakk\u0131nda gerekli yasal i\u015flemler ba\u015flat\u0131lm\u0131\u015ft\u0131r\" dedi.<br>Kocasinan il\u00e7esine ba\u011fl\u0131 Fuzuli Caddesi'ndeki 6 katl\u0131 apartman\u0131n 5'inci kat\u0131nda ak\u015fam saatlerinde meydana gelen olayda, iddiaya g\u00f6re, bir s\u00fcredir Kayseri'de ya\u015fayan \u0130ranl\u0131 Mohammad Reza K., \u00fczerinde \u0130ngiliz bayra\u011f\u0131n\u0131n oldu\u011fu havluyu kurutmak i\u00e7in balkonuna ast\u0131. Bu s\u0131rada iftar i\u00e7in balkonda bekleyen vatanda\u015flar da Mohammad Reza K.'ya tepki g\u00f6stererek, polise ihbarda bulundu. Olay yerine gelen polis, Mohammad Reza K.'y\u0131 g\u00f6zalt\u0131na ald\u0131. S\u00f6z konusu havluya ise el konuldu. \u0130ranl\u0131n\u0131n polis otosuna bindirildi\u011fi s\u0131rada baz\u0131 vatanda\u015flar tepki g\u00f6sterdi. Mohammad Reza K., ifadesi al\u0131nmak \u00fczere Arg\u0131nc\u0131k Polis Merkezine g\u00f6t\u00fcr\u00fcld\u00fc. \u0130ranl\u0131 \u015f\u00fcphelinin polis merkezinde verdi\u011fi ifadede, \"Ben \u0131slak olan havlumu kurutmak i\u00e7in balkona ast\u0131m. Benim herhangi bir provokatif eylemim kesinlikle olmad\u0131\" dedi\u011fi \u00f6\u011frenildi.<br>KAYSER\u0130 VAL\u0130L\u0130\u011e\u0130'NDEN A\u00c7IKLAMA<br>Kayseri Valili\u011fi de konuyla ilgili yaz\u0131l\u0131 a\u00e7\u0131klama yaparak, \"Baz\u0131 bas\u0131n yay\u0131n organlar\u0131nda yabanc\u0131 uyruklu bir \u015fahs\u0131n \u0130ngiliz bayrakl\u0131 havlusunu balkonuna ast\u0131\u011f\u0131 haberleri yer alm\u0131\u015ft\u0131r. S\u00f6z konusu havluyu kurutmak i\u00e7in balkonuna ast\u0131\u011f\u0131n\u0131 iddia eden yabanc\u0131 uyruklu \u015fah\u0131s hakk\u0131nda gerekli yasal i\u015flemler ba\u015flat\u0131lm\u0131\u015ft\u0131r. Kamuoyuna sayg\u0131yla duyurulur\" ifadelerine yer verdi.DHA-G\u00fcvenlik T\u00fcrkiye-Kayseri Yasin DALKILI\u00c7<br>2020-05-20 00:41:27<br>\n\nAnadolu Ajans\u0131, DHA, \u0130HA taraf\u0131ndan ge\u00e7ilen t\u00fcm Kayseri haberleri, bu b\u00f6l\u00fcmde Haberturk.com edit\u00f6rlerinin hi\u00e7bir editoryal m\u00fcdahalesi olmadan otomatik olarak ajans kanallar\u0131ndan geldi\u011fi \u015fekliyle yer almaktad\u0131r. Kayseri Haberleri alan\u0131nda yer alan haberlerin hepsinin hukuki muhatab\u0131 haberi ge\u00e7en ajanslard\u0131r.",
    "keywords": [
        "i\u0307ngiliz",
        "polis",
        "i\u00e7in",
        "mohammad",
        "kurutmak",
        "yabanc\u0131",
        "kar\u0131\u015ft\u0131",
        "s\u00f6z",
        "reza",
        "balkonuna",
        "havluyu",
        "ast\u0131",
        "uyruklu",
        "mahalle",
        "benzeyen",
        "yer",
        "bayra\u011f\u0131na"
    ],
    "meta_keywords": [
        ""
    ],
    "publish_date": {
        "$date": 1589924641000
    },
    "summary": "<br>Yasin DALKILI\u00c7/KAYSER\u0130, (DHA)KAYSER\u0130'de, \u0130ranl\u0131 Mohammad Reza K.'n\u0131n (32), 19 May\u0131s Atat\u00fcrk'\u00fc Anma, Gen\u00e7lik ve Spor Bayram\u0131'nda evinin balkonuna ast\u0131\u011f\u0131 \u0130ngiliz bayra\u011f\u0131na benzeyen havlusu, mahallelinin tepkisine neden oldu.\nPolis, \u015fikayet \u00fczerine Reza K.'y\u0131 g\u00f6zalt\u0131na al\u0131rken, Kayseri Valili\u011fi de yapt\u0131\u011f\u0131 a\u00e7\u0131klamada, \"S\u00f6z konusu havluyu kurutmak i\u00e7in balkonuna ast\u0131\u011f\u0131n\u0131 iddia eden yabanc\u0131 uyruklu \u015fah\u0131s hakk\u0131nda gerekli yasal i\u015flemler ba\u015flat\u0131lm\u0131\u015ft\u0131r\" dedi.<br>Kocasinan il\u00e7esine ba\u011fl\u0131 Fuzuli Caddesi'ndeki 6 katl\u0131 apartman\u0131n 5'inci kat\u0131nda ak\u015fam saatlerinde meydana gelen olayda, iddiaya g\u00f6re, bir s\u00fcredir Kayseri'de ya\u015fayan \u0130ranl\u0131 Mohammad Reza K., \u00fczerinde \u0130ngiliz bayra\u011f\u0131n\u0131n oldu\u011fu havluyu kurutmak i\u00e7in balkonuna ast\u0131.\nBu s\u0131rada iftar i\u00e7in balkonda bekleyen vatanda\u015flar da Mohammad Reza K.'ya tepki g\u00f6stererek, polise ihbarda bulundu.\nOlay yerine gelen polis, Mohammad Reza K.'y\u0131 g\u00f6zalt\u0131na ald\u0131.\nS\u00f6z konusu havluya ise el konuldu.\n\u0130ranl\u0131n\u0131n polis otosuna bindirildi\u011fi s\u0131rada baz\u0131 vatanda\u015flar tepki g\u00f6sterdi.\nMohammad Reza K., ifadesi al\u0131nmak \u00fczere Arg\u0131nc\u0131k Polis Merkezine g\u00f6t\u00fcr\u00fcld\u00fc.\n\u0130ranl\u0131 \u015f\u00fcphelinin polis merkezinde verdi\u011fi ifadede, \"Ben \u0131slak olan havlumu kurutmak i\u00e7in balkona ast\u0131m.\nBenim herhangi bir provokatif eylemim kesinlikle olmad\u0131\" dedi\u011fi \u00f6\u011frenildi.<br>KAYSER\u0130 VAL\u0130L\u0130\u011e\u0130'NDEN A\u00c7IKLAMA<br>Kayseri Valili\u011fi de konuyla ilgili yaz\u0131l\u0131 a\u00e7\u0131klama yaparak, \"Baz\u0131 bas\u0131n yay\u0131n organlar\u0131nda yabanc\u0131 uyruklu bir \u015fahs\u0131n \u0130ngiliz bayrakl\u0131 havlusunu balkonuna ast\u0131\u011f\u0131 haberleri yer alm\u0131\u015ft\u0131r.\nS\u00f6z konusu havluyu kurutmak i\u00e7in balkonuna ast\u0131\u011f\u0131n\u0131 iddia eden yabanc\u0131 uyruklu \u015fah\u0131s hakk\u0131nda gerekli yasal i\u015flemler ba\u015flat\u0131lm\u0131\u015ft\u0131r.\nKamuoyuna sayg\u0131yla duyurulur\" ifadelerine yer verdi.DHA-G\u00fcvenlik T\u00fcrkiye-Kayseri Yasin DALKILI\u00c7<br>2020-05-20 00:41:27<br>Anadolu Ajans\u0131, DHA, \u0130HA taraf\u0131ndan ge\u00e7ilen t\u00fcm Kayseri haberleri, bu b\u00f6l\u00fcmde Haberturk.com edit\u00f6rlerinin hi\u00e7bir editoryal m\u00fcdahalesi olmadan otomatik olarak ajans kanallar\u0131ndan geldi\u011fi \u015fekliyle yer almaktad\u0131r.\nKayseri Haberleri alan\u0131nda yer alan haberlerin hepsinin hukuki muhatab\u0131 haberi ge\u00e7en ajanslard\u0131r.",
    "article_html": "",
    "meta_description": "",
    "meta_lang": "tr"
}