{
    "article_id": "5d7a6d82d49e513b767cae1ffe99c1c4.1589925617.0420969",
    "title": "Yozgat'ta, miniklerden '19 May\u0131s' y\u00fcr\u00fcy\u00fc\u015f\u00fc",
    "authors": [],
    "canonical_link": "https://www.haberturk.com/yozgat-haberleri/78058474-yozgatta-miniklerden-19-mayis-yuruyusu",
    "url": "http://haberturk.com/yozgat-haberleri/78058474-yozgatta-miniklerden-19-mayis-yuruyusu",
    "top_img": "https://im.haberturk.com/assets/images/yerelhaberler/1102x620/iller_yozgat.png",
    "meta_img": "https://im.haberturk.com/assets/images/yerelhaberler/1102x620/iller_yozgat.png",
    "movies": [],
    "text": "Bu foto\u011fraftaki \u00fcnl\u00fcleri tan\u0131d\u0131n\u0131z m\u0131?\n\nEn \u00c7ok Okunanlar\n\nEn \u00c7ok Okunanlar\n\n<br>Harun G\u00d6K\u00c7EO\u011eLU/YOZGAT, (DHA)YOZGAT'ta, k\u00fc\u00e7\u00fck ya\u015ftaki bir grup \u00e7ocuk, ellerindeki T\u00fcrk bayraklar\u0131yla y\u00fcr\u00fcy\u00fc\u015f yaparak 19 May\u0131s Atat\u00fcrk'\u00fc Anma, Gen\u00e7lik ve Spor Bayram\u0131'n\u0131 kutlad\u0131. <br>Kent merkezindeki Yukar\u0131nohutlu Mahallesi'nde, ya\u015flar\u0131 k\u00fc\u00e7\u00fck yakla\u015f\u0131k 10 \u00e7ocuk, evlerinin bulundu\u011fu sokakta 19 May\u0131s kutlamas\u0131 yapt\u0131. Soka\u011f\u0131 bayrak ve balonlarla s\u00fcsleyen \u00e7ocuklar, \u0130zmir Mar\u015f\u0131'n\u0131 okuyarak sokak boyunca y\u00fcr\u00fcd\u00fc. Evlerinin balkon ve pencerelerine \u00e7\u0131kan vatanda\u015flar da \u00e7ocuklar\u0131n seslendirdi\u011fi \u0130zmir Mar\u015f\u0131'na e\u015flik etti.DHA-Genel T\u00fcrkiye-Yozgat Harun G\u00d6K\u00c7EO\u011eLU<br>2020-05-20 00:40:45<br>\n\nAnadolu Ajans\u0131, DHA, \u0130HA taraf\u0131ndan ge\u00e7ilen t\u00fcm Yozgat haberleri, bu b\u00f6l\u00fcmde Haberturk.com edit\u00f6rlerinin hi\u00e7bir editoryal m\u00fcdahalesi olmadan otomatik olarak ajans kanallar\u0131ndan geldi\u011fi \u015fekliyle yer almaktad\u0131r. Yozgat Haberleri alan\u0131nda yer alan haberlerin hepsinin hukuki muhatab\u0131 haberi ge\u00e7en ajanslard\u0131r.",
    "keywords": [
        "miniklerden",
        "yozgatta",
        "k\u00fc\u00e7\u00fck",
        "evlerinin",
        "\u00e7ocuk",
        "y\u00fcr\u00fcy\u00fc\u015f\u00fc",
        "haberleri",
        "19",
        "\u00e7ok",
        "ve",
        "may\u0131s",
        "yozgat",
        "yer",
        "i\u0307zmir"
    ],
    "meta_keywords": [
        ""
    ],
    "publish_date": {
        "$date": 1589925601000
    },
    "summary": "Bu foto\u011fraftaki \u00fcnl\u00fcleri tan\u0131d\u0131n\u0131z m\u0131?\nEn \u00c7ok OkunanlarEn \u00c7ok Okunanlar<br>Harun G\u00d6K\u00c7EO\u011eLU/YOZGAT, (DHA)YOZGAT'ta, k\u00fc\u00e7\u00fck ya\u015ftaki bir grup \u00e7ocuk, ellerindeki T\u00fcrk bayraklar\u0131yla y\u00fcr\u00fcy\u00fc\u015f yaparak 19 May\u0131s Atat\u00fcrk'\u00fc Anma, Gen\u00e7lik ve Spor Bayram\u0131'n\u0131 kutlad\u0131.\n<br>Kent merkezindeki Yukar\u0131nohutlu Mahallesi'nde, ya\u015flar\u0131 k\u00fc\u00e7\u00fck yakla\u015f\u0131k 10 \u00e7ocuk, evlerinin bulundu\u011fu sokakta 19 May\u0131s kutlamas\u0131 yapt\u0131.\nSoka\u011f\u0131 bayrak ve balonlarla s\u00fcsleyen \u00e7ocuklar, \u0130zmir Mar\u015f\u0131'n\u0131 okuyarak sokak boyunca y\u00fcr\u00fcd\u00fc.\nEvlerinin balkon ve pencerelerine \u00e7\u0131kan vatanda\u015flar da \u00e7ocuklar\u0131n seslendirdi\u011fi \u0130zmir Mar\u015f\u0131'na e\u015flik etti.DHA-Genel T\u00fcrkiye-Yozgat Harun G\u00d6K\u00c7EO\u011eLU<br>2020-05-20 00:40:45<br>Anadolu Ajans\u0131, DHA, \u0130HA taraf\u0131ndan ge\u00e7ilen t\u00fcm Yozgat haberleri, bu b\u00f6l\u00fcmde Haberturk.com edit\u00f6rlerinin hi\u00e7bir editoryal m\u00fcdahalesi olmadan otomatik olarak ajans kanallar\u0131ndan geldi\u011fi \u015fekliyle yer almaktad\u0131r.\nYozgat Haberleri alan\u0131nda yer alan haberlerin hepsinin hukuki muhatab\u0131 haberi ge\u00e7en ajanslard\u0131r.",
    "article_html": "",
    "meta_description": "Harun G\u00d6K\u00c7EO\u011eLU/YOZGAT, (DHA)YOZGAT'ta, k\u00fc\u00e7\u00fck ya\u015ftaki bir grup \u00e7ocuk, ellerindeki T\u00fcrk bayraklar\u0131yla\u00a0y\u00fcr\u00fcy\u00fc\u015f yaparak 19 May\u0131s Atat\u00fcrk'\u00fc Anma, Gen\u00e7lik ve Spor Bayram\u0131'n\u0131 kutlad\u0131.\u00a0 Kent merkezindeki\u00a0Yukar\u0131nohutlu Mahallesi'nde, ya\u015flar\u0131 k\u00fc\u00e7\u00fck yakla\u015f\u0131k 10 \u00e7ocuk, evlerinin bulundu\u011fu sokakta 19 May\u0131s\u00a0kutlamas\u0131 yapt\u0131. Soka\u011f\u0131 bayrak ve balonlarla s\u00fcsleyen \u00e7ocuklar, \u0130zmir Mar\u015f\u0131'n\u0131\u00a0okuyarak sokak boyunca y\u00fcr\u00fcd\u00fc. Evlerinin balkon ve pencerelerine \u00e7\u0131kan vatanda\u015flar da \u00e7ocuklar\u0131n seslendirdi\u011fi \u0130zmir Mar\u015f\u0131'na e\u015flik etti.DHA-Genel T\u00fcrkiye-Yozgat Harun G\u00d6K\u00c7EO\u011eLU 2020-05-20 00:40:45",
    "meta_lang": "tr"
}