{
    "article_id": "97be9ddb1cfcacbc9de78369367503a3.1589925619.2125823",
    "title": "Marmaris 101. y\u0131lda saat 19.19\u2019da tek y\u00fcrek oldu",
    "authors": [],
    "canonical_link": "https://www.haberturk.com/mugla-haberleri/78058363-marmaris-101-yilda-saat-1919da-tek-yurek-oldu",
    "url": "http://haberturk.com/mugla-haberleri/78058363-marmaris-101-yilda-saat-1919da-tek-yurek-oldu",
    "top_img": "https://im.haberturk.com/yerel_haber/2020/05/20/ver1589923981/78058363_940x531.jpg",
    "meta_img": "https://im.haberturk.com/yerel_haber/2020/05/20/ver1589923981/78058363_940x531.jpg",
    "movies": [],
    "text": "19 May\u0131s Atat\u00fcrk'\u00fc Anma, Gen\u00e7lik ve Spor Bayram\u0131'n\u0131n 101. y\u0131l\u0131nda Marmaris tek y\u00fcrek oldu. Marmaris K\u00f6rfezi a\u00e7\u0131klar\u0131nda iki sava\u015f gemisi m\u00fcrettebat\u0131 ile saat 19.19\u2019da siren \u00e7alarak \u0130stiklal Mar\u015f\u0131 okudular. Trafikte seyir halindeki ara\u00e7lar durdu, vatanda\u015flar balkonlar\u0131ndan ve caddelerden sirenlerin bitimine kadar sayg\u0131 duru\u015funda bulundu bayraklar\u0131n\u0131 sallad\u0131.\n\nMustafa Kemal Atat\u00fcrk'\u00fcn 19 May\u0131s 1919'da kurtulu\u015f m\u00fccadelesi i\u00e7in Samsun'a \u00e7\u0131kmas\u0131n\u0131n 101'inci y\u0131l d\u00f6n\u00fcm\u00fcnde t\u00fcm T\u00fcrkiye\u2019de oldu\u011fu gibi Marmaris \u0130l\u00e7esi\u2019nde vatanda\u015flar saat 19.19'da balkonlar\u0131ndan \u0130stiklal Mar\u015f\u0131'n\u0131 okudu. Marmaris K\u00f6rfezi a\u00e7\u0131klar\u0131nda bulunan Deniz Kuvvetlerine ba\u011fl\u0131 iki sava\u015f gemisi askerleri g\u00fcvertede bekledi. Saat 19.19\u2019da sava\u015f gemilerinden siren \u00e7al\u0131narak sayg\u0131 duru\u015funda bulunuldu. Sirenleri duyan hareket halindeki s\u00fcr\u00fcc\u00fcler ara\u00e7lar\u0131n\u0131 durdurarak a\u015fa\u011f\u0131 inerek sayg\u0131 duru\u015funda bulundu.\n\nDev T\u00fcrk Bayra\u011f\u0131n\u0131 al\u0131p Atat\u00fcrk an\u0131t\u0131na gelen Osman Bayram isimli vatanda\u015f \u2018\u2019Ben her bayram gelmek istiyorum i\u00e7imden geliyor burada durup bayra\u011f\u0131m\u0131z\u0131 sallamak\u2019\u2019 dedi.\n\nApartmanlar\u0131n\u0131 T\u00fcrk Bayraklar\u0131 ile donatan vatanda\u015flar, balkon ve pencerelere \u00e7\u0131karak sayg\u0131 duru\u015funda bulundu. T\u00fcrk Bayraklar\u0131 ile donat\u0131lan demir atm\u0131\u015f g\u00fcn\u00fc birlik gezi tekneleri 1 dakika boyunca siren \u00e7ald\u0131. \u0130ki dakika s\u00fcren sayg\u0131 duru\u015fu ve \u0130stiklal Mar\u015f\u0131 ard\u0131ndan s\u00fcr\u00fcc\u00fcler ara\u00e7lar\u0131na binerek yollar\u0131na devam etti. Balkon ve pencerelerine \u00e7\u0131kan vatanda\u015flar evlerine, sokakta dola\u015fanlar ise kald\u0131\u011f\u0131 yerden yollar\u0131na devam etti.\n\nAnadolu Ajans\u0131, DHA, \u0130HA taraf\u0131ndan ge\u00e7ilen t\u00fcm Mu\u011fla haberleri, bu b\u00f6l\u00fcmde Haberturk.com edit\u00f6rlerinin hi\u00e7bir editoryal m\u00fcdahalesi olmadan otomatik olarak ajans kanallar\u0131ndan geldi\u011fi \u015fekliyle yer almaktad\u0131r. Mu\u011fla Haberleri alan\u0131nda yer alan haberlerin hepsinin hukuki muhatab\u0131 haberi ge\u00e7en ajanslard\u0131r.",
    "keywords": [
        "1919da",
        "marmaris",
        "vatanda\u015flar",
        "sava\u015f",
        "tek",
        "101",
        "y\u00fcrek",
        "ve",
        "saat",
        "y\u0131lda",
        "t\u00fcrk",
        "oldu",
        "duru\u015funda",
        "sayg\u0131",
        "siren"
    ],
    "meta_keywords": [
        ""
    ],
    "publish_date": {
        "$date": 1589925601000
    },
    "summary": "19 May\u0131s Atat\u00fcrk'\u00fc Anma, Gen\u00e7lik ve Spor Bayram\u0131'n\u0131n 101. y\u0131l\u0131nda Marmaris tek y\u00fcrek oldu.\nMarmaris K\u00f6rfezi a\u00e7\u0131klar\u0131nda iki sava\u015f gemisi m\u00fcrettebat\u0131 ile saat 19.19\u2019da siren \u00e7alarak \u0130stiklal Mar\u015f\u0131 okudular.\nTrafikte seyir halindeki ara\u00e7lar durdu, vatanda\u015flar balkonlar\u0131ndan ve caddelerden sirenlerin bitimine kadar sayg\u0131 duru\u015funda bulundu bayraklar\u0131n\u0131 sallad\u0131.\nMustafa Kemal Atat\u00fcrk'\u00fcn 19 May\u0131s 1919'da kurtulu\u015f m\u00fccadelesi i\u00e7in Samsun'a \u00e7\u0131kmas\u0131n\u0131n 101'inci y\u0131l d\u00f6n\u00fcm\u00fcnde t\u00fcm T\u00fcrkiye\u2019de oldu\u011fu gibi Marmaris \u0130l\u00e7esi\u2019nde vatanda\u015flar saat 19.19'da balkonlar\u0131ndan \u0130stiklal Mar\u015f\u0131'n\u0131 okudu.\nMarmaris K\u00f6rfezi a\u00e7\u0131klar\u0131nda bulunan Deniz Kuvvetlerine ba\u011fl\u0131 iki sava\u015f gemisi askerleri g\u00fcvertede bekledi.\nSaat 19.19\u2019da sava\u015f gemilerinden siren \u00e7al\u0131narak sayg\u0131 duru\u015funda bulunuldu.\nSirenleri duyan hareket halindeki s\u00fcr\u00fcc\u00fcler ara\u00e7lar\u0131n\u0131 durdurarak a\u015fa\u011f\u0131 inerek sayg\u0131 duru\u015funda bulundu.\nDev T\u00fcrk Bayra\u011f\u0131n\u0131 al\u0131p Atat\u00fcrk an\u0131t\u0131na gelen Osman Bayram isimli vatanda\u015f \u2018\u2019Ben her bayram gelmek istiyorum i\u00e7imden geliyor burada durup bayra\u011f\u0131m\u0131z\u0131 sallamak\u2019\u2019 dedi.\nApartmanlar\u0131n\u0131 T\u00fcrk Bayraklar\u0131 ile donatan vatanda\u015flar, balkon ve pencerelere \u00e7\u0131karak sayg\u0131 duru\u015funda bulundu.\nT\u00fcrk Bayraklar\u0131 ile donat\u0131lan demir atm\u0131\u015f g\u00fcn\u00fc birlik gezi tekneleri 1 dakika boyunca siren \u00e7ald\u0131.\n\u0130ki dakika s\u00fcren sayg\u0131 duru\u015fu ve \u0130stiklal Mar\u015f\u0131 ard\u0131ndan s\u00fcr\u00fcc\u00fcler ara\u00e7lar\u0131na binerek yollar\u0131na devam etti.\nBalkon ve pencerelerine \u00e7\u0131kan vatanda\u015flar evlerine, sokakta dola\u015fanlar ise kald\u0131\u011f\u0131 yerden yollar\u0131na devam etti.\nAnadolu Ajans\u0131, DHA, \u0130HA taraf\u0131ndan ge\u00e7ilen t\u00fcm Mu\u011fla haberleri, bu b\u00f6l\u00fcmde Haberturk.com edit\u00f6rlerinin hi\u00e7bir editoryal m\u00fcdahalesi olmadan otomatik olarak ajans kanallar\u0131ndan geldi\u011fi \u015fekliyle yer almaktad\u0131r.\nMu\u011fla Haberleri alan\u0131nda yer alan haberlerin hepsinin hukuki muhatab\u0131 haberi ge\u00e7en ajanslard\u0131r.",
    "article_html": "",
    "meta_description": "19 May\u0131s Atat\u00fcrk'\u00fc Anma, Gen\u00e7lik ve Spor Bayram\u0131'n\u0131n 101. y\u0131l\u0131nda Marmaris tek y\u00fcrek oldu. Marmaris K\u00f6rfezi a\u00e7\u0131klar\u0131nda iki sava\u015f gemisi m\u00fcrettebat\u0131 ile saat 19.19'da siren \u00e7alarak \u0130stiklal Mar\u015f\u0131 okudular. Trafikte seyir halindeki ara\u00e7lar durdu, vatanda\u015flar balkonlar\u0131ndan ve caddelerden sirenlerin bitimine kadar sayg\u0131 duru\u015funda bulundu bayraklar\u0131n\u0131 sallad\u0131.",
    "meta_lang": "tr"
}