{
    "article_id": "3484eb0620449819234c453c940f927e.1589925620.5786655",
    "title": "Ku\u015fadas\u0131 sokaklar\u0131nda 19 May\u0131s co\u015fkusu Pandemi, Ku\u015fadas\u0131 sokaklar\u0131nda 19 May\u0131s co\u015fkusunun ya\u015fanmas\u0131n\u0131 engelleyemedi",
    "authors": [],
    "canonical_link": "https://www.haberturk.com/aydin-haberleri/78058306-kusadasi-sokaklarinda-19-mayis-coskusupandemi-kusadasi-sokaklarinda-19-mayis-coskusunun",
    "url": "http://haberturk.com/aydin-haberleri/78058306-kusadasi-sokaklarinda-19-mayis-coskusupandemi-kusadasi-sokaklarinda-19-mayis-coskusunun",
    "top_img": "https://im.haberturk.com/yerel_haber/2020/05/20/ver1589923501/78058306_940x531.jpg",
    "meta_img": "https://im.haberturk.com/yerel_haber/2020/05/20/ver1589923501/78058306_940x531.jpg",
    "movies": [],
    "text": "T\u00fcrkiye\u2019de,19 May\u0131s Atat\u00fcrk\u2019\u00fc Anma, Gen\u00e7lik ve Spor Bayram\u0131, bu y\u0131l Covid19 salg\u0131n\u0131 nedeniyle evlerde ve balkonlarda kutlan\u0131rken, Ku\u015fadas\u0131 Belediyesi kent sakinlerinin bayram co\u015fkusunu doyas\u0131ya ya\u015fayabilmesi i\u00e7in bando ve DJ e\u015fli\u011finde bir program d\u00fczenledi.\n\nKu\u015fadas\u0131 Belediyesi taraf\u0131ndan d\u00fczenlenen 19 May\u0131s Atat\u00fcrk\u2019\u00fc Anma Gen\u00e7lik ve Spor Bayram\u0131 program\u0131 kapsam\u0131nda Ku\u015fadas\u0131 Belediye Bandosu g\u00fcn boyu t\u00fcm mahalleleri dola\u015farak sevilen mar\u015flar\u0131 ve ezgileri seslendirdi. Bando ile e\u015fzamanl\u0131 olarak DJ \u00d6zg\u00fcr \u00d6zmavi de farkl\u0131 mahallelerde gen\u00e7lere sevdikleri \u015fark\u0131lar ile bayram co\u015fkusunu ya\u015fatt\u0131.\n\nKese Da\u011f\u0131'ndan \u0130stiklal Mar\u015f\u0131 yay\u0131n\u0131 ve havai fi\u015fek g\u00f6sterisi\n\n\u00d6\u011flen saatlerinde ba\u015flayan konser program\u0131, g\u00fcn boyu devam etti. Konser program\u0131n\u0131n ard\u0131ndan saat 21.00\u2019da Kese Da\u011f\u0131\u2019nda bulunan Atat\u00fcrk Heykeli\u2019nden \u0130stiklal Mar\u015f\u0131 yay\u0131n\u0131 ve havai fi\u015fek g\u00f6sterisi yap\u0131ld\u0131.Evlerini g\u00fcnler \u00f6ncesinden Ku\u015fadas\u0131 Belediyesi taraf\u0131ndan hediye edilen T\u00fcrk Bayraklar\u0131 ile donatan Ku\u015fadal\u0131lar ise balkonlar\u0131ndan \u0130stiklal Mar\u015f\u0131\u2019na hep bir a\u011f\u0131zdan e\u015flik etti.\n\n\u201c19 May\u0131s \u00f6zg\u00fcr ve ba\u011f\u0131ms\u0131z ya\u015fama iradesinin simgesidir\"\n\nKu\u015fadas\u0131 Belediye Ba\u015fkan\u0131 \u00d6mer G\u00fcnel, T\u00fcrkiye Cumhuriyeti\u2019nin kurucusu Gazi Mustafa Kemal Atat\u00fcrk'\u00fcn ba\u011f\u0131ms\u0131zl\u0131k m\u00fccadelesini ba\u015flatmak i\u00e7in Samsun'a \u00e7\u0131kt\u0131\u011f\u0131 19 May\u0131s\u2019\u0131n T\u00fcrk milletinin \u00f6zg\u00fcr ve ba\u011f\u0131ms\u0131z ya\u015fama iradesinin simgesi oldu\u011funu belirterek \u201cYa\u015fanan pandemi nedeniyle bu y\u0131l 19 May\u0131s Atat\u00fcrk\u2019\u00fc Anma, Gen\u00e7lik ve Spor Bayram\u0131\u2019n\u0131 alanlarda, yan yana, omuz omuza kutlayamad\u0131k. Ancak sa\u011fl\u0131kl\u0131 bir gelecek i\u00e7in evlerinde kalan Ku\u015fadal\u0131 hem\u015fehrilerimizin bayram co\u015fkusuna ortak olmak i\u00e7in bir program d\u00fczenledik. Ya\u015fanan bu zor g\u00fcnleri sa\u011f salim atlatt\u0131ktan sonra hep birlikte yine yan yana olaca\u011f\u0131z. Saat 21.00\u2019da t\u00fcm hem\u015fehrilerimizi evlerinden ve balkonlar\u0131ndan \u0130stiklal Mar\u015f\u0131m\u0131z\u0131 s\u00f6ylemeye davet ediyorum\u201d dedi.\n\nAnadolu Ajans\u0131, DHA, \u0130HA taraf\u0131ndan ge\u00e7ilen t\u00fcm Ayd\u0131n haberleri, bu b\u00f6l\u00fcmde Haberturk.com edit\u00f6rlerinin hi\u00e7bir editoryal m\u00fcdahalesi olmadan otomatik olarak ajans kanallar\u0131ndan geldi\u011fi \u015fekliyle yer almaktad\u0131r. Ayd\u0131n Haberleri alan\u0131nda yer alan haberlerin hepsinin hukuki muhatab\u0131 haberi ge\u00e7en ajanslard\u0131r.",
    "keywords": [
        "taraf\u0131ndan",
        "ku\u015fadas\u0131",
        "i\u0307stiklal",
        "i\u00e7in",
        "bir",
        "sokaklar\u0131nda",
        "\u00f6zg\u00fcr",
        "19",
        "ya\u015fanmas\u0131n\u0131",
        "ve",
        "bu",
        "t\u00fcm",
        "may\u0131s",
        "spor",
        "co\u015fkusu",
        "pandemi",
        "engelleyemedi",
        "co\u015fkusunun"
    ],
    "meta_keywords": [
        ""
    ],
    "publish_date": {
        "$date": 1589925601000
    },
    "summary": "T\u00fcrkiye\u2019de,19 May\u0131s Atat\u00fcrk\u2019\u00fc Anma, Gen\u00e7lik ve Spor Bayram\u0131, bu y\u0131l Covid19 salg\u0131n\u0131 nedeniyle evlerde ve balkonlarda kutlan\u0131rken, Ku\u015fadas\u0131 Belediyesi kent sakinlerinin bayram co\u015fkusunu doyas\u0131ya ya\u015fayabilmesi i\u00e7in bando ve DJ e\u015fli\u011finde bir program d\u00fczenledi.\nKu\u015fadas\u0131 Belediyesi taraf\u0131ndan d\u00fczenlenen 19 May\u0131s Atat\u00fcrk\u2019\u00fc Anma Gen\u00e7lik ve Spor Bayram\u0131 program\u0131 kapsam\u0131nda Ku\u015fadas\u0131 Belediye Bandosu g\u00fcn boyu t\u00fcm mahalleleri dola\u015farak sevilen mar\u015flar\u0131 ve ezgileri seslendirdi.\nBando ile e\u015fzamanl\u0131 olarak DJ \u00d6zg\u00fcr \u00d6zmavi de farkl\u0131 mahallelerde gen\u00e7lere sevdikleri \u015fark\u0131lar ile bayram co\u015fkusunu ya\u015fatt\u0131.\nKese Da\u011f\u0131'ndan \u0130stiklal Mar\u015f\u0131 yay\u0131n\u0131 ve havai fi\u015fek g\u00f6sterisi\u00d6\u011flen saatlerinde ba\u015flayan konser program\u0131, g\u00fcn boyu devam etti.\nKonser program\u0131n\u0131n ard\u0131ndan saat 21.00\u2019da Kese Da\u011f\u0131\u2019nda bulunan Atat\u00fcrk Heykeli\u2019nden \u0130stiklal Mar\u015f\u0131 yay\u0131n\u0131 ve havai fi\u015fek g\u00f6sterisi yap\u0131ld\u0131.Evlerini g\u00fcnler \u00f6ncesinden Ku\u015fadas\u0131 Belediyesi taraf\u0131ndan hediye edilen T\u00fcrk Bayraklar\u0131 ile donatan Ku\u015fadal\u0131lar ise balkonlar\u0131ndan \u0130stiklal Mar\u015f\u0131\u2019na hep bir a\u011f\u0131zdan e\u015flik etti.\n\u201c19 May\u0131s \u00f6zg\u00fcr ve ba\u011f\u0131ms\u0131z ya\u015fama iradesinin simgesidir\"Ku\u015fadas\u0131 Belediye Ba\u015fkan\u0131 \u00d6mer G\u00fcnel, T\u00fcrkiye Cumhuriyeti\u2019nin kurucusu Gazi Mustafa Kemal Atat\u00fcrk'\u00fcn ba\u011f\u0131ms\u0131zl\u0131k m\u00fccadelesini ba\u015flatmak i\u00e7in Samsun'a \u00e7\u0131kt\u0131\u011f\u0131 19 May\u0131s\u2019\u0131n T\u00fcrk milletinin \u00f6zg\u00fcr ve ba\u011f\u0131ms\u0131z ya\u015fama iradesinin simgesi oldu\u011funu belirterek \u201cYa\u015fanan pandemi nedeniyle bu y\u0131l 19 May\u0131s Atat\u00fcrk\u2019\u00fc Anma, Gen\u00e7lik ve Spor Bayram\u0131\u2019n\u0131 alanlarda, yan yana, omuz omuza kutlayamad\u0131k.\nAncak sa\u011fl\u0131kl\u0131 bir gelecek i\u00e7in evlerinde kalan Ku\u015fadal\u0131 hem\u015fehrilerimizin bayram co\u015fkusuna ortak olmak i\u00e7in bir program d\u00fczenledik.\nYa\u015fanan bu zor g\u00fcnleri sa\u011f salim atlatt\u0131ktan sonra hep birlikte yine yan yana olaca\u011f\u0131z.\nSaat 21.00\u2019da t\u00fcm hem\u015fehrilerimizi evlerinden ve balkonlar\u0131ndan \u0130stiklal Mar\u015f\u0131m\u0131z\u0131 s\u00f6ylemeye davet ediyorum\u201d dedi.\nAnadolu Ajans\u0131, DHA, \u0130HA taraf\u0131ndan ge\u00e7ilen t\u00fcm Ayd\u0131n haberleri, bu b\u00f6l\u00fcmde Haberturk.com edit\u00f6rlerinin hi\u00e7bir editoryal m\u00fcdahalesi olmadan otomatik olarak ajans kanallar\u0131ndan geldi\u011fi \u015fekliyle yer almaktad\u0131r.\nAyd\u0131n Haberleri alan\u0131nda yer alan haberlerin hepsinin hukuki muhatab\u0131 haberi ge\u00e7en ajanslard\u0131r.",
    "article_html": "",
    "meta_description": "T\u00fcrkiye'de,19 May\u0131s Atat\u00fcrk'\u00fc Anma, Gen\u00e7lik ve Spor Bayram\u0131, bu y\u0131l Covid19 salg\u0131n\u0131 nedeniyle evlerde ve balkonlarda kutlan\u0131rken, Ku\u015fadas\u0131 Belediyesi kent sakinlerinin bayram co\u015fkusunu doyas\u0131ya ya\u015fayabilmesi i\u00e7in bando ve DJ e\u015fli\u011finde bir program d\u00fczenledi.",
    "meta_lang": "tr"
}