{
    "article_id": "330b41e387ce2d50110eb4be76eb2855.1589925622.9427793",
    "title": "\u015eanl\u0131urfa\u2019da bir mahalle, bir sokak ve 3 bina karantinaya al\u0131nd\u0131",
    "authors": [],
    "canonical_link": "https://www.haberturk.com/sanliurfa-haberleri/78057754-sanliurfada-bir-mahalle-bir-sokak-ve-3-bina-karantinaya-alindi",
    "url": "http://haberturk.com/sanliurfa-haberleri/78057754-sanliurfada-bir-mahalle-bir-sokak-ve-3-bina-karantinaya-alindi",
    "top_img": "https://im.haberturk.com/assets/images/yerelhaberler/1102x620/iller_sanliurfa.png",
    "meta_img": "https://im.haberturk.com/assets/images/yerelhaberler/1102x620/iller_sanliurfa.png",
    "movies": [],
    "text": "\u015eanl\u0131urfa'da yeni tip korona vir\u00fcs (Covid19) tedbirleri kapsam\u0131nda bir mahalle, bir sokak ve 3 bina karantinaya al\u0131nd\u0131.\n\n\u015eanl\u0131urfa Valili\u011finden yap\u0131lan a\u00e7\u0131klamada, Siverek il\u00e7esine ba\u011fl\u0131 \u0130nanl\u0131 Mahallesi, Eyy\u00fcbiye il\u00e7esine ba\u011fl\u0131 Hayatti Harrani ve Akabe, Siverek il\u00e7esine ba\u011fl\u0131 Karata\u015fl\u0131 Sokak'ta ve Viran\u015fehir il\u00e7esine ba\u011fl\u0131 Azadi Mahallesi'nde ya\u015fayan baz\u0131 ki\u015filerin Covid19 testinin pozitif \u00e7\u0131kt\u0131\u011f\u0131 belirtildi. \u0130l H\u0131fz\u0131ss\u0131hha Kurulunca s\u00f6z konusu il\u00e7elerdeki bir mahalle, bir sokak ve 3 binada 14 g\u00fcn s\u00fcreyle karantina uygulanmas\u0131na karar verildi\u011fi kaydedildi.\n\nViran\u015fehir il\u00e7esine ba\u011fl\u0131 Ya\u011f\u0131zlar Mahallesi'nde bir binada 14 g\u00fcn s\u00fcreyle uygulanan karantinan\u0131n ise sona erdi\u011fi bildirildi.\n\nAnadolu Ajans\u0131, DHA, \u0130HA taraf\u0131ndan ge\u00e7ilen t\u00fcm \u015eanl\u0131urfa haberleri, bu b\u00f6l\u00fcmde Haberturk.com edit\u00f6rlerinin hi\u00e7bir editoryal m\u00fcdahalesi olmadan otomatik olarak ajans kanallar\u0131ndan geldi\u011fi \u015fekliyle yer almaktad\u0131r. \u015eanl\u0131urfa Haberleri alan\u0131nda yer alan haberlerin hepsinin hukuki muhatab\u0131 haberi ge\u00e7en ajanslard\u0131r.",
    "keywords": [
        "\u015fanl\u0131urfa",
        "\u015fanl\u0131urfada",
        "ba\u011fl\u0131",
        "mahallesinde",
        "s\u00fcreyle",
        "bir",
        "karantinaya",
        "bina",
        "il\u00e7esine",
        "sokak",
        "mahalle",
        "ve",
        "al\u0131nd\u0131",
        "yer",
        "siverek"
    ],
    "meta_keywords": [
        ""
    ],
    "publish_date": {
        "$date": 1589922001000
    },
    "summary": "\u015eanl\u0131urfa'da yeni tip korona vir\u00fcs (Covid19) tedbirleri kapsam\u0131nda bir mahalle, bir sokak ve 3 bina karantinaya al\u0131nd\u0131.\n\u015eanl\u0131urfa Valili\u011finden yap\u0131lan a\u00e7\u0131klamada, Siverek il\u00e7esine ba\u011fl\u0131 \u0130nanl\u0131 Mahallesi, Eyy\u00fcbiye il\u00e7esine ba\u011fl\u0131 Hayatti Harrani ve Akabe, Siverek il\u00e7esine ba\u011fl\u0131 Karata\u015fl\u0131 Sokak'ta ve Viran\u015fehir il\u00e7esine ba\u011fl\u0131 Azadi Mahallesi'nde ya\u015fayan baz\u0131 ki\u015filerin Covid19 testinin pozitif \u00e7\u0131kt\u0131\u011f\u0131 belirtildi.\n\u0130l H\u0131fz\u0131ss\u0131hha Kurulunca s\u00f6z konusu il\u00e7elerdeki bir mahalle, bir sokak ve 3 binada 14 g\u00fcn s\u00fcreyle karantina uygulanmas\u0131na karar verildi\u011fi kaydedildi.\nViran\u015fehir il\u00e7esine ba\u011fl\u0131 Ya\u011f\u0131zlar Mahallesi'nde bir binada 14 g\u00fcn s\u00fcreyle uygulanan karantinan\u0131n ise sona erdi\u011fi bildirildi.\nAnadolu Ajans\u0131, DHA, \u0130HA taraf\u0131ndan ge\u00e7ilen t\u00fcm \u015eanl\u0131urfa haberleri, bu b\u00f6l\u00fcmde Haberturk.com edit\u00f6rlerinin hi\u00e7bir editoryal m\u00fcdahalesi olmadan otomatik olarak ajans kanallar\u0131ndan geldi\u011fi \u015fekliyle yer almaktad\u0131r.\n\u015eanl\u0131urfa Haberleri alan\u0131nda yer alan haberlerin hepsinin hukuki muhatab\u0131 haberi ge\u00e7en ajanslard\u0131r.",
    "article_html": "",
    "meta_description": "\u015eanl\u0131urfa'da yeni tip korona vir\u00fcs (Covid19) tedbirleri kapsam\u0131nda bir mahalle, bir sokak ve 3 bina karantinaya al\u0131nd\u0131.",
    "meta_lang": "tr"
}