{
    "article_id": "0c24cd26eb42b8a517b777b112cfef76.1589925513.7676158",
    "title": "Meclis\u2019te 5 konuda z\u0131mni mutabakat\u2026",
    "authors": [
        "Yazarin T\u00fcm Yazilarini G\u00f6rmek \u0130\u00e7i\u0307n Tiklayin",
        "Isvalid",
        "Yazarlar",
        "Data",
        "Name",
        "Mail",
        "Title",
        "Di\u0307\u011fer Yazarlar"
    ],
    "canonical_link": "https://www.haberturk.com/yazarlar/muharrem-sarikaya/2683927-mecliste-5-konuda-zimni-mutabakat",
    "url": "http://haberturk.com/yazarlar/muharrem-sarikaya/2683927-mecliste-5-konuda-zimni-mutabakat",
    "top_img": "https://im.haberturk.com/yazarlar/HTGazete/muharrem-sarikaya-600x314.jpg?v=1478010403",
    "meta_img": "https://im.haberturk.com/yazarlar/HTGazete/muharrem-sarikaya-600x314.jpg?v=1478010403",
    "movies": [],
    "text": "Baz\u0131 kelimeler vard\u0131r ki tam yerine oturur\u2026\n\n\u201cZ\u0131mni\u2026\u201d de onlardan biridir; \u201cdo\u011frudan anlat\u0131ma kapal\u0131 - i\u00e7inde sakl\u0131 - kapsam\u0131nda gizli\u201d gibi c\u00fcmlelerin tek kelimeyle anlat\u0131m\u0131n\u0131 sa\u011flar.\n\nSiyasette s\u0131kl\u0131kla ba\u015fvurulan bir y\u00f6ntemdir\u2026\n\nSon d\u00f6nemki geli\u015fmelerin \u00f6nceden planlanarak at\u0131lm\u0131\u015f bir ad\u0131m oldu\u011funu zannetmiyorum.\n\nAma fark\u0131na varmadan ger\u00e7ekle\u015fen z\u0131mni g\u00f6r\u00fc\u015f birli\u011fi uzun s\u00fcre sonra sa\u011fland\u0131.\n\nHem de CHP ve MHP liderlerinin son \u00fc\u00e7 g\u00fcndeki yaz\u0131l\u0131 beyanlar\u0131yla\u2026\n\nAK Parti, \u0130Y\u0130 Parti ve HDP de zaten ayn\u0131 g\u00f6r\u00fc\u015f\u00fc ta\u015f\u0131d\u0131\u011f\u0131n\u0131 defalarca a\u00e7\u0131klam\u0131\u015ft\u0131.\n\nSonunda Meclis\u2019te grubu bulunan 5 parti, 5 konuda birle\u015fti.\n\nBunlar siyasi partiler ve se\u00e7im yasalar\u0131, TBMM \u0130\u00e7t\u00fcz\u00fc\u011f\u00fc, siyasi etik yasas\u0131 ve milletvekili dokunulmazl\u0131\u011f\u0131\u2026\n\n\u0130LK ADIM BAH\u00c7EL\u0130\u2019DEN\n\nZamanlamas\u0131 da \u00f6nemli\u2026\n\nMeclis\u2019in 2 hafta sonra kald\u0131\u011f\u0131 yerden yasama d\u00f6nemini devam ettirmeye haz\u0131rland\u0131\u011f\u0131 s\u0131rada bu \u00f6neriler geldi.\n\nTBMM\u2019nin \u00f6n\u00fcndeki i\u015f takviminin neler olmas\u0131 gerekti\u011fi konusunda ilk ad\u0131m\u0131 atan da MHP lideri Bah\u00e7eli oldu.\n\nMHP lideri, hafta sonundaki a\u00e7\u0131klamas\u0131nda di\u011fer partilere y\u00f6nelik ele\u015ftirilerinden sonra son b\u00f6l\u00fcmde 6 maddelik \u00f6neriler dizisini s\u0131ralad\u0131.\n\nBunlar\u0131, siyasi partiler ve se\u00e7im kanunlar\u0131, TBMM \u0130\u00e7 T\u00fcz\u00fc\u011f\u00fc, milletvekili dokunulmazl\u0131\u011f\u0131, siyasi etik kanunu, kamu kurumu niteli\u011findeki meslek kurulu\u015flar\u0131yla ilgili kanuni d\u00fczenleme olarak s\u0131ralad\u0131.\n\n\u0130LK HEDEFLER BEYANNAMES\u0130\n\nCHP lideri Kemal K\u0131l\u0131\u00e7daro\u011flu da d\u00fcn bir anlamda \u201cilk hedefler beyannamesine\u201d benzeyen ekonomik paket a\u00e7\u0131klamas\u0131nda benzer d\u00fczenlemelere i\u015faret etti.\n\nCHP lideri 16 maddelik s\u0131ralamas\u0131nda MHP liderinin de dile getirdi\u011fi siyasi ahlak (etik) yasas\u0131, se\u00e7im kanunu, siyasi partiler yasas\u0131, milletvekili dokunulmazl\u0131\u011f\u0131 ve kamu kesin hesaplar\u0131n\u0131n kontrol\u00fcn\u00fcn muhalefetin ba\u015fkanl\u0131k edece\u011fi komisyonda ele al\u0131nmas\u0131na y\u00f6nelik d\u00fczenleme; bir di\u011fer anlamda TBMM \u0130\u00e7t\u00fcz\u00fck de\u011fi\u015fikli\u011fi istedi\u2026\n\nK\u0131l\u0131\u00e7daro\u011flu bunun yan\u0131 s\u0131ra koronavir\u00fcs salg\u0131n\u0131 sonras\u0131 \u00e7ok daha belirgin hale gelecek ekonomik sorunlar\u0131n \u00e7\u00f6z\u00fcm\u00fc konusunda da \u00f6nemli \u00f6nerilerde bulundu.\n\nMerkezi h\u00fck\u00fcmet ile yerel y\u00f6netimin i\u015fbirli\u011fine de dikkat \u00e7ekti, \u201cyeni bir merkez-yerel dengesinin kurulmas\u0131n\u0131\u201d talep etti.\n\nAYNI Y\u00d6NDE BEKLENT\u0130\n\n\u015eunu hemen belirteyim, CHP ve MHP\u2019nin bu konulardaki bak\u0131\u015f\u0131 birbirine yak\u0131n.\n\nHatta yukar\u0131da da belirtti\u011fim gibi benzer yakla\u015f\u0131m TBMM\u2019de bulunan di\u011fer partilerde de mevcut.\n\nLiderleri taraf\u0131ndan son \u00fc\u00e7 g\u00fcn i\u00e7inde a\u00e7\u0131kland\u0131\u011f\u0131 i\u00e7in d\u00fcn CHP ve MHP y\u00f6neticilerini aray\u0131p, talep ettikleri d\u00fczenlemelerle ilgili beklentilerini sordum.\n\nSe\u00e7im Kanunu\u2019nda %10 baraj\u0131n\u0131n kalkmas\u0131n\u0131 her ikisi de istiyor; Cumhurba\u015fkanl\u0131\u011f\u0131 H\u00fck\u00fcmet Sistemi ile ittifaklara olanak tan\u0131nd\u0131\u011f\u0131 i\u00e7in di\u011fer partiler de istiyor.\n\nBenzer \u015fekilde milletvekili transferleri ile siyasi ahlak konular\u0131nda da d\u00fczenleme yap\u0131lmas\u0131ndan yanalar.\n\nBunun i\u00e7in siyasi etik yasas\u0131 \u00e7\u0131kar\u0131lmas\u0131 gerekti\u011fini savunurken, Siyasi Partiler Kanunu\u2019nun da buna g\u00f6re d\u00fczenlenmesini ve lider sultas\u0131na dayal\u0131 parti \u00f6rg\u00fctlenmesinden \u00e7\u0131k\u0131lmas\u0131n\u0131 \u00f6neriyorlar.\n\nGizli veya dolayl\u0131 ittifaklara da kapal\u0131lar, her \u015feyin a\u00e7\u0131ktan yap\u0131lmas\u0131n\u0131 kolayla\u015ft\u0131ran d\u00fczenlemeye gidilmesi gerekti\u011fini belirtiyorlar.\n\n\u0130\u00c7T\u00dcZ\u00dcK DE\u011e\u0130\u015e\u0130KL\u0130\u011e\u0130\n\nTBMM \u0130\u00e7 T\u00fcz\u00fc\u011f\u00fc\u2019nde de\u011fi\u015fiklik yap\u0131larak komisyonlar\u0131n \u00e7ok daha etkili bir hale gelmesinden yanalar\u2026\n\nBir yandan \u201cCumhurba\u015fkan\u0131 y\u00fcr\u00fct\u00fcr\u201d diye kanun \u00e7\u0131kar\u0131p, di\u011fer yandan kanun haz\u0131rl\u0131\u011f\u0131nda h\u00fck\u00fcmetin devre d\u0131\u015f\u0131 b\u0131rak\u0131lmas\u0131n\u0131 do\u011fru bulmuyorlar.\n\nNitekim K\u0131l\u0131\u00e7daro\u011flu da b\u00fct\u00e7e g\u00f6r\u00fc\u015fmesinde a\u00e7\u0131ktan bunu dile getirmi\u015f, \u201cKamu taraf\u0131 olmadan kanun yapamazs\u0131n\u0131z, teknokratt\u0131r kanunu haz\u0131rlayan\u201d demi\u015fti.\n\nMHP de bu kapsamda h\u00fck\u00fcmet ile TBMM aras\u0131nda bir ili\u015fkinin kurulmas\u0131 gerekti\u011fini d\u00fc\u015f\u00fcn\u00fcyor ve d\u00fczenlemenin buna g\u00f6re yap\u0131lmas\u0131 gerekti\u011fine vurgu yap\u0131yor.\n\nDokunulmazl\u0131k konusunda ise CHP ve MHP ayr\u0131\u015f\u0131yor; CHP e\u011fer kald\u0131r\u0131lacaksa herkesin dokunulmazl\u0131\u011f\u0131n\u0131n kald\u0131r\u0131lmas\u0131n\u0131 istiyor, MHP ise karma komisyonda bekleyen dosyalar\u0131n Genel Kurul\u2019a indirilmesini talep ediyor.\n\nDOKUNULMAZLIK SORUNU\n\nMHP, \u201cTBMM\u2019nin son d\u00f6nem ba\u015fkanlar\u0131 Binali Y\u0131ld\u0131r\u0131m d\u00f6neminde dokunulmazl\u0131\u011f\u0131n kald\u0131r\u0131ld\u0131\u011f\u0131n\u0131, \u0130smail Kahraman d\u00f6neminde dosyalar\u0131n Genel Kurul\u2019a indirildi\u011fini, ancak bu d\u00f6nem dokunulmazl\u0131klara ili\u015fkin bir ad\u0131m at\u0131lmad\u0131\u011f\u0131n\u0131n\u201d da alt\u0131n\u0131 \u00e7iziyor.\n\nBeklenti farkl\u0131 olsa da her ikisi de dokunulmazl\u0131\u011fa ili\u015fkin yeni bir d\u00fczenlemeden yana tav\u0131r tak\u0131n\u0131yor.\n\nBuradan bir sonu\u00e7 \u00e7\u0131kar m\u0131?\n\nAsl\u0131nda hepsi olmas\u0131 gerekti\u011fini s\u00f6yl\u00fcyor.\n\nE\u011fer bir d\u00fczenleme yap\u0131lacak ise ancak bu d\u00f6nemde yap\u0131l\u0131yor.\n\nNeden de se\u00e7ime bir y\u0131l kala yap\u0131lacak t\u00fcm d\u00fczenlemeler uygulanamayaca\u011f\u0131 i\u00e7in hep vazge\u00e7iliyor olmas\u0131.\n\nMadem se\u00e7im 2023\u2019te o zaman bir ad\u0131m at\u0131lacaksa ancak bu d\u00f6nemde at\u0131l\u0131r, yoksa siyasi partiler ve se\u00e7im yasalar\u0131 yine duyuna kal\u0131r\u2026",
    "keywords": [
        "mhp",
        "mutabakat",
        "konuda",
        "mecliste",
        "bir",
        "partiler",
        "chp",
        "di\u011fer",
        "ve",
        "da",
        "z\u0131mni",
        "siyasi",
        "se\u00e7im",
        "bu"
    ],
    "meta_keywords": [
        ""
    ],
    "publish_date": {
        "$date": 1589843459000
    },
    "summary": "Baz\u0131 kelimeler vard\u0131r ki tam yerine oturur\u2026\u201cZ\u0131mni\u2026\u201d de onlardan biridir; \u201cdo\u011frudan anlat\u0131ma kapal\u0131 - i\u00e7inde sakl\u0131 - kapsam\u0131nda gizli\u201d gibi c\u00fcmlelerin tek kelimeyle anlat\u0131m\u0131n\u0131 sa\u011flar.\nSiyasette s\u0131kl\u0131kla ba\u015fvurulan bir y\u00f6ntemdir\u2026Son d\u00f6nemki geli\u015fmelerin \u00f6nceden planlanarak at\u0131lm\u0131\u015f bir ad\u0131m oldu\u011funu zannetmiyorum.\nAma fark\u0131na varmadan ger\u00e7ekle\u015fen z\u0131mni g\u00f6r\u00fc\u015f birli\u011fi uzun s\u00fcre sonra sa\u011fland\u0131.\nHem de CHP ve MHP liderlerinin son \u00fc\u00e7 g\u00fcndeki yaz\u0131l\u0131 beyanlar\u0131yla\u2026AK Parti, \u0130Y\u0130 Parti ve HDP de zaten ayn\u0131 g\u00f6r\u00fc\u015f\u00fc ta\u015f\u0131d\u0131\u011f\u0131n\u0131 defalarca a\u00e7\u0131klam\u0131\u015ft\u0131.\nSonunda Meclis\u2019te grubu bulunan 5 parti, 5 konuda birle\u015fti.\nBunlar siyasi partiler ve se\u00e7im yasalar\u0131, TBMM \u0130\u00e7t\u00fcz\u00fc\u011f\u00fc, siyasi etik yasas\u0131 ve milletvekili dokunulmazl\u0131\u011f\u0131\u2026\u0130LK ADIM BAH\u00c7EL\u0130\u2019DENZamanlamas\u0131 da \u00f6nemli\u2026Meclis\u2019in 2 hafta sonra kald\u0131\u011f\u0131 yerden yasama d\u00f6nemini devam ettirmeye haz\u0131rland\u0131\u011f\u0131 s\u0131rada bu \u00f6neriler geldi.\nTBMM\u2019nin \u00f6n\u00fcndeki i\u015f takviminin neler olmas\u0131 gerekti\u011fi konusunda ilk ad\u0131m\u0131 atan da MHP lideri Bah\u00e7eli oldu.\nMHP lideri, hafta sonundaki a\u00e7\u0131klamas\u0131nda di\u011fer partilere y\u00f6nelik ele\u015ftirilerinden sonra son b\u00f6l\u00fcmde 6 maddelik \u00f6neriler dizisini s\u0131ralad\u0131.\nBunlar\u0131, siyasi partiler ve se\u00e7im kanunlar\u0131, TBMM \u0130\u00e7 T\u00fcz\u00fc\u011f\u00fc, milletvekili dokunulmazl\u0131\u011f\u0131, siyasi etik kanunu, kamu kurumu niteli\u011findeki meslek kurulu\u015flar\u0131yla ilgili kanuni d\u00fczenleme olarak s\u0131ralad\u0131.\n\u0130LK HEDEFLER BEYANNAMES\u0130CHP lideri Kemal K\u0131l\u0131\u00e7daro\u011flu da d\u00fcn bir anlamda \u201cilk hedefler beyannamesine\u201d benzeyen ekonomik paket a\u00e7\u0131klamas\u0131nda benzer d\u00fczenlemelere i\u015faret etti.\nCHP lideri 16 maddelik s\u0131ralamas\u0131nda MHP liderinin de dile getirdi\u011fi siyasi ahlak (etik) yasas\u0131, se\u00e7im kanunu, siyasi partiler yasas\u0131, milletvekili dokunulmazl\u0131\u011f\u0131 ve kamu kesin hesaplar\u0131n\u0131n kontrol\u00fcn\u00fcn muhalefetin ba\u015fkanl\u0131k edece\u011fi komisyonda ele al\u0131nmas\u0131na y\u00f6nelik d\u00fczenleme; bir di\u011fer anlamda TBMM \u0130\u00e7t\u00fcz\u00fck de\u011fi\u015fikli\u011fi istedi\u2026K\u0131l\u0131\u00e7daro\u011flu bunun yan\u0131 s\u0131ra koronavir\u00fcs salg\u0131n\u0131 sonras\u0131 \u00e7ok daha belirgin hale gelecek ekonomik sorunlar\u0131n \u00e7\u00f6z\u00fcm\u00fc konusunda da \u00f6nemli \u00f6nerilerde bulundu.\nMerkezi h\u00fck\u00fcmet ile yerel y\u00f6netimin i\u015fbirli\u011fine de dikkat \u00e7ekti, \u201cyeni bir merkez-yerel dengesinin kurulmas\u0131n\u0131\u201d talep etti.\nAYNI Y\u00d6NDE BEKLENT\u0130\u015eunu hemen belirteyim, CHP ve MHP\u2019nin bu konulardaki bak\u0131\u015f\u0131 birbirine yak\u0131n.\nHatta yukar\u0131da da belirtti\u011fim gibi benzer yakla\u015f\u0131m TBMM\u2019de bulunan di\u011fer partilerde de mevcut.\nLiderleri taraf\u0131ndan son \u00fc\u00e7 g\u00fcn i\u00e7inde a\u00e7\u0131kland\u0131\u011f\u0131 i\u00e7in d\u00fcn CHP ve MHP y\u00f6neticilerini aray\u0131p, talep ettikleri d\u00fczenlemelerle ilgili beklentilerini sordum.\nSe\u00e7im Kanunu\u2019nda %10 baraj\u0131n\u0131n kalkmas\u0131n\u0131 her ikisi de istiyor; Cumhurba\u015fkanl\u0131\u011f\u0131 H\u00fck\u00fcmet Sistemi ile ittifaklara olanak tan\u0131nd\u0131\u011f\u0131 i\u00e7in di\u011fer partiler de istiyor.\nBenzer \u015fekilde milletvekili transferleri ile siyasi ahlak konular\u0131nda da d\u00fczenleme yap\u0131lmas\u0131ndan yanalar.\nBunun i\u00e7in siyasi etik yasas\u0131 \u00e7\u0131kar\u0131lmas\u0131 gerekti\u011fini savunurken, Siyasi Partiler Kanunu\u2019nun da buna g\u00f6re d\u00fczenlenmesini ve lider sultas\u0131na dayal\u0131 parti \u00f6rg\u00fctlenmesinden \u00e7\u0131k\u0131lmas\u0131n\u0131 \u00f6neriyorlar.\nGizli veya dolayl\u0131 ittifaklara da kapal\u0131lar, her \u015feyin a\u00e7\u0131ktan yap\u0131lmas\u0131n\u0131 kolayla\u015ft\u0131ran d\u00fczenlemeye gidilmesi gerekti\u011fini belirtiyorlar.\n\u0130\u00c7T\u00dcZ\u00dcK DE\u011e\u0130\u015e\u0130KL\u0130\u011e\u0130TBMM \u0130\u00e7 T\u00fcz\u00fc\u011f\u00fc\u2019nde de\u011fi\u015fiklik yap\u0131larak komisyonlar\u0131n \u00e7ok daha etkili bir hale gelmesinden yanalar\u2026Bir yandan \u201cCumhurba\u015fkan\u0131 y\u00fcr\u00fct\u00fcr\u201d diye kanun \u00e7\u0131kar\u0131p, di\u011fer yandan kanun haz\u0131rl\u0131\u011f\u0131nda h\u00fck\u00fcmetin devre d\u0131\u015f\u0131 b\u0131rak\u0131lmas\u0131n\u0131 do\u011fru bulmuyorlar.\nNitekim K\u0131l\u0131\u00e7daro\u011flu da b\u00fct\u00e7e g\u00f6r\u00fc\u015fmesinde a\u00e7\u0131ktan bunu dile getirmi\u015f, \u201cKamu taraf\u0131 olmadan kanun yapamazs\u0131n\u0131z, teknokratt\u0131r kanunu haz\u0131rlayan\u201d demi\u015fti.\nMHP de bu kapsamda h\u00fck\u00fcmet ile TBMM aras\u0131nda bir ili\u015fkinin kurulmas\u0131 gerekti\u011fini d\u00fc\u015f\u00fcn\u00fcyor ve d\u00fczenlemenin buna g\u00f6re yap\u0131lmas\u0131 gerekti\u011fine vurgu yap\u0131yor.\nDokunulmazl\u0131k konusunda ise CHP ve MHP ayr\u0131\u015f\u0131yor; CHP e\u011fer kald\u0131r\u0131lacaksa herkesin dokunulmazl\u0131\u011f\u0131n\u0131n kald\u0131r\u0131lmas\u0131n\u0131 istiyor, MHP ise karma komisyonda bekleyen dosyalar\u0131n Genel Kurul\u2019a indirilmesini talep ediyor.\nDOKUNULMAZLIK SORUNUMHP, \u201cTBMM\u2019nin son d\u00f6nem ba\u015fkanlar\u0131 Binali Y\u0131ld\u0131r\u0131m d\u00f6neminde dokunulmazl\u0131\u011f\u0131n kald\u0131r\u0131ld\u0131\u011f\u0131n\u0131, \u0130smail Kahraman d\u00f6neminde dosyalar\u0131n Genel Kurul\u2019a indirildi\u011fini, ancak bu d\u00f6nem dokunulmazl\u0131klara ili\u015fkin bir ad\u0131m at\u0131lmad\u0131\u011f\u0131n\u0131n\u201d da alt\u0131n\u0131 \u00e7iziyor.\nBeklenti farkl\u0131 olsa da her ikisi de dokunulmazl\u0131\u011fa ili\u015fkin yeni bir d\u00fczenlemeden yana tav\u0131r tak\u0131n\u0131yor.\nBuradan bir sonu\u00e7 \u00e7\u0131kar m\u0131?\nAsl\u0131nda hepsi olmas\u0131 gerekti\u011fini s\u00f6yl\u00fcyor.\nE\u011fer bir d\u00fczenleme yap\u0131lacak ise ancak bu d\u00f6nemde yap\u0131l\u0131yor.\nNeden de se\u00e7ime bir y\u0131l kala yap\u0131lacak t\u00fcm d\u00fczenlemeler uygulanamayaca\u011f\u0131 i\u00e7in hep vazge\u00e7iliyor olmas\u0131.\nMadem se\u00e7im 2023\u2019te o zaman bir ad\u0131m at\u0131lacaksa ancak bu d\u00f6nemde at\u0131l\u0131r, yoksa siyasi partiler ve se\u00e7im yasalar\u0131 yine duyuna kal\u0131r\u2026",
    "article_html": "",
    "meta_description": "Baz\u0131 kelimeler vard\u0131r ki tam yerine oturur...\n\"Z\u0131mni...\" de onlardan biridir; \"do\u011frudan anlat\u0131ma kapal\u0131 - i\u00e7inde sakl\u0131 - kapsam\u0131nda gizli\" gibi c\u00fcmlelerin tek kelimeyle anlat\u0131m\u0131n\u0131 sa\u011flar.\nSiyasette s\u0131kl\u0131kla ba\u015fvurulan bir y\u00f6ntemdir...\nSon d\u00f6nemki geli\u015fmelerin \u00f6nceden planlanarak at\u0131lm\u0131\u015f bir ad\u0131m oldu\u011funu zannetmiyorum.\nAma fark\u0131na varmadan ger\u00e7ekle\u015fen z\u0131mni g\u00f6r\u00fc\u015f birli\u011fi uzun s\u00fcre sonra sa\u011fland\u0131.\nHem de CHP ve MHP liderlerinin son \u00fc\u00e7 g\u00fcndeki yaz\u0131l\u0131 beyanlar\u0131yla...\nAK Parti, \u0130Y\u0130 Parti ve HDP de zaten ayn\u0131 g\u00f6r\u00fc\u015f\u00fc ta\u015f\u0131d\u0131\u011f\u0131n\u0131 defalarca a\u00e7\u0131klam\u0131\u015ft\u0131.\nSonunda Meclis'te grubu bulunan 5 parti, 5 konuda birle\u015fti.\nBunlar siyasi partiler ve se\u00e7im...",
    "meta_lang": "tr"
}