{
    "article_id": "97c6fea49fdf97455b81154284ad0195.1589925623.6800778",
    "title": "Balkona i\u0307ngiliz bayra\u011f\u0131 asan yabanc\u0131 uyruklu \u015fah\u0131s hakk\u0131nda i\u015flem ba\u015flat\u0131ld\u0131",
    "authors": [],
    "canonical_link": "https://www.haberturk.com/kayseri-haberleri/78057715-balkona-ingiliz-bayragi-asan-yabanci-uyruklu-sahis-hakkinda-islem-baslatildi",
    "url": "http://haberturk.com/kayseri-haberleri/78057715-balkona-ingiliz-bayragi-asan-yabanci-uyruklu-sahis-hakkinda-islem-baslatildi",
    "top_img": "https://im.haberturk.com/yerel_haber/2020/05/19/ver1589921766/78057715_940x531.jpg",
    "meta_img": "https://im.haberturk.com/yerel_haber/2020/05/19/ver1589921766/78057715_940x531.jpg",
    "movies": [],
    "text": "Bu foto\u011fraftaki \u00fcnl\u00fcleri tan\u0131d\u0131n\u0131z m\u0131?\n\nEn \u00c7ok Okunanlar\n\nEn \u00c7ok Okunanlar\n\nT\u00fcm T\u00fcrkiye'nin saat 19:19'u g\u00f6sterdi\u011finde balkonlara \u00e7\u0131karak \u0130stiklal Mar\u015f\u0131 okudu\u011fu anlarda yabanc\u0131 uyruklu bir \u015fahs\u0131n balkonuna \u0130ngiliz Bayra\u011f\u0131 ast\u0131\u011f\u0131 iddias\u0131na ili\u015fkin Kayseri Valili\u011fince a\u00e7\u0131klama yap\u0131ld\u0131. Yap\u0131lan a\u00e7\u0131klamada bayra\u011f\u0131 asan yabanc\u0131 uyruklu \u015fah\u0131s hakk\u0131nda yasal i\u015flemin ba\u015flat\u0131ld\u0131\u011f\u0131 bildirildi.\n\nKayseri Valili\u011fince yap\u0131lan yaz\u0131l\u0131 a\u00e7\u0131klamada; \"Baz\u0131 bas\u0131n yay\u0131n organlar\u0131nda yabanc\u0131 uyruklu bir \u015fahs\u0131n \u0130ngiliz Bayrakl\u0131 havlusunu balkonuna ast\u0131\u011f\u0131 haberleri yer alm\u0131\u015ft\u0131r. S\u00f6z konusu havluyu kurutmak i\u00e7in balkonuna ast\u0131\u011f\u0131n\u0131 iddia eden yabanc\u0131 uyruklu \u015fah\u0131s hakk\u0131nda gerekli yasal i\u015flemler ba\u015flat\u0131lm\u0131\u015ft\u0131r\" denildi.\n\nAnadolu Ajans\u0131, DHA, \u0130HA taraf\u0131ndan ge\u00e7ilen t\u00fcm Kayseri haberleri, bu b\u00f6l\u00fcmde Haberturk.com edit\u00f6rlerinin hi\u00e7bir editoryal m\u00fcdahalesi olmadan otomatik olarak ajans kanallar\u0131ndan geldi\u011fi \u015fekliyle yer almaktad\u0131r. Kayseri Haberleri alan\u0131nda yer alan haberlerin hepsinin hukuki muhatab\u0131 haberi ge\u00e7en ajanslard\u0131r.",
    "keywords": [
        "\u015fah\u0131s",
        "yabanc\u0131",
        "ba\u015flat\u0131ld\u0131",
        "kayseri",
        "haberleri",
        "asan",
        "uyruklu",
        "balkonuna",
        "ingiliz",
        "balkona",
        "hakk\u0131nda",
        "\u015fahs\u0131n",
        "\u00e7ok",
        "yasal",
        "bayra\u011f\u0131",
        "yer",
        "i\u015flem"
    ],
    "meta_keywords": [
        ""
    ],
    "publish_date": {
        "$date": 1589922001000
    },
    "summary": "Bu foto\u011fraftaki \u00fcnl\u00fcleri tan\u0131d\u0131n\u0131z m\u0131?\nEn \u00c7ok OkunanlarEn \u00c7ok OkunanlarT\u00fcm T\u00fcrkiye'nin saat 19:19'u g\u00f6sterdi\u011finde balkonlara \u00e7\u0131karak \u0130stiklal Mar\u015f\u0131 okudu\u011fu anlarda yabanc\u0131 uyruklu bir \u015fahs\u0131n balkonuna \u0130ngiliz Bayra\u011f\u0131 ast\u0131\u011f\u0131 iddias\u0131na ili\u015fkin Kayseri Valili\u011fince a\u00e7\u0131klama yap\u0131ld\u0131.\nYap\u0131lan a\u00e7\u0131klamada bayra\u011f\u0131 asan yabanc\u0131 uyruklu \u015fah\u0131s hakk\u0131nda yasal i\u015flemin ba\u015flat\u0131ld\u0131\u011f\u0131 bildirildi.\nKayseri Valili\u011fince yap\u0131lan yaz\u0131l\u0131 a\u00e7\u0131klamada; \"Baz\u0131 bas\u0131n yay\u0131n organlar\u0131nda yabanc\u0131 uyruklu bir \u015fahs\u0131n \u0130ngiliz Bayrakl\u0131 havlusunu balkonuna ast\u0131\u011f\u0131 haberleri yer alm\u0131\u015ft\u0131r.\nS\u00f6z konusu havluyu kurutmak i\u00e7in balkonuna ast\u0131\u011f\u0131n\u0131 iddia eden yabanc\u0131 uyruklu \u015fah\u0131s hakk\u0131nda gerekli yasal i\u015flemler ba\u015flat\u0131lm\u0131\u015ft\u0131r\" denildi.\nAnadolu Ajans\u0131, DHA, \u0130HA taraf\u0131ndan ge\u00e7ilen t\u00fcm Kayseri haberleri, bu b\u00f6l\u00fcmde Haberturk.com edit\u00f6rlerinin hi\u00e7bir editoryal m\u00fcdahalesi olmadan otomatik olarak ajans kanallar\u0131ndan geldi\u011fi \u015fekliyle yer almaktad\u0131r.\nKayseri Haberleri alan\u0131nda yer alan haberlerin hepsinin hukuki muhatab\u0131 haberi ge\u00e7en ajanslard\u0131r.",
    "article_html": "",
    "meta_description": "T\u00fcm T\u00fcrkiye'nin saat 19:19'u g\u00f6sterdi\u011finde balkonlara \u00e7\u0131karak \u0130stiklal Mar\u015f\u0131 okudu\u011fu anlarda yabanc\u0131 uyruklu bir \u015fahs\u0131n balkonuna \u0130ngiliz Bayra\u011f\u0131 ast\u0131\u011f\u0131 iddias\u0131na ili\u015fkin Kayseri Valili\u011fince a\u00e7\u0131klama yap\u0131ld\u0131. Yap\u0131lan a\u00e7\u0131klamada bayra\u011f\u0131 asan yabanc\u0131 uyruklu \u015fah\u0131s hakk\u0131nda yasal i\u015flemin ba\u015flat\u0131ld\u0131\u011f\u0131 bildirildi.",
    "meta_lang": "tr"
}