{
    "article_id": "77ac7c0bfc0a3e9672ad42aa24329f71.1589925628.189925",
    "title": "\"Akvaryum Adam\" ve \u00f6\u011frencileri an\u0131 dal\u0131\u015f\u0131 ger\u00e7ekle\u015ftirdi",
    "authors": [
        "Isvalid",
        "Yazarlar",
        "Data",
        "Name",
        "Mail",
        "Title",
        "Di\u0307\u011fer Yazarlar"
    ],
    "canonical_link": "https://www.haberturk.com/akvaryum-adam-ve-ogrencileri-ani-dalisi-gerceklestirdi-2684755",
    "url": "http://haberturk.com/akvaryum-adam-ve-ogrencileri-ani-dalisi-gerceklestirdi-2684755",
    "top_img": "https://im.haberturk.com/ajans_auto/ver1589892653/kirmizi_1200x627.jpg",
    "meta_img": "https://im.haberturk.com/ajans_auto/ver1589892653/kirmizi_1200x627.jpg",
    "movies": [],
    "text": "AA\n\nGuinness D\u00fcnya Rekorlar\u0131 Kitab\u0131na Sualt\u0131 Sporlar\u0131 bran\u015f\u0131ndan giren ilk ve tek T\u00fcrk sualt\u0131 sporcusu Cem Karabay ve Beylikd\u00fcz\u00fc Sualt\u0131 Sporlar\u0131 D\u00fcnya Rekoru Destek Ekibi'ni olu\u015fturan \u00f6\u011frencileri, an\u0131 dal\u0131\u015f\u0131 \u00f6ncesinde Beylikd\u00fcz\u00fc Sualt\u0131 Sporlar\u0131 D\u00fcnya Rekortmenleri Kul\u00fcb\u00fc'nde bir araya geldi.\n\nKarabay, ekip arkada\u015flar\u0131na, yeni tip koronavir\u00fcs (Kovid-19) tedbirleri dolay\u0131s\u0131yla haz\u0131rl\u0131k ve dal\u0131\u015f a\u015famas\u0131nda dikkat etmeleri gereken hususlara ili\u015fkin bilgi verdi.\n\nKarabay ve ekibi, haz\u0131rl\u0131klar\u0131n\u0131 tamamlad\u0131ktan sonra G\u00fcrp\u0131nar Sahili'nde ekibiyle g\u00fcn\u00fcn an\u0131s\u0131na dal\u0131\u015f yapt\u0131.\n\nSuyun alt\u0131nda, \u00fczerinde \"19 May\u0131s Atat\u00fcrk'\u00fc Anma, Gen\u00e7lik ve Spor Bayram\u0131 kutlu olsun\" ve \"Evde kal T\u00fcrkiyem\" yaz\u0131l\u0131 pankart a\u00e7an Karabay ve ekibi, asker selam\u0131 vererek an\u0131 dal\u0131\u015f\u0131n\u0131 tamamlad\u0131.\n\nAn\u0131 dal\u0131\u015f\u0131, T\u00fcrkiye Sualt\u0131 Sporlar\u0131 Federasyonu'nun iste\u011fi ve izniyle ger\u00e7ekle\u015ftirildi.",
    "keywords": [
        "beylikd\u00fcz\u00fc",
        "d\u00fcnya",
        "dal\u0131\u015f",
        "karabay",
        "dal\u0131\u015f\u0131",
        "akvaryum",
        "adam",
        "ekibi",
        "ger\u00e7ekle\u015ftirdi",
        "\u00f6\u011frencileri",
        "an\u0131",
        "sualt\u0131",
        "ve",
        "sporlar\u0131"
    ],
    "meta_keywords": [
        ""
    ],
    "publish_date": {
        "$date": 1589892653000
    },
    "summary": "AAGuinness D\u00fcnya Rekorlar\u0131 Kitab\u0131na Sualt\u0131 Sporlar\u0131 bran\u015f\u0131ndan giren ilk ve tek T\u00fcrk sualt\u0131 sporcusu Cem Karabay ve Beylikd\u00fcz\u00fc Sualt\u0131 Sporlar\u0131 D\u00fcnya Rekoru Destek Ekibi'ni olu\u015fturan \u00f6\u011frencileri, an\u0131 dal\u0131\u015f\u0131 \u00f6ncesinde Beylikd\u00fcz\u00fc Sualt\u0131 Sporlar\u0131 D\u00fcnya Rekortmenleri Kul\u00fcb\u00fc'nde bir araya geldi.\nKarabay, ekip arkada\u015flar\u0131na, yeni tip koronavir\u00fcs (Kovid-19) tedbirleri dolay\u0131s\u0131yla haz\u0131rl\u0131k ve dal\u0131\u015f a\u015famas\u0131nda dikkat etmeleri gereken hususlara ili\u015fkin bilgi verdi.\nKarabay ve ekibi, haz\u0131rl\u0131klar\u0131n\u0131 tamamlad\u0131ktan sonra G\u00fcrp\u0131nar Sahili'nde ekibiyle g\u00fcn\u00fcn an\u0131s\u0131na dal\u0131\u015f yapt\u0131.\nSuyun alt\u0131nda, \u00fczerinde \"19 May\u0131s Atat\u00fcrk'\u00fc Anma, Gen\u00e7lik ve Spor Bayram\u0131 kutlu olsun\" ve \"Evde kal T\u00fcrkiyem\" yaz\u0131l\u0131 pankart a\u00e7an Karabay ve ekibi, asker selam\u0131 vererek an\u0131 dal\u0131\u015f\u0131n\u0131 tamamlad\u0131.\nAn\u0131 dal\u0131\u015f\u0131, T\u00fcrkiye Sualt\u0131 Sporlar\u0131 Federasyonu'nun iste\u011fi ve izniyle ger\u00e7ekle\u015ftirildi.",
    "article_html": "",
    "meta_description": "Guinness rekortmeni \"Akvaryum Adam\" lakapl\u0131 Cem Karabay, 19 May\u0131s Atat\u00fcrk'\u00fc Anma, Gen\u00e7lik ve Spor Bayram\u0131'na \u00f6zel dal\u0131\u015f yapt\u0131.",
    "meta_lang": "tr"
}