{
    "article_id": "349536abdf3791459d0d6bba4a2a51ba.1589925628.9677045",
    "title": "1919 do\u011fumlu Emine Nineye \"19 May\u0131s\" ziyareti",
    "authors": [
        "Isvalid",
        "Yazarlar",
        "Data",
        "Name",
        "Mail",
        "Title",
        "Di\u0307\u011fer Yazarlar"
    ],
    "canonical_link": "https://www.haberturk.com/1919-dogumlu-emine-nineye-19-mayis-ziyareti-2684750",
    "url": "http://haberturk.com/1919-dogumlu-emine-nineye-19-mayis-ziyareti-2684750",
    "top_img": "https://im.haberturk.com/ajans_auto/ver1589892643/kirmizi_1200x627.jpg",
    "meta_img": "https://im.haberturk.com/ajans_auto/ver1589892643/kirmizi_1200x627.jpg",
    "movies": [],
    "text": "AA\n\nGen\u00e7lik ve Spor \u0130l\u00e7e M\u00fcd\u00fcrl\u00fc\u011f\u00fcn\u00fcn haz\u0131rlad\u0131\u011f\u0131 19 May\u0131s Atat\u00fcrk'\u00fc Anma, Gen\u00e7lik ve Spor Bayram\u0131 kutlama program\u0131nda, ziyaretler de yer ald\u0131.Ziyaretler aras\u0131nda en dikkat \u00e7eken isim ise Milli M\u00fccadele'yi ba\u015flatmak i\u00e7in 19 May\u0131s 1919'da Samsun'a \u00e7\u0131kan Atat\u00fcrk'\u00fcn, \u00f6rg\u00fctlenmeyi sa\u011flayabilmek i\u00e7in 25 Haziran'da ge\u00e7ti\u011fi Havza'da d\u00fcnyaya gelen ve tarihi d\u00f6nemde bir ayl\u0131k olan 17 Nisan 1919 do\u011fumlu Emine Cengiz oldu.Havza Belediye Ba\u015fkan\u0131 Sebahattin \u00d6zdemir ve \u0130l\u00e7e Gen\u00e7lik ve Spor M\u00fcd\u00fcr\u00fc Cafer Uzun'un kat\u0131ld\u0131\u011f\u0131 ziyarette, Emine nineye \u00e7e\u015fitli hediyeler verildi.Emine Cengiz ile bir s\u00fcre sohbet eden Belediye Ba\u015fkan\u0131 Sebahattin \u00d6zdemir, Cengiz'in bayram\u0131n\u0131 kutlayarak, \"Emine teyzemiz o g\u00fcnleri g\u00f6rm\u00fc\u015f, uzun bir \u00f6m\u00fcr ya\u015fam\u0131\u015f. \u0130n\u015fallah bu salg\u0131n ortadan kalk\u0131nca ellerini \u00f6pmeye de gelece\u011fiz. Kendisine ve ailesine sa\u011fl\u0131kl\u0131 uzun \u00f6m\u00fcrler diliyorum. Kendisinden hay\u0131r dualar\u0131n\u0131 bekliyoruz. Emine teyzemizin ve t\u00fcm milletimizin 19 May\u0131s Atat\u00fcrk'\u00fc Anma, Gen\u00e7lik ve Spor Bayram\u0131'n\u0131 kutluyor, Kadir Gecesi'nin \u0130slam alemine ve \u00fclkemize hay\u0131rlar getirmesini y\u00fcce Mevla'dan diliyorum.\" dedi.\u0130l\u00e7e Gen\u00e7lik ve Spor M\u00fcd\u00fcr\u00fc Cafer Uzun da Milli M\u00fccadele'yle ayn\u0131 ya\u015fta olan Emine nineye hay\u0131rl\u0131 ve uzun \u00f6m\u00fcrler diledi.",
    "keywords": [
        "uzun",
        "\u00f6zdemir",
        "\u00f6m\u00fcrler",
        "bir",
        "1919",
        "19",
        "gen\u00e7lik",
        "do\u011fumlu",
        "ve",
        "spor",
        "may\u0131s",
        "nineye",
        "emine",
        "ziyareti"
    ],
    "meta_keywords": [
        ""
    ],
    "publish_date": {
        "$date": 1589892643000
    },
    "summary": "AAGen\u00e7lik ve Spor \u0130l\u00e7e M\u00fcd\u00fcrl\u00fc\u011f\u00fcn\u00fcn haz\u0131rlad\u0131\u011f\u0131 19 May\u0131s Atat\u00fcrk'\u00fc Anma, Gen\u00e7lik ve Spor Bayram\u0131 kutlama program\u0131nda, ziyaretler de yer ald\u0131.Ziyaretler aras\u0131nda en dikkat \u00e7eken isim ise Milli M\u00fccadele'yi ba\u015flatmak i\u00e7in 19 May\u0131s 1919'da Samsun'a \u00e7\u0131kan Atat\u00fcrk'\u00fcn, \u00f6rg\u00fctlenmeyi sa\u011flayabilmek i\u00e7in 25 Haziran'da ge\u00e7ti\u011fi Havza'da d\u00fcnyaya gelen ve tarihi d\u00f6nemde bir ayl\u0131k olan 17 Nisan 1919 do\u011fumlu Emine Cengiz oldu.Havza Belediye Ba\u015fkan\u0131 Sebahattin \u00d6zdemir ve \u0130l\u00e7e Gen\u00e7lik ve Spor M\u00fcd\u00fcr\u00fc Cafer Uzun'un kat\u0131ld\u0131\u011f\u0131 ziyarette, Emine nineye \u00e7e\u015fitli hediyeler verildi.Emine Cengiz ile bir s\u00fcre sohbet eden Belediye Ba\u015fkan\u0131 Sebahattin \u00d6zdemir, Cengiz'in bayram\u0131n\u0131 kutlayarak, \"Emine teyzemiz o g\u00fcnleri g\u00f6rm\u00fc\u015f, uzun bir \u00f6m\u00fcr ya\u015fam\u0131\u015f.\n\u0130n\u015fallah bu salg\u0131n ortadan kalk\u0131nca ellerini \u00f6pmeye de gelece\u011fiz.\nKendisine ve ailesine sa\u011fl\u0131kl\u0131 uzun \u00f6m\u00fcrler diliyorum.\nKendisinden hay\u0131r dualar\u0131n\u0131 bekliyoruz.\nEmine teyzemizin ve t\u00fcm milletimizin 19 May\u0131s Atat\u00fcrk'\u00fc Anma, Gen\u00e7lik ve Spor Bayram\u0131'n\u0131 kutluyor, Kadir Gecesi'nin \u0130slam alemine ve \u00fclkemize hay\u0131rlar getirmesini y\u00fcce Mevla'dan diliyorum.\"\ndedi.\u0130l\u00e7e Gen\u00e7lik ve Spor M\u00fcd\u00fcr\u00fc Cafer Uzun da Milli M\u00fccadele'yle ayn\u0131 ya\u015fta olan Emine nineye hay\u0131rl\u0131 ve uzun \u00f6m\u00fcrler diledi.",
    "article_html": "",
    "meta_description": "Samsun'un Havza il\u00e7esinde, 19 May\u0131s Atat\u00fcrk'\u00fc Anma, Gen\u00e7lik ve Spor Bayram\u0131 nedeniyle 1919 do\u011fumlu, 101 ya\u015f\u0131ndaki Emine Nine ziyaret edildi.",
    "meta_lang": "tr"
}