{
    "article_id": "75b224a8311099ebd47165ddd62c4e18.1589925629.3334682",
    "title": "19 May\u0131s'ta gen\u00e7lere \u00f6\u011f\u00fct niteli\u011finde klip, \"G\u00f6r Evlat\"",
    "authors": [
        "Isvalid",
        "Yazarlar",
        "Data",
        "Name",
        "Mail",
        "Title",
        "Di\u0307\u011fer Yazarlar"
    ],
    "canonical_link": "https://www.haberturk.com/19-mayis-ta-genclere-ogut-niteliginde-klip-gor-evlat-2684749",
    "url": "http://haberturk.com/19-mayis-ta-genclere-ogut-niteliginde-klip-gor-evlat-2684749",
    "top_img": "https://im.haberturk.com/ajans_auto/ver1589892190/kirmizi_1200x627.jpg",
    "meta_img": "https://im.haberturk.com/ajans_auto/ver1589892190/kirmizi_1200x627.jpg",
    "movies": [],
    "text": "AA\n\nKamuoyunda Yudum olarak tan\u0131nan sanat\u00e7\u0131 Yudum Koral, T\u00fcrk milletinin Kurtulu\u015f Sava\u015f\u0131, 15 Temmuz Demokrasi Zaferi, yurt i\u00e7inde ve s\u0131n\u0131r \u00f6tesinde ter\u00f6rle m\u00fccadelede ortaya koydu\u011fu destans\u0131 m\u00fccadeleye dikkat \u00e7ekmek i\u00e7in haz\u0131rlad\u0131\u011f\u0131, s\u00f6z ve bestesi kendisine ait olan \"G\u00f6r Evlat\" isimli eserine klip \u00e7ekti.Klipte, Kurtulu\u015f Sava\u015f\u0131 ile milletin d\u00fc\u015fmana, 15 Temmuz Demokrasi Zaferi ile milletin darbeci vatan hainlerine kar\u015f\u0131 ortaya koydu\u011fu destans\u0131 m\u00fccadeleyi anlatan g\u00f6rsellere yer veren sanat\u00e7\u0131, 19 May\u0131s Atat\u00fcrk'\u00fc Anma, Gen\u00e7lik ve Spor Bayram\u0131 g\u00fcn\u00fc dijital platformlarda yay\u0131na giren klip ile gen\u00e7lere \u00f6\u011f\u00fctler veriyor.Yudum Koral, AA muhabirine yapt\u0131\u011f\u0131 a\u00e7\u0131klamada, t\u00fcm d\u00fcnyada oldu\u011fu gibi T\u00fcrkiye'de g\u00f6r\u00fclen yeni tip koronavir\u00fcs (Kovid-19) salg\u0131n\u0131 nedeniyle milli ve dini bayramlar ile \u00f6zel g\u00fcnlerin sade t\u00f6renlerle, daha \u00e7ok sosyal medya \u00fczerinden ileti\u015fime ge\u00e7ilerek kutland\u0131\u011f\u0131n\u0131 belirtti.B\u00f6yle bir s\u00fcre\u00e7te, 19 May\u0131s Atat\u00fcrk'\u00fc Anma, Gen\u00e7lik ve Spor Bayram\u0131'n\u0131n 101. y\u0131l\u0131nda gen\u00e7lere arma\u011fan olsun diye \"G\u00f6r Evlat\" eserine klip \u00e7ekerek bu anlaml\u0131 g\u00fcnde gen\u00e7lerle bulu\u015fturdu\u011funu ifade eden Yudum, \u015f\u00f6yle konu\u015ftu:\"T\u00fcrk milletinin tarih boyunca bir \u00e7ok kahramanl\u0131k hikayesi olmu\u015ftur. Bunlardan biri Kurtulu\u015f Sava\u015f\u0131 ve en son hepimizin bire bir \u015fahit oldu\u011fu 15 Temmuz Demokrasi Zaferi. Birinci zaferde ba\u011f\u0131ms\u0131zl\u0131\u011f\u0131n\u0131 ilan eden ve demokrasinin temellerini atan bu millet, ikinci zaferinde o demokrasinin devaml\u0131l\u0131\u011f\u0131n\u0131 sa\u011flam\u0131\u015ft\u0131r. Ben de G\u00f6r Evlat klibimde bu hikayeyi anlatmaya \u00e7al\u0131\u015ft\u0131m, bu anlaml\u0131 g\u00fcnde gen\u00e7lerimize m\u00fczikal bir belgesel b\u0131rakmak istedim. Umar\u0131m bu kliple gen\u00e7lerimize bu milletin bug\u00fcnlere gelebilmek ve gelecek nesillere daha daha iyi bir T\u00fcrkiye b\u0131rakmak i\u00e7in verdi\u011fi m\u00fccadeleyi anlatabilmi\u015fizdir.\"Sanat\u00e7\u0131 Yudum, Faysal Tokmak y\u00f6netmenli\u011finde \u00e7ekilen klibin t\u00fcm dijital platformlarda yay\u0131na girdi\u011fini bildirdi.",
    "keywords": [
        "\u00f6\u011f\u00fct",
        "zaferi",
        "bir",
        "gen\u00e7lere",
        "temmuz",
        "niteli\u011finde",
        "evlat",
        "19",
        "milletin",
        "g\u00f6r",
        "may\u0131sta",
        "ve",
        "yudum",
        "kurtulu\u015f",
        "sava\u015f\u0131",
        "ile",
        "klip",
        "bu"
    ],
    "meta_keywords": [
        ""
    ],
    "publish_date": {
        "$date": 1589892190000
    },
    "summary": "AAKamuoyunda Yudum olarak tan\u0131nan sanat\u00e7\u0131 Yudum Koral, T\u00fcrk milletinin Kurtulu\u015f Sava\u015f\u0131, 15 Temmuz Demokrasi Zaferi, yurt i\u00e7inde ve s\u0131n\u0131r \u00f6tesinde ter\u00f6rle m\u00fccadelede ortaya koydu\u011fu destans\u0131 m\u00fccadeleye dikkat \u00e7ekmek i\u00e7in haz\u0131rlad\u0131\u011f\u0131, s\u00f6z ve bestesi kendisine ait olan \"G\u00f6r Evlat\" isimli eserine klip \u00e7ekti.Klipte, Kurtulu\u015f Sava\u015f\u0131 ile milletin d\u00fc\u015fmana, 15 Temmuz Demokrasi Zaferi ile milletin darbeci vatan hainlerine kar\u015f\u0131 ortaya koydu\u011fu destans\u0131 m\u00fccadeleyi anlatan g\u00f6rsellere yer veren sanat\u00e7\u0131, 19 May\u0131s Atat\u00fcrk'\u00fc Anma, Gen\u00e7lik ve Spor Bayram\u0131 g\u00fcn\u00fc dijital platformlarda yay\u0131na giren klip ile gen\u00e7lere \u00f6\u011f\u00fctler veriyor.Yudum Koral, AA muhabirine yapt\u0131\u011f\u0131 a\u00e7\u0131klamada, t\u00fcm d\u00fcnyada oldu\u011fu gibi T\u00fcrkiye'de g\u00f6r\u00fclen yeni tip koronavir\u00fcs (Kovid-19) salg\u0131n\u0131 nedeniyle milli ve dini bayramlar ile \u00f6zel g\u00fcnlerin sade t\u00f6renlerle, daha \u00e7ok sosyal medya \u00fczerinden ileti\u015fime ge\u00e7ilerek kutland\u0131\u011f\u0131n\u0131 belirtti.B\u00f6yle bir s\u00fcre\u00e7te, 19 May\u0131s Atat\u00fcrk'\u00fc Anma, Gen\u00e7lik ve Spor Bayram\u0131'n\u0131n 101. y\u0131l\u0131nda gen\u00e7lere arma\u011fan olsun diye \"G\u00f6r Evlat\" eserine klip \u00e7ekerek bu anlaml\u0131 g\u00fcnde gen\u00e7lerle bulu\u015fturdu\u011funu ifade eden Yudum, \u015f\u00f6yle konu\u015ftu:\"T\u00fcrk milletinin tarih boyunca bir \u00e7ok kahramanl\u0131k hikayesi olmu\u015ftur.\nBunlardan biri Kurtulu\u015f Sava\u015f\u0131 ve en son hepimizin bire bir \u015fahit oldu\u011fu 15 Temmuz Demokrasi Zaferi.\nBirinci zaferde ba\u011f\u0131ms\u0131zl\u0131\u011f\u0131n\u0131 ilan eden ve demokrasinin temellerini atan bu millet, ikinci zaferinde o demokrasinin devaml\u0131l\u0131\u011f\u0131n\u0131 sa\u011flam\u0131\u015ft\u0131r.\nBen de G\u00f6r Evlat klibimde bu hikayeyi anlatmaya \u00e7al\u0131\u015ft\u0131m, bu anlaml\u0131 g\u00fcnde gen\u00e7lerimize m\u00fczikal bir belgesel b\u0131rakmak istedim.\nUmar\u0131m bu kliple gen\u00e7lerimize bu milletin bug\u00fcnlere gelebilmek ve gelecek nesillere daha daha iyi bir T\u00fcrkiye b\u0131rakmak i\u00e7in verdi\u011fi m\u00fccadeleyi anlatabilmi\u015fizdir.\n\"Sanat\u00e7\u0131 Yudum, Faysal Tokmak y\u00f6netmenli\u011finde \u00e7ekilen klibin t\u00fcm dijital platformlarda yay\u0131na girdi\u011fini bildirdi.",
    "article_html": "",
    "meta_description": "T\u00fcrk Halk M\u00fczi\u011fi sanat\u00e7\u0131s\u0131 Yudum Koral, Bar\u0131\u015f P\u0131nar\u0131 Harekat\u0131 \u00f6ncesi besteledi\u011fi \"G\u00f6r Evlat\" t\u00fcrk\u00fcs\u00fcne Kurtulu\u015f Sava\u015f\u0131 ve 15 Temmuz Demokrasi Zaferi'nin ruhuna uygun klip \u00e7ekerek \"19 May\u0131s Atat\u00fcrk'\u00fc Anma, Gen\u00e7lik ve Spor Bayram\u0131\"nda gen\u00e7lerle bulu\u015fturdu.",
    "meta_lang": "tr"
}