{
    "article_id": "041a34c46cd5aa32b6bad855952df61b.1589925630.073427",
    "title": "Cumhurba\u015fkan\u0131 Erdo\u011fan, gen\u00e7ler ve sporcularla video konferans y\u00f6ntemiyle g\u00f6r\u00fc\u015ft\u00fc",
    "authors": [
        "Isvalid",
        "Yazarlar",
        "Data",
        "Name",
        "Mail",
        "Title",
        "Di\u0307\u011fer Yazarlar"
    ],
    "canonical_link": "https://www.haberturk.com/cumhurbaskani-erdogan-gencler-ve-sporcularla-video-konferans-yontemiyle-gorustu-2684748",
    "url": "http://haberturk.com/cumhurbaskani-erdogan-gencler-ve-sporcularla-video-konferans-yontemiyle-gorustu-2684748",
    "top_img": "https://im.haberturk.com/ajans_auto/ver1589892188/kirmizi_1200x627.jpg",
    "meta_img": "https://im.haberturk.com/ajans_auto/ver1589892188/kirmizi_1200x627.jpg",
    "movies": [],
    "text": "AA\n\nErdo\u011fan, 19 May\u0131s Atat\u00fcrk'\u00fc Anma, Gen\u00e7lik ve Spor Bayram\u0131 dolay\u0131s\u0131yla Gen\u00e7lik ve Spor Bakan\u0131 Mehmet Muharrem Kasapo\u011flu'nun da kat\u0131ld\u0131\u011f\u0131 video konferans g\u00f6r\u00fc\u015fmesinde, T\u00fcrkiye'nin farkl\u0131 illerindeki gen\u00e7ler ve sporcularla bir araya geldi.\n\nCumhurba\u015fkan\u0131 Erdo\u011fan, 18 y\u0131ld\u0131r \u00f6z g\u00fcveni y\u00fcksek, milli \u015fuur ve karakter sahibi, nitelikli gen\u00e7 nesiller yeti\u015ftirmek i\u00e7in \u00e7al\u0131\u015ft\u0131klar\u0131n\u0131 ifade ederek, gen\u00e7lere \u015f\u00f6yle seslendi:\n\n\"Sizlerin bilhassa siyasette \u00fclkenin kaderine y\u00f6n veren karar mekanizmalar\u0131nda yer alman\u0131za b\u00fcy\u00fck \u00f6nem veriyoruz. Nitekim gen\u00e7lerimize olan g\u00fcvenimizi, g\u00f6reve geldi\u011fimizde se\u00e7ilme sa\u00e7\u0131 30 iken bunu 25'e, ard\u0131ndan da 18'e d\u00fc\u015f\u00fcrerek g\u00f6sterdik. Gen\u00e7lerimizin potansiyelini en \u00fcst seviyede kullanabilmesi i\u00e7in her alanda kendilerine destek olduk. Gen\u00e7lik merkezlerimizi bu ama\u00e7la kurduk ve \u00fclke sath\u0131nda yayg\u0131nla\u015ft\u0131rd\u0131k. Yine g\u00f6reve geldi\u011fimizde 76 \u00fcniversitemiz varken, \u015fu anda 206 \u00fcniversitemiz var 81 ilimize da\u011f\u0131lm\u0131\u015f olarak. Yani her \u00fcniversiteye gidecek olan gen\u00e7, art\u0131k ya\u015fad\u0131\u011f\u0131 memleketinden ayr\u0131lmadan o memleketindeki \u00fcniversitede de e\u011fitim-\u00f6\u011fretimine devam edebilir. 81 ilimizde 336 gen\u00e7lik merkezimiz ve 90 gen\u00e7 ofisimiz k\u00fclt\u00fcr sanattan spora, ki\u015fisel geli\u015fimden kodlamaya, yabanc\u0131 dilden giri\u015fimcili\u011fe kadar hemen her alanda sizlere hizmet veriyor.\"\n\nKoronavir\u00fcs salg\u0131n\u0131 nedeniyle evlerde kal\u0131nan bug\u00fcnlerde gen\u00e7lik merkezlerinin faaliyetlerinin tamam\u0131n\u0131n dijital ortama aktar\u0131ld\u0131\u011f\u0131n\u0131 dile getiren Erdo\u011fan, her y\u0131l 10 binlerce gencin a\u011f\u0131rland\u0131\u011f\u0131 gen\u00e7lik kamplar\u0131n\u0131n say\u0131s\u0131n\u0131n 39'a ula\u015ft\u0131\u011f\u0131n\u0131, 81 ildeki 236 il\u00e7ede toplamda 774 \u00f6\u011frenci yurdunun gen\u00e7lerin kullan\u0131m\u0131na sunuldu\u011funu kaydetti.\n\nErdo\u011fan, 2002'den bu yana yurt yatak kapasitesinin 182 binden 678 bine \u00e7\u0131kar\u0131ld\u0131\u011f\u0131n\u0131 belirterek, \"Bu y\u0131l i\u00e7inde 46 tane olmak \u00fczere 2022 y\u0131l\u0131na kadar otel konforunda 93 yeni \u00f6\u011frenci yurdunu da hizmete a\u00e7aca\u011f\u0131z. Yine gen\u00e7lerimize verilen ayl\u0131k 9 lira olan beslenme yard\u0131m\u0131n\u0131 420 liraya y\u00fckselttik. Sadece 2019 y\u0131l\u0131nda verdi\u011fimiz beslenme yard\u0131\u011f\u0131m\u0131 1,5 milyar liray\u0131 buldu. Bug\u00fcn itibar\u0131yla 1 milyon 591 bin gencimizi bu desteklerimizden faydaland\u0131r\u0131yoruz.\" diye konu\u015ftu.\n\nSpor alan\u0131ndaki yat\u0131r\u0131mlar\u0131n meyvelerinin de topland\u0131\u011f\u0131n\u0131 ifade eden Erdo\u011fan, \"2002 y\u0131l\u0131nda 206 bin olan faal sporcu say\u0131m\u0131z, 4 milyon 606 bine ula\u015ft\u0131. Sporcu yeti\u015ftirmede \u00f6nemli bir rol \u00fcstlenen antren\u00f6rlerimizin 18 bin 674 olan say\u0131s\u0131 ise 251 bini a\u015ft\u0131.\" dedi.\n\n- \"Gen\u00e7lerimizden provokat\u00f6re kar\u015f\u0131 uyan\u0131k olmalar\u0131n\u0131 bekliyorum\"\n\nCumhurba\u015fkan\u0131 Recep Tayyip Erdo\u011fan, spordan sanata, bilimden siyasete kadar gen\u00e7lerin yan\u0131nda olmaya devam edeceklerini belirterek, konu\u015fmas\u0131n\u0131 \u015f\u00f6yle s\u00fcrd\u00fcrd\u00fc:\n\n\"Gen\u00e7lerimizin salg\u0131n s\u00fcrecinde ortaya koydu\u011fu \u00f6zverili, fedakar \u00e7al\u0131\u015fmalar\u0131 takdirle kar\u015f\u0131lad\u0131\u011f\u0131m\u0131 belirtmek istiyorum. Sivil toplum kurulu\u015flar\u0131m\u0131zda, Vefa Sosyal Destek Gruplar\u0131nda yer alan t\u00fcm gen\u00e7lerimize \u00fclkem ve milletim ad\u0131na te\u015fekk\u00fcr ediyorum. Elbette her \u015fey gibi g\u00f6n\u00fcll\u00fc faaliyetlerde bulunmak da bir nasip, \u015fuur ve aidiyet meselesidir. Van ve Adana'da oldu\u011fu gibi milletle ba\u011f\u0131n\u0131 koparm\u0131\u015flar\u0131n, b\u0131rak\u0131n insan\u0131m\u0131za yard\u0131m etmeyi, yap\u0131lan yard\u0131ma bile tahamm\u00fcl g\u00f6sterememesi gayet do\u011fald\u0131r. Gezi olaylar\u0131nda a\u011fa\u00e7 bahanesiyle sokaklar\u0131 ate\u015fe verenler, polisimize kur\u015fun s\u0131kanlar, esnaf\u0131n mal\u0131n\u0131 m\u00fclk\u00fcn\u00fc ya\u011fmalayanlar da ayn\u0131 zihniyetin mensuplar\u0131d\u0131r. 1960 darbesinden itibaren T\u00fcrkiye ne \u00e7ektiyse, hangi operasyona maruz kald\u0131ysa, hepsinin de arkas\u0131nda bunlar\u0131n sil\u00fceti vard\u0131r. 1970'lerde gen\u00e7lerimizi birbirine k\u0131rd\u0131r\u0131p kanlar\u0131 \u00fczerinden siyasi ikbal dev\u015firenler de yine bunlard\u0131r. Biz art\u0131k bu g\u00fcruhu \u00e7ok iyi tan\u0131yor, sinsi emellerini \u00e7ok iyi g\u00f6r\u00fcyoruz.\n\n\u0130nsan\u0131m\u0131z\u0131n inanc\u0131na hakaret ederek, milletimizin sinir u\u00e7lar\u0131yla oynayarak ne yapmaya \u00e7al\u0131\u015ft\u0131klar\u0131n\u0131n da gayet iyi fark\u0131nday\u0131z. B\u00f6l\u00fcc\u00fc ter\u00f6re boyun e\u011fmedi\u011fimiz gibi sokak ter\u00f6r\u00fcne de asla m\u00fcsaade etmeyece\u011fiz. Hukuk, demokrasi ve \u00f6zg\u00fcrl\u00fckleri g\u00fc\u00e7lendirirken siyasete \u015fiddet bula\u015ft\u0131rmaya \u00e7al\u0131\u015fan \u015fehir e\u015fk\u0131yalar\u0131na asla g\u00f6z yummayaca\u011f\u0131z. T\u00fcrkiye'nin birli\u011fine, beraberli\u011fine, ebedi ve ezeli karde\u015fli\u011fine kastedenler hak ettikleri cevab\u0131 hukuk i\u00e7inde muhakkak alacaklard\u0131r. Bu \u00fclkenin gen\u00e7lerinin aras\u0131na kimse nifak tohumlar\u0131 ekemeyecektir. Gen\u00e7lerimizden sosyal medyada sahte isimler, sahte hesaplar arkas\u0131na saklanan provokat\u00f6re kar\u015f\u0131 uyan\u0131k olmalar\u0131n\u0131 bekliyorum.\"\n\n- \"Yurtlar\u0131m\u0131z\u0131 salg\u0131na kar\u015f\u0131 m\u00fccadelede bir s\u00fcre daha kullanmaya devam edece\u011fiz\"\n\nErdo\u011fan, t\u00fcm insanl\u0131kla birlikte T\u00fcrkiye'nin de \"sinsi d\u00fc\u015fman\" koronavir\u00fcs salg\u0131n\u0131yla m\u00fccadele etti\u011fini belirterek, \"\u00dclkemizin salg\u0131nla m\u00fccadelesine en b\u00fcy\u00fck katk\u0131lardan birini yurtlar\u0131m\u0131z verdi. Yurt d\u0131\u015f\u0131ndan gelen vatanda\u015flar\u0131m\u0131z\u0131n 14 g\u00fcnl\u00fck karantina s\u00fcrecinde yurtlar\u0131m\u0131z ger\u00e7ekten hayati bir rol oynad\u0131. Sa\u011fl\u0131k \u00e7al\u0131\u015fanlar\u0131 ba\u015fta olmak \u00fczere salg\u0131n s\u00fcrecinde kalacak yer ihtiyac\u0131 olan herkese yurtlar\u0131m\u0131z kap\u0131lar\u0131n\u0131 a\u00e7t\u0131. Yurtlar\u0131m\u0131z\u0131 salg\u0131na kar\u015f\u0131 m\u00fccadelede bir s\u00fcre daha aktif olarak kullanmaya devam edece\u011fiz.\" diye konu\u015ftu.\n\nY\u00fcksek \u00f6\u011frenim \u00f6\u011frencilerinin 6 Haziran'da yap\u0131lacak burs ve kredi \u00f6demelerinin bug\u00fcnden itibaren ba\u015flat\u0131ld\u0131\u011f\u0131n\u0131 bildiren Erdo\u011fan, \"\u0130n\u015fallah bayrama kadar bu \u00f6demeleri tamamlayaca\u011f\u0131z.\" dedi.\n\n- \"\u00dc\u00e7 kurala muhakkak riayet edece\u011fiz\"\n\nS\u00fcrecin sporcular\u0131 olumsuz etkilememesi i\u00e7in \u00e7al\u0131\u015fmalar\u0131n s\u00fcrd\u00fc\u011f\u00fcn\u00fc vurgulayan Erdo\u011fan, 2019'da yetenek taramas\u0131 sonucunda se\u00e7ilen 110 bin \u00f6\u011frencinin e\u011fitimlerini, antren\u00f6rler e\u015fli\u011finde uygulamal\u0131 ve teorik olarak online yay\u0131n \u00fczerinden s\u00fcrd\u00fcrd\u00fc\u011f\u00fcn\u00fc anlatt\u0131.\n\nCumhurba\u015fkan\u0131 Recep Tayyip Erdo\u011fan, sporcular\u0131n dahil oldu\u011fu, bilgilendirici i\u00e7eriklerle kamu spotlar\u0131yla sosyal medya canl\u0131 yay\u0131nlar\u0131yla evde kalan vatanda\u015flar i\u00e7in 7 g\u00fcn 24 saat faaliyetlerin ger\u00e7ekle\u015ftirildi\u011fini belirtti.\n\n\"Evde Kal Hareketsiz Kalma\" projesinin \u00fcnl\u00fc sporcular ve alan\u0131nda uzman antren\u00f6rler e\u015fli\u011finde devam etti\u011fini aktaran Erdo\u011fan, ayr\u0131ca EBA TV'de spor e\u011fitim programlar\u0131n\u0131n yay\u0131nlanmaya ba\u015flad\u0131\u011f\u0131n\u0131 s\u00f6yledi.\n\nErdo\u011fan, koronavir\u00fcse kar\u015f\u0131 elde ettikleri ba\u015far\u0131lar\u0131n kal\u0131c\u0131 olmas\u0131n\u0131n kendilerine ba\u011fl\u0131 oldu\u011funa i\u015faret ederek, \"Rehavete d\u00fc\u015fersek Allah korusun \u00e7ok daha b\u00fcy\u00fck s\u0131k\u0131nt\u0131larla y\u00fczle\u015fmemiz ka\u00e7\u0131n\u0131lmazd\u0131r. Bilhassa gen\u00e7lerimizin 'Bana bir \u015fey olmaz' gibi hatal\u0131 bir d\u00fc\u015f\u00fcnceye kap\u0131lmamas\u0131 \u00f6nem arz ediyor. Bunun i\u00e7in sokakta, i\u015flerinde, okulda, pazarda, yani nerede olursak olal\u0131m maske, mesafe, temizlik olarak belirledi\u011fimiz \u00fc\u00e7 kurala muhakkak riayet edece\u011fiz.\" de\u011ferlendirmesini yapt\u0131.\n\n\"Normalle\u015fmeyi kesinlikle 20 Mart \u00f6ncesi rutinimize geri d\u00f6n\u00fc\u015f olarak alg\u0131lamayaca\u011f\u0131z.\" diyen Erdo\u011fan, \"Vir\u00fcs\u00fcn bir s\u00fcre daha bizimle oldu\u011fu ger\u00e7e\u011fini dikkate alarak hayat\u0131m\u0131z\u0131 buna g\u00f6re d\u00fczenleyece\u011fiz. T\u00fcm bu hususlara riayet etti\u011fimizde in\u015fallah k\u0131sa s\u00fcrede koronavir\u00fcs salg\u0131n\u0131n\u0131n \u00fcstesinden gelece\u011fimize inan\u0131yorum.\" ifadelerini kulland\u0131.\n\nErdo\u011fan, her zaman oldu\u011fu gibi salg\u0131nla m\u00fccadelede de bu \u00fclkenin gen\u00e7lerine g\u00fcvendi\u011fini belirtti.\n\nKat\u0131l\u0131mc\u0131lar aras\u0131ndaki sporculara seslenen Erdo\u011fan, s\u00f6zlerini \u015f\u00f6yle tamamlad\u0131:\n\n\"De\u011ferli sporcu karde\u015flerim bu vesileyle tabii ki jimnastikte d\u00fcnya \u015fampiyonu \u0130brahim \u00c7olak karde\u015fime \u00f6zellikle bu s\u00fcre\u00e7 i\u00e7erisinde bunu da f\u0131rsata d\u00f6n\u00fc\u015ft\u00fcrmek suretiyle Allah'tan \u015fifalar diliyorum. Tabii hepsinden \u00f6te i\u00e7inizde biliyorum ki voleybolcu karde\u015flerim de var ve yine gen\u00e7 ya\u015fta maalesef bir kaza neticesinde \u015fu anda sakat durumda olan Meltem karde\u015fimize Allah'tan \u015fifalar diliyorum, Meltem'i yak\u0131ndan takip ediyorum ve yar\u0131ndan itibaren Ankara'da tedavisine ayr\u0131ca devam edece\u011fiz. Rabbim Meltem k\u0131z\u0131m\u0131za da \u015fifalar versin. Annesiyle de g\u00f6r\u00fc\u015fmeler yapt\u0131m ve takibini ba\u015fta doktorum olmak \u00fczere hepsi yak\u0131ndan takip ediyorlar.\"\n\n(Bitti)\n\n,Anda\u00e7 Hongur",
    "keywords": [
        "y\u00f6ntemiyle",
        "erdo\u011fan",
        "devam",
        "kar\u015f\u0131",
        "sporcularla",
        "bir",
        "g\u00f6r\u00fc\u015ft\u00fc",
        "olarak",
        "olan",
        "video",
        "cumhurba\u015fkan\u0131",
        "konferans",
        "ve",
        "da",
        "gen\u00e7lik",
        "gen\u00e7ler",
        "bu"
    ],
    "meta_keywords": [
        ""
    ],
    "publish_date": {
        "$date": 1589892188000
    },
    "summary": "AAErdo\u011fan, 19 May\u0131s Atat\u00fcrk'\u00fc Anma, Gen\u00e7lik ve Spor Bayram\u0131 dolay\u0131s\u0131yla Gen\u00e7lik ve Spor Bakan\u0131 Mehmet Muharrem Kasapo\u011flu'nun da kat\u0131ld\u0131\u011f\u0131 video konferans g\u00f6r\u00fc\u015fmesinde, T\u00fcrkiye'nin farkl\u0131 illerindeki gen\u00e7ler ve sporcularla bir araya geldi.\nCumhurba\u015fkan\u0131 Erdo\u011fan, 18 y\u0131ld\u0131r \u00f6z g\u00fcveni y\u00fcksek, milli \u015fuur ve karakter sahibi, nitelikli gen\u00e7 nesiller yeti\u015ftirmek i\u00e7in \u00e7al\u0131\u015ft\u0131klar\u0131n\u0131 ifade ederek, gen\u00e7lere \u015f\u00f6yle seslendi:\"Sizlerin bilhassa siyasette \u00fclkenin kaderine y\u00f6n veren karar mekanizmalar\u0131nda yer alman\u0131za b\u00fcy\u00fck \u00f6nem veriyoruz.\nNitekim gen\u00e7lerimize olan g\u00fcvenimizi, g\u00f6reve geldi\u011fimizde se\u00e7ilme sa\u00e7\u0131 30 iken bunu 25'e, ard\u0131ndan da 18'e d\u00fc\u015f\u00fcrerek g\u00f6sterdik.\nGen\u00e7lerimizin potansiyelini en \u00fcst seviyede kullanabilmesi i\u00e7in her alanda kendilerine destek olduk.\nGen\u00e7lik merkezlerimizi bu ama\u00e7la kurduk ve \u00fclke sath\u0131nda yayg\u0131nla\u015ft\u0131rd\u0131k.\nYine g\u00f6reve geldi\u011fimizde 76 \u00fcniversitemiz varken, \u015fu anda 206 \u00fcniversitemiz var 81 ilimize da\u011f\u0131lm\u0131\u015f olarak.\nYani her \u00fcniversiteye gidecek olan gen\u00e7, art\u0131k ya\u015fad\u0131\u011f\u0131 memleketinden ayr\u0131lmadan o memleketindeki \u00fcniversitede de e\u011fitim-\u00f6\u011fretimine devam edebilir.\n81 ilimizde 336 gen\u00e7lik merkezimiz ve 90 gen\u00e7 ofisimiz k\u00fclt\u00fcr sanattan spora, ki\u015fisel geli\u015fimden kodlamaya, yabanc\u0131 dilden giri\u015fimcili\u011fe kadar hemen her alanda sizlere hizmet veriyor.\"\nKoronavir\u00fcs salg\u0131n\u0131 nedeniyle evlerde kal\u0131nan bug\u00fcnlerde gen\u00e7lik merkezlerinin faaliyetlerinin tamam\u0131n\u0131n dijital ortama aktar\u0131ld\u0131\u011f\u0131n\u0131 dile getiren Erdo\u011fan, her y\u0131l 10 binlerce gencin a\u011f\u0131rland\u0131\u011f\u0131 gen\u00e7lik kamplar\u0131n\u0131n say\u0131s\u0131n\u0131n 39'a ula\u015ft\u0131\u011f\u0131n\u0131, 81 ildeki 236 il\u00e7ede toplamda 774 \u00f6\u011frenci yurdunun gen\u00e7lerin kullan\u0131m\u0131na sunuldu\u011funu kaydetti.\nErdo\u011fan, 2002'den bu yana yurt yatak kapasitesinin 182 binden 678 bine \u00e7\u0131kar\u0131ld\u0131\u011f\u0131n\u0131 belirterek, \"Bu y\u0131l i\u00e7inde 46 tane olmak \u00fczere 2022 y\u0131l\u0131na kadar otel konforunda 93 yeni \u00f6\u011frenci yurdunu da hizmete a\u00e7aca\u011f\u0131z.\nYine gen\u00e7lerimize verilen ayl\u0131k 9 lira olan beslenme yard\u0131m\u0131n\u0131 420 liraya y\u00fckselttik.\nSadece 2019 y\u0131l\u0131nda verdi\u011fimiz beslenme yard\u0131\u011f\u0131m\u0131 1,5 milyar liray\u0131 buldu.\nBug\u00fcn itibar\u0131yla 1 milyon 591 bin gencimizi bu desteklerimizden faydaland\u0131r\u0131yoruz.\"\ndiye konu\u015ftu.\nSpor alan\u0131ndaki yat\u0131r\u0131mlar\u0131n meyvelerinin de topland\u0131\u011f\u0131n\u0131 ifade eden Erdo\u011fan, \"2002 y\u0131l\u0131nda 206 bin olan faal sporcu say\u0131m\u0131z, 4 milyon 606 bine ula\u015ft\u0131.\nSporcu yeti\u015ftirmede \u00f6nemli bir rol \u00fcstlenen antren\u00f6rlerimizin 18 bin 674 olan say\u0131s\u0131 ise 251 bini a\u015ft\u0131.\"\n- \"Gen\u00e7lerimizden provokat\u00f6re kar\u015f\u0131 uyan\u0131k olmalar\u0131n\u0131 bekliyorum\"Cumhurba\u015fkan\u0131 Recep Tayyip Erdo\u011fan, spordan sanata, bilimden siyasete kadar gen\u00e7lerin yan\u0131nda olmaya devam edeceklerini belirterek, konu\u015fmas\u0131n\u0131 \u015f\u00f6yle s\u00fcrd\u00fcrd\u00fc:\"Gen\u00e7lerimizin salg\u0131n s\u00fcrecinde ortaya koydu\u011fu \u00f6zverili, fedakar \u00e7al\u0131\u015fmalar\u0131 takdirle kar\u015f\u0131lad\u0131\u011f\u0131m\u0131 belirtmek istiyorum.\nSivil toplum kurulu\u015flar\u0131m\u0131zda, Vefa Sosyal Destek Gruplar\u0131nda yer alan t\u00fcm gen\u00e7lerimize \u00fclkem ve milletim ad\u0131na te\u015fekk\u00fcr ediyorum.\nElbette her \u015fey gibi g\u00f6n\u00fcll\u00fc faaliyetlerde bulunmak da bir nasip, \u015fuur ve aidiyet meselesidir.\nVan ve Adana'da oldu\u011fu gibi milletle ba\u011f\u0131n\u0131 koparm\u0131\u015flar\u0131n, b\u0131rak\u0131n insan\u0131m\u0131za yard\u0131m etmeyi, yap\u0131lan yard\u0131ma bile tahamm\u00fcl g\u00f6sterememesi gayet do\u011fald\u0131r.\nGezi olaylar\u0131nda a\u011fa\u00e7 bahanesiyle sokaklar\u0131 ate\u015fe verenler, polisimize kur\u015fun s\u0131kanlar, esnaf\u0131n mal\u0131n\u0131 m\u00fclk\u00fcn\u00fc ya\u011fmalayanlar da ayn\u0131 zihniyetin mensuplar\u0131d\u0131r.\n1960 darbesinden itibaren T\u00fcrkiye ne \u00e7ektiyse, hangi operasyona maruz kald\u0131ysa, hepsinin de arkas\u0131nda bunlar\u0131n sil\u00fceti vard\u0131r.\n1970'lerde gen\u00e7lerimizi birbirine k\u0131rd\u0131r\u0131p kanlar\u0131 \u00fczerinden siyasi ikbal dev\u015firenler de yine bunlard\u0131r.\nBiz art\u0131k bu g\u00fcruhu \u00e7ok iyi tan\u0131yor, sinsi emellerini \u00e7ok iyi g\u00f6r\u00fcyoruz.\n\u0130nsan\u0131m\u0131z\u0131n inanc\u0131na hakaret ederek, milletimizin sinir u\u00e7lar\u0131yla oynayarak ne yapmaya \u00e7al\u0131\u015ft\u0131klar\u0131n\u0131n da gayet iyi fark\u0131nday\u0131z.\nB\u00f6l\u00fcc\u00fc ter\u00f6re boyun e\u011fmedi\u011fimiz gibi sokak ter\u00f6r\u00fcne de asla m\u00fcsaade etmeyece\u011fiz.\nHukuk, demokrasi ve \u00f6zg\u00fcrl\u00fckleri g\u00fc\u00e7lendirirken siyasete \u015fiddet bula\u015ft\u0131rmaya \u00e7al\u0131\u015fan \u015fehir e\u015fk\u0131yalar\u0131na asla g\u00f6z yummayaca\u011f\u0131z.\nT\u00fcrkiye'nin birli\u011fine, beraberli\u011fine, ebedi ve ezeli karde\u015fli\u011fine kastedenler hak ettikleri cevab\u0131 hukuk i\u00e7inde muhakkak alacaklard\u0131r.\nBu \u00fclkenin gen\u00e7lerinin aras\u0131na kimse nifak tohumlar\u0131 ekemeyecektir.\nGen\u00e7lerimizden sosyal medyada sahte isimler, sahte hesaplar arkas\u0131na saklanan provokat\u00f6re kar\u015f\u0131 uyan\u0131k olmalar\u0131n\u0131 bekliyorum.\"\n- \"Yurtlar\u0131m\u0131z\u0131 salg\u0131na kar\u015f\u0131 m\u00fccadelede bir s\u00fcre daha kullanmaya devam edece\u011fiz\"Erdo\u011fan, t\u00fcm insanl\u0131kla birlikte T\u00fcrkiye'nin de \"sinsi d\u00fc\u015fman\" koronavir\u00fcs salg\u0131n\u0131yla m\u00fccadele etti\u011fini belirterek, \"\u00dclkemizin salg\u0131nla m\u00fccadelesine en b\u00fcy\u00fck katk\u0131lardan birini yurtlar\u0131m\u0131z verdi.\nYurt d\u0131\u015f\u0131ndan gelen vatanda\u015flar\u0131m\u0131z\u0131n 14 g\u00fcnl\u00fck karantina s\u00fcrecinde yurtlar\u0131m\u0131z ger\u00e7ekten hayati bir rol oynad\u0131.\nSa\u011fl\u0131k \u00e7al\u0131\u015fanlar\u0131 ba\u015fta olmak \u00fczere salg\u0131n s\u00fcrecinde kalacak yer ihtiyac\u0131 olan herkese yurtlar\u0131m\u0131z kap\u0131lar\u0131n\u0131 a\u00e7t\u0131.\nYurtlar\u0131m\u0131z\u0131 salg\u0131na kar\u015f\u0131 m\u00fccadelede bir s\u00fcre daha aktif olarak kullanmaya devam edece\u011fiz.\"\nY\u00fcksek \u00f6\u011frenim \u00f6\u011frencilerinin 6 Haziran'da yap\u0131lacak burs ve kredi \u00f6demelerinin bug\u00fcnden itibaren ba\u015flat\u0131ld\u0131\u011f\u0131n\u0131 bildiren Erdo\u011fan, \"\u0130n\u015fallah bayrama kadar bu \u00f6demeleri tamamlayaca\u011f\u0131z.\"\n- \"\u00dc\u00e7 kurala muhakkak riayet edece\u011fiz\"S\u00fcrecin sporcular\u0131 olumsuz etkilememesi i\u00e7in \u00e7al\u0131\u015fmalar\u0131n s\u00fcrd\u00fc\u011f\u00fcn\u00fc vurgulayan Erdo\u011fan, 2019'da yetenek taramas\u0131 sonucunda se\u00e7ilen 110 bin \u00f6\u011frencinin e\u011fitimlerini, antren\u00f6rler e\u015fli\u011finde uygulamal\u0131 ve teorik olarak online yay\u0131n \u00fczerinden s\u00fcrd\u00fcrd\u00fc\u011f\u00fcn\u00fc anlatt\u0131.\nCumhurba\u015fkan\u0131 Recep Tayyip Erdo\u011fan, sporcular\u0131n dahil oldu\u011fu, bilgilendirici i\u00e7eriklerle kamu spotlar\u0131yla sosyal medya canl\u0131 yay\u0131nlar\u0131yla evde kalan vatanda\u015flar i\u00e7in 7 g\u00fcn 24 saat faaliyetlerin ger\u00e7ekle\u015ftirildi\u011fini belirtti.\n\"Evde Kal Hareketsiz Kalma\" projesinin \u00fcnl\u00fc sporcular ve alan\u0131nda uzman antren\u00f6rler e\u015fli\u011finde devam etti\u011fini aktaran Erdo\u011fan, ayr\u0131ca EBA TV'de spor e\u011fitim programlar\u0131n\u0131n yay\u0131nlanmaya ba\u015flad\u0131\u011f\u0131n\u0131 s\u00f6yledi.\nErdo\u011fan, koronavir\u00fcse kar\u015f\u0131 elde ettikleri ba\u015far\u0131lar\u0131n kal\u0131c\u0131 olmas\u0131n\u0131n kendilerine ba\u011fl\u0131 oldu\u011funa i\u015faret ederek, \"Rehavete d\u00fc\u015fersek Allah korusun \u00e7ok daha b\u00fcy\u00fck s\u0131k\u0131nt\u0131larla y\u00fczle\u015fmemiz ka\u00e7\u0131n\u0131lmazd\u0131r.\nBilhassa gen\u00e7lerimizin 'Bana bir \u015fey olmaz' gibi hatal\u0131 bir d\u00fc\u015f\u00fcnceye kap\u0131lmamas\u0131 \u00f6nem arz ediyor.\nBunun i\u00e7in sokakta, i\u015flerinde, okulda, pazarda, yani nerede olursak olal\u0131m maske, mesafe, temizlik olarak belirledi\u011fimiz \u00fc\u00e7 kurala muhakkak riayet edece\u011fiz.\"\n\"Normalle\u015fmeyi kesinlikle 20 Mart \u00f6ncesi rutinimize geri d\u00f6n\u00fc\u015f olarak alg\u0131lamayaca\u011f\u0131z.\"\ndiyen Erdo\u011fan, \"Vir\u00fcs\u00fcn bir s\u00fcre daha bizimle oldu\u011fu ger\u00e7e\u011fini dikkate alarak hayat\u0131m\u0131z\u0131 buna g\u00f6re d\u00fczenleyece\u011fiz.\nT\u00fcm bu hususlara riayet etti\u011fimizde in\u015fallah k\u0131sa s\u00fcrede koronavir\u00fcs salg\u0131n\u0131n\u0131n \u00fcstesinden gelece\u011fimize inan\u0131yorum.\"\nErdo\u011fan, her zaman oldu\u011fu gibi salg\u0131nla m\u00fccadelede de bu \u00fclkenin gen\u00e7lerine g\u00fcvendi\u011fini belirtti.\nKat\u0131l\u0131mc\u0131lar aras\u0131ndaki sporculara seslenen Erdo\u011fan, s\u00f6zlerini \u015f\u00f6yle tamamlad\u0131:\"De\u011ferli sporcu karde\u015flerim bu vesileyle tabii ki jimnastikte d\u00fcnya \u015fampiyonu \u0130brahim \u00c7olak karde\u015fime \u00f6zellikle bu s\u00fcre\u00e7 i\u00e7erisinde bunu da f\u0131rsata d\u00f6n\u00fc\u015ft\u00fcrmek suretiyle Allah'tan \u015fifalar diliyorum.\nTabii hepsinden \u00f6te i\u00e7inizde biliyorum ki voleybolcu karde\u015flerim de var ve yine gen\u00e7 ya\u015fta maalesef bir kaza neticesinde \u015fu anda sakat durumda olan Meltem karde\u015fimize Allah'tan \u015fifalar diliyorum, Meltem'i yak\u0131ndan takip ediyorum ve yar\u0131ndan itibaren Ankara'da tedavisine ayr\u0131ca devam edece\u011fiz.\nRabbim Meltem k\u0131z\u0131m\u0131za da \u015fifalar versin.\nAnnesiyle de g\u00f6r\u00fc\u015fmeler yapt\u0131m ve takibini ba\u015fta doktorum olmak \u00fczere hepsi yak\u0131ndan takip ediyorlar.\"\n(Bitti),Anda\u00e7 Hongur",
    "article_html": "",
    "meta_description": "Cumhurba\u015fkan\u0131 Recep Tayyip Erdo\u011fan, \"Van ve Adana'da oldu\u011fu gibi milletle ba\u011f\u0131n\u0131 koparm\u0131\u015flar\u0131n, b\u0131rak\u0131n insan\u0131m\u0131za yard\u0131m etmeyi, yap\u0131lan yard\u0131ma bile tahamm\u00fcl g\u00f6sterememesi gayet do\u011fald\u0131r. Gezi olaylar\u0131nda a\u011fa\u00e7 bahanesiyle sokaklar\u0131 ate\u015fe verenler, polisimize kur\u015fun s\u0131kanlar, esnaf\u0131n mal\u0131n\u0131 m\u00fclk\u00fcn\u00fc ya\u011fmalayanlar da ayn\u0131 zihniyetin mensuplar\u0131d\u0131r.\" dedi.",
    "meta_lang": "tr"
}