{
    "article_id": "bf691979ef1b8a454f34e0215c33df13.1589925632.8137314",
    "title": "\u00dcnl\u00fc astrologlar yan\u0131tlad\u0131! Bur\u00e7lar\u0131 neler bekliyor?",
    "authors": [
        "Isvalid",
        "Yazarlar",
        "Data",
        "Name",
        "Mail",
        "Title",
        "Di\u0307\u011fer Yazarlar"
    ],
    "canonical_link": "https://www.haberturk.com/astroloji-ile-ilgili-merak-edilenler-2639666",
    "url": "http://haberturk.com/astroloji-ile-ilgili-merak-edilenler-2639666",
    "top_img": "https://im.haberturk.com/2020/04/08/ver1589786040/2639666_1200x627.jpg",
    "meta_img": "https://im.haberturk.com/2020/04/08/ver1589786040/2639666_1200x627.jpg",
    "movies": [],
    "text": "HABERTURK.COM\n\nBur\u00e7lar, gezegen hareketleri, ayl\u0131k, g\u00fcnl\u00fck veya haftal\u0131k bur\u00e7 yorumlar\u0131 her daim ilgi \u00e7eken konular aras\u0131nda yer al\u0131yor... Peki \u00f6n\u00fcm\u00fczdeki d\u00f6nem astroloji bizlere nelerin ya\u015fanabilece\u011finin sinyalini veriyor? Astrologlar 2020 y\u0131l\u0131n\u0131n her a\u00e7\u0131dan zorlay\u0131c\u0131 ve stresli olaca\u011f\u0131n\u0131n sinyalini vermi\u015fti. Habert\u00fcrk edit\u00f6r\u00fc Bilge Akan astroloji ile ilgili t\u00fcm merak edilen sorular\u0131 \u00fcnl\u00fc astrologlara sorup yan\u0131tlar\u0131n\u0131 payla\u015f\u0131yor. Astroloji ve bur\u00e7larla ilgili sorular\u0131n\u0131z\u0131 bakan@haberturk.com mail adresine g\u00f6nderebilirsiniz veya alttaki kutucuktan merak ettiklerinizi bizlerle payla\u015fabilirsiniz.\n\nBU YIL 6 TUTULMA VAR!\n\nNormalde 4 tane olan tutulmalar\u0131n 2020 y\u0131l\u0131nda 6 kez ger\u00e7ekle\u015fece\u011fi biliniyor.\n\n10 Ocak 2020\u2019de Yenge\u00e7 burcunda bir Ay Tutulmas\u0131 meydana gelmi\u015fti. Ayr\u0131ca bu tutulma Sat\u00fcrn-Pl\u00fcton d\u00f6ng\u00fcs\u00fcn\u00fc tetikleyerek b\u00fcy\u00fck ekonomik sorunlar ya\u015fanaca\u011f\u0131n\u0131n, beslenme ve yeme i\u00e7me konular\u0131nda problemler olabilece\u011finin sinyalini vermi\u015fti. Tutulmalar\u0131n devam\u0131 ise \u00f6n\u00fcm\u00fczdeki aylarda ger\u00e7ekle\u015fecek.\n\n5 Haziran\u2019da Yay burcunda Ay Tutulmas\u0131\n\n21 Haziran\u2019da Yenge\u00e7 burcunda G\u00fcne\u015f Tutulmas\u0131\n\n5 Temmuz\u2019da O\u011flak burcunda Ay Tutulmas\u0131\n\n30 Kas\u0131m\u2019da \u0130kizler burcunda Ay Tutulmas\u0131\n\n14 Aral\u0131k\u2019ta Yay burcunda G\u00fcne\u015f Tutulmas\u0131 var.\n\nTutulmalarda bilgi kirlili\u011fi, baz\u0131 sekt\u00f6rlerin gerileyip baz\u0131lar\u0131n\u0131n da y\u00fckseli\u015fe ge\u00e7mesi m\u00fcmk\u00fcn\u2026 Bunun yan\u0131nda 2020, gerileme hareketleriyle de bizleri etkisi alt\u0131na al\u0131yor\u2026 Ven\u00fcs, Merk\u00fcr, Sat\u00fcrn, Mars, J\u00fcpiter gibi gezegenler de y\u0131l\u0131n \u00e7o\u011funlu\u011funda geri harekette olacak. \u00d6zellikle May\u0131s\u2019ta Ven\u00fcs gerilemesinin oldu\u011funu hat\u0131rlatal\u0131m.\n\nVen\u00fcs astrolojide uyum, huzur, uzla\u015fma demektir. Ve Ven\u00fcs, 13 May\u0131s\u2019ta \u0130kizler burcunda geriliyor ve dibe vurmadan yukar\u0131 \u00e7\u0131kamayaca\u011f\u0131z gibi g\u00f6z\u00fck\u00fcyor.\n\nZEYNEP TURAN\n\n\u00dcnl\u00fc astrolog Zeynep Turan, Habert\u00fcrk okuyucular\u0131n\u0131n merak etti\u011fi sorular\u0131 ve \u00f6ng\u00f6r\u00fclerini payla\u015ft\u0131.\n\nD\u00fc\u011f\u00fcn ve e\u011flence sekt\u00f6rlerinin durumu ne olacak?\n\nVir\u00fcs sebebiyle seyahat sekt\u00f6r\u00fc ve restoranlar zor zamanlar ge\u00e7iriyor. Ya\u015fanan bu b\u00fcy\u00fck \u00f6l\u00e7\u00fcde zararlar baz\u0131 organizasyon sahiplerini online mecralara itse de gezegen hareketleri T\u00fcrkiye\u2019deki d\u00fc\u011f\u00fcnler ve etkinliklerin y\u0131l\u0131n sonuna do\u011fru kayaca\u011f\u0131na i\u015faret ediyor.\n\nD\u00fc\u011f\u00fcn tarihlerini astrolojik olarak uygun bir tarihe getirmek isteyenler varsa, 25 Temmuz ve 13 Eyl\u00fcl tarihlerini rahatlayacak tarihler olarak bir kenara not alabilirler.\n\n\u0130\u015f yerlerine gidi\u015f ne zaman ba\u015flayacak? Ne kadar s\u00fcre evden \u00e7al\u0131\u015f\u0131lacak?\n\nG\u00fcne\u015f, 20 May\u0131s\u2019ta \u0130kizler burcuna ge\u00e7i\u015fiyle kademeli olarak i\u015flere geri d\u00f6n\u00fclece\u011fine vurgu yap\u0131yor. 20 May\u0131s\u2019tan 21 Haziran\u2019a kadar bir\u00e7ok i\u015fyeri ve \u00f6zellikle esnaf i\u015flerini yoluna koyabilir. T\u00fcrkiye\u2019de ise bu tarihler aras\u0131nda bir\u00e7ok sekt\u00f6rde hareketlenme ba\u015flayabilir.\n\nBaz\u0131 \u015firketler kendi i\u00e7lerinde yeni yap\u0131lanmalara girebilirler.\n\n5 Haziran - 5 Temmuz aras\u0131 3 tutulma ya\u015fanacak. Bu arka arkaya ya\u015fanan tutulmalar d\u00fcnyada ve akabinde T\u00fcrkiye\u2019de global bir krizin, hangi boyutta oldu\u011funu toplumlara g\u00f6sterebilir.\n\nNe zaman normalle\u015fece\u011fiz?\n\n2020 \u015fifreleri ile beraber geldi. 2020 y\u0131l\u0131 insanl\u0131\u011f\u0131n daha \u00f6nce hi\u00e7 tan\u0131\u015fmad\u0131\u011f\u0131 amans\u0131z bir vir\u00fcs ile kar\u015f\u0131 kar\u015f\u0131ya\u2026 Astrolojiye g\u00f6re y\u0131l\u0131n ilk tutulmas\u0131yla resmiyet kazanan Covid-19 vir\u00fcs\u00fc, ya\u015fanacak tutulmalar ile 2020 y\u0131l\u0131n\u0131n sonuna kadar konu\u015fulaca\u011f\u0131n\u0131 i\u015faret ediyor. Ayr\u0131ca vir\u00fcs y\u0131l\u0131n ikinci yar\u0131s\u0131nda mutasyon ge\u00e7irebilir.\n\nD\u00dcNYA D\u00dcZEN\u0130 DE\u011e\u0130\u015e\u0130YOR\n\nNe kadar normal ya\u015fant\u0131m\u0131za d\u00f6nmek istesek de ve ilk etapta d\u00f6nm\u00fc\u015f olsa da yeni d\u00fcnya d\u00fczeninde ekonomik, ekolojik ve sa\u011fl\u0131k gibi bir\u00e7ok konuda de\u011fi\u015fiklik olacak. \u015eu an i\u00e7in bunun net tarihini vermek m\u00fcmk\u00fcn de\u011fil. Ancak hi\u00e7bir \u00fclke elleri kollar\u0131 ba\u011fl\u0131 beklemiyor art\u0131k. B\u00fct\u00fcn b\u00fcy\u00fck \u00fclkeler salg\u0131n sonras\u0131 \u00e7al\u0131\u015fmalar\u0131n\u0131n planlar\u0131n\u0131 yap\u0131yor. Bunun en b\u00fcy\u00fck sebebi verilen ticari a\u00e7\u0131klar\u0131n bir an evvel kapat\u0131lmas\u0131 ve vatanda\u015fa minimum bir \u015fekilde yans\u0131ma \u00e7abas\u0131\u2026 Bunu da bir\u00e7ok \u00e7ok d\u00fczenlemede g\u00f6rece\u011fiz. Belki de d\u00fcnyada bir\u00e7ok \u00fclke e\u015f zamanl\u0131 bir \u015fekilde para bas\u0131yor olacak. Nereden bakarsan\u0131z bak\u0131n \u00e7o\u011fu kuruma g\u00f6re 2020 d\u00f6n\u00fc\u015f\u00fcmlerin y\u0131l\u0131 olma yolunda ilerliyor.\n\nNORMAL YA\u015eAMA GE\u00c7\u0130\u015eTE ACELEC\u0130 OLMAMAK GEREKL\u0130\n\nBaz\u0131 Avrupa \u00fclkelerinde al\u0131nan \u00f6nlemler sonras\u0131nda vakalarda g\u00f6zle g\u00f6r\u00fcl\u00fcr bir d\u00fc\u015f\u00fc\u015f ger\u00e7ekle\u015fti. Bu durum o \u00fclkelerin yapt\u0131r\u0131mlar\u0131n\u0131 bir nebze gev\u015fetebilir. Yine bir\u00e7ok \u00fclkede seferberlikler devam ediyor. Sosyal mesafe kural\u0131 ve maske kullan\u0131m\u0131 salg\u0131ndan sonra da devam edece\u011fe ve hayat\u0131m\u0131z\u0131n bir par\u00e7as\u0131 haline gelece\u011fe benziyor. D\u00fcnyadaki b\u00fct\u00fcn sa\u011fl\u0131k \u00e7al\u0131\u015fanlar\u0131 ve y\u00f6netimler, vatanda\u015flara salg\u0131n\u0131n belirtileri azalsa bile hemen normal hayata ge\u00e7me \u00e7abas\u0131 vermemesini ve acele etmemeleri konusunda uyar\u0131da bulunacaklar.\n\nYASAKLAR 21 MAYIS'TAN SONRA B\u0130TEB\u0130L\u0130R\n\nVir\u00fcs\u00fcn 21 Nisan\u2019a kadar yay\u0131lmas\u0131 yine gezegenlerin kavu\u015fumunun cevaplar\u0131n\u0131n aras\u0131nda olan bir tarih. 12 Nisan\u2019da ba\u015flayan soka\u011fa \u00e7\u0131kma yasaklar\u0131, T\u00fcrkiye\u2019nin natal haritas\u0131na g\u00f6re 21 May\u0131s\u2019tan sonra bitebilir. Ay Burcu Bal\u0131k olan \u0130stanbul\u2019da ise farkl\u0131 uygulamalar 21 May\u0131s tarihinden sonra g\u00fcndeme gelebilir.\n\nOkullar ne zaman a\u00e7\u0131lacak?\n\n2 May\u0131s 1920 Bo\u011fa d\u00f6ng\u00fcs\u00fc kurulu\u015flu Mill\u00ee E\u011fitim Bakanl\u0131\u011f\u0131 13 May\u0131s tarihinde duyuru yapabilir. 21 May\u0131s tarihinden sonra yeni yapt\u0131r\u0131mlar ve d\u00fczenlemeler g\u00fcndeme gelebilir. Ven\u00fcs retrosuna g\u00f6re 2020\u2019nin ekim ay\u0131na kadar bir\u00e7ok okul k\u00f6kl\u00fc yap\u0131sal de\u011fi\u015fikliklere de gidebilir. Ayr\u0131ca okullar 21 Haziran tarihinden sonra \u00e7ocuklar\u0131 s\u0131n\u0131flara sokmasalar da \u00f6\u011frenciler uzaktan e\u011fitim almaya devam edilebilir.\n\nYaz\u0131n okula gidilecek mi?\n\nMill\u00ee E\u011fitim Bakanl\u0131\u011f\u0131\u2019n\u0131n kurulu\u015f tarihinin ve 2020\u2019nin gezegen hareketlerini kar\u015f\u0131la\u015ft\u0131rd\u0131\u011f\u0131m\u0131zda yaz tatili bu sene k\u0131s\u0131tl\u0131 ge\u00e7ebilir.\n\nAyr\u0131ca bu durum yap\u0131lamayan dersler i\u00e7in telafi \u00e7al\u0131\u015fmalar\u0131n\u0131n t\u00fcm h\u0131z\u0131yla devam edece\u011fini i\u015faret edebilir.\n\n\u00d6zel okullar ne olacak?\n\n2020 \u015fifreleri \u00e7\u00f6zerken \u00f6zel okullardaki e\u011fitim sistemlerine dokunmadan ge\u00e7meyecek. Her ne kadar d\u00fcnyadaki bir\u00e7ok e\u011fitim sistemi sanc\u0131l\u0131 bir d\u00f6nemden ge\u00e7se de salg\u0131n durumu \u00f6zel okullar\u0131n kaderini de\u011fi\u015ftirecek. T\u00fcrkiye\u2019de 1928 y\u0131l\u0131nda a\u00e7\u0131lan ilk \u00f6zel okulun haritas\u0131ndan yola \u00e7\u0131kacak olursak, \u00f6zel okullar maddi ve manevi bir d\u00f6n\u00fc\u015f\u00fcmden ge\u00e7ebilirler. Bunu ekim ay\u0131nda daha net hissedebilirler.\n\nAskerlerin terhisi ertelendi mi? Askerler ne zaman terhis olabilir?\n\n12 Mart 1952 do\u011fumlu, burcu Bal\u0131k ve Uran\u00fcs\u2019\u00fc Yenge\u00e7 olan Hulusi Akar, kas\u0131mda askere giden birliklerin askerliklerinin 1 ay uzat\u0131laca\u011f\u0131n\u0131 dile getirdikten sonra 2019 Kas\u0131m ve Aral\u0131k ay\u0131nda silah alt\u0131na al\u0131nan erlerin askerlik s\u00fcresi 1 ay daha uzam\u0131\u015ft\u0131.\n\nGezegenlerin dizilimine g\u00f6re Ven\u00fcs gerilemesi 13 May\u0131s\u2018ta ba\u015flad\u0131 ve T\u00fcrkiye\u2019nin Ay burcu da burada etkili olacak. Bu da demektir ki, May\u0131s\u2019\u0131n 13\u2019\u00fcnden sonra askerler de yava\u015f yava\u015f teskerelerini alabilirler.\n\nS\u0130YAS\u0130 ETK\u0130LER\n\n- 1920\u2019de Mars geri giderken kurulan meclisimizin ald\u0131\u011f\u0131 kararlar\u0131 eyl\u00fcl ay\u0131nda daha net bir \u015fekilde okuyabiliriz.\n\n- T\u00fcrkiye \u0130ran ili\u015fkileri y\u0131l\u0131n ikinci yar\u0131s\u0131nda bolca g\u00fcndeme gelirken, 1979 y\u0131l\u0131nda Sat\u00fcrn - Ba\u015fak d\u00f6ng\u00fcs\u00fcnde rejim de\u011fi\u015ftiren \u0130ran, y\u00f6netim konusunda kendi tarihinde ilkleri ya\u015fayabilir. \u0130ran\u2019\u0131n haritas\u0131na g\u00f6re s\u00f6ylemem gerekir ki; \u0130ran kesinlikle rejim de\u011fi\u015fikliklerine gidecek. Bununla ilgili t\u00fcm emareleri bu y\u0131l g\u00f6rebiliriz.\n\n- May\u0131s ay\u0131ndan itibaren yeni g\u00f6\u00e7men yasalar\u0131 ile kar\u015f\u0131la\u015fabiliriz. \u00dclke d\u0131\u015f\u0131na giri\u015f ve \u00e7\u0131k\u0131\u015flarda farkl\u0131 siyasi d\u00fczenlemeler s\u00f6z konusu olabilir. \u00d6yle ya da b\u00f6yle g\u00f6k kubbede Ay d\u00fc\u011f\u00fcmleri aks de\u011fi\u015ftirirken may\u0131s ve haziran aylar\u0131 siyasi g\u00fcndeme ve T\u00fcrkiye'ye ilkleri ya\u015fatabilir.\n\n- Bu s\u00fcre\u00e7lerde Akdeniz olduk\u00e7a konu\u015fulabilir.\n\n2020\u2019nin s\u00fcrprizleri neler?\n\n- \u0130stanbul olduk\u00e7a konu\u015fulabilir. \u0130stanbul\u2019un alt\u0131ndaki tarihi ve \u00fcst\u00fcndeki d\u00fczenlemeleri 2020\u2019nin en \u00e7ok konu\u015fulan konular\u0131 aras\u0131na girebilir.\n\n- Ekonomik anlamda de\u011fi\u015fik s\u00fcre\u00e7lerden ge\u00e7tik ve ge\u00e7meye devam edece\u011fiz bu sebeple sendikalar ve sendikala\u015fmalar g\u00fcndeme gelebilir.\n\n- Haziran 2020\u2019den itibaren yeni sendika modelleri ve yap\u0131lanmalar\u0131 ile kar\u015f\u0131la\u015fabiliriz.\n\n- 2020\u2019nin ikinci yar\u0131s\u0131nda tar\u0131m konusu daha y\u00fcksek sesle konu\u015fulabilir.\n\n- 2020\u2019nin Temmuz ay\u0131yla beraber yer alt\u0131 zenginliklerimiz g\u00fcn y\u00fcz\u00fcne \u00e7\u0131kabilir.\n\nVir\u00fcste ikinci dalga gelecek mi?\n\nAstrolojiye g\u00f6re Covid-19\u2019un ba\u015flang\u0131c\u0131ndan bu yana ele al\u0131rsak; Vir\u00fcs\u00fcn ikinci dalgas\u0131, a\u011fustos mutasyonu ve yeni bula\u015fma \u015fekli, kas\u0131m ay\u0131nda bu konuyu ciddiye alan ki\u015filerde yan etkilerini daha net g\u00f6sterebilir. Bunu da \u20182020 \u015eifreler \u00c7\u00f6z\u00fcl\u00fcyor\u2019 kitab\u0131mda daha \u00f6nce belirtmi\u015ftim. Kitab\u0131mdaki, kas\u0131m ay\u0131 temas\u0131nda d\u00fcnyay\u0131 y\u0131l\u0131n ba\u015f\u0131ndan bu yana sar\u0131p sarmalayan bu vir\u00fcs\u00fcn, insanlara kar\u015f\u0131 yan etkilerini g\u00f6rece\u011fimizi de kaleme alm\u0131\u015ft\u0131m.\n\nFutbol camias\u0131nda neler olacak?\n\nT\u00fcrk futbolu 2019\u2019dan bu yana zaten enteresan zamanlardan ge\u00e7iyordu. Bunu da ge\u00e7en y\u0131lki \u2018Kader Yeniden Yaz\u0131l\u0131yor\u2019 kitab\u0131mda kaleme alm\u0131\u015ft\u0131m. 2020\u2019de ki bu salg\u0131n\u0131n hemen ard\u0131ndan b\u00fct\u00fcn d\u00fcnyada duran futbol organizasyonlar\u0131 T\u00fcrk futbol tarihine ilkleri ya\u015fatacak!\n\nGerek kul\u00fcpler gerek kul\u00fcplerin bankalar ile olan ili\u015fkileri baz\u0131 kul\u00fcp ba\u015fkanlar\u0131n\u0131 istifaya kadar g\u00f6t\u00fcrebilir.\n\n2020 y\u0131l\u0131n\u0131n ikinci yar\u0131s\u0131nda ger\u00e7ekle\u015fecek y\u0131l\u0131n en hararetli retrolar\u0131, t\u00fcm d\u00fcnyada oldu\u011fu gibi kul\u00fcplerle beraber futbolcular\u0131n da kemer s\u0131kma politikas\u0131na ge\u00e7eceklerini i\u015faret ediyor.\n\n15 Haziran 1954\u2019te kurulan \u0130kizler burcu UEFA\u2019n\u0131n da ciddi sorunlar\u0131 olabilir.\n\n5 Nisan 1950 do\u011fumlu burcu Ko\u00e7 ve Uran\u00fcs\u2019\u00fc Yenge\u00e7 TFF ba\u015fkan\u0131 Nihat \u00d6zdemir\u2019in haritas\u0131 kendisinin 2020\u2019nin eyl\u00fcl ve ekim aylar\u0131nda olduk\u00e7a zorlu zamanlardan ge\u00e7ece\u011fini i\u015faret ediyor.\n\nArapsa\u00e7\u0131na d\u00f6nen ligi bitirme tarihi ise bir\u00e7ok kez kararla\u015ft\u0131r\u0131l\u0131p vazge\u00e7ilebilir. E\u011fer temmuz ay\u0131nda bitirilmek istense bile sonu\u00e7lardan herkes memnun olmayabilir. Zaten UEFA 23 Nisan tarihinde ve Yeniay\u2019da yapaca\u011f\u0131 toplant\u0131da herkesi memnun edemeyece\u011fi gibi bir\u00e7ok ele\u015ftiriye de maruz kalabilir. Futbol da s\u0131k\u0131\u015facak!\n\nKoronavir\u00fcs sekt\u00f6rleri nas\u0131l etkileyecek?\n\n\u0130la\u00e7 sekt\u00f6r\u00fc ve teknolojinin kaderi 2020 \u2018deki Sat\u00fcrn Kova d\u00f6ng\u00fcs\u00fcyle ba\u015ftan a\u015fa\u011f\u0131ya yeniden yaz\u0131labilir.\n\n\u0130n\u015faat sekt\u00f6r\u00fc t\u0131kanabilir. Bunun sebebi m\u00fcteahhitlerin T\u00fcrkiye d\u0131\u015f\u0131nda geli\u015fen \u00fclkelere kaymas\u0131 ve yat\u0131r\u0131mlar\u0131n\u0131 buralara yapmas\u0131 olacak. Bu yat\u0131r\u0131mlar da 2020\u2019nin temmuz ve kas\u0131m aylar\u0131nda g\u00fcndeme gelebilir.\n\nE-ticaret ve sosyal medya ne kadar y\u00fckseli\u015fte olsa da bu alanlarda yeni yapt\u0131r\u0131mlar gelebilir. E\u011flence sekt\u00f6r\u00fc ve sanatsal faaliyetler 2021\u2019in ocak ay\u0131ndan itibaren d\u00fcnyada can bulacak.\n\nYaz\u0131n tatile gidilebilecek mi?\n\nAvrupa komisyonu yaz tatili i\u00e7in plan yap\u0131lamamas\u0131n\u0131 istiyor. Vir\u00fcs vakalar\u0131 d\u00fc\u015f\u00fc\u015f g\u00f6sterse bile vir\u00fcs\u00fcn ikinci bir dalga getirece\u011fi korkusu tatil planlar\u0131n\u0131 bir\u00e7ok ki\u015fiye erteletebilir.\n\nYurt d\u0131\u015f\u0131 turizmimiz ise 2020 a\u011fustos ay\u0131ndan itibaren hareketlenebilir.\n\nHava sahalar\u0131 ne zaman a\u00e7\u0131lacak?\n\n\u00dclkemizde hava sahalar\u0131n\u0131n a\u00e7\u0131laca\u011f\u0131na dair net bir bilgi olmasa da astrolojiye g\u00f6re hava sahalar\u0131n\u0131n kapat\u0131ld\u0131\u011f\u0131 tarihi referans al\u0131rsak, 21 May\u0131s ve 21 Haziran aras\u0131 hava sahalar\u0131 a\u00e7\u0131labilir.\n\nD\u0131\u015f hatlar ve i\u00e7 hatlar ne zaman a\u00e7\u0131lacak?\n\n- 21 May\u0131s ve 21 Haziran\u2019da yurti\u00e7i hatlar a\u00e7\u0131labilir\n\n- 5 Temmuz tarihi ise yurtd\u0131\u015f\u0131 u\u00e7u\u015flar\u0131n a\u00e7\u0131lmas\u0131 i\u00e7in \u00f6nemli bir tarih olabilir.\n\nAVM\u2019ler eski g\u00fcvenilirli\u011fini koruyacak m\u0131? AVM\u2019lerin durumu ne olacak?\n\n2020\u2019nin ikinci yar\u0131s\u0131nda AVM\u2019leri beklenmedik geli\u015fmeler bekliyor. Gerek fiyatlar gerekse yap\u0131lanmalar kesinlikle de\u011fi\u015febilir. \u00d6zellikle kiralar ve hava paralar\u0131 2020\u2019nin sonuna kadar bir\u00e7ok d\u00fczenlemeye tabii tutulabilir. Bunu astrolojik olarak 1988 tarihinde T\u00fcrkiye\u2019de a\u00e7\u0131lan ilk al\u0131\u015fveri\u015f merkezinin haritas\u0131na g\u00f6re yorumlayabilirim.\n\nKapanan \u00f6nemli ma\u011faza ve markalar sat\u0131\u015flar\u0131n\u0131 ve operasyonlar\u0131n\u0131 e-ticaret sitelerine h\u0131zl\u0131ca ta\u015f\u0131yarak internet mecralar\u0131na daha iyi bir \u015fekilde girmeye \u00e7al\u0131\u015f\u0131rken, bu mecraya gereken \u00f6nemi vermelerini daha iyi anlayacaklar.\n\nMarkalar\u0131n dijitalle\u015fmesi ve lojistik konusunda belli yapt\u0131r\u0131mlar yapmas\u0131 yeni bir t\u00fcketim toplumu olu\u015fturabilir.\n\nVedik astrolojinin \u00f6nde gelen isimlerinden \u015eebnem Ek\u015fib, 2020 y\u0131l\u0131n\u0131 de\u011ferlendirip, merak etti\u011finiz sorular\u0131 yan\u0131tlad\u0131. Ayr\u0131ca Vedik astrolojisini anlatt\u0131. \u0130\u015fte \u00fcnl\u00fc astrolog \u015eebnem Ek\u015fib ile yapt\u0131\u011f\u0131m\u0131z s\u00f6yle\u015fi ve a\u00e7\u0131klamalar\u0131n\u0131n sat\u0131rba\u015flar\u0131...\n\nNe zaman g\u00fczel g\u00fcnler g\u00f6rece\u011fiz?\n\nG\u00f6ky\u00fcz\u00fc a\u00e7\u0131s\u0131ndan mart ay\u0131n\u0131n sonundan itibaren nisan ay\u0131n\u0131 tamamen kaplayan zor bir s\u00fcre\u00e7 vard\u0131. O d\u00f6ng\u00fc asl\u0131nda bir sava\u015f\u0131 i\u015faret ediyordu ve d\u00fcnya da koronavir\u00fcs ile sava\u015f\u0131yor. Ancak ben may\u0131s ay\u0131ndan \u00e7ok umutluyum. May\u0131s\u0131n ba\u015f\u0131ndan itibaren d\u00fcnyada bu vir\u00fcs\u00fcn \u00e7aresinin bulunmas\u0131yla ilgili \u00f6nemli bir ad\u0131m at\u0131laca\u011f\u0131n\u0131 d\u00fc\u015f\u00fcn\u00fcyorum.\n\nBununla ilgili en \u00f6nemli nokta da 23 Nisan\u2019da Yeniay d\u00f6ng\u00fcs\u00fcn\u00fcn tamamlanmas\u0131 oldu. \u00c7\u00fcnk\u00fc Yeniay d\u00f6ng\u00fcs\u00fc Vedik astrolojide \u00e7ok \u00f6nemli bir yerde ger\u00e7ekle\u015fti.\n\nDi\u011fer taraftan Rahu ve Ketu dedi\u011fimiz, kadersel d\u00f6ng\u00fcleri y\u00f6neten iki nokta bulunuyor. Rahu hayli zor bir tak\u0131my\u0131ld\u0131z\u0131nda ilerliyordu. Bu y\u0131ld\u0131z\u0131n kaoslara, problemlere, toplumsal gerginliklere neden olan y\u0131ld\u0131zlardan bir tanesi oldu\u011funu hat\u0131rlatal\u0131m. Ve \u015fimdi Rahu ve Ketu buradan \u00e7\u0131k\u0131yor. Ara\u015ft\u0131rmaya, bilime, ARGE\u2019ye d\u00f6n\u00fck bir alan\u0131 tetiklemeye ba\u015fl\u0131yor.\n\nMay\u0131s ay\u0131nda salg\u0131n\u0131n \u00e7\u00f6z\u00fcm\u00fcyle ilgili h\u0131zl\u0131 bir noktaya gelebiliriz. Haziranla birlikte yava\u015f yava\u015f normal hayatlar\u0131m\u0131za d\u00f6nmeye ba\u015flayabiliriz. Bu ay h\u0131zl\u0131 bir bi\u00e7imde tedaviyle ilgili h\u0131zl\u0131 bir yol al\u0131nacak ve T\u00fcrk hekimlerinin bu noktada bir sistem geli\u015ftirecekleriyle ilgili de \u00f6zellikle bulgular\u0131m da var.\n\nNORMAL HAYAT D\u0130YE B\u0130R \u015eEY YOK\n\nAncak normal hayat diye bir \u015fey 2021\u2019e kadar yok. Bunu anlamam\u0131z gerekiyor. Normal hayata ge\u00e7ti\u011fimizde de maskemizi takaca\u011f\u0131z ve dikkat etmemiz gereken kurallar olacak. 2020 y\u0131l\u0131 \u00e7ok Sat\u00fcryen bir y\u0131l, yani kurallar\u0131n senesi. O nedenle \u00e7ok dikkat etmemiz gerekiyor. Zira eyl\u00fcl sonu ya da ekimden itibaren ikinci bir dalga olabilir. Bu ekonomik de olabilir elbette. Vir\u00fcs\u00fcn dalgalar\u0131n\u0131n sonbaharda hepimizi etkileyece\u011fiyle ilgili bulgular var. Haziran ay\u0131yla birlikte ko\u015fullu da olsa, belli kurallar i\u00e7erisinde de olsa hayatlar\u0131m\u0131za d\u00f6nece\u011fimizi d\u00fc\u015f\u00fcn\u00fcyorum.\n\nBu y\u0131l ger\u00e7ekle\u015fecek tutulmalar\u0131n etkileri neler olacak?\n\n2019\u2019un sonunda bir tutulma vard\u0131. Ondan sonra da ocak ay\u0131n\u0131n ba\u015f\u0131nda bir tutulma meydana geldi. Ve bu tutulmalar \u00e7ok sert etkilere sahipti. Dolay\u0131s\u0131yla y\u0131l\u0131n nas\u0131l ilerleyece\u011fi de tutulmalardan belliydi. \u00c7\u00fcnk\u00fc tutulmalar bizim genel enerjimizi belirler. Bireysel haritam\u0131zda da bu b\u00f6yledir, toplum haritalar\u0131nda da.\n\n\u00d6n\u00fcm\u00fczde 5 Haziran\u2019da, \u2018yandan \u00e7arkl\u0131\u2019 diyorum ben buna, yar\u0131m bir tutulma var. Ama as\u0131l 21 Haziranda ve 5 Temmuz\u2019da sa\u011flam tutulmalar meydana gelecek. 21 Haziran\u2019daki G\u00fcne\u015f Tutulmas\u0131 Vedik astrolojiye g\u00f6re \u0130kizler burcunda, T\u00fcrkiye\u2019nin y\u00fckseleninde ger\u00e7ekle\u015fecek.\n\nBat\u0131da da Yenge\u00e7\u2019te meydana gelecek. Vedik olmas\u0131 gereken ger\u00e7ek g\u00f6ky\u00fcz\u00fcn\u00fc hesapl\u0131yor. Bat\u0131 astrolojisi biraz kaym\u0131\u015f bir sistem \u00fczerinden gidiyor. 21 Haziran\u2019daki tutulman\u0131n T\u00fcrkiye \u00fczerinde \u00f6nemli etkileri var. H\u0131zl\u0131 geli\u015fmelerin olabilece\u011fi bir tutulma ya\u015fayaca\u011f\u0131z. Toplumsal olaylar a\u00e7\u0131s\u0131ndan hareketli bir yaz bizleri bekliyor.\n\n5 Temmuz\u2019da da Ay Tutulmas\u0131 meydana geliyor. Daha \u00e7ok kad\u0131nlarla, duygusal etkilerle ba\u011flant\u0131l\u0131 tutulmadan sonra bu konular\u0131n biraz ray\u0131na girece\u011fini d\u00fc\u015f\u00fcn\u00fcyorum. Ancak as\u0131l \u015fov y\u0131l\u0131n sonundaki tutulmalarla beraber ba\u015fl\u0131yor.\n\n30 Kas\u0131m\u2019da Ay Tutulmas\u0131, 14 Aral\u0131k\u2019ta tam bir G\u00fcne\u015f Tutulmas\u0131 var. 14 Aral\u0131k\u2019taki \u00e7ok riskli bir tutulma. Aral\u0131kta mart ay\u0131n\u0131n r\u00f6van\u015f\u0131 var. O nedenle 21 Aral\u0131k \u00e7ok \u00f6nemli bir tarih. Bu s\u00fcreci atlatt\u0131ktan sonra ikinci bir vir\u00fcs dalgas\u0131yla u\u011fra\u015facaksak i\u015fte o tarihler bu tarihler olabilir.\n\nA\u015fkta hangi bur\u00e7lar dikkat etmeli?\n\n\u00d6zellikle Bo\u011fa ve \u0130kizler bur\u00e7lar\u0131 ili\u015fkilerde may\u0131s\u0131n ortas\u0131 ve haziran sonuna kadar olan s\u00fcre\u00e7te daha dikkatli olmak zorunda. \u00c7\u00fcnk\u00fc Ven\u00fcs 13 May\u0131s\u2019ta retro hareketine ba\u015flad\u0131.\n\nD\u00dc\u011e\u00dcN VE ORGAN\u0130ZASYONLAR BU TAR\u0130H ARALI\u011eINDA DESTEKLENM\u0130YOR\n\nVen\u00fcs, Bo\u011fa ve \u0130kizler\u2019in y\u00f6netici gezegenleri oldu\u011fu i\u00e7in ba\u015fta bu iki bur\u00e7 olmak \u00fczere t\u00fcm bur\u00e7lar ili\u015fkilerine dikkat etmeli. G\u00f6ky\u00fcz\u00fc 13 May\u0131s\u2019tan 25 Haziran\u2019a kadar nikah, d\u00fc\u011f\u00fcn gibi organizasyonlar\u0131 desteklemiyor. Di\u011fer taraftan Ven\u00fcs, para ile ba\u011flant\u0131l\u0131d\u0131r. Gerilemenin piyasalar a\u00e7\u0131s\u0131ndan \u00f6zellikle haziran ay\u0131nda biraz hassasiyetler getirmesi potansiyeli var.\n\nEn \u015fansl\u0131 bur\u00e7 hangisi?\n\nEn \u015fansl\u0131 bur\u00e7 ilan etmek elbette do\u011fru de\u011fil ancak O\u011flak\u2019lar bir \u015feyleri toparlama, J\u00fcpiter\u2019in etkilerini alma a\u00e7\u0131s\u0131ndan \u015fansl\u0131lar. Ama hangi bur\u00e7 olursa olsun bu sene \u00e7ok kolay bir hayat yok. Sat\u00fcryen bir senede oldu\u011fumuz i\u00e7in \u00e7ok \u00e7al\u0131\u015fma var. Hakikaten zay\u0131f ve g\u00fc\u00e7s\u00fcz olan\u0131n \u00e7ok fazla dayanamayaca\u011f\u0131 bir sene olacak. O y\u00fczden g\u00fc\u00e7l\u00fc durmak zorunday\u0131z. Her \u015feyi \u00e7al\u0131\u015farak, m\u00fccadele ederek alaca\u011f\u0131m\u0131z bir sene var \u00f6n\u00fcm\u00fczde.\n\nBur\u00e7lar\u0131 bu d\u00f6nemde neler bekliyor?\n\nKO\u00c7\n\nKo\u00e7 bur\u00e7lar\u0131 may\u0131s, haziran ve temmuz aylar\u0131nda parasal konulara dikkat etsinler. Gelir-gider dengelerini iyi ayarlamalar\u0131 gerekiyor. A\u011fustosla beraber hem ili\u015fkiler anlam\u0131nda hem de yak\u0131n \u00e7evrelerinden gelecek desteklerle rahatlayacaklar. Ama \u00f6n\u00fcm\u00fczdeki iki ay Ko\u00e7 bur\u00e7lar\u0131 i\u00e7in parasal anlamda dikkat gerektiriyor. \u0130li\u015fkilerde de sakin ilerlemelerini tavsiye ederim. \u0130ll\u00fczyona fazla girmeden hareket etmelerinde fayda var.\n\nBO\u011eA\n\nBo\u011fa bur\u00e7lar\u0131n\u0131n \u00f6nlerinde dikkat \u00e7ekici bir s\u00fcre\u00e7 var... \u0130ki \u00fc\u00e7 ayl\u0131k d\u00f6nemde kar\u015f\u0131 cins taraf\u0131ndan daha dikkat \u00e7ekebilirler ve kendilerinden \u00e7ok daha fazla emin olabilirler. Ama ili\u015fkilerle ilgili \u00f6zellikle may\u0131s\u0131n sonlar\u0131 ve haziran aylar\u0131nda kafa kar\u0131\u015f\u0131kl\u0131\u011f\u0131 ya\u015fayabilirler. Eski bir ili\u015fkiyle ilgili arada kalma durumu olabilir. \u0130li\u015fkilerle ilgili hareketli ve karma\u015f\u0131k bir d\u00f6nemde olacaklar. 25 Haziran\u2019dan sonra t\u00fcm bu alanlarda \u00e7ok h\u0131zl\u0131 geli\u015fmeler ya\u015fayacaklar. \u0130li\u015fkiler ve evlilikle ilgili bir karar alma a\u015famas\u0131nda olabilirler. Kararlar\u0131n\u0131 temmuz ve a\u011fustos aylar\u0131nda almalar\u0131n\u0131 tavsiye ederim.\n\n\u0130K\u0130ZLER\n\n\u0130kizler bur\u00e7lar\u0131 biraz duygusal ve hassas olacaklar\u0131 bir s\u00fcre\u00e7teler. \u00d6rne\u011fin \u00f6zellikle Vedik astrolojisinde \u0130kizler burcu olanlar gizli ya da platonik ili\u015fkilere e\u011filimleri olacak. Hi\u00e7 beklemedikleri bir \u015fekilde birinden ho\u015fland\u0131klar\u0131n\u0131 hissedebilirler. Bu durum Ven\u00fcs retrosuyla ilgili oldu\u011fu i\u00e7in daha sonra hisleriniz ge\u00e7ecek. Bunun yan\u0131nda gelir giderlere \u00e7ok dikkat etmeleri gerekiyor. \u00d6zellikle l\u00fcks al\u0131mlarda, ev al\u0131m-sat\u0131m gibi konularda b\u00fct\u00e7elerini iyi organize etmeleri gerekiyor. Eyl\u00fclden itibaren \u00e7ok hareketli bir d\u00f6neme giriyorlar. Kariyer ve i\u015fle alakal\u0131 yo\u011fun bir temponun i\u00e7ine girebilirler. \u00c7al\u0131\u015fm\u0131yor fakat \u00e7al\u0131\u015fmay\u0131 d\u00fc\u015f\u00fcn\u00fcyorlarsa sonbahardan itibaren dinamikler de\u011fi\u015febilir. Genel olarak \u0130kizler bur\u00e7lar\u0131 Mars transiti nedeniyle bilhassa kariyer ve g\u00fcncel hayatla ilgili noktalarda eyl\u00fcl ay\u0131ndan itibaren \u00e7ok yo\u011fun bir tempoya girecekler.\n\nYENGE\u00c7\n\nYenge\u00e7ler sosyal alanlar\u0131, ba\u015fkalar\u0131yla olan ili\u015fkileri, hedefleri ya da ili\u015fkilerle ilgili hedeflerini revize ettikleri bir s\u00fcrece giriyorlar. Yak\u0131n zamanda, Ven\u00fcs retrosu onlar\u0131 bu alanda biraz kurcal\u0131yor. \u0130li\u015fkileriyle ilgili ne yapacaklar\u0131n\u0131 karar verecekleri ya da iki ili\u015fki aras\u0131nda kalacaklar\u0131 bir durumda olabilirler. A\u015fk ve ili\u015fkilerde y\u00fcklerden kurtulurken daha cesur ad\u0131m atma potansiyelleri var. \u00d6te yandan Yenge\u00e7lerin ailevi konularda dikkatli olmalar\u0131 gerekiyor. Ailevi ili\u015fkilerde, ev i\u00e7inde kimle hayat\u0131 payla\u015f\u0131yorlarsa onlarla olan ili\u015fkilerinde dikkat etmeleri gerekiyor. E\u011fitim, yurtd\u0131\u015f\u0131 temaslar\u0131 veya ithalat ihracat konular\u0131 sonbaharla birlikte h\u0131zlan\u0131yor. Bu konularda birtak\u0131m faydalar elde etme ve eski kontaklar\u0131n revize olma potansiyeli mevcut. E\u011fitimle ilgili i\u015fleri varsa kas\u0131m ve aral\u0131k aylar\u0131nda \u00e7ok yo\u011fun bir tempo i\u00e7erisine girebilirler.\n\nASLAN\n\nKariyerle ilgili yarat\u0131c\u0131 bir \u015feylerle u\u011fra\u015fan, kad\u0131nlarla ilgili i\u015fleri olan, sanatla ilgili ba\u011flant\u0131lar\u0131 bulunan yeme i\u00e7me sekt\u00f6r\u00fcyle ilgilenen Aslan bur\u00e7lar\u0131n\u0131n \u00f6nlerinde ilgin\u00e7 bir s\u00fcre\u00e7 var. Aslan\u2019lar ve y\u00fckselen Aslan bur\u00e7lar\u0131 haziranda muazzam bir tempoya girecekler. Eski konular aktif olacak. Profesyonel olarak \u00e7al\u0131\u015f\u0131yorlarsa eski g\u00f6r\u00fc\u015fmeler, eski kontaklar veya eski i\u015f ba\u015fvurular\u0131 yeniden g\u00fcndeme gelebilir. Kariyer ve i\u015f ba\u011flant\u0131lar\u0131yla ilgili bir ili\u015fki ve a\u015fk ya\u015fama potansiyelleri y\u00fcksek. K\u0131saca olduk\u00e7a hareketli bir d\u00f6nemleri var yak\u0131n planda. \u00d6te yandan bu bur\u00e7takilerin ekim ay\u0131na dikkat etmesi gerekiyor. \u00c7\u00fcnk\u00fc ekim aylar\u0131nda engellerle u\u011fra\u015fabilirler. Miras, nafaka, kira, prim gibi ba\u015fkalar\u0131ndan gelen kazan\u00e7larla ilgili beklentileri varsa ekim ay\u0131yla beraber hareketlenmeler var. Ama \u00f6n\u00fcm\u00fczdeki s\u00fcre\u00e7te, yaz aylar\u0131nda \u015fansl\u0131lar.\n\nBA\u015eAK\n\nBa\u015fak bur\u00e7lar\u0131, zorland\u0131klar\u0131 bir s\u00fcre\u00e7 i\u00e7erisindeler. A\u015fk ve ili\u015fkilerle ilgili kar\u0131\u015f\u0131k bir d\u00f6nem ge\u00e7irdiler ve ge\u00e7irmeye devam ediyorlar. \u00c7ok ani ve beklenmedik olaylar ya\u015fama potansiyelleri var. Ancak Ba\u015fak bur\u00e7lar\u0131n\u0131n \u00f6zel hayatlar\u0131 may\u0131s\u0131n ikinci yar\u0131s\u0131yla beraber sakinle\u015fecek. \u0130li\u015fkilerle ilgili, e\u011fitim, akademik \u00e7al\u0131\u015fmalar, kariyer hayatlar\u0131yla alakal\u0131 dengeye girecekler. Mart ay\u0131ndan beri \u00e7ok kar\u0131\u015f\u0131k bir s\u00fcre\u00e7ten ge\u00e7iyorlard\u0131 ama \u00f6n\u00fcm\u00fczdeki Ven\u00fcs retrosu ve di\u011fer retro d\u00f6nemleri onlar\u0131n biraz sakinle\u015fip toparlanmalar\u0131na neden olacak. Kas\u0131m ve aral\u0131k ay\u0131nda yak\u0131n \u00e7evre ile ya da i\u015f ve kariyer ba\u011flant\u0131l\u0131 konulara dikkat etmeleri gerekiyor. \u0130kili ili\u015fkileriyle ilgili de ekimde bir s\u0131navlar\u0131 olabilir.\n\nTERAZ\u0130\n\nVen\u00fcs retrosundan direkt etkilenen Terazi bur\u00e7lar\u0131 may\u0131s ortalar\u0131ndan haziran sonuna kadar ikili ili\u015fkilerde, duygusal meselelerde hareketli etkilerden ge\u00e7ecekler. Di\u011fer taraftan ili\u015fkilerle ilgili bir d\u00f6n\u00fc\u015f\u00fcm s\u00fcrecine girebilirler\u2026 \u0130li\u015fkilerle ilgili ani kararlar\u0131n al\u0131nd\u0131\u011f\u0131, ini\u015fli \u00e7\u0131k\u0131\u015fl\u0131 bir zaman dilimine giriyorlar. Terazi bur\u00e7lar\u0131 haziran sonuna kadar herhangi bir konuda ad\u0131m atmamal\u0131 ve nihai bir sonuca varamayaca\u011f\u0131n\u0131 bilmeli.\n\nVen\u00fcs retrosu bittikten sonra, temmuzda ili\u015fkilerle ilgili ne ya\u015fad\u0131ysa yeniden revize etmek zorunda. Hukuki konular, maddi konular ve ticari alanlarda haziran\u0131n \u00f6zellikle ikinci yar\u0131s\u0131nda daha dikkatli olmalar\u0131 gerekiyor. Temmuzun ikinci yar\u0131s\u0131 ve a\u011fustosla beraber Terazi bur\u00e7lar\u0131 \u00e7ok rahatlayacaklar. Ama yine \u00f6nlerinde dikkatli y\u00f6netmeleri gereken bir s\u00fcre\u00e7 yok de\u011fil. \u0130\u015f ve kariyerle ilgili de ekim ay\u0131 ve kas\u0131m\u0131n ortas\u0131na kadar olan k\u0131s\u0131m de\u011fi\u015fik bir d\u00f6nem i\u00e7eriyor. Terazilerin o s\u00fcreci iyi y\u00f6netmeleri gerekiyor. Duygusal ili\u015fkilerinde ve hayat konforlar\u0131 a\u00e7\u0131s\u0131ndan biraz daha haziran ay\u0131n\u0131 ge\u00e7irdikten sonra rahatlama potansiyelleri var.\n\nAKREP\n\nAkrepler ve \u00f6zellikle y\u00fckselen Akreplerin \u00f6n\u00fcm\u00fczdeki d\u00f6nem temmuz ba\u015f\u0131na kadar odak noktalar\u0131 ikili ili\u015fkiler, evlilik ve partnerleri olacak. Hatta aniden evlilik kararlar\u0131 alabilirler. Ama burada dikkatli olunmas\u0131 gerekiyor. \u00c7\u00fcnk\u00fc bu konularda eski mevzular \u00f6nlerine d\u00f6k\u00fclebilir. \u00c7ok fazla bu noktalara kafa yormak ve odaklanmak zorunda kalabilirler. Ayr\u0131ca ortakla\u015fa ili\u015fkiler, i\u015f ili\u015fkileri, ticari ba\u011flant\u0131larla ilgili de entreresan geli\u015fmeler ya\u015fayabilirler. E\u011fer y\u00fckselen burcu Akrep olanlar\u0131n haritalar\u0131nda Ven\u00fcs retroysa bu s\u00fcre\u00e7ten \u00e7ok iyi faydalanacaklar\u2026 Ama do\u011fum haritalar\u0131nda Ven\u00fcs retro de\u011filse zorlanabilirler. Akrepler i\u00e7in eski konular revize olacak. Ama yeni bir i\u015fe giri\u015fmemeleri gerekiyor. Mars retrosunun ekim ay\u0131ndaki b\u00f6l\u00fcm\u00fc onlara bildikleri bir alanda etkin enerjiler getirebilir.\n\nYAY\n\nYay bur\u00e7lar\u0131n\u0131n \u00f6n\u00fcm\u00fczdeki bir bu\u00e7uk ayl\u0131k d\u00f6nemde, \u00e7al\u0131\u015fma hayat\u0131ndaki d\u00fc\u015fmanlara veya \u00f6zellikle anne taraf\u0131ndan gelen yak\u0131n akrabalar aras\u0131ndaki \u00e7eki\u015fmelere ve rekabet duygular\u0131na dikkat etmeleri gerekiyor. Bu alanlar\u0131 iyi y\u00f6netmesi gereken Yaylar\u0131n pek de al\u0131\u015fk\u0131n olmad\u0131\u011f\u0131 enteresan bir s\u00fcre\u00e7 olabilir. Mesleki konularda kad\u0131nlardan yana rekabet ve d\u00fc\u015fmanl\u0131klar\u0131 iyi hesaplamalar\u0131 ve dikkat etmeleri gerekiyor.\n\nFakat may\u0131s\u0131n ilk haftas\u0131ndan itibaren i\u015f teklifleri, kariyerde de\u011fi\u015fiklikler i\u015f ile ilgili yeni projelerin ortaya \u00e7\u0131kmas\u0131 gibi konularda ilgin\u00e7 geli\u015fmeler ya\u015fanabilir. Sanatsal ve estetik bir i\u015fle u\u011fra\u015f\u0131yorlarsa ba\u015far\u0131l\u0131 i\u015fler ortaya koyabilirler. Temmuz ay\u0131na kadar i\u015f ile alakal\u0131 dikkat etmeleri gereken noktalar var ancak temmuzdan itibaren onlar i\u00e7in \u00e7ok g\u00fczel bir s\u00fcre\u00e7 var. Bekarlar i\u00e7in konu\u015fursak temmuz ve a\u011fustos aylar\u0131nda a\u015fkta \u015fansl\u0131lar diyebilirim.\n\nO\u011eLAK\n\nO\u011flak bur\u00e7lar\u0131 i\u00e7in ili\u015fkiler \u00f6n planda olacak. \u00d6zellikle y\u00fckselen ve Ay burcu O\u011flak olanlar \u00e7ocuk sahibi olmak istiyorlarsa birtak\u0131m s\u00fcrprizler ya\u015fayabilir. O\u011flak ve Kova burcu olup da \u00e7ocuk sahibi olmak isteyenler i\u00e7in \u00f6n\u00fcm\u00fczdeki iki ay \u015fansl\u0131 etkiler bar\u0131nd\u0131r\u0131yor.\n\nBekarlar da ili\u015fkiler bak\u0131m\u0131ndan hareketli bir s\u00fcre\u00e7te olacak. Ancak Ven\u00fcs retrosu oldu\u011fundan ill\u00fczyonlara a\u00e7\u0131k bir d\u00f6nem... O nedenle O\u011flaklar\u0131n ili\u015fkilerde dikkatli olmalar\u0131 gerekiyor. \u00c7\u00fcnk\u00fc Ven\u00fcs retrosunda yan\u0131lg\u0131lar\u0131 artabilir, eski ili\u015fkiler \u00f6nlerine \u00e7\u0131kabilir. Ama bir taraftan da hobileriyle ya da ki\u015fisel geli\u015fimleriyle ilgili \u00e7ok destekleniyorlar. Sanatla u\u011fra\u015f\u0131yorlarsa ilgin\u00e7 sonu\u00e7lar ortaya \u00e7\u0131karabilirler. O\u011flaklar i\u00e7in temmuz ve a\u011fustos aylar\u0131 hem a\u015fk ve ili\u015fkilerde hem de kariyerde \u015fansl\u0131 bir d\u00f6nem.\n\nKOVA\n\nY\u00fckselen burcu Kova olanlar\u0131n evde, kendi alanlar\u0131nda daha verimli i\u015fler yapma potansiyelleri var. \u00d6zellikle y\u00fckselen burcu Kova olanlar evden \u00e7al\u0131\u015f\u0131yorlarsa daha verimli olabilir. Bunun yan\u0131nda emlak i\u015fleri yapan, emlakla ilgili planlar\u0131 olan, ta\u015f\u0131nma, yeni bir yer sat\u0131n alma, ev kiralama ya da evde bir dekorasyon yapma fikirleri olan Kova bur\u00e7lar\u0131n\u0131n t\u00fcm bu i\u015fleri h\u0131zlanacak.\n\nA\u015fk ve ili\u015fkiler konusunda \u00f6zellikle bekar Kovalar, temmuzun ikinci yar\u0131s\u0131ndan a\u011fustos sonuna kadar olan d\u00f6nemde \u00e7ok \u015fansl\u0131lar. \u0130li\u015fkilerle ilgili h\u0131zl\u0131 geli\u015fmeler ya\u015fanacak. Kova bur\u00e7lar\u0131 ekimin ba\u015f\u0131, eyl\u00fcl\u00fcn ikinci yar\u0131s\u0131nda ilgin\u00e7 i\u015f teklifleri alabilirler. Ya da i\u015flerinde geli\u015fme potansiyelleri olabilir. Kovalar daha sert bir d\u00f6ng\u00fcy\u00fc bitirdi. Bu anlamda \u00f6nlerinde daha g\u00fczel bir s\u00fcre\u00e7 olacak.\n\nBALIK\n\nBal\u0131klar yak\u0131n \u00e7evrelerine, arkada\u015f ili\u015fkilerine, karde\u015flerine yo\u011funla\u015facaklar\u0131 bir s\u00fcre\u00e7 ge\u00e7iriyorlar. Giri\u015fim, proje gibi bir planlar\u0131 varsa may\u0131s\u0131n sonundan 25 Haziran\u2019a kadar olan s\u00fcre\u00e7te h\u0131zl\u0131 geli\u015fmeler ya\u015fayabilirler. Bal\u0131klar\u0131n \u00f6nlerinde desteklendikleri bir s\u00fcre\u00e7 var. Ev ve gayrimenkul i\u015fleri varsa temmuzda \u00e7ok h\u0131zlan\u0131yor. Bunun yan\u0131nda ta\u015f\u0131nma ve ailevi konular da h\u0131zlan\u0131yor. Ama a\u015fkla ilgili eyl\u00fcl ay\u0131ndan itibaren rahatlama ya\u015fayacaklar. Parasal konularda ekim ve kas\u0131m ay\u0131na dikkat etmeleri laz\u0131m. Ekimle beraber 2021\u2019in ba\u015f\u0131na kadar Bal\u0131klar gerek kariyerde, gerekse ili\u015fkilerde hayli hareketli bir d\u00f6nem i\u00e7erisinde olacak diyebilirim.\n\n\u00d6NER D\u00d6\u015eER\n\n\u00dcnl\u00fc astrolog \u00d6ner D\u00f6\u015fer, Habert\u00fcrk okuyucular\u0131n\u0131n merak etti\u011fi sorular\u0131 yan\u0131tlad\u0131.\n\nBur\u00e7lar\u0131 bu d\u00f6nem ve \u00f6n\u00fcm\u00fczdeki d\u00f6nem neler bekliyor? Hangi konulara dikkat etmeliyiz?\n\nGelen yorumlar\u0131n \u00e7o\u011funda bur\u00e7lar\u0131 nelerin bekleyece\u011fi sorulmu\u015ftu. Biz de 12 burcun \u00f6n\u00fcm\u00fczdeki d\u00f6nemde zorlanaca\u011f\u0131 konular\u0131 sorduk...\n\nKo\u00e7 burcu i\u00e7in izolasyon sonras\u0131nda yeni \u00e7evrelere giri\u015f zaman\u0131. \u0130\u015fle ilgili hayat d\u00f6n\u00fc\u015f\u00fcm istiyor. Yani bu b\u00f6yle gitmeyecek yap\u0131land\u0131rmak gerekecek ve sosyal \u00e7evreler buna kap\u0131 a\u00e7acak.\n\nBo\u011fa i\u00e7in daha ziyade hayat g\u00f6r\u00fc\u015f\u00fcn\u00fc geni\u015fletmeleri gereken bir zaman dilimi. E\u011fitim veya yabanc\u0131larla alakal\u0131 birtak\u0131m zorlanmalar var. Bu zorlanmalar 2020 sonunda kariyerde yeni ad\u0131mlara itecek.\n\n\u0130kizler bur\u00e7lar\u0131 alacak verecek veya kredilerle ilgili s\u0131k\u0131nt\u0131 yaratan bir d\u00f6nemdeler. B\u00fcy\u00fck kredi bor\u00e7lar\u0131 olanlar zorlanma ya\u015fayabilir ancak 2020 sonunda daha geni\u015f perspektiften bakacaklar. Belki online bir \u015feyler yapmak, yurt d\u0131\u015f\u0131 ba\u011flant\u0131l\u0131 i\u015flere tekrar y\u00f6nelmek ya da ithalat-ihracat konular\u0131n\u0131 biraz daha g\u00f6zden ge\u00e7irmek isteyebilirler.\n\nYenge\u00e7 i\u00e7in ikili ili\u015fkilerde s\u0131k\u0131\u015fma ve ortakl\u0131klar\u0131n bozulmas\u0131 zaman\u0131. Ama 2020\u2019nin sonundan itibaren yeni yat\u0131r\u0131mlarla, belki d\u0131\u015far\u0131dan gelen desteklerle ilerlemek daha fazla m\u00fcmk\u00fcn olacak.\n\nAslan bur\u00e7lar\u0131 g\u00fcndelik i\u015f hayat\u0131n\u0131n \u00e7ok s\u0131k\u0131\u015ft\u0131\u011f\u0131 bir zaman dilimindeler. Belki personele imkan veremeyebilirler. Personel olanlar i\u00e7in \u00e7al\u0131\u015fma hayat\u0131n\u0131n daralmas\u0131, i\u015fsiz kalmak gibi riskler var. Ama y\u0131l sonundan ve 2021\u2019den itibaren birebir dan\u0131\u015fmanl\u0131k verme ortakla\u015fa ili\u015fkiler yani insanlara birebir ula\u015fma gerektiren i\u015flerde daha fazla f\u0131rsat bulacaklar belki online i\u015fler yapacaklar.\n\nBa\u015faklar i\u00e7in \u00e7ocuklar\u0131 konusunda \u00e7ok endi\u015feli olduklar\u0131 e\u011flencenin k\u0131s\u0131tland\u0131\u011f\u0131 bir zaman. Ama \u00f6zellikle zorluklar\u0131n ard\u0131ndan yeni \u00e7al\u0131\u015fmalarla kendini geli\u015ftirme ve yeni ko\u015fullar bulma zaman\u0131 olacak.\n\n\u00c7ok sosyal bir bur\u00e7 olan Terazi i\u00e7in evde fazla kalmaktan \u00f6t\u00fcr\u00fc s\u0131k\u0131nt\u0131lar veya aile i\u00e7i s\u0131k\u0131nt\u0131lar var. Fakat 2020 sonundan itibaren \u00e7ok daha fazla ba\u015fkalar\u0131na yarat\u0131c\u0131 yeteneklerini g\u00f6sterecek ve sahnede olacaklar. \u00d6zellikle artistik ve sanatsal konularda daha atak olabilirler.\n\nAkrepler yak\u0131n \u00e7evrede s\u0131k\u0131\u015fma, karde\u015fler aras\u0131nda zorlanma, ileti\u015fimde t\u0131kanma ya\u015fayabilir. \u00d6te yandan 2020 sonunda yeni bir yap\u0131 kurabilir, yeni temeller atabilirler. Evden \u00e7al\u0131\u015fma f\u0131rsat\u0131n\u0131 sa\u011flayacak birtak\u0131m i\u015flere girebilirler.\n\nYay bur\u00e7lar\u0131 finansal alanda \u00e7ok s\u0131k\u0131nt\u0131 yaratan bir d\u00f6nemdeler. Ama bu y\u0131l\u0131n sonlar\u0131ndan itibaren yeni ileti\u015fim kanallar\u0131na girerek, seyahat yoluyla, belki online i\u015fler yoluyla bilgi aktarma yoluyla daha \u00e7ok insana ula\u015f\u0131p kazan\u00e7 elde etme zaman\u0131.\n\nO\u011flak i\u00e7in s\u0131k\u0131nt\u0131l\u0131 ve \u00e7ok yo\u011fun bir zaman dilimi. Ama 2020\u2019nin sonundan itibaren yeni kazan\u0131m f\u0131rsatlar\u0131 elde etme belki de yeni kap\u0131lar\u0131n a\u00e7\u0131lmas\u0131 olabilir.\n\nKova i\u00e7in \u00e7ok s\u0131k\u0131\u015f\u0131k kendilerini ifade etmede zorland\u0131klar\u0131 bir d\u00f6nem. Y\u0131l sonundan itibaren kendilerini ifade edecekleri yeni bir alan do\u011facak. Entelekt\u00fcel b\u00fct\u00fcn bilgi birikimini ortaya \u00e7\u0131karacaklar. \u00c7\u00fcnk\u00fc 2020 sonundaki d\u00f6nem bilge \u00f6\u011fretmenler zaman\u0131 olacak.\n\nBal\u0131klar sosyal alanda s\u0131k\u0131\u015fma, arkada\u015flar\u0131na ula\u015famama gibi s\u0131k\u0131nt\u0131lar ya\u015fayacak. Ancak bu Bal\u0131klar\u0131 y\u0131l sonundan itibaren biraz daha izole olmaya kendi i\u00e7inde bir \u015feyler haz\u0131rlamaya, belki i\u00e7e d\u00f6n\u00fck bir \u015fekilde geli\u015fmeler yakalamaya itecek.\n\nPeki neden 6 tane tutulma olacak? Bunun nedeni nedir?\n\nBir y\u0131lda ortalama 4 tutulma ya\u015far\u0131z. Bunlardan ikisi Ay, ikisi G\u00fcne\u015f Tutulmas\u0131 olur. Baz\u0131 y\u0131llarda daha fazla tutulma meydana gelir. 5, 6 hatta 7 tutulma olabilir ancak 8 tutulma ya\u015fanmaz. \u00d6rne\u011fin 1982 y\u0131l\u0131nda 7 tutulma olmu\u015ftur. Bunlardan 4 tanesi G\u00fcne\u015f Tutulmas\u0131, 3 tanesi Ay Tutulmas\u0131'd\u0131r.\n\n1935 y\u0131l\u0131nda da 7 tutulma olmu\u015ftur. \u00c7ok say\u0131da tutulma, \u00e7ok say\u0131da olay demektir. Pozitif veya negatif y\u00f6nde olaylar olabilir.\n\n2020 y\u0131l\u0131nda 6 tutulma olmas\u0131, bu y\u0131l\u0131n \u00e7ok olayl\u0131, hareketli ge\u00e7ece\u011finin i\u015faretlerinden biriydi.\n\nTutulmalar, uzun d\u00f6nemdir. Bekleyen, tak\u0131lan olaylar\u0131n birden hareketlenmesine, ivme kazanmas\u0131na i\u015faret eder.\n\nKorona g\u00fcnleri ne zaman biter? Nelere dikkat etmeliyiz?\n\n\u0130nsan g\u00fczel \u015feyler s\u00f6ylemek istiyor\u2026 Pek tabii ki g\u00fczel \u015feyler var ama fakat biz astrologlar a\u011f\u0131rl\u0131kl\u0131 olarak dikkat edilmesi gereken konular oldu\u011funda daha \u00e7ok sahnede oluyoruz diyebilirim.\n\nG\u00fcne\u015f aktiviteleri denilen konularda uzun y\u0131llar \u00e7al\u0131\u015fan birisiyim. G\u00fcne\u015f aktivitelerindeki azal\u0131\u015f\u0131n insan sa\u011fl\u0131\u011f\u0131 \u00fczerinde etkileri var. Salg\u0131n hastal\u0131klar\u0131n artmas\u0131 s\u00f6z konusu\u2026 Bunun yan\u0131nda manyetik alan\u0131m\u0131zda bir zay\u0131flama var. B\u00f6yle olunca da uzaydan gelen herhangi zararl\u0131 \u0131\u015f\u0131nlara daha a\u00e7\u0131k oluyoruz.\n\n3 Haziran'da Ven\u00fcs\u2019\u00fcn G\u00fcne\u015f diski \u00f6n\u00fcnden i\u00e7ten ge\u00e7i\u015f yapt\u0131\u011f\u0131 bir d\u00f6neme girmek \u00fczereyiz. Her Ven\u00fcs-G\u00fcne\u015f inferior kavu\u015fumunda bir salg\u0131nla kar\u015f\u0131la\u015fm\u0131yoruz pek tabii ki! Ama b\u00f6yle d\u00f6nemlerde salg\u0131n hastal\u0131klar\u0131n artt\u0131\u011f\u0131n\u0131 g\u00f6r\u00fcyoruz. Dolay\u0131s\u0131yla nisan, may\u0131s ve haziran aylar\u0131nda \u00e7ok dikkatli olmam\u0131z gerekti\u011fini g\u00f6r\u00fcyoruz.\n\nNisan ay\u0131na zaten maksimum derecede dikkat etmemiz gerekti\u011fi konusunda uyard\u0131k. Bilim insanlar\u0131 ile Sa\u011fl\u0131k Bakanl\u0131\u011f\u0131 da uyar\u0131yor. \u015eimdi \u00f6n\u00fcm\u00fczdeki d\u00f6nemde, iki \u00fc\u00e7 hafta kadar s\u0131k\u0131\u015f\u0131k durum devam ediyor.\n\nG\u00fcne\u015f aktivitelerindeki azal\u0131\u015f en \u00e7ok 2020-2022 y\u0131llar\u0131 aras\u0131nda belirgin olacak. Manyetik alandaki zay\u0131flama da gard\u0131m\u0131z\u0131n d\u00fc\u015fmesine i\u015faret ediyor.\n\nVen\u00fcs ge\u00e7i\u015fiyle ilgili \u015f\u00f6yle bir teori var. Ven\u00fcs\u2019\u00fcn manyetik alan\u0131n\u0131n yetersiz olmas\u0131 nedeniyle bu gezegenin atmosferinin \u00fcst tabakas\u0131nda iyonize halde bulunan gazlar G\u00fcne\u015f r\u00fczgarlar\u0131yla gezegenden ayr\u0131l\u0131r ve gezegen hizalanmas\u0131 s\u0131ras\u0131nda Ven\u00fcs\u2019\u00fcn \u00fcst atmosferinde bulunan bulut \u015feklinde kolonize olmu\u015f bakteriler D\u00fcnya\u2019n\u0131n atmosferine itilir. Kutup b\u00f6lgelerinden r\u00fczgarlar vas\u0131tas\u0131yla hava yoluyla yay\u0131lan bu vir\u00fcsler d\u00fcnya genelinde grip salg\u0131nlar\u0131na sebep olur.\n\nBu durum ayr\u0131ca halihaz\u0131rda olan vir\u00fcslerin daha etkili olmas\u0131n\u0131 da i\u015faret edebilir. Ven\u00fcs inferior kavu\u015fumundan sonraki aylarda vir\u00fcs salg\u0131n\u0131 tekrar ata\u011fa ge\u00e7ebilir. \u00d6zellikle 2020 Kas\u0131m veya Aral\u0131k aylar\u0131 dikkat \u00e7ekiyor. Yaz aylar\u0131nda salg\u0131n bir miktar gerilese de sonbaharda, \u00f6zellikle de kas\u0131m ay\u0131nda yeni bir vir\u00fcs dalgas\u0131yla kar\u015f\u0131la\u015fabiliriz!\n\nHanta, zika domuz gribi, SARS, MERS, veba gibi b\u00fcy\u00fck salg\u0131n haritalar\u0131na bakt\u0131\u011f\u0131m\u0131zda tutulmalar \u0130kizler ve Yay bur\u00e7lar\u0131nda oldu\u011fu d\u00f6nemlerde \u00e7ak\u0131\u015f\u0131yor. May\u0131s ay\u0131nda Ven\u00fcs \u0130kizler burcunda geriliyor ve \u0130kizler burcu astrolojide \u00fcst solunum yollar\u0131, ci\u011ferlerde hassasiyet demek\u2026 Tam \u015fu andaki vir\u00fcsle alakal\u0131 durumlar.\n\nYani bunlar\u0131 endi\u015fe yaratmak i\u00e7in de\u011fil uyarmak i\u00e7in s\u00f6yl\u00fcyorum fakat teknoloji ve bilim t\u0131p alan\u0131nda \u00e7ok h\u0131zl\u0131 geli\u015fmeler var \u00f6n\u00fcm\u00fczde.Ancak bunlar olurken \u00e7ok \u00e7abuk gev\u015fememeliyiz. Her \u015fey bitti ge\u00e7ti dememeliyiz. \u00d6zellikle haziran ay\u0131nda biraz iyiye gidi\u015fle beraber gard\u0131m\u0131z\u0131 d\u00fc\u015f\u00fcr\u00fcrsek, kalabal\u0131k ortamlarda yer almaya ba\u015flarsak her \u015fey k\u00f6t\u00fcye gidebilir.\n\n\u201cSONBAHAR AYLARINA D\u0130KKAT \u00c7EK\u0130YORUM\u201d\n\n1918 y\u0131l\u0131ndaki \u0130spanyol gribinde de ayn\u0131 bu zamandaki gibi Ven\u00fcs ge\u00e7i\u015fi olmu\u015f. 2012\u2019deki MERS salg\u0131n\u0131nda da olmu\u015f. 1918'deki \u0130spanyol gribi insanl\u0131\u011f\u0131n en b\u00fcy\u00fck kay\u0131plar\u0131ndan bir tanesinin ya\u015fand\u0131\u011f\u0131 bir zaman dilimi\u2026 Yakla\u015f\u0131k 50 milyon insan hayat\u0131n\u0131 kaybetmi\u015f. Bunun 1918 ve 1919 y\u0131llar\u0131nda oldu\u011funu g\u00f6r\u00fcyoruz. \u00dc\u00e7 kez dalga yap\u0131yor. \u0130lk dalga Mart 1918'de ba\u015fl\u0131yor. Yani Ven\u00fcs ge\u00e7i\u015fine yak\u0131n bir zamanda. Ve ikinci dalga yanl\u0131\u015f hat\u0131rlam\u0131yorsam 22 A\u011fustos'ta ba\u015fl\u0131yor. Bir sonraki y\u0131l\u0131n ba\u015f\u0131nda ise \u00fc\u00e7\u00fcnc\u00fc dalga oluyor. Ben t\u0131p insan\u0131 de\u011filim ama baz\u0131 \u00f6rneklere bakarak bu riskleri \u00f6ng\u00f6r\u00fcyorum ve sonbahar aylar\u0131na astrolojik a\u00e7\u0131dan dikkat \u00e7ekiyorum. T\u0131bb\u0131n \u015fimdi \u00e7ok daha geli\u015fmi\u015f oldu\u011fu i\u00e7in h\u0131zl\u0131 \u00e7\u00f6z\u00fcmler bulunaca\u011f\u0131n\u0131 d\u00fc\u015f\u00fcn\u00fcyorum. Fakat G\u00fcne\u015f aktivitelerinin azalmas\u0131 ve manyetik alandaki zay\u0131flama ba\u015fka vir\u00fcslerin devreye girme riskini g\u00f6steriyor.\n\n\u201c2022\u2019LERE 2023\u2019LERE KADAR G\u0130DEN B\u0130R S\u00dcRE\u00c7 G\u0130B\u0130 G\u00d6R\u00dcN\u00dcYOR\u201d\n\nSat\u00fcrn-Mars kavu\u015fumunu yeni deneyimledik. J\u00fcpiter-Mars kavu\u015fumunu 2020 sonunda deneyimleyece\u011fiz. Yani bu s\u00fcre\u00e7 2022 ve 2023\u2019lere kadar giden bir s\u00fcre\u00e7 gibi g\u00f6r\u00fcl\u00fcyor. Bu \u015fekilde de\u011fil belki ama hala benzeri durumlara a\u00e7\u0131k olabilece\u011fimizi g\u00f6steriyor.\n\nJ\u00fcpiter ve Sat\u00fcrn\u2019\u00fcn 21 Aral\u0131k 2020\u2019deki kavu\u015fumunu astrologlar \u00e7ok \u00f6nemsiyor. Her 20 y\u0131lda bir kavu\u015fum oluyor fakat bu seferki 180 y\u0131ll\u0131k yeni bir d\u00f6ng\u00fcy\u00fc ba\u015flatacak. Buna \u2018B\u00fcy\u00fck Mutasyon\u2019 deniyor. Bu zorluklarla beraber muhtemelen farkl\u0131 bir ya\u015fam \u015fekline ge\u00e7ece\u011fiz. Ben \u015fu an zorluklar ya\u015fasak da ileride bizim i\u00e7in \u00e7ok iyi bir zamana ge\u00e7ece\u011fimizi tahmin ediyorum.\n\n2023-2024 y\u0131llar\u0131nda ekonomide yeni bir modele ge\u00e7ilebilir. Daha iyiye gitmek \u00fczere bir tak\u0131m zorluklardan ge\u00e7iyoruz. \u201cDo\u011faya ne yapt\u0131k, insana ne yapt\u0131k\u201d diye d\u00fc\u015f\u00fcnd\u00fcren bir d\u00f6nemdeyiz. Bunlar\u0131 d\u00fc\u015f\u00fcnmek \u00fczere bir izolasyona girmi\u015f bulunmaktay\u0131z. Bence buradan bilgele\u015ferek insanl\u0131k i\u00e7in \u00e7ok daha iyisini yaparak \u00e7\u0131kaca\u011f\u0131z.\n\n\"MAYIS VEYA HAZ\u0130RAN AYLARINDA \u00dcLKEM\u0130ZDEN B\u0130L\u0130MSEL GEL\u0130\u015eMELER BEKL\u0130YORUM\"\n\n\u0130\u00e7inde bulundu\u011fumuz d\u00f6nemde g\u00fczel geli\u015fmeler ya\u015fayaca\u011f\u0131m\u0131z zamanlar var. 21 Haziran\u2019da bir G\u00fcne\u015f Tutulmas\u0131 var. \u0130nsanl\u0131\u011f\u0131n asl\u0131nda b\u00fcy\u00fck bir aile oldu\u011funu anlayaca\u011f\u0131 zamanlara gidiyoruz.\n\nBenim ba\u015fka bir umudum daha var. \u00dclkemizden \u00f6zellikle may\u0131s veya haziran aylar\u0131nda koronavir\u00fcse y\u00f6nelik bilimsel alanda geli\u015fmeler bekliyorum.\n\nS\u0130ZDEN GELEN D\u0130\u011eER SORULAR VE CEVAPLARIMIZ \u0130SE \u015e\u00d6YLE:\n\nBu astrologlar madem bir \u015feyler biliyor. Vir\u00fcsten \u00f6nce niye uyarmad\u0131lar toplumu?\n\nAstrologlar vir\u00fcs ortaya \u00e7\u0131kmadan \u00f6nce birtak\u0131m \u00f6ng\u00f6r\u00fclerini payla\u015fm\u0131\u015flard\u0131. A\u015fa\u011f\u0131daki linkten izleyebilirsiniz.\n\nhttps://www.haberturk.com/teke-tek-te-koronavirusu-tahmini-2622720\n\nBurcum Akrep. E\u015fimle ili\u015fkim ne zaman duzelecek?\n\nAkrep bur\u00e7lar\u0131n\u0131n temmuz ay\u0131na kadar odak noktalar\u0131 ikili ili\u015fkiler olacak. Ancak ikili ili\u015fkilede birtak\u0131m zorlanmalar, ani geli\u015fmeler \u00e7\u0131kabilir. 25 Haziran'dan sonra Ven\u00fcs retrosunun biti\u015fiyle ikili ili\u015fkilerde d\u00fczelmeler ya\u015fanabilir.\n\nBa\u015fak burcuyum. Bu y\u0131l bo\u015fanma ya da ayr\u0131l\u0131k g\u00f6z\u00fck\u00fcyor mu?\n\nBo\u015fanma ya da ayr\u0131l\u0131k gibi kesin bir dil kullanamay\u0131z elbette ancak Ba\u015fak bur\u00e7lar\u0131n\u0131n ikili ili\u015fkilerde bir testten ge\u00e7tiklerini s\u00f6yleyebiliriz. A\u015fk ve ili\u015fkilerde karma\u015f\u0131k bir d\u00f6nemdesiniz. 25 Haziran'a kadar a\u015fkta rahat bir d\u00f6neme ge\u00e7i\u015f yapabilirsiniz fakat ekim ay\u0131nda da p\u00fcr\u00fczler meydana gelebilir.\n\nAslan kad\u0131n\u0131 ile Yay erke\u011finin a\u015fk, evlilik uyumu nedir? Bu ikili imkans\u0131z\u0131 dahi ba\u015farabilir mi?\n\nYay erke\u011fi ve Aslan kad\u0131n\u0131n\u0131n aras\u0131nda inan\u0131lmaz bir uyum ve \u00e7ekim vard\u0131r. \u00d6rne\u011fin ikisi de olduk\u00e7a sosyal ve hareketli bur\u00e7lardand\u0131r. \u0130kisi de bol bol e\u011flenmeye, uzun sohbetler etmeye bay\u0131l\u0131r. Hem arkada\u015f hem e\u015f hem sevgili olurlar birbirlerine. Ancak bazen Yay burcunun Aslan'\u0131 alttan almas\u0131 ve \u00f6vg\u00fc dolu s\u00f6zlerde bulunmas\u0131 gerekebilir...\n\n14 Nisan 1983 Per\u015fembe g\u00fcn\u00fc saat 17 civar\u0131nda \u0130stanbul\u2019da do\u011fdum. Y\u00fckselenim nedir acaba?\n\nY\u00fckselen burcunuz Ba\u015fak\u2026\n\n03.03.1991 Gebze Kocaeli saat sabah 10.25 do\u011fumluyum. Bu y\u0131l\u0131m nas\u0131l ge\u00e7ecek, dikkat etmem gereken hususlar var m\u0131? Maddi manevi kariyer olarak kazan\u00e7l\u0131 \u00e7\u0131kmak, hayallerim ve hedeflerim i\u00e7in neler yapmal\u0131y\u0131m?\n\nVerdi\u011finiz bilgilere g\u00f6re G\u00fcne\u015f burcunuz Bal\u0131k, y\u00fckselen burcunuz ise \u0130kizler\u2026 Bir yandan yeni hedefler pe\u015finden ko\u015farken di\u011fer yandan bir anda modunuzu d\u00fc\u015f\u00fcrebiliyorsunuz. \u0130\u015f ile ilgili birtak\u0131m s\u0131k\u0131nt\u0131lar ya\u015f\u0131yor olabilirsiniz\u2026 Kariyer konusunda hedeflerinizin \u00e7ok daha gerisinde kald\u0131\u011f\u0131n\u0131z\u0131 d\u00fc\u015f\u00fcn\u00fcyorsunuz. Ancak yapamad\u0131klar\u0131n\u0131z\u0131 de\u011fil, bundan sonra olacaklara kafa yormal\u0131s\u0131n\u0131z. Bunun yan\u0131nda bu y\u0131l sonuna kadar b\u00fcy\u00fck bor\u00e7lara girmemenizde fayda var. \u00c7\u00fcnk\u00fc ileride birikimlerinizi i\u015f ve farkl\u0131 yat\u0131r\u0131mlar i\u00e7in kullanman\u0131z gerekebilir. \u00d6zellikle y\u0131l sonuna do\u011fru internetle ilgili i\u015fler yapabilir, yurt d\u0131\u015f\u0131 ba\u011flant\u0131l\u0131 i\u015flere y\u00f6nelebilirsiniz.\n\nAkrep burcuyum. Y\u00fckselenim de Akrep\u2026 Ne zaman mutlu olaca\u011f\u0131m?\n\nAkrep bur\u00e7lar\u0131 son birka\u00e7 y\u0131ld\u0131r sosyalle\u015fememek, farkl\u0131 insanlarla tan\u0131\u015famamaktan dem vuruyordu. \u00d6zellikle yak\u0131n \u00e7evrede s\u0131k\u0131\u015fma ve ileti\u015fimde t\u0131kanmalar ya\u015f\u0131yordunuz. Haliyle de yeni bir ili\u015fkiye ba\u015flamada, farkl\u0131 i\u015fler yapmada zorlanmalar ya\u015f\u0131yordunuz. Koronavir\u00fcs nedeniyle i\u00e7e d\u00f6nd\u00fc\u011f\u00fcm\u00fcz \u015fu g\u00fcnlerde bu durum biraz daha s\u00fcrecek maalesef. Ancak y\u0131l sonundan itibaren kariyerde ve \u00f6zel hayatta d\u00fczelme olacak.\n\nGezegenlerin geri hareketi ne demek?\n\nElbette hi\u00e7bir gezegen geri hareket etmez. Biz d\u00fcnyadan bakt\u0131\u011f\u0131m\u0131zda, gezegenlerin d\u00f6n\u00fc\u015f h\u0131z\u0131 D\u00fcnya'n\u0131n d\u00f6n\u00fc\u015f h\u0131z\u0131ndan daha yava\u015f bir konuma geldi\u011fi anda, izledi\u011fimiz referans noktas\u0131ndan yani D\u00fcnya\u2019dan geri gidiyormu\u015f izlenimi verirler. Gezegenler geri hareketine ba\u015flad\u0131\u011f\u0131 zaman g\u00fc\u00e7leri d\u00fc\u015fer... Gezegenlerin temsil etti\u011fi konularda birtak\u0131m aksakl\u0131klar ve problemler ortaya \u00e7\u0131kabilir.\n\nYenge\u00e7 g\u00fcn y\u00fcz\u00fc g\u00f6recek mi? Ne zaman mutlu olacak? Ne zaman s\u0131k\u0131nt\u0131lar\u0131 atlatacak?\n\n\u015eu an maddi konularda ve ili\u015fkilerde \u00f6n\u00fcn\u00fcz\u00fc iyi g\u00f6remedi\u011finizi d\u00fc\u015f\u00fcnebilirsiniz. Fakat bu durum tamamen ge\u00e7ici... \u00d6rne\u011fin 5 Haziran'da meydana gelecek Ay Tutulmas\u0131 yeni ba\u015flang\u0131\u00e7lar\u0131n kap\u0131s\u0131n\u0131 aral\u0131yor. Daha sonra 21 Haziran'daki G\u00fcne\u015f Tutulmas\u0131 ise, d\u0131\u015f g\u00f6r\u00fcn\u00fc\u015f\u00fcn\u00fcz, sa\u011fl\u0131\u011f\u0131n\u0131z uzun zamand\u0131r olmad\u0131\u011f\u0131 kadar iyi olacak. Hatta bu s\u0131ralar \u00f6nemli kararlar verebilir ve sonras\u0131 i\u00e7in b\u00fcy\u00fck ad\u0131mlar atabilirsiniz. A\u011fustosta, hayattan \u00e7ok daha fazla keyif alacaks\u0131n\u0131z. Yaln\u0131zsan\u0131z belki de kendinizi bir ili\u015fki i\u00e7erisinde bulabilirsiniz.\n\nKo\u00e7 burcuyum. Ev han\u0131m\u0131y\u0131m. Evlili\u011fim k\u00f6t\u00fc gidiyor. G\u00fcven problemleri var. D\u00fczelecek mi?\n\nHer zamankinden \u00e7ok daha fazla al\u0131ngan oldu\u011funuz bir d\u00f6nemdesiniz. \u015eu s\u0131ralar evlili\u011finiz ilgilendiren konularda ileti\u015fim sorunlar\u0131 olsa da olaylara iki tarafl\u0131 bakman\u0131z ve sorunlar\u0131 ortadan kald\u0131rmak i\u00e7in yap\u0131c\u0131 olmal\u0131s\u0131n\u0131z. E\u011fer huzursuzluklar\u0131n\u0131z varsa payla\u015fmal\u0131s\u0131n\u0131z. B\u00f6ylelikle sorunlar ortadan kalkacakt\u0131r. Zira 21 Haziran'daki G\u00fcne\u015f Tutulmas\u0131'nda, 5 Temmmuz'daki Ay Tutulmas\u0131'nda keyifli bir s\u00fcrece girebilirsiniz.\n\n28 Eyl\u00fcl 1971 U\u015fak Karahall\u0131\u2019da sabah 04 05 aras\u0131 do\u011fmu\u015fum. Y\u00fckselen burcum nedir?\n\nY\u00fckselen burcunuz Ba\u015fak.\n\n9.10.1985 Giresun saat 20.00. Y\u00fckselen burcum nedir?\n\nY\u00fckselen burcunuz \u0130kizler.\n\n12 Nisan Avustralya Melbourne'da do\u011fdum. 4 y\u0131ld\u0131r depresyonday\u0131m, evden de \u00e7\u0131kma iste\u011fim yoktu bu zamana kadar. Tekrar harekete ge\u00e7mek isterken ve i\u015f kurmay\u0131 d\u00fc\u015f\u00fcn\u00fcrken hoop bir anda Covid-19 belas\u0131 geldi. Acaba olumlu ya da olumsuz bir \u015feyler olacak m\u0131 yak\u0131n gelecekte benim i\u00e7in?\n\n\u00d6ncelikle \u00e7ok ge\u00e7mi\u015f olsun... Umar\u0131m planlad\u0131\u011f\u0131n\u0131z i\u015fi kurabilirsiniz. Verdi\u011finiz tarihten Ko\u00e7 burcu oldu\u011funu anl\u0131yoruz. Bir soruda daha belirtti\u011fim gibi Ko\u00e7 bur\u00e7lar\u0131 son 2 y\u0131ld\u0131r \u00f6zellikle kariyerde test ediliyordu. Bunun yan\u0131nda Uran\u00fcs son 7 y\u0131ld\u0131r sizin burcunuzdayd\u0131 ve ge\u00e7ti\u011fimiz y\u0131l Bo\u011fa burcuna ge\u00e7ti. Yani 7 y\u0131ld\u0131r bir \u015feylere al\u0131\u015fmaya \u00e7al\u0131\u015f\u0131rken, d\u00fczen oturturken zorlanmalar ya\u015f\u0131yordunuz. Bu durum \u00f6zellikle e\u011fitim ve kariyer alan\u0131nda etkiliyordu sizleri. Ancak Uran\u00fcs burcunuzdan ayr\u0131ld\u0131 ve art\u0131k harekete ge\u00e7me vakti geldi. \u0130\u015finizle ilgili birtak\u0131m s\u0131k\u0131nt\u0131 ve problemler vard\u0131 ancak kariyerde \u015fans ve f\u0131rsatlarla kar\u015f\u0131la\u015facaks\u0131n\u0131z. Ancak her \u015fey aya\u011f\u0131n\u0131za gelmeyecek elbette. \u0130steklerinize ula\u015fman\u0131z i\u00e7in biraz daha fazla \u00e7aba harcaman\u0131z gerekecek. Fakat y\u0131l sonuna do\u011fru \u00e7ok mutlu olacaks\u0131n\u0131z.\n\n22 Kas\u0131m 1975, gece 24'te do\u011fmu\u015fum. Burcum ne oluyor? Akrep mi Yay m\u0131? Ne zaman her \u015fey g\u00fczel olacak?\n\nAkrep burcusunuz fakat tam s\u0131n\u0131rda d\u00fcnyaya geldi\u011finiz i\u00e7in Yay \u00f6zelliklerini de ta\u015f\u0131yor olabilirsiniz. Di\u011fer sorunun cevab\u0131 ise haberimizde yer al\u0131yor.\n\nErkek Ba\u015fak ile Aslan kad\u0131n\u0131 aras\u0131ndaki ili\u015fki ve evlilik durumu nas\u0131ld\u0131r?\n\nBu iki bur\u00e7 aras\u0131ndaki ili\u015fki kesinlikle u\u00e7 noktalarda olacakt\u0131r. Bask\u0131n karakterde olan Aslan bur\u00e7lar\u0131 ve uyumlu Ba\u015fak erkekleri bir noktada anla\u015f\u0131r fakat Ba\u015fak'\u0131n Aslan'\u0131 alttan almas\u0131 ve her zaman destek verdi\u011fini g\u00f6stermesi gereklidir. Ayr\u0131ca Ba\u015faklar\u0131n ele\u015ftiri dozunu da azaltmas\u0131 \u00f6nemlidir. Ba\u015fak burcunun da Aslan'a ayak uydurabilmesi i\u00e7in s\u0131cakkanl\u0131 ve daha d\u0131\u015fa d\u00f6n\u00fck olmal\u0131d\u0131r. E\u011fer iki taraf da emek verirse birbirlerinden \u00e7ok \u015fey \u00f6\u011frenebilirler ve ili\u015fkileri uzun s\u00fcrebilir.\n\nKo\u00e7 burcunun olumsuz g\u00f6r\u00fcnecek durumlar\u0131 nelerdir?\n\nSon 2 y\u0131ld\u0131r kariyer alan\u0131nda test ediliyordunuz... \u0130\u015finizle ilgili birtak\u0131m s\u0131k\u0131nt\u0131 ve problemler vard\u0131 ancak kariyerde \u015fans ve f\u0131rsatlarla kar\u015f\u0131la\u015fma vakti geldi. Ancak g\u00fczel g\u00fcnler kolayca aya\u011f\u0131n\u0131za gelmeyecek... \u0130steklerinize ula\u015fman\u0131z i\u00e7in biraz daha fazla \u00e7aba harcaman\u0131z gerekecek. Hatta kariyerde de\u011fi\u015fiklik yapmak istiyorsan\u0131z zorlu ve sanc\u0131l\u0131 bir d\u00f6neme girebilirsiniz. Parasal konularda da biraz zorlanmalar olas\u0131 fakat \u00e7aba ile olumsuzluklar\u0131 f\u0131rsata \u00e7evirebilirsiniz.\n\nBo\u011fa erke\u011fi ve Kova kad\u0131n\u0131 evlili\u011fi yada fl\u00f6rt\u00fc hakk\u0131nda bilgi verebilir misiniz l\u00fctfen...\n\nHer Bo\u011fa ve Kova birbirini sevecek ya da nefret edecek gibi bir durum yok... B\u00f6yle konularda y\u0131ld\u0131z haritas\u0131na bakmak daha uygun olacakt\u0131r. Ancak Bo\u011fa ve Kova'n\u0131n anla\u015famad\u0131\u011f\u0131 durumlar olacakt\u0131r. \u00d6rne\u011fin, Bo\u011fa burcu daha evcimen, Kova daha d\u0131\u015fa d\u00f6n\u00fckt\u00fcr, gezmeyi ve ke\u015ffetmeyi sever... Bo\u011fa, Kova'lar\u0131n yan\u0131nda sabit fikirli kalabilir. Ancak sabrederek birbirinizi tan\u0131maya \u00e7al\u0131\u015f\u0131rsan\u0131z ili\u015fkiyi y\u00fcr\u00fctebilirsiniz.\n\n13 Ekim 1995 \u0130zmir do\u011fumluyum. Saat sabaha kar\u015f\u0131 4 sular\u0131nda do\u011fmu\u015fum. Y\u00fckselenimi \u00f6\u011frenebilirmiyim? Bir de bu y\u0131l terazi burcunu neler bekliyor? \u0130\u015f ve a\u015fk hayat\u0131nda nas\u0131l geli\u015fmeler ya\u015fanacak?\n\nY\u00fckselen bur\u00e7 hesaplamalar\u0131nda do\u011fum yerini de bilmek gerekiyor. Di\u011fer sorunuza gelirsek, 28 Ekim'de G\u00fcne\u015f'in burcunuza ge\u00e7i\u015fiyle a\u015fk konular\u0131nda daha \u015fansl\u0131 bir d\u00f6neme gireceksiniz... Kendinizi daha al\u0131ml\u0131 ve \u00e7ekici hissedece\u011finiz bu d\u00f6nemde d\u0131\u015f g\u00f6r\u00fcn\u00fc\u015f\u00fcn\u00fcze de daha fazla \u00f6nem verebilirsiniz. Ancak aral\u0131k ay\u0131nda a\u015fk konular\u0131nda s\u0131nava tabii tutulabilirsiniz. Kariyerde ise daha fazla toplum \u00f6n\u00fcnde bulunabilirsiniz. Sahne sanatlar\u0131nda, artistik konularda \u00f6n planda olabilirsiniz.\n\nTutulma ve vir\u00fcs nas\u0131l ba\u011fda\u015f\u0131yor? Onu a\u00e7\u0131klar m\u0131s\u0131n\u0131z l\u00fctfen.\n\nTutulma ile vir\u00fcs\u00fcn direkt ba\u011flant\u0131s\u0131 yok elbette. Ancak y\u0131l i\u00e7inde normalden fazla tutulman\u0131n ya\u015fanmas\u0131 senenin olayl\u0131 ge\u00e7ece\u011finin sinyalini veriyordu. Bir y\u0131lda ortalama 4 tutulma ya\u015fan\u0131yor ancak bu sene 6 tutulma meydana gelecek. Astrologlar, Hanta, zika domuz gribi, SARS, MERS, veba gibi salg\u0131nlar\u0131n haritalar\u0131na bakt\u0131\u011f\u0131nda \u0130kizler ve Yay bur\u00e7lar\u0131nda tutulmalar\u0131n ya\u015fand\u0131\u011f\u0131n\u0131n alt\u0131n\u0131 \u00e7iziyor. Bu sene de \u0130kizler ve Yay bur\u00e7lar\u0131nda tam 3 tane tutulma var. May\u0131s ay\u0131nda ayr\u0131ca Ven\u00fcs \u0130kizler burcunda geriliyor. \u0130kizler burcu astrolojide \u00fcst solunum yollar\u0131, ci\u011ferlerde hassasiyet anlam\u0131 ta\u015f\u0131d\u0131\u011f\u0131ndan vir\u00fcs ile ilgili \u00e7a\u011fr\u0131\u015f\u0131mda bulunuluyor.\n\n7 Haziran 1988 Pazartesi saat 5'te Malatya'da do\u011fdum. Y\u00fckselenimi \u00f6\u011frenebilir miyim?\n\nE\u011fer sabah saat 5'te do\u011fduysan\u0131z y\u00fckselen burcunuz \u0130kizler.\n\nAk\u015fam 5'te do\u011fduysan\u0131z y\u00fckselen burcunuz Akrep...\n\nNormal hayata ne zaman d\u00f6neriz? Temmuza kadar her\u015fey yoluna girer mi?\n\nAstrologlar yaz aylar\u0131nda vir\u00fcs\u00fcn etkisinin azalaca\u011f\u0131n\u0131 fakat dikkat etmezsen sonraki aylarda vir\u00fcs\u00fcn tekrar ata\u011fa ge\u00e7ebilece\u011fini s\u00f6yl\u00fcyor. \u00d6zellikle 2020 Kas\u0131m veya Aral\u0131k aylar\u0131 dikkat \u00e7ekiyor. Yaz aylar\u0131nda salg\u0131n bir miktar gerilese de sonbaharda, \u00f6zellikle de kas\u0131m ay\u0131nda yeni bir vir\u00fcs dalgas\u0131yla kar\u015f\u0131la\u015f\u0131labilece\u011fi belirtiliyor. E\u011fer vir\u00fcse dikkat etmezsek normal hayata ge\u00e7mek i\u00e7in biraz s\u00fcre var gibi g\u00f6r\u00fcn\u00fcyor...\n\nMerhaba Aslan burcuyum, y\u00fckselenim Terazi, ay burcum ise Ko\u00e7. Bu y\u0131l benim i\u00e7in nas\u0131l ge\u00e7ecek?\n\nY\u0131l\u0131n geri kalan\u0131 i\u00e7in konu\u015fursak, may\u0131s ay\u0131nda Ven\u00fcs \u0130kizler burcunda geri hareketine ba\u015fl\u0131yor, J\u00fcpiter de O\u011flak burcunda geri harekette. \u0130leti\u015fim ile ilgili sorunlar ya\u015fayabilirsiniz. \u0130\u015fleri uzaktan halletmeye \u00e7al\u0131\u015f\u0131rken y\u00f6netimde birtak\u0131m s\u0131k\u0131nt\u0131lar olabilir. May\u0131sta ayr\u0131ca ev ile alakal\u0131 i\u015flerinizde gecikmeler meydana gelebilir. Haziran'daki Ay Tutulmas\u0131 biraz zorlay\u0131c\u0131 ge\u00e7ecek. Her zaman yapt\u0131\u011f\u0131n\u0131z i\u015flerle alakal\u0131 s\u0131k\u0131nt\u0131 ve stres ya\u015fayabilirsiniz. Ancak hazirandaki G\u00fcne\u015f Tutulmas\u0131 sizi destekliyor. \u0130\u015f ile alakal\u0131 sevindirici haberler alabilirsiniz. Y\u0131l sonuna do\u011fru ise kendi yeteneklerinizin fark\u0131nda olacak ve kariyerde daha atak olacaks\u0131n\u0131z.\n\n\u0130kizler ger\u00e7ek a\u015fk\u0131 bulabilir mi?\n\nYorum yaparken y\u00fckselen burca da bakmakta fayda var. Ancak \u0130kizler bur\u00e7lar\u0131n\u0131n a\u015fk hayat\u0131 \u015fu an i\u00e7in durgun. Gezegenlerin geri harekette olmas\u0131 da nisan, may\u0131s ve haziran ay\u0131nda sizi desteklemiyor ancak temmuzda meydana gelecek Ay Tutulmas\u0131'nda a\u015fk konular\u0131nda \u015fans veriyor. Yaln\u0131zlar bu d\u00f6nemde kendilerini heyecan verici bir ili\u015fki i\u00e7erisinde bulabilir. Eskiyi de arkan\u0131zda b\u0131rakabilirsiniz.\n\n21-06-1981 saat sabah 9\u2019da do\u011fmu\u015fum. Y\u00fckselenimi s\u00f6yleyebilir misiniz? Her site farkl\u0131 s\u00f6yl\u00fcyor?\n\nY\u00fckselen bur\u00e7 hesaplamalar\u0131nda do\u011fum yerine de bak\u0131l\u0131yor. O nedenle do\u011fum yeri olmadan kesin bir bilgi veremiyoruz.\n\n3 Eyl\u00fcl 1983 do\u011fumluyum. Cumartesi saat 19:40\u2019da do\u011fmu\u015fum. Y\u00fckselenim nedir?\n\nY\u00fckselen bur\u00e7 hesaplamalar\u0131nda do\u011fum yerine de bak\u0131l\u0131yor. O nedenle do\u011fum yeri olmadan kesin bir bilgi veremiyoruz.\n\n22 Haziran 1977 do\u011fumluyum. Tutulma beni nas\u0131l etkiler?\n\nYenge\u00e7 burcusunuz ancak tutulman\u0131n etkilerine bakarken y\u00fckselen burca da bakmak daha do\u011fru olacakt\u0131r. Bu bilgilerden yola \u00e7\u0131karsak; Yenge\u00e7 burcusunuz ancak tutulman\u0131n etkilerine bakarken y\u00fckselen burca da bakmak daha do\u011fru olacakt\u0131r. Bu bilgilerden yola \u00e7\u0131karsak; 5 Haziran'daki Ay Tutulmas\u0131'nda kendinizi daha canl\u0131 ve enerjik hissetmeye ba\u015fl\u0131yorsunuz. Tamamlaman\u0131z gereken i\u015flerle ilgili motivasyonunuz y\u00fckseliyor. 21 Haziran'daki G\u00fcne\u015f Tutulmas\u0131'nda sa\u011fl\u0131\u011f\u0131n\u0131z, d\u0131\u015f g\u00f6r\u00fcnt\u00fcn\u00fcz, ruh haliniz olduk\u00e7a g\u00fczel. Yeni i\u015f ba\u015flang\u0131\u00e7lar\u0131, ev hayat\u0131nda d\u00fczen gibi konular hayat\u0131n\u0131zda hakim olacak. Temmuzdaki ay tutulmas\u0131nda baz\u0131 biti\u015fler meydana gelebilir fakat buna olumlu y\u00f6nden bakmal\u0131 ve hayat\u0131n\u0131za devam etmelisiniz. 30 Kas\u0131m'daki Ay Tutulmas\u0131'nda \u00f6zel hayat\u0131n\u0131zda gizli bilgiler a\u00e7\u0131\u011fa \u00e7\u0131kabilir. Dedikodular\u0131n can\u0131n\u0131z\u0131 s\u0131kmas\u0131na izin vermeyin. Son olarak aral\u0131ktaki G\u00fcne\u015f Tutulmas\u0131'nda yat\u0131r\u0131m ve desteklerle aya\u011fa kalkabilirsiniz.\n\nO\u011flum 21 Haziran 2002 do\u011fumlu. 18 ya da 17.30 civar\u0131 do\u011fdu. Burcu nedir?\n\nO\u011flunuzun G\u00fcne\u015f burcu \u0130kizler fakat y\u00fckselen bur\u00e7 i\u00e7in do\u011fum yerinin il olarak bilinmesinde fayda var.\n\nBa\u015fak ve Bo\u011fa\u2019n\u0131n sa\u011fl\u0131k durumu nedir? Tansiyon hastas\u0131y\u0131m. Benim i\u00e7in nas\u0131l ge\u00e7ecek?\n\nBu y\u0131l sa\u011fl\u0131\u011f\u0131n\u0131zda iyile\u015fmeler meydana geliyor. \u00d6zellikle yaz ba\u015f\u0131nda ve eyl\u00fcl ay\u0131nda beslenmenize dikkat ederek hayat\u0131n\u0131za \u00e7eki d\u00fczen verebilirsiniz.\n\nBal\u0131k burcu i\u00e7in 2020 daha ne kadar k\u00f6t\u00fc ge\u00e7ecek? G\u00fczel g\u00fcnler g\u00f6recek miyiz?\n\nBal\u0131k bur\u00e7lar\u0131n\u0131n \u00f6zellikle kariyerden yana pek y\u00fczleri g\u00fclmemi\u015fti\u2026 Sosyal \u00e7evrede ya\u015fad\u0131\u011f\u0131 s\u0131k\u0131nt\u0131lar ve izole ya\u015fam biraz s\u0131k\u0131nt\u0131l\u0131 bir s\u00fcre\u00e7 do\u011furacak ancak y\u0131l sonundan itibaren yeni projelerle aya\u011fa kalk\u0131yorsunuz. Yeter ki hayaller alemine dalmak yerine daha ger\u00e7ek\u00e7i isteklerde bulunun ve isteklerinizin \u00fczerine gidin.\n\n2020 y\u0131l\u0131n\u0131n varsa en g\u00fczel zamanlar\u0131n\u0131 merak ediyorum...\n\n2020 y\u0131l\u0131 zorluklarla kar\u015f\u0131la\u015faca\u011f\u0131m\u0131z, dibe vurmadan y\u00fckselemeyece\u011fimiz bir d\u00f6nem ama k\u0131sa vadede elbette g\u00fczel zamanlar var. Ancak yaz aylar\u0131 do\u011fan\u0131n canland\u0131\u011f\u0131 enerjimizin artt\u0131\u011f\u0131 aylar... \u00d6rne\u011fin 21 Haziran\u2019da Yenge\u00e7 burcunda G\u00fcne\u015f Tutulmas\u0131 meydana geliyor. 5 Temmuz'da O\u011flak burcunda Ay Tutulmas\u0131 var. 14 Aral\u0131k\u2019ta Yay burcunda G\u00fcne\u015f Tutulmas\u0131 var. Bu tarihlerde g\u00fczel geli\u015fmeler ya\u015fanabilir.\n\n25 Ekim'de d\u00fc\u011f\u00fcn\u00fcm olacakt\u0131, sizce ertelemeli miyim?\n\nAstrologlar, vir\u00fcs\u00fcn yaz aylar\u0131nda azalaca\u011f\u0131n\u0131 fakat kas\u0131m aylar\u0131nda tekrar artaca\u011f\u0131n\u0131 \u00f6ng\u00f6r\u00fcyor. Fakat elbette ekime kadar \u00e7ok vakit var. Beklemenizi tavsiye ederiz.\n\n3 Eyl\u00fcl 1983 do\u011fumluyum. Cumartesi g\u00fcn\u00fc saat 19:40'da do\u011fmu\u015fum. Y\u00fckselenim nedir?\n\nY\u00fckselen bur\u00e7 hesaplamak i\u00e7in do\u011fum yerinizi de belirtmeniz gerekiyor. \u0130nternette do\u011fum bilgilerini yaz\u0131nca y\u00fckselen bur\u00e7 hesaplayan pek \u00e7ok site mevcut.\n\nDo\u011fum saati bilinmiyorsa y\u00fckselen bur\u00e7 nas\u0131l hesaplan\u0131r?\n\nAstrolojide ki\u015filik \u00f6zelliklerinizi, haftal\u0131k veya g\u00fcnl\u00fck bur\u00e7 yorumlar\u0131na bakmak i\u00e7in G\u00fcne\u015f burcunun yan\u0131nda y\u00fckselen burca da bak\u0131l\u0131yor. Y\u00fckselen bur\u00e7 i\u00e7in ise do\u011fum saatinin ve yerinin bilinmesi gerekiyor. \u00c7\u00fcnk\u00fc do\u011fum saatine g\u00f6re y\u00fckselen bur\u00e7 tespit ediliyor. Ancak do\u011fum saatinizi bilmiyosan\u0131z davran\u0131\u015f bi\u00e7imlerinizden, fiziksel \u00f6zelliklerinizden, y\u00f6neldi\u011finiz meslekten, hayata dair d\u00fc\u015f\u00fcncelerinizden, duygu durumunuzdan bir \u00e7\u0131kar\u0131m yap\u0131larak tahmin y\u00fcr\u00fct\u00fclebilir. Ayr\u0131ca astrolojik harita hesaplarken de hayattaki d\u00f6n\u00fcm noktalar\u0131ndan yola \u00e7\u0131k\u0131larak sonu\u00e7 elde edilebilir.\n\nDo\u011fum tarihim 21.06.1980, tutulmalardan birisi tam olarak bu tarihe denk geliyor. Y\u00fckselen Akrep olarak bana olumlu ya da olumsuz y\u00f6nde nas\u0131l bir etkisi olur? Ya da olur mu?\n\n21 Haziran'da Yenge\u00e7 burcunda bir G\u00fcne\u015f Tutulmas\u0131 meydana gelecek ve siz de tutulmadan etkileneceksiniz. Fakat olumsuz anlamda de\u011fil. G\u00fcne\u015f Tutulmas\u0131'nda birle\u015ftirici bir g\u00fc\u00e7 olacak. Ayn\u0131 Yenge\u00e7 bur\u00e7lar\u0131 gibi daha payla\u015f\u0131mc\u0131, yard\u0131msever etkilerle kar\u015f\u0131la\u015fabilirsiniz. Havalar\u0131n \u0131s\u0131nmas\u0131yla pozitif bir ruha b\u00fcr\u00fcnebilirsiniz. K\u0131saca G\u00fcne\u015f Tutulmas\u0131 burcunuzu ve di\u011fer bur\u00e7lar\u0131 olumlu y\u00f6nde etkiliyor...\n\nYay burcuyum. Y\u00fckselenim de Yay her \u015fey \u00e7ok k\u00f6t\u00fc gidiyor. Evlilik, i\u015f hepsi. Ne zaman d\u00fczelecek?\n\nYay bur\u00e7lar\u0131 bu y\u0131l \u00f6zellikle finans konular\u0131nda \u00e7ok zorlu d\u00f6nemler ge\u00e7iriyorlar ve 2020 sonuna kadar maddi konularda s\u0131k\u0131nt\u0131lar devam edecek gibi g\u00f6r\u00fcn\u00fcyor maalesef. Bu durum aile i\u00e7ine de yans\u0131yor olabilir. Fakat 2020 sonundan itibaren i\u015fler yoluna girmeye ba\u015fl\u0131yor. Belki farkl\u0131 meslek kollar\u0131na y\u00f6nelerek, online i\u015fler yaparak iyi kazan\u00e7lar sa\u011flayabilirsiniz.\n\nY\u00fckseleni \u0130kizler olan Kova burcunun i\u015f durumu bu y\u0131l nas\u0131l olacak?\n\nBor\u00e7lar konusunda, alacak verecek meselelerinde bir tak\u0131m s\u0131k\u0131nt\u0131lar ya\u015fam\u0131\u015f veya ya\u015f\u0131yor olabilirsiniz. \u0130\u015f ile ilgili girdi\u011finiz bor\u00e7lar y\u00fcz\u00fcnden biraz s\u0131k\u0131nt\u0131l\u0131 bir durum g\u00f6z\u00fck\u00fcyor. Bu zorluklar aral\u0131k ay\u0131ndan itibaren d\u00fczelebilir. \u00d6zellikle 2020'den sonra kendinizi daha iyi ifade edebilecek i\u015flere imza atabilirsiniz. Veya sekt\u00f6r\u00fcn\u00fcz\u00fc geli\u015ftirmek isteyebilir, \u00f6rne\u011fin ticaretle u\u011fra\u015f\u0131yorsan\u0131z online \u00fczerinden sat\u0131\u015fa a\u011f\u0131rl\u0131k verebilirsiniz.\n\n13 May\u0131s veya takip eden g\u00fcnler i\u00e7in \u00f6ng\u00f6r\u00fcleriniz nelerdir? Te\u015fekk\u00fcr ederim.\n\n13 May\u0131s'ta Ven\u00fcs gerilemesi meydana geliyor. Ard\u0131ndan da 3 Haziran'da Ven\u00fcs\u2019\u00fcn G\u00fcne\u015f diski \u00f6n\u00fcnden i\u00e7ten ge\u00e7i\u015f yapt\u0131\u011f\u0131 bir d\u00f6neme girmek \u00fczereyiz. Konu ile ilgili detayl\u0131 bilgi \u00fcst paragrafta yer al\u0131yor.\n\nKorona ne zaman bitecek?\n\nKoronavir\u00fcs\u00fcn ne zaman bitece\u011fi ile ilgili kesin bir tahmin veremeyiz elbette. Ancak astrolojiye g\u00f6re nisan ve may\u0131s aylar\u0131nda vir\u00fcse kar\u015f\u0131 dikkatli olmak ve sosyal izolasyon olduk\u00e7a \u00f6nemli\u2026 Astrologlar yaz aylar\u0131nda koronavir\u00fcs\u00fcn azalaca\u011f\u0131n\u0131 \u00f6ng\u00f6r\u00fcyor. Ancak bu s\u00fcre\u00e7te dikkatli olunmazsa kas\u0131m aylar\u0131nda yeni bir vir\u00fcs dalgas\u0131 meydana gelebilir. \u00d6zellikle haziran ay\u0131nda biraz iyiye gidi\u015fle beraber gard\u0131m\u0131z\u0131 d\u00fc\u015f\u00fcr\u00fcrsek, kalabal\u0131k ortamlarda yer almaya ba\u015flarsak her \u015fey k\u00f6t\u00fcye gidebilir. Ya da yeni vir\u00fcsler ortaya \u00e7\u0131kabilir.\n\nBu y\u0131l\u0131n en \u015fansl\u0131s\u0131n\u0131n O\u011flak burcu olaca\u011f\u0131 ve ba\u015far\u0131 \u00e7al\u0131\u015fma disiplininin \u00f6n planda olaca\u011f\u0131 s\u00f6ylenmi\u015fti. \u015eimdi ise her \u015fey durmu\u015f g\u00f6z\u00fck\u00fcyor. O\u011flak ve y\u00fckselen O\u011flaklar a\u00e7\u0131s\u0131ndan durum nedir?\n\nHer y\u0131l farkl\u0131 astrologlar en \u015fansl\u0131 burcu ilan ediyor ama tabii ki fikir birli\u011fi yok ve olamaz da zaten. O\u011flaklar \u00f6zellikle maddi ve kariyer konular\u0131nda yo\u011fun ve s\u0131k\u0131nt\u0131l\u0131 bir s\u00fcre\u00e7teler. Ancak \u00e7ok disiplinli ve \u00e7al\u0131\u015fkan olan O\u011flaklar pes etmeyip zorluklar\u0131n \u00fcstesinden gelecekler. O\u011flaklar yeni f\u0131rsat ve kazan\u0131mlar\u0131 2020'nin sonlar\u0131nda veya 2021'in ba\u015f\u0131nda elde edecekler.\n\nAslan bur\u00e7lar\u0131n\u0131n 2020-2022 aras\u0131 ya\u015famlar\u0131 nas\u0131l olacak? Ev sat\u0131n alabilecekler mi?\n\nElbette Aslan bur\u00e7lar\u0131 i\u00e7in b\u00f6yle spesifik bir bilgi vermek do\u011fru de\u011fil. Y\u00fckselen bur\u00e7 ve y\u0131ld\u0131z haritas\u0131 i\u015fin i\u00e7ine girerse daha do\u011fru olur. Ancak Aslan bur\u00e7lar\u0131 ekonomik anlamda s\u0131k\u0131nt\u0131l\u0131 bir s\u00fcre\u00e7teler... \u00c7al\u0131\u015fma alanlar\u0131n\u0131n daralmas\u0131 s\u00f6z konusu olabilir. Aslan bur\u00e7lar\u0131 2020 sonu ve 2021 y\u0131llar\u0131nda kendilerine yeni i\u015f f\u0131rsatlar\u0131 olu\u015fturabilirse rahatlama ya\u015fayabilir.\n\n23/11/1969 do\u011fumluyum. Burcum nedir acaba?\n\nYay burcusunuz.\n\nAlmanya'da ya\u015f\u0131yoruz, A\u011fustos'un 17'sinde vatana biletleri iptal m\u0131 etmeliyiz?\n\nAstrolojiden ayr\u0131 olarak \u015fu an u\u00e7u\u015flar durdurulmu\u015f durumda. Vir\u00fcs ile ilgili astrologlar \u00e7e\u015fitli uyar\u0131 yap\u0131yor fakat tam tarih vermeleri do\u011fru de\u011fil. Vir\u00fcs\u00fcn yaz aylar\u0131nda azalaca\u011f\u0131 s\u00f6yleniyor fakat ikinci ya da \u00fc\u00e7\u00fcnc\u00fc dalgalar ortaya \u00e7\u0131kabilir. Ya da k\u0131sa s\u00fcrede a\u015f\u0131 \u00e7al\u0131\u015fmalar\u0131 sonu\u00e7 verebilir. \u00d6nlemler kapsam\u0131nda seyahat yasa\u011f\u0131n\u0131n kalk\u0131p kalkmayaca\u011f\u0131n\u0131 bilemeyiz.\n\n3 Kas\u0131m do\u011fumluyum burcumda g\u00fczel geli\u015fmeler olacak m\u0131?\n\n3 Kas\u0131m do\u011fumluysan\u0131z Akrep burcusunuz demektir. Ancak bur\u00e7 yorumlar\u0131 i\u00e7in hem y\u00fckselen hem G\u00fcne\u015f burcuna bakmak gerekiyor. Bu y\u0131l 6 tane tutulma olaca\u011f\u0131n\u0131, gezegenlerin \u00e7o\u011funun geri harekette olaca\u011f\u0131n\u0131 ve hareketli bir sene ya\u015fayaca\u011f\u0131m\u0131z\u0131 s\u00f6ylemi\u015ftik. May\u0131s ay\u0131nda Ven\u00fcs \u0130kizler burcunda geri harekette olacak. Bu durum para konusunda s\u0131k\u0131\u015fmalara neden olabilir. \u00d6demelerde gecikmeler ya\u015fanabilir. May\u0131s ay\u0131nda ayr\u0131ca J\u00fcpiter O\u011flak burcunda geriliyor ve yine planlar\u0131n\u0131zda yava\u015flamalar maddi konularda gecikmeler meydana gelebilir. Ancak 21 Haziran'daki ve 14 Aral\u0131k'taki G\u00fcne\u015f Tutulmas\u0131 para kazanmak i\u00e7in verimli d\u00f6nemler. Ayr\u0131ca y\u0131l sonuna do\u011fru yeni yap\u0131lanmalara girebilir ve kendiniz d\u00fcze \u00e7\u0131karacak yeni projelere giri\u015febilirsiniz.\n\nKova burcuyum... Alacaklar\u0131m var, alam\u0131yorum. Sizce alacak m\u0131y\u0131m i\u015flerim d\u00fczelecek mi?\n\nElbette kesin bir yorum yapmak do\u011fru de\u011fil fakat burcunuzdan yola \u00e7\u0131karsak May\u0131sta J\u00fcpiter O\u011flak burcunda geri hareketine ba\u015fl\u0131yor. Parasal konularda gecikmelere ve kontrol d\u0131\u015f\u0131 geli\u015fmeler olabilir. Yine haziran ay\u0131nda bir Ay Tutulmas\u0131 var ve bu s\u00fcre\u00e7te dostluk ile para ili\u015fkilerini birbirinden ay\u0131rt etmekte, para konular\u0131nda dikkatli olmakta ve bor\u00e7 vermemekte fayda var. Temmuzda ise para ile ilgili olumlu geli\u015fmeler ya\u015fanabilir.\n\nAkrep burcuyum, y\u00fckselenim Ko\u00e7... Hangisi bende daha \u00e7ok etki b\u0131rak\u0131yor? Akrep burcuna \u00e7ok benzemedi\u011fim s\u00f6yleniyor, kafam kar\u0131\u015f\u0131k.\n\nBur\u00e7 yorumlar\u0131na ve ki\u015filik \u00f6zelliklerine bakarken sadece G\u00fcne\u015f burcuna bakmamakta fayda var. \u00c7\u00fcnk\u00fc y\u00fckselen burcun da etkisi b\u00fcy\u00fck. \u00d6rne\u011fin y\u0131ll\u0131k yorumlar\u0131n\u0131z\u0131 okuyacaksan\u0131z mutlaka y\u00fckselen burcunuza da bakmal\u0131s\u0131n\u0131z.\n\nBo\u011fa kad\u0131n\u0131 ve O\u011flak erke\u011fi mant\u0131kl\u0131 bir ili\u015fki mi?\n\nKo\u00e7 kad\u0131n\u0131 ile Bal\u0131k erke\u011fi ili\u015fkisi neden \u00e7ok zor?\n\nBur\u00e7lar\u0131n uyumu i\u00e7in sadece G\u00fcne\u015f burcuna bakmak yeterli de\u011fil. G\u00fcne\u015f burcunun yan\u0131nda Ay burcuna, y\u00fckselen burca ve do\u011fum haritas\u0131na bakmak gerekir.\n\nYaz\u0131n \u015fehir d\u0131\u015f\u0131na ziyaret etmeli miyiz?\n\nAstrolojiden ziyade koronavir\u00fcs salg\u0131n\u0131n\u0131n ne zaman sona erece\u011fi belli de\u011fil. Bu nedenle uzun vadeli planlar yapmamakta fayda var.\n\n13 May\u0131s do\u011fumluyum. \u0130kizler\u2019de gerileyecek Ven\u00fcs'\u00fcn burcum \u00fczerindeki etkisi nas\u0131l olur?\n\nVen\u00fcs'\u00fcn geri hareket edece\u011fi zamanda a\u015fk ve sevgi konular\u0131nda sorgulamalar ya\u015fayabilirsiniz. K\u0131skan\u00e7l\u0131klar, dedikodular ve dolduru\u015flar ya\u015fanabilir, dikkatli olmal\u0131s\u0131n\u0131z. Kafa kar\u0131\u015f\u0131kl\u0131\u011f\u0131n\u0131n artt\u0131\u011f\u0131 bu d\u00f6nemde b\u00fcy\u00fck maddi yat\u0131r\u0131mlardan uzak durmal\u0131, d\u0131\u015f g\u00f6r\u00fcn\u00fc\u015f\u00fcn\u00fcz\u00fc de\u011fi\u015ftirmek i\u00e7in ani kararlar vermemelisiniz. Ayr\u0131ca i\u015f de\u011fi\u015fikli\u011fi i\u00e7in iyice d\u00fc\u015f\u00fcnmelisiniz.\n\n5 Haziran\u2019da Yay burcunda Ay Tutulmas\u0131, 14 Aral\u0131k\u2019ta Yay burcunda G\u00fcne\u015f Tutulmas\u0131 var. Bu durumlar Yay bur\u00e7lar\u0131n\u0131 nas\u0131l etkiler?\n\nYay ve \u0130kizler'deki tutulmalar e\u011fitim ve yay\u0131nc\u0131l\u0131k, medya-sosyal medya, habercilik, seyahatlerle ilgilidir. Bu tutulma medya-yay\u0131nc\u0131l\u0131k alan\u0131nda \u00f6nemli de\u011fi\u015fikliklere i\u015faret edebilir. Ayr\u0131ca bu konularla ili\u015fkiniz varsa stres ve s\u0131k\u0131nt\u0131lar ya\u015fayabilirsiniz. Yeni ko\u015fullara adapte olurken zorluk ya\u015fayabilir ve karars\u0131z kalabilirsiniz.\n\nSenelerdir Akrep burcu i\u00e7in hep k\u00f6t\u00fc bir sene olacak deniyor. 2020 daha da m\u0131 k\u00f6t\u00fc olacak?\n\nElbette hay\u0131r. Her burcun farkl\u0131 alanlarda ya\u015fad\u0131\u011f\u0131 zorlanmalar var. 2020 ve \u00f6n\u00fcm\u00fczdeki birka\u00e7 y\u0131l de\u011fi\u015fim her burcu zorlayacak fakat Akrepler i\u00e7in 2020 daha da k\u00f6t\u00fc olacak diye bir \u015fey yok. \u0130leti\u015fimde zorlanmalar ya\u015fasan\u0131z da de\u011fi\u015fime ayak uydurur ve ger\u00e7ekten isteklerinizin pe\u015finden ko\u015farsan\u0131z olumsuzluklar\u0131 f\u0131rsata \u00e7evirebilirsiniz.",
    "keywords": [
        "i\u00e7in",
        "var",
        "bir",
        "daha",
        "yeni",
        "ilgili",
        "\u00e7ok",
        "ve",
        "bu",
        "bekliyor",
        "yan\u0131tlad\u0131",
        "da",
        "neler",
        "astrologlar",
        "bur\u00e7lar\u0131",
        "\u00fcnl\u00fc"
    ],
    "meta_keywords": [
        ""
    ],
    "publish_date": {
        "$date": 1589786040000
    },
    "summary": "D\u00dcNYA D\u00dcZEN\u0130 DE\u011e\u0130\u015e\u0130YORNe kadar normal ya\u015fant\u0131m\u0131za d\u00f6nmek istesek de ve ilk etapta d\u00f6nm\u00fc\u015f olsa da yeni d\u00fcnya d\u00fczeninde ekonomik, ekolojik ve sa\u011fl\u0131k gibi bir\u00e7ok konuda de\u011fi\u015fiklik olacak.\nSosyal mesafe kural\u0131 ve maske kullan\u0131m\u0131 salg\u0131ndan sonra da devam edece\u011fe ve hayat\u0131m\u0131z\u0131n bir par\u00e7as\u0131 haline gelece\u011fe benziyor.\nT\u00fcrkiye\u2019de 1928 y\u0131l\u0131nda a\u00e7\u0131lan ilk \u00f6zel okulun haritas\u0131ndan yola \u00e7\u0131kacak olursak, \u00f6zel okullar maddi ve manevi bir d\u00f6n\u00fc\u015f\u00fcmden ge\u00e7ebilirler.\nBu da demektir ki, May\u0131s\u2019\u0131n 13\u2019\u00fcnden sonra askerler de yava\u015f yava\u015f teskerelerini alabilirler.\nE-ticaret ve sosyal medya ne kadar y\u00fckseli\u015fte olsa da bu alanlarda yeni yapt\u0131r\u0131mlar gelebilir.\n- 21 May\u0131s ve 21 Haziran\u2019da yurti\u00e7i hatlar a\u00e7\u0131labilir- 5 Temmuz tarihi ise yurtd\u0131\u015f\u0131 u\u00e7u\u015flar\u0131n a\u00e7\u0131lmas\u0131 i\u00e7in \u00f6nemli bir tarih olabilir.\nMarkalar\u0131n dijitalle\u015fmesi ve lojistik konusunda belli yapt\u0131r\u0131mlar yapmas\u0131 yeni bir t\u00fcketim toplumu olu\u015fturabilir.\nBu ay h\u0131zl\u0131 bir bi\u00e7imde tedaviyle ilgili h\u0131zl\u0131 bir yol al\u0131nacak ve T\u00fcrk hekimlerinin bu noktada bir sistem geli\u015ftirecekleriyle ilgili de \u00f6zellikle bulgular\u0131m da var.\nVe bu tutulmalar \u00e7ok sert etkilere sahipti.\nBireysel haritam\u0131zda da bu b\u00f6yledir, toplum haritalar\u0131nda da.\nDaha \u00e7ok kad\u0131nlarla, duygusal etkilerle ba\u011flant\u0131l\u0131 tutulmadan sonra bu konular\u0131n biraz ray\u0131na girece\u011fini d\u00fc\u015f\u00fcn\u00fcyorum.\n\u00d6zellikle Bo\u011fa ve \u0130kizler bur\u00e7lar\u0131 ili\u015fkilerde may\u0131s\u0131n ortas\u0131 ve haziran sonuna kadar olan s\u00fcre\u00e7te daha dikkatli olmak zorunda.\nSat\u00fcryen bir senede oldu\u011fumuz i\u00e7in \u00e7ok \u00e7al\u0131\u015fma var.\nBO\u011eABo\u011fa bur\u00e7lar\u0131n\u0131n \u00f6nlerinde dikkat \u00e7ekici bir s\u00fcre\u00e7 var... \u0130ki \u00fc\u00e7 ayl\u0131k d\u00f6nemde kar\u015f\u0131 cins taraf\u0131ndan daha dikkat \u00e7ekebilirler ve kendilerinden \u00e7ok daha fazla emin olabilirler.\n\u0130li\u015fkiler ve evlilikle ilgili bir karar alma a\u015famas\u0131nda olabilirler.\nBu durum Ven\u00fcs retrosuyla ilgili oldu\u011fu i\u00e7in daha sonra hisleriniz ge\u00e7ecek.\nGenel olarak \u0130kizler bur\u00e7lar\u0131 Mars transiti nedeniyle bilhassa kariyer ve g\u00fcncel hayatla ilgili noktalarda eyl\u00fcl ay\u0131ndan itibaren \u00e7ok yo\u011fun bir tempoya girecekler.\nKariyer ve i\u015f ba\u011flant\u0131lar\u0131yla ilgili bir ili\u015fki ve a\u015fk ya\u015fama potansiyelleri y\u00fcksek.\nDi\u011fer taraftan ili\u015fkilerle ilgili bir d\u00f6n\u00fc\u015f\u00fcm s\u00fcrecine girebilirler\u2026 \u0130li\u015fkilerle ilgili ani kararlar\u0131n al\u0131nd\u0131\u011f\u0131, ini\u015fli \u00e7\u0131k\u0131\u015fl\u0131 bir zaman dilimine giriyorlar.\nTerazi bur\u00e7lar\u0131 haziran sonuna kadar herhangi bir konuda ad\u0131m atmamal\u0131 ve nihai bir sonuca varamayaca\u011f\u0131n\u0131 bilmeli.\nAma yeni bir i\u015fe giri\u015fmemeleri gerekiyor.\nFakat may\u0131s\u0131n ilk haftas\u0131ndan itibaren i\u015f teklifleri, kariyerde de\u011fi\u015fiklikler i\u015f ile ilgili yeni projelerin ortaya \u00e7\u0131kmas\u0131 gibi konularda ilgin\u00e7 geli\u015fmeler ya\u015fanabilir.\nTemmuz ay\u0131na kadar i\u015f ile alakal\u0131 dikkat etmeleri gereken noktalar var ancak temmuzdan itibaren onlar i\u00e7in \u00e7ok g\u00fczel bir s\u00fcre\u00e7 var.\nAma bir taraftan da hobileriyle ya da ki\u015fisel geli\u015fimleriyle ilgili \u00e7ok destekleniyorlar.\nBur\u00e7lar\u0131 bu d\u00f6nem ve \u00f6n\u00fcm\u00fczdeki d\u00f6nem neler bekliyor?\nAma \u00f6zellikle zorluklar\u0131n ard\u0131ndan yeni \u00e7al\u0131\u015fmalarla kendini geli\u015ftirme ve yeni ko\u015fullar bulma zaman\u0131 olacak.\nFakat 2020 sonundan itibaren \u00e7ok daha fazla ba\u015fkalar\u0131na yarat\u0131c\u0131 yeteneklerini g\u00f6sterecek ve sahnede olacaklar.\n\u00d6te yandan 2020 sonunda yeni bir yap\u0131 kurabilir, yeni temeller atabilirler.\nO\u011flak i\u00e7in s\u0131k\u0131nt\u0131l\u0131 ve \u00e7ok yo\u011fun bir zaman dilimi.\nY\u0131l sonundan itibaren kendilerini ifade edecekleri yeni bir alan do\u011facak.\n\u0130nsan g\u00fczel \u015feyler s\u00f6ylemek istiyor\u2026 Pek tabii ki g\u00fczel \u015feyler var ama fakat biz astrologlar a\u011f\u0131rl\u0131kl\u0131 olarak dikkat edilmesi gereken konular oldu\u011funda daha \u00e7ok sahnede oluyoruz diyebilirim.\nYaz aylar\u0131nda salg\u0131n bir miktar gerilese de sonbaharda, \u00f6zellikle de kas\u0131m ay\u0131nda yeni bir vir\u00fcs dalgas\u0131yla kar\u015f\u0131la\u015fabiliriz!\nT\u0131bb\u0131n \u015fimdi \u00e7ok daha geli\u015fmi\u015f oldu\u011fu i\u00e7in h\u0131zl\u0131 \u00e7\u00f6z\u00fcmler bulunaca\u011f\u0131n\u0131 d\u00fc\u015f\u00fcn\u00fcyorum.\nHer 20 y\u0131lda bir kavu\u015fum oluyor fakat bu seferki 180 y\u0131ll\u0131k yeni bir d\u00f6ng\u00fcy\u00fc ba\u015flatacak.\nBen \u015fu an zorluklar ya\u015fasak da ileride bizim i\u00e7in \u00e7ok iyi bir zamana ge\u00e7ece\u011fimizi tahmin ediyorum.\n2023-2024 y\u0131llar\u0131nda ekonomide yeni bir modele ge\u00e7ilebilir.\nBence buradan bilgele\u015ferek insanl\u0131k i\u00e7in \u00e7ok daha iyisini yaparak \u00e7\u0131kaca\u011f\u0131z.\nBenim ba\u015fka bir umudum daha var.\n\u0130\u015f ile ilgili birtak\u0131m s\u0131k\u0131nt\u0131lar ya\u015f\u0131yor olabilirsiniz\u2026 Kariyer konusunda hedeflerinizin \u00e7ok daha gerisinde kald\u0131\u011f\u0131n\u0131z\u0131 d\u00fc\u015f\u00fcn\u00fcyorsunuz.\nHaliyle de yeni bir ili\u015fkiye ba\u015flamada, farkl\u0131 i\u015fler yapmada zorlanmalar ya\u015f\u0131yordunuz.\nA\u011fustosta, hayattan \u00e7ok daha fazla keyif alacaks\u0131n\u0131z.\nBa\u015fak burcunun da Aslan'a ayak uydurabilmesi i\u00e7in s\u0131cakkanl\u0131 ve daha d\u0131\u015fa d\u00f6n\u00fck olmal\u0131d\u0131r.\nYaz aylar\u0131nda salg\u0131n bir miktar gerilese de sonbaharda, \u00f6zellikle de kas\u0131m ay\u0131nda yeni bir vir\u00fcs dalgas\u0131yla kar\u015f\u0131la\u015f\u0131labilece\u011fi belirtiliyor.\nAncak bu s\u00fcre\u00e7te dikkatli olunmazsa kas\u0131m aylar\u0131nda yeni bir vir\u00fcs dalgas\u0131 meydana gelebilir.\nYa da yeni vir\u00fcsler ortaya \u00e7\u0131kabilir.\nHer y\u0131l farkl\u0131 astrologlar en \u015fansl\u0131 burcu ilan ediyor ama tabii ki fikir birli\u011fi yok ve olamaz da zaten.\nYine haziran ay\u0131nda bir Ay Tutulmas\u0131 var ve bu s\u00fcre\u00e7te dostluk ile para ili\u015fkilerini birbirinden ay\u0131rt etmekte, para konular\u0131nda dikkatli olmakta ve bor\u00e7 vermemekte fayda var.\nAkrep burcuyum, y\u00fckselenim Ko\u00e7... Hangisi bende daha \u00e7ok etki b\u0131rak\u0131yor?\n2020 daha da m\u0131 k\u00f6t\u00fc olacak?\n2020 ve \u00f6n\u00fcm\u00fczdeki birka\u00e7 y\u0131l de\u011fi\u015fim her burcu zorlayacak fakat Akrepler i\u00e7in 2020 daha da k\u00f6t\u00fc olacak diye bir \u015fey yok.",
    "article_html": "",
    "meta_description": "Astrologlar 2020'nin her a\u00e7\u0131dan zorlay\u0131c\u0131 ve stresli olaca\u011f\u0131n\u0131n sinyalini y\u0131lba\u015f\u0131nda vermi\u015fti. Bu y\u0131l 6 tane tutulma ya\u015fanmas\u0131 ve \u00e7o\u011fu gezegenin geri harekette olmas\u0131 da olumsuzluklar\u0131n ya\u015fanabilece\u011fi yorumlar\u0131n\u0131 g\u00fc\u00e7lendiriyordu. Y\u0131l\u0131n ilk 4 ay\u0131nda ya\u015fananlar ve \u00fczerine t\u00fcm d\u00fcnyay\u0131 saran koronavir\u00fcs salg\u0131n\u0131yla birlikte insanlar y\u0131l\u0131n kalan\u0131nda bur\u00e7lar\u0131 nelerin bekledi\u011fini, y\u0131ld\u0131zlar\u0131n \u00f6n\u00fcm\u00fczdeki aylar i\u00e7in neler \u00f6ng\u00f6rd\u00fc\u011f\u00fcn\u00fc merak etmeye ba\u015flad\u0131. Habert\u00fcrk edit\u00f6r\u00fc Bilge Akan, sizlerin astroloji ile ilgili merak etti\u011finiz t\u00fcm sorular\u0131 \u00fcnl\u00fc astrologlara sorup yan\u0131tlar\u0131n\u0131 payla\u015f\u0131yor...",
    "meta_lang": "tr"
}