{
    "article_id": "26292a320d50663626a5ca806afb2e23.1589925647.2730913",
    "title": "Slaven Bilic'ten Be\u015fikta\u015fl\u0131 futbolculara 'sakin kal\u0131n' uyar\u0131s\u0131",
    "authors": [
        "Isvalid",
        "Yazarlar",
        "Data",
        "Name",
        "Mail",
        "Title",
        "Di\u0307\u011fer Yazarlar"
    ],
    "canonical_link": "https://www.haberturk.com/spor/futbol/haber/1072979-slaven-bilicten-besiktasli-futbolculara-sakin-kalin-uyarisi",
    "url": "http://haberturk.com/yasa-gore-cilt-bakimi-nasil-olmali-1072979",
    "top_img": "https://im.haberturk.com/2015/05/03/ver1430636877/1072979_1200x627.jpg",
    "meta_img": "https://im.haberturk.com/2015/05/03/ver1430636877/1072979_1200x627.jpg",
    "movies": [],
    "text": "HTSPOR\n\nBe\u015fikta\u015f Teknik Direkt\u00f6r\u00fc Slaven Bilic, Trabzonspor ma\u00e7\u0131 \u00f6ncesi tak\u0131ma \u2018sakin kalma\u2019 uyar\u0131s\u0131 yapt\u0131. H\u0131rvat hoca, \u00e7ok kritik bir ma\u00e7a \u00e7\u0131kt\u0131klar\u0131n\u0131n alt\u0131n\u0131 \u00e7izerken, \u201c\u00c7ok kaliteli bir tak\u0131ma ve \u00e7ok iyi bir teknik adama kar\u015f\u0131 m\u00fccadele edece\u011fiz. Ma\u00e7\u0131n anahtar\u0131 sakin kalabilmekte. Kontrol\u00fc elde tutmal\u0131 ve saha i\u00e7inde mutlaka \u00e7ok iyi yard\u0131mla\u015fmal\u0131y\u0131z. Buradan alaca\u011f\u0131m\u0131z galibiyet, \u015fampiyonluk yolunda bize \u00e7ok b\u00fcy\u00fck avantaj katar\u201d diye konu\u015ftu.\n\n\n\nDURAN TOP UYARISI\n\nSlaven Bilic, \u00f6\u011frencileri ile yapt\u0131\u011f\u0131 toplant\u0131da Trabzonspor\u2019un duran toplardaki etkinli\u011fine dikkat \u00e7ekti. Bu konuda \u00f6zellikle stoperleri uyaran H\u0131rvat hoca, Bordo-Mavililer\u2019in lig, kupa ve Avrupa\u2019da 29 kez duran top gol\u00fc att\u0131\u011f\u0131n\u0131 hat\u0131rlatt\u0131. Bilic, \u201cG\u00f6z\u00fcn\u00fcz\u00fc d\u00f6rt a\u00e7\u0131n. en etkili silahlar\u0131 duran toplar\u201d dedi. Tecr\u00fcbeli teknik adam ayr\u0131ca ceza alan\u0131 \u00f6n \u00e7izgisinde Mehmet Ekici\u2019nin \u00e7ok iyi frikik kulland\u0131\u011f\u0131n\u0131 hat\u0131rlat\u0131p \u2018faul yapmay\u0131n\u2019 uyar\u0131s\u0131nda bulundu.\n\n\n\nOLCAY MI, OPARE M\u0130?\n\nTrabzon ma\u00e7\u0131nda Serdar Kurtulu\u015f\u2019un oynayamayacak olmas\u0131 Be\u015fikta\u015f\u2019ta ta\u015flar\u0131 yerinden oynatt\u0131. Savunman\u0131n sa\u011f\u0131nda ilk olarak Atiba\u2019y\u0131 d\u00fc\u015f\u00fcnen Bilic, son antrenmanda Olcay \u015eahan form\u00fcl\u00fc \u00fczerinde durdu. Ba\u015far\u0131l\u0131 hocan\u0131n 4-2-3-1\u2019e d\u00f6n\u00fc\u015f yapmas\u0131, 5 yabanc\u0131 tercihini ise Motta, Atiba, Sivok, Sosa ve Demba Ba\u2019dan yana kullanmas\u0131 bekleniyor. E\u011fer sa\u011f bek konusunda son anda Opare \u00f6ne \u00e7\u0131karsa Ba\u2019n\u0131n yerine Mustafa, sa\u011f a\u00e7\u0131kta ise Olcay \u015eahan g\u00f6rev alacak.\n\n\n\nTOLGA DESTEK \u0130\u00c7\u0130N G\u0130TT\u0130\n\nSakatl\u0131\u011f\u0131 nedeniyle sezonu kapatt\u0131\u011f\u0131 a\u00e7\u0131klanan ancak son ma\u00e7larda oynama ihtimali do\u011fan kaleci Tolga Zengin, kendi karar\u0131yla Trabzonspor deplasman\u0131ndan ba\u015flamak \u00fczere tak\u0131m\u0131 yaln\u0131z b\u0131rakmama karar\u0131 ald\u0131. Arkada\u015flar\u0131na zorlu yar\u0131\u015fta destek olmak isteyen tecr\u00fcbeli kaleci, Trabzon kadrosuna al\u0131nd\u0131.",
    "keywords": [
        "bilicten",
        "sakin",
        "trabzonspor",
        "slaven",
        "son",
        "bir",
        "bilic",
        "futbolculara",
        "uyar\u0131s\u0131",
        "iyi",
        "\u00e7ok",
        "kal\u0131n",
        "ve",
        "duran",
        "\u015fahan",
        "teknik",
        "be\u015fikta\u015fl\u0131"
    ],
    "meta_keywords": [
        ""
    ],
    "publish_date": {
        "$date": 1430636877000
    },
    "summary": "HTSPORBe\u015fikta\u015f Teknik Direkt\u00f6r\u00fc Slaven Bilic, Trabzonspor ma\u00e7\u0131 \u00f6ncesi tak\u0131ma \u2018sakin kalma\u2019 uyar\u0131s\u0131 yapt\u0131.\nH\u0131rvat hoca, \u00e7ok kritik bir ma\u00e7a \u00e7\u0131kt\u0131klar\u0131n\u0131n alt\u0131n\u0131 \u00e7izerken, \u201c\u00c7ok kaliteli bir tak\u0131ma ve \u00e7ok iyi bir teknik adama kar\u015f\u0131 m\u00fccadele edece\u011fiz.\nMa\u00e7\u0131n anahtar\u0131 sakin kalabilmekte.\nKontrol\u00fc elde tutmal\u0131 ve saha i\u00e7inde mutlaka \u00e7ok iyi yard\u0131mla\u015fmal\u0131y\u0131z.\nBuradan alaca\u011f\u0131m\u0131z galibiyet, \u015fampiyonluk yolunda bize \u00e7ok b\u00fcy\u00fck avantaj katar\u201d diye konu\u015ftu.\nDURAN TOP UYARISISlaven Bilic, \u00f6\u011frencileri ile yapt\u0131\u011f\u0131 toplant\u0131da Trabzonspor\u2019un duran toplardaki etkinli\u011fine dikkat \u00e7ekti.\nBu konuda \u00f6zellikle stoperleri uyaran H\u0131rvat hoca, Bordo-Mavililer\u2019in lig, kupa ve Avrupa\u2019da 29 kez duran top gol\u00fc att\u0131\u011f\u0131n\u0131 hat\u0131rlatt\u0131.\nBilic, \u201cG\u00f6z\u00fcn\u00fcz\u00fc d\u00f6rt a\u00e7\u0131n.\nen etkili silahlar\u0131 duran toplar\u201d dedi.\nTecr\u00fcbeli teknik adam ayr\u0131ca ceza alan\u0131 \u00f6n \u00e7izgisinde Mehmet Ekici\u2019nin \u00e7ok iyi frikik kulland\u0131\u011f\u0131n\u0131 hat\u0131rlat\u0131p \u2018faul yapmay\u0131n\u2019 uyar\u0131s\u0131nda bulundu.\nOLCAY MI, OPARE M\u0130?\nTrabzon ma\u00e7\u0131nda Serdar Kurtulu\u015f\u2019un oynayamayacak olmas\u0131 Be\u015fikta\u015f\u2019ta ta\u015flar\u0131 yerinden oynatt\u0131.\nSavunman\u0131n sa\u011f\u0131nda ilk olarak Atiba\u2019y\u0131 d\u00fc\u015f\u00fcnen Bilic, son antrenmanda Olcay \u015eahan form\u00fcl\u00fc \u00fczerinde durdu.\nBa\u015far\u0131l\u0131 hocan\u0131n 4-2-3-1\u2019e d\u00f6n\u00fc\u015f yapmas\u0131, 5 yabanc\u0131 tercihini ise Motta, Atiba, Sivok, Sosa ve Demba Ba\u2019dan yana kullanmas\u0131 bekleniyor.\nE\u011fer sa\u011f bek konusunda son anda Opare \u00f6ne \u00e7\u0131karsa Ba\u2019n\u0131n yerine Mustafa, sa\u011f a\u00e7\u0131kta ise Olcay \u015eahan g\u00f6rev alacak.\nTOLGA DESTEK \u0130\u00c7\u0130N G\u0130TT\u0130Sakatl\u0131\u011f\u0131 nedeniyle sezonu kapatt\u0131\u011f\u0131 a\u00e7\u0131klanan ancak son ma\u00e7larda oynama ihtimali do\u011fan kaleci Tolga Zengin, kendi karar\u0131yla Trabzonspor deplasman\u0131ndan ba\u015flamak \u00fczere tak\u0131m\u0131 yaln\u0131z b\u0131rakmama karar\u0131 ald\u0131.\nArkada\u015flar\u0131na zorlu yar\u0131\u015fta destek olmak isteyen tecr\u00fcbeli kaleci, Trabzon kadrosuna al\u0131nd\u0131.",
    "article_html": "",
    "meta_description": "Be\u015fikta\u015f'\u0131n H\u0131rvat Teknik Direkt\u00f6r\u00fc Slaven Bilic, zorlu Trabzonspor deplasman\u0131 \u00f6ncesinde oyuncular\u0131n\u0131 sakin kalmalar\u0131 y\u00f6n\u00fcnde uyard\u0131",
    "meta_lang": "tr"
}