{
    "article_id": "d1cac27ea732863afaca6dd3d31c8e2c.1589925649.612001",
    "title": "T\u0131bbi cihazlar 5-7 y\u0131lda bir yenilenecek",
    "authors": [
        "Isvalid",
        "Yazarlar",
        "Data",
        "Name",
        "Mail",
        "Title",
        "Di\u0307\u011fer Yazarlar"
    ],
    "canonical_link": "https://www.haberturk.com/saglik/haber/1073985-tibbi-cihazlar-5-7-yilda-bir-yenilenecek",
    "url": "http://haberturk.com/cevizli-un-helvasi-nasil-yapilir-1073985",
    "top_img": "https://im.haberturk.com/2015/05/05/ver1430823663/1073985_1200x627.jpg",
    "meta_img": "https://im.haberturk.com/2015/05/05/ver1430823663/1073985_1200x627.jpg",
    "movies": [],
    "text": "Bursa'da temaslarda bulunan Sa\u011fl\u0131k Bakan\u0131 M\u00fcezzino\u011flu, T\u00fcrkiye'nin sa\u011fl\u0131k alan\u0131nda belirli konular\u0131 yakalad\u0131\u011f\u0131n\u0131 s\u00f6yledi. Bursa'da \u015fehir hastanesi in\u015faat\u0131n\u0131n temelinin 9 May\u0131s'ta at\u0131laca\u011f\u0131n\u0131n bilgisini veren Bakan M\u00fcezzino\u011flu, T\u00fcrkiye Sa\u011fl\u0131k Bilimleri \u00dcniversitesini kurduklar\u0131n\u0131 hat\u0131rlatarak, \u015funlar\u0131 s\u00f6yledi:\n\nBAKAN M\u00dcEZZ\u0130NO\u011eLU'NDAN SEZARYEN TEPK\u0130S\u0130\n\n\n\n\"\u0130n\u015fallah bu \u015fehir hastanemize de \u00fcniversite hastanesi stat\u00fcs\u00fcn\u00fc kazand\u0131raca\u011f\u0131z. Dolay\u0131s\u0131yla, bu anlamda bir \u00fcniversite hastanesi, bin 355 yatak... Belki bu s\u00fcre\u00e7te yine ilave baz\u0131 \u00e7al\u0131\u015fmalar\u0131m\u0131z var, yatak say\u0131s\u0131n\u0131 art\u0131rabiliriz, belki bin 500'lere kadar \u00e7\u0131kartabiliriz. \u0130stiyoruz ki, bu b\u00f6lgenin g\u00fc\u00e7l\u00fc bir dinami\u011fi olsun; sa\u011fl\u0131k alan\u0131nda. Sa\u011fl\u0131k turizmi, Bursa'ya stratejik olarak belirleyece\u011fimiz alanlarda, marka de\u011ferinin merkezi olsun. Tabi termal turizmi, termal sa\u011fl\u0131k turizmi, \u00f6n\u00fcm\u00fczdeki d\u00f6nemde \u00e7ok g\u00fc\u00e7l\u00fc projelendirmemiz gereken alanlar. B\u00fct\u00fcn bunlar, art\u0131k bizim bir rutinimiz gibi.\"\n\nE-NABIZ \u0130LE ARTIK DOKTORLAR B\u0130R \"TIK\" UZAKTA\n\n\n\nT\u00fcm sa\u011fl\u0131k kurulu\u015flar\u0131n\u0131n teknolojik t\u0131bbi cihazlarla donat\u0131laca\u011f\u0131n\u0131 kaydeden M\u00fcezzino\u011flu, \u015fu bilgileri verdi:\n\n\n\n\"T\u0131bbi cihazlar\u0131n ortalama \u00f6mr\u00fc 5 ila 7 y\u0131l, 5 y\u0131l sonra zaten yenilenecek. Bu \u00e7ark, 150 bin yatak kapasitesi olan, T\u00fcrkiye Cumhuriyeti Sa\u011fl\u0131k Bakanl\u0131\u011f\u0131 taraf\u0131ndan devaml\u0131 yenilenecek. Zaten g\u00fc\u00e7l\u00fc bir al\u0131c\u0131y\u0131z. Bunu yurtd\u0131\u015f\u0131ndan almak yerine yerli \u00fcretimi, yerli \u00fcretimin avantajlar\u0131n\u0131, burada marka de\u011feri olu\u015fturdu\u011fumuzda hemen yak\u0131n\u0131m\u0131zda, \u00e7ok g\u00fc\u00e7l\u00fc pazar olabilecek 1,5 milyar n\u00fcfuslu yak\u0131n bir co\u011frafya var, onlar\u0131 de\u011ferlendirmemiz laz\u0131m.\"\n\nAA",
    "keywords": [
        "turizmi",
        "bir",
        "57",
        "g\u00fc\u00e7l\u00fc",
        "yatak",
        "hastanesi",
        "sa\u011fl\u0131k",
        "bin",
        "t\u0131bbi",
        "y\u0131lda",
        "cihazlar",
        "yenilenecek",
        "\u015fehir",
        "m\u00fcezzino\u011flu",
        "bu"
    ],
    "meta_keywords": [
        ""
    ],
    "publish_date": {
        "$date": 1430823663000
    },
    "summary": "Bursa'da temaslarda bulunan Sa\u011fl\u0131k Bakan\u0131 M\u00fcezzino\u011flu, T\u00fcrkiye'nin sa\u011fl\u0131k alan\u0131nda belirli konular\u0131 yakalad\u0131\u011f\u0131n\u0131 s\u00f6yledi.\nBursa'da \u015fehir hastanesi in\u015faat\u0131n\u0131n temelinin 9 May\u0131s'ta at\u0131laca\u011f\u0131n\u0131n bilgisini veren Bakan M\u00fcezzino\u011flu, T\u00fcrkiye Sa\u011fl\u0131k Bilimleri \u00dcniversitesini kurduklar\u0131n\u0131 hat\u0131rlatarak, \u015funlar\u0131 s\u00f6yledi:BAKAN M\u00dcEZZ\u0130NO\u011eLU'NDAN SEZARYEN TEPK\u0130S\u0130\"\u0130n\u015fallah bu \u015fehir hastanemize de \u00fcniversite hastanesi stat\u00fcs\u00fcn\u00fc kazand\u0131raca\u011f\u0131z.\nDolay\u0131s\u0131yla, bu anlamda bir \u00fcniversite hastanesi, bin 355 yatak... Belki bu s\u00fcre\u00e7te yine ilave baz\u0131 \u00e7al\u0131\u015fmalar\u0131m\u0131z var, yatak say\u0131s\u0131n\u0131 art\u0131rabiliriz, belki bin 500'lere kadar \u00e7\u0131kartabiliriz.\n\u0130stiyoruz ki, bu b\u00f6lgenin g\u00fc\u00e7l\u00fc bir dinami\u011fi olsun; sa\u011fl\u0131k alan\u0131nda.\nSa\u011fl\u0131k turizmi, Bursa'ya stratejik olarak belirleyece\u011fimiz alanlarda, marka de\u011ferinin merkezi olsun.\nTabi termal turizmi, termal sa\u011fl\u0131k turizmi, \u00f6n\u00fcm\u00fczdeki d\u00f6nemde \u00e7ok g\u00fc\u00e7l\u00fc projelendirmemiz gereken alanlar.\nB\u00fct\u00fcn bunlar, art\u0131k bizim bir rutinimiz gibi.\"\nE-NABIZ \u0130LE ARTIK DOKTORLAR B\u0130R \"TIK\" UZAKTAT\u00fcm sa\u011fl\u0131k kurulu\u015flar\u0131n\u0131n teknolojik t\u0131bbi cihazlarla donat\u0131laca\u011f\u0131n\u0131 kaydeden M\u00fcezzino\u011flu, \u015fu bilgileri verdi:\"T\u0131bbi cihazlar\u0131n ortalama \u00f6mr\u00fc 5 ila 7 y\u0131l, 5 y\u0131l sonra zaten yenilenecek.\nBu \u00e7ark, 150 bin yatak kapasitesi olan, T\u00fcrkiye Cumhuriyeti Sa\u011fl\u0131k Bakanl\u0131\u011f\u0131 taraf\u0131ndan devaml\u0131 yenilenecek.\nZaten g\u00fc\u00e7l\u00fc bir al\u0131c\u0131y\u0131z.\nBunu yurtd\u0131\u015f\u0131ndan almak yerine yerli \u00fcretimi, yerli \u00fcretimin avantajlar\u0131n\u0131, burada marka de\u011feri olu\u015fturdu\u011fumuzda hemen yak\u0131n\u0131m\u0131zda, \u00e7ok g\u00fc\u00e7l\u00fc pazar olabilecek 1,5 milyar n\u00fcfuslu yak\u0131n bir co\u011frafya var, onlar\u0131 de\u011ferlendirmemiz laz\u0131m.\"",
    "article_html": "",
    "meta_description": "Sa\u011fl\u0131k Bakan\u0131 Mehmet M\u00fcezzino\u011flu, 150 bin yatak kapasitesine sahip sa\u011fl\u0131k kurulu\u015flar\u0131ndaki t\u0131bbi cihazlar\u0131n 5-7 y\u0131lda bir yenileyece\u011fini belirtti",
    "meta_lang": "tr"
}