{
    "article_id": "e742085b3d830c5e784df1666d78e92d.1589925515.3370883",
    "title": "S\u0131cak B\u00f6lge'den panik notlar\u0131-47 (Trump ile Bush'un benzerli\u011fi)",
    "authors": [
        "Yazarin T\u00fcm Yazilarini G\u00f6rmek \u0130\u00e7i\u0307n Tiklayin"
    ],
    "canonical_link": "https://www.haberturk.com/yazarlar/serdar-turgut-2025/2683753-sicak-bolgeden-panik-notlari-47-trump-ile-bushun-benzerligi",
    "url": "http://haberturk.com/yazarlar/serdar-turgut-2025/2683753-sicak-bolgeden-panik-notlari-47-trump-ile-bushun-benzerligi",
    "top_img": "https://im.haberturk.com/yazarlar/HTGazete/serdar-turgut-2025-600x314.jpg?v=1551027781",
    "meta_img": "https://im.haberturk.com/yazarlar/HTGazete/serdar-turgut-2025-600x314.jpg?v=1551027781",
    "movies": [],
    "text": "\n\nAmerika\u2019da siyasi s\u00fcre\u00e7lerin gidi\u015fat\u0131n\u0131 yorumlayanlar eski ba\u015fkan George Bush ile Trump aras\u0131ndaki benzerlikleri analiz ediyorlar.\n\nBa\u015ftan s\u00f6yleyeyim Trump bir imkans\u0131z\u0131 ba\u015fard\u0131\u011f\u0131ndan ve zeka d\u00fczeyini George Bush\u2019unkinden bile d\u00fc\u015f\u00fck olabildi\u011finden yap\u0131lan kar\u015f\u0131la\u015ft\u0131rmalar iki ba\u015fkan\u0131n d\u00fc\u015f\u00fcnce sistemleri ile ilgili de\u011fil.\n\n\u0130ki ba\u015fkan aras\u0131ndaki benzerlikler a\u00e7\u0131s\u0131ndan yap\u0131lan kar\u015f\u0131la\u015ft\u0131rmalarda en fazla vurgulanan nokta \u015fu:\n\n-George Bush ba\u015fkanl\u0131\u011f\u0131 d\u00f6neminde bir g\u00fcn bir u\u00e7ak gemisine helikopter ile indi ve bekleyen askerlere bir konu\u015fma yapt\u0131.\n\nKonu\u015fmas\u0131nda Irak\u2019ta ABD\u2019nin ne kadar b\u00fcy\u00fck bir zafer kazanm\u0131\u015f oldu\u011funu ve b\u00fct\u00fcn d\u00fcnyan\u0131n bunu g\u00f6rmesi gerekti\u011fini vurgulad\u0131. Orada konu\u015fmay\u0131 dinlemek zorunda olan asker ve komutanlar istemeden de olsa b\u00fcy\u00fck sevin\u00e7 g\u00f6sterdiler. Bush \u00e7o\u011funun bunlar\u0131 vazife icab\u0131 yapt\u0131klar\u0131n\u0131 bilmesine ra\u011fmen yine de mutlu olmu\u015f g\u00f6r\u00fcnd\u00fc. O g\u00fcn ba\u015fkan komutanlar\u0131yla birlikte ABD\u2019nin Irak zaferini kutlarken t\u00fcm kanallar da bu g\u00f6r\u00fcnt\u00fcleri yay\u0131nlad\u0131lar.\n\n*\n\nAyn\u0131 kanallar bu olaydan tam iki ay sonra Irak\u2019ta patlam\u0131\u015f olan b\u00fcy\u00fck \u00e7at\u0131\u015fmalar sonucunda \u00f6len ABD askerlerinin tabutlar\u0131n\u0131 veriyordu hemen her g\u00fcn.\n\nYani Bush u\u00e7ak gemisinde yapt\u0131\u011f\u0131 konu\u015fmada ABD\u2019nin zaferini ilan etmi\u015fti ama bundan tam 2 ay sonra Amerika Irak\u2019ta kaybetmeye do\u011fru giden bir b\u00fcy\u00fck \u00e7at\u0131\u015fma i\u00e7indeydi ve her g\u00fcn askerler \u00f6l\u00fcyordu. \u00d6lenlerin aralar\u0131nda 2 ay \u00f6nce u\u00e7ak gemisinde Irak\u2019ta zaferin kazan\u0131ld\u0131\u011f\u0131n\u0131 a\u00e7\u0131klayan konu\u015fmas\u0131n\u0131 alk\u0131\u015flayan askerler de vard\u0131.\n\nBence Ba\u015fkan Bush o s\u00fcre\u00e7 i\u00e7inde rezil olmu\u015ftu ve o bunu al\u0131\u015f\u0131k oldu\u011fu gibi \u00fczerine hi\u00e7 al\u0131nmad\u0131. Sanki bunlar hi\u00e7 ya\u015fanmam\u0131\u015f gibi davranmay\u0131 s\u00fcrd\u00fcrd\u00fc.\n\n*\n\nBug\u00fcn Trump da benzer durumda.\n\nABD yine bir sava\u015f\u0131n i\u00e7inde. Bu defaki sava\u015f Irak\u2019takinden bile \u00e7ok \u015fiddetli ve b\u00fcy\u00fck.\n\nSava\u015f g\u00f6r\u00fcnmeyen bir d\u00fc\u015fmana kar\u015f\u0131 veriliyor. Vir\u00fcse kar\u015f\u0131 bu sava\u015f\u0131nda Amerika elinde bir sava\u015f plan\u0131 olmad\u0131\u011f\u0131ndan, haz\u0131rl\u0131ks\u0131z oldu\u011fundan ve laubalilikten sava\u015f\u0131 kaybetmek \u00fczere.\n\nAncak buna ra\u011fmen Trump, hemen her g\u00fcn ekranlar\u0131n kar\u015f\u0131s\u0131na dikilip 'vir\u00fcsle sava\u015fta Amerika\u2019n\u0131n ne kadar b\u00fcy\u00fck bir zafer kazand\u0131\u011f\u0131n\u0131 ve d\u00fcnyan\u0131n bu zaferi i\u00e7in ABD\u2019ye nas\u0131l sayg\u0131 duyduklar\u0131n\u0131\u2019 anlat\u0131p duruyor.\n\n\u0130\u015fte Trump\u2019\u0131n bu konu\u015fmalar\u0131 Bush\u2019un u\u00e7ak gemisinde yapt\u0131\u011f\u0131 o zamans\u0131z konu\u015fma a\u00e7\u0131s\u0131ndan birbirine benzetiliyor.\n\n*\n\nNas\u0131l ki Bush o \u015fans\u0131z konu\u015fmas\u0131ndan tam 2 ay sonra Irak\u2019ta rezil olmaya ba\u015flad\u0131ysa Trump\u2019\u0131n da vir\u00fcse kar\u015f\u0131 zafer ilan etmesinden ortalama 2 ay sonra bu sava\u015f\u0131nda rezil olmaya ba\u015flamas\u0131 bekleniyor.\n\n\u00c7\u00fcnk\u00fc Trump b\u00fct\u00fcn uzmanlar\u0131n uyar\u0131lar\u0131n\u0131 ciddiye almadan Amerika\u2019y\u0131 ekonomik \u00e7\u0131karlar\u0131 i\u00e7in zamans\u0131z normale d\u00f6nd\u00fcrmeye ba\u015flad\u0131.\n\nOlan biteni korkuyla seyreden uzmanlar b\u00fct\u00fcn bunlar\u0131n daha sonra ikinci dalga salg\u0131n olmas\u0131na yol a\u00e7aca\u011f\u0131n\u0131 s\u00f6ylemelerine ra\u011fmen Trump yine denilenlere ald\u0131rmadan bildi\u011fini okumay\u0131 s\u00fcrd\u00fcr\u00fcyor.\n\n*\n\nAylar sonra ABD\u2019nin vir\u00fcse kar\u015f\u0131 zafer filan kazanmam\u0131\u015f oldu\u011fu aksine yenilmeye do\u011fru gitti\u011fi anla\u015f\u0131l\u0131nca Trump biraz utan\u0131r m\u0131 dersiniz?\n\nHay\u0131r, o zaman geldi\u011finde katiyen utanmayacakt\u0131r. \u00c7\u00fcnk\u00fc onda bu duygu zaten bulunmuyor. Amerikan halk\u0131n\u0131n da b\u00fcy\u00fck \u00e7o\u011funlu\u011fu ba\u015fkanlar\u0131n\u0131n b\u00f6yle yalanlar s\u00f6ylemesini fazla kafaya takm\u0131yorlar.\n\nNas\u0131l ki Bush daha \u00f6nce Irak sava\u015f\u0131 y\u00fcz\u00fcnden kendinden utanmad\u0131ysa bu defa da Trump kendinden utanmayacakt\u0131r kesinlikle.\n\nOlan sadece onun ba\u015far\u0131s\u0131zl\u0131klar\u0131 nedeniyle \u00f6len ve \u00f6lecek masum insanlara olacak. Ne kadar yaz\u0131k, elinde bu kadar imkan ve g\u00fc\u00e7 bulunan bir \u00fclkede durumlar\u0131n bu halde olabilmesi ne kadar utan\u00e7 verici de\u011fil mi?",
    "keywords": [
        "notlar\u013147",
        "sonra",
        "irakta",
        "trump",
        "b\u00f6lgeden",
        "bir",
        "bush",
        "s\u0131cak",
        "panik",
        "ve",
        "b\u00fcy\u00fck",
        "da",
        "ile",
        "benzerli\u011fi",
        "kadar",
        "bushun",
        "bu"
    ],
    "meta_keywords": [
        ""
    ],
    "publish_date": {
        "$date": 1589843247000
    },
    "summary": "Amerika\u2019da siyasi s\u00fcre\u00e7lerin gidi\u015fat\u0131n\u0131 yorumlayanlar eski ba\u015fkan George Bush ile Trump aras\u0131ndaki benzerlikleri analiz ediyorlar.\nBa\u015ftan s\u00f6yleyeyim Trump bir imkans\u0131z\u0131 ba\u015fard\u0131\u011f\u0131ndan ve zeka d\u00fczeyini George Bush\u2019unkinden bile d\u00fc\u015f\u00fck olabildi\u011finden yap\u0131lan kar\u015f\u0131la\u015ft\u0131rmalar iki ba\u015fkan\u0131n d\u00fc\u015f\u00fcnce sistemleri ile ilgili de\u011fil.\n\u0130ki ba\u015fkan aras\u0131ndaki benzerlikler a\u00e7\u0131s\u0131ndan yap\u0131lan kar\u015f\u0131la\u015ft\u0131rmalarda en fazla vurgulanan nokta \u015fu:-George Bush ba\u015fkanl\u0131\u011f\u0131 d\u00f6neminde bir g\u00fcn bir u\u00e7ak gemisine helikopter ile indi ve bekleyen askerlere bir konu\u015fma yapt\u0131.\nKonu\u015fmas\u0131nda Irak\u2019ta ABD\u2019nin ne kadar b\u00fcy\u00fck bir zafer kazanm\u0131\u015f oldu\u011funu ve b\u00fct\u00fcn d\u00fcnyan\u0131n bunu g\u00f6rmesi gerekti\u011fini vurgulad\u0131.\nOrada konu\u015fmay\u0131 dinlemek zorunda olan asker ve komutanlar istemeden de olsa b\u00fcy\u00fck sevin\u00e7 g\u00f6sterdiler.\nBush \u00e7o\u011funun bunlar\u0131 vazife icab\u0131 yapt\u0131klar\u0131n\u0131 bilmesine ra\u011fmen yine de mutlu olmu\u015f g\u00f6r\u00fcnd\u00fc.\nO g\u00fcn ba\u015fkan komutanlar\u0131yla birlikte ABD\u2019nin Irak zaferini kutlarken t\u00fcm kanallar da bu g\u00f6r\u00fcnt\u00fcleri yay\u0131nlad\u0131lar.\n*Ayn\u0131 kanallar bu olaydan tam iki ay sonra Irak\u2019ta patlam\u0131\u015f olan b\u00fcy\u00fck \u00e7at\u0131\u015fmalar sonucunda \u00f6len ABD askerlerinin tabutlar\u0131n\u0131 veriyordu hemen her g\u00fcn.\nYani Bush u\u00e7ak gemisinde yapt\u0131\u011f\u0131 konu\u015fmada ABD\u2019nin zaferini ilan etmi\u015fti ama bundan tam 2 ay sonra Amerika Irak\u2019ta kaybetmeye do\u011fru giden bir b\u00fcy\u00fck \u00e7at\u0131\u015fma i\u00e7indeydi ve her g\u00fcn askerler \u00f6l\u00fcyordu.\n\u00d6lenlerin aralar\u0131nda 2 ay \u00f6nce u\u00e7ak gemisinde Irak\u2019ta zaferin kazan\u0131ld\u0131\u011f\u0131n\u0131 a\u00e7\u0131klayan konu\u015fmas\u0131n\u0131 alk\u0131\u015flayan askerler de vard\u0131.\nBence Ba\u015fkan Bush o s\u00fcre\u00e7 i\u00e7inde rezil olmu\u015ftu ve o bunu al\u0131\u015f\u0131k oldu\u011fu gibi \u00fczerine hi\u00e7 al\u0131nmad\u0131.\nSanki bunlar hi\u00e7 ya\u015fanmam\u0131\u015f gibi davranmay\u0131 s\u00fcrd\u00fcrd\u00fc.\n*Bug\u00fcn Trump da benzer durumda.\nABD yine bir sava\u015f\u0131n i\u00e7inde.\nBu defaki sava\u015f Irak\u2019takinden bile \u00e7ok \u015fiddetli ve b\u00fcy\u00fck.\nSava\u015f g\u00f6r\u00fcnmeyen bir d\u00fc\u015fmana kar\u015f\u0131 veriliyor.\nVir\u00fcse kar\u015f\u0131 bu sava\u015f\u0131nda Amerika elinde bir sava\u015f plan\u0131 olmad\u0131\u011f\u0131ndan, haz\u0131rl\u0131ks\u0131z oldu\u011fundan ve laubalilikten sava\u015f\u0131 kaybetmek \u00fczere.\nAncak buna ra\u011fmen Trump, hemen her g\u00fcn ekranlar\u0131n kar\u015f\u0131s\u0131na dikilip 'vir\u00fcsle sava\u015fta Amerika\u2019n\u0131n ne kadar b\u00fcy\u00fck bir zafer kazand\u0131\u011f\u0131n\u0131 ve d\u00fcnyan\u0131n bu zaferi i\u00e7in ABD\u2019ye nas\u0131l sayg\u0131 duyduklar\u0131n\u0131\u2019 anlat\u0131p duruyor.\n\u0130\u015fte Trump\u2019\u0131n bu konu\u015fmalar\u0131 Bush\u2019un u\u00e7ak gemisinde yapt\u0131\u011f\u0131 o zamans\u0131z konu\u015fma a\u00e7\u0131s\u0131ndan birbirine benzetiliyor.\n*Nas\u0131l ki Bush o \u015fans\u0131z konu\u015fmas\u0131ndan tam 2 ay sonra Irak\u2019ta rezil olmaya ba\u015flad\u0131ysa Trump\u2019\u0131n da vir\u00fcse kar\u015f\u0131 zafer ilan etmesinden ortalama 2 ay sonra bu sava\u015f\u0131nda rezil olmaya ba\u015flamas\u0131 bekleniyor.\n\u00c7\u00fcnk\u00fc Trump b\u00fct\u00fcn uzmanlar\u0131n uyar\u0131lar\u0131n\u0131 ciddiye almadan Amerika\u2019y\u0131 ekonomik \u00e7\u0131karlar\u0131 i\u00e7in zamans\u0131z normale d\u00f6nd\u00fcrmeye ba\u015flad\u0131.\nOlan biteni korkuyla seyreden uzmanlar b\u00fct\u00fcn bunlar\u0131n daha sonra ikinci dalga salg\u0131n olmas\u0131na yol a\u00e7aca\u011f\u0131n\u0131 s\u00f6ylemelerine ra\u011fmen Trump yine denilenlere ald\u0131rmadan bildi\u011fini okumay\u0131 s\u00fcrd\u00fcr\u00fcyor.\n*Aylar sonra ABD\u2019nin vir\u00fcse kar\u015f\u0131 zafer filan kazanmam\u0131\u015f oldu\u011fu aksine yenilmeye do\u011fru gitti\u011fi anla\u015f\u0131l\u0131nca Trump biraz utan\u0131r m\u0131 dersiniz?\nHay\u0131r, o zaman geldi\u011finde katiyen utanmayacakt\u0131r.\n\u00c7\u00fcnk\u00fc onda bu duygu zaten bulunmuyor.\nAmerikan halk\u0131n\u0131n da b\u00fcy\u00fck \u00e7o\u011funlu\u011fu ba\u015fkanlar\u0131n\u0131n b\u00f6yle yalanlar s\u00f6ylemesini fazla kafaya takm\u0131yorlar.\nNas\u0131l ki Bush daha \u00f6nce Irak sava\u015f\u0131 y\u00fcz\u00fcnden kendinden utanmad\u0131ysa bu defa da Trump kendinden utanmayacakt\u0131r kesinlikle.\nOlan sadece onun ba\u015far\u0131s\u0131zl\u0131klar\u0131 nedeniyle \u00f6len ve \u00f6lecek masum insanlara olacak.\nNe kadar yaz\u0131k, elinde bu kadar imkan ve g\u00fc\u00e7 bulunan bir \u00fclkede durumlar\u0131n bu halde olabilmesi ne kadar utan\u00e7 verici de\u011fil mi?",
    "article_html": "",
    "meta_description": "Amerika'da siyasi s\u00fcre\u00e7lerin gidi\u015fat\u0131n\u0131 yorumlayanlar eski ba\u015fkan George Bush ile Trump aras\u0131ndaki benzerlikleri analiz ediyorlar.Ba\u015ftan s\u00f6yleyeyim Trump bir imkans\u0131z\u0131 ba\u015fard\u0131\u011f\u0131ndan ve zeka d\u00fczeyini George Bush'unkinden bile d\u00fc\u015f\u00fck olabildi\u011finden yap\u0131lan kar\u015f\u0131la\u015ft\u0131rmalar iki ba\u015fkan\u0131n d\u00fc\u015f\u00fcnce sistemleri ile ilgili de\u011fil.\u0130ki ba\u015fkan aras\u0131ndaki benzerlikler a\u00e7\u0131s\u0131ndan yap\u0131lan kar\u015f\u0131la\u015ft\u0131rmalarda en fazla vurgulanan nokta \u015fu:-George Bush ba\u015fkanl\u0131\u011f\u0131 d\u00f6neminde bir g\u00fcn bir u\u00e7ak gemisine helikopter ile indi ve bekleyen askerlere bir konu\u015fma yapt\u0131.Konu\u015fmas\u0131nda Irak'ta ABD'nin ne kadar b\u00fcy\u00fck bir zafer kazanm\u0131\u015f oldu\u011funu ve b\u00fct\u00fcn d\u00fcnyan\u0131n bunu g\u00f6rmesi...",
    "meta_lang": "tr"
}