{
    "article_id": "4d52d12f6eadd8084384dd94c5c72d02.1589925671.5188496",
    "title": "Bu 15 maddeyi kenara not edin! \u0130htiyac\u0131n\u0131z olacak!",
    "authors": [],
    "canonical_link": "https://www.haberturk.com/cocuga-ogretilebilecek-hayata-dair-15-onemli-bilgi-2676200",
    "url": "http://haberturk.com/cocuga-ogretilebilecek-hayata-dair-15-onemli-bilgi-2676200",
    "top_img": "https://im.haberturk.com/2020/05/12/ver1589550168/2676200_1200x627.jpg",
    "meta_img": "https://im.haberturk.com/2020/05/12/ver1589550168/2676200_1200x627.jpg",
    "movies": [],
    "text": "Ya\u015flar\u0131 ilerledik\u00e7e, yatma saati ve \u00f6dev yapmak gibi basit sorumluluklardan daha b\u00fcy\u00fck olanlara ge\u00e7ecekler. Ve vakti geldi\u011finde, hen\u00fcz gen\u00e7 ya\u015ftayken \u00f6\u011frenmeleri gereken sorumluluklar var.\n\nG\u00fcn\u00fcn birinde kendi hayatlar\u0131n\u0131 kurarken her \u015feyi s\u0131f\u0131rdan \u00f6\u011frenmek zorunda de\u011filler, onlar\u0131 hayata biz haz\u0131rlayaca\u011f\u0131z.\n\n\u00c7ocuklar\u0131m\u0131za bizimle ge\u00e7irdikleri y\u0131llar i\u00e7inde \u00f6\u011fretmemiz gereken hayata dair 15 \u00f6nemli bilgiyi bir yere not edin ve her birinin zaman\u0131n\u0131 siz belirleyin.\n\n1- Yemek yapmak\n\n\u00c7ocuklar\u0131m\u0131z\u0131n yemek yapmaya ihtiya\u00e7lar\u0131 olmayabilir ancak bu \u015fimdi i\u00e7in ge\u00e7erli. Okumak i\u00e7in ba\u015fka bir \u015fehre gittiklerinde, evlendiklerinde veya kendi evlerini kurduklar\u0131nda mutfa\u011fa girip yemek yapabiliyor olmalar\u0131 \u00f6nemli.\n\nD\u0131\u015far\u0131dan yemek s\u00f6yleyerek ya\u015fayamazlar.\n\nOcak kullanmay\u0131 \u00f6\u011frenebilecek ya\u015fa geldiklerinde basit yemeklerle ba\u015flay\u0131n.\n\n\u00d6ncelikle yemek tarifi nas\u0131l okunur, \u00f6l\u00e7\u00fc nedir gibi temel bilgileri anlat\u0131n. Ya\u015flar\u0131 ilerledik\u00e7e ve mutfakta deneyim kazand\u0131k\u00e7a daha zor yemeklere ge\u00e7ebilirler ancak \u00f6nce basit tarifler.\n\nSizinle birlikte sizi izleyerek, \u00e7orbay\u0131 kar\u0131\u015ft\u0131rarak, malzemeleri haz\u0131rlayarak yeme\u011fe yard\u0131m edebilirler. Bu s\u0131rada hangi yeme\u011fi yaparken neye dikkat etmek gerekti\u011fini de ufak ufak anlat\u0131n.\n\nHaftada bir g\u00fcn mutfa\u011fa girmek ve yemek yaparken size yard\u0131m etmek g\u00fczel bir ba\u015flang\u0131\u00e7 olacakt\u0131r. Zaman\u0131 geldi\u011finde ise kendi ba\u015f\u0131na mutfakta yeme\u011fi haz\u0131rlayabilece\u011fini size g\u00f6sterecektir.\n\n2- Paray\u0131 kontroll\u00fc harcamak\n\n\u00c7ocukken ald\u0131klar\u0131 har\u00e7l\u0131klar\u0131 do\u011fru harcamay\u0131 \u00f6\u011frenebilirse, ya\u015famlar\u0131 boyunca kazand\u0131klar\u0131 parayla bir ay ge\u00e7inmeye \u00e7al\u0131\u015f\u0131rken akla karay\u0131 se\u00e7meyeceklerdir.\n\n\u0130nsanlar parayla ili\u015fkileri konusunda ikiye ayr\u0131l\u0131rlar, biriktirenler ve harcayanlar. \u0130kisi de normaldir ancak dengeli oldu\u011fu s\u00fcrece.\n\nHar\u00e7l\u0131klar\u0131 ile idare edebildikleri g\u00fcn, para konusunda \u00e7ok b\u00fcy\u00fck sorun ya\u015famayacaklar\u0131na g\u00fcvenebilirsiniz.\n\n3- Sohbet etme sanat\u0131\n\nHem okul hem sosyal hem de i\u015f hayat\u0131nda ba\u015far\u0131l\u0131 olabilmek i\u00e7in \u00f6nemli ara\u00e7lardan biri sohbet etmektir.\n\n\u00c7ok basit gibi g\u00f6r\u00fcnse de herkesle sohbet ba\u015flatabilmek sonradan \u00f6\u011frenilen bir yetenektir. B\u00f6yle de\u011ferli bir bilgiyi \u00e7ocuk ya\u015fta almak ise gelecek hayatlar\u0131nda hem kuvvetli insan ili\u015fkileri kurmalar\u0131na hem de \u00f6z g\u00fcven kazanmalar\u0131na yard\u0131mc\u0131 olur.\n\nBinlerce kez sohbet ba\u015flat\u0131p konu\u015farak geli\u015ftirilen bu yetenek, sosyal hayatta kendilerine g\u00fcvenmelerini sa\u011flar.\n\n\u0130\u015f hayat\u0131na girdi\u011finde en \u00fcst d\u00fczey m\u00fcd\u00fcr\u00fc ile de kar\u015f\u0131la\u015fsa konu\u015fabilecek cesareti g\u00f6sterebilir.\n\n4- Yazma yetene\u011fi\n\nDijital d\u00fcnyada, hangi i\u015fi yaparlarsa yaps\u0131nlar, bir \u015fekilde yaz\u0131\u015fmak zorunda kalacaklar. Teknolojiyi kullanmak, klavye kullanmak, yaz\u0131 yazmak gibi ba\u015fl\u0131ca bilgileri almalar\u0131 gerekiyor. Ancak bunlar\u0131 bilmek yazmay\u0131 bilmek anlam\u0131na gelmiyor.\n\nYazarak kendilerini, d\u00fc\u015f\u00fcncelerini ve bilgilerini ifade edebilecek kadar T\u00fcrk\u00e7eye hakim olmal\u0131lar.\n\nBir yaz\u0131ya yaz\u0131yla cevap verebilmek, ifade yetene\u011fini kazanmalar\u0131ndan ge\u00e7iyor.\n\n5- Hedef koymak ve sonuca ula\u015fmak\n\nHedefleri olan sorumlu bireyler olmalar\u0131n\u0131 isteriz. Hayata dair ama\u00e7lar\u0131n\u0131 12 ya\u015f\u0131nda belirleyemezler. Ancak kendilerine g\u00f6re hedefler koyup bunlar\u0131 ba\u015fararak b\u00fcy\u00fcmeleri ileride ba\u015far\u0131l\u0131 insanlar olmalar\u0131 i\u00e7in yeteneklerini geli\u015ftirir.\n\nHer \u00e7ocuk, k\u0131sa ve uzun vadeli hedefler belirleyebilir. Baz\u0131lar\u0131nda y\u00f6nlendirilmeye ve yard\u0131ma ihtiya\u00e7 duyabilirler. Ancak bu hedeflere ula\u015fmak daha b\u00fcy\u00fck hedeflerin pe\u015finden gitmeleri i\u00e7in motivasyon sa\u011flar.\n\n6- Egzersiz yapmak ve do\u011fru beslenmek\n\nV\u00fccudumuza iyi bakmak, hayatta kalman\u0131n temellerinden biridir. Kendi sa\u011fl\u0131\u011f\u0131m\u0131zla ilgilenmezsek sa\u011fl\u0131kl\u0131 bir hayat\u0131m\u0131z olamaz. \u00c7ocuklar\u0131m\u0131za iyi beslenmenin \u00f6nemini, egzersiz yapma al\u0131\u015fkanl\u0131\u011f\u0131n\u0131 bizlerin \u00f6\u011fretmesi gerekiyor. Bunun en iyi yolu da \u00f6rnek olmak.\n\nBeslenme ile ilgili \u00e7ocuklar\u0131m\u0131za yakla\u015f\u0131m\u0131m\u0131zda dikkat etmemiz gereken baz\u0131 \u00f6nemli detaylar var:\n\n- Her g\u00fcn en az bir \u00f6\u011f\u00fcn\u00fc ailece birlikte yemeliyiz\n\n- \u00c7ocuklar\u0131m\u0131z d\u0131\u015far\u0131 \u00e7\u0131kmal\u0131lar ve biz de onlarla d\u0131\u015far\u0131da vakit ge\u00e7irmeliyiz\n\n- Teknolojik ayg\u0131tlar\u0131 kapatmal\u0131y\u0131z.\n\n- Dersleri d\u0131\u015f\u0131nda aktiviteler yapmal\u0131y\u0131z.\n\n- Yeme\u011fi \u00f6d\u00fcl olarak kullanmamal\u0131y\u0131z.\n\n- Okulda beden e\u011fitimi dersine kat\u0131lmas\u0131n\u0131 \u00f6\u011f\u00fctlemeliyiz.\n\n7- Do\u011fru giyinmek\n\nGiyime dikkat etmek sosyal bir davran\u0131\u015ft\u0131r. Eksik d\u00fc\u011fmeli g\u00f6mlek, kirli k\u0131yafet toplum i\u00e7inde ho\u015f g\u00f6r\u00fclmez. Giyimimiz duru\u015fumuzu sergiler.\n\n\u0130lk izlenim genelde g\u00f6r\u00fcn\u00fc\u015f \u00fczerinden olu\u015fur. Temiz, lekesiz ve d\u00fczg\u00fcn k\u0131yafetler, sosyal hayat\u0131n her yerinde \u00f6nem ta\u015f\u0131r. Nas\u0131l ki i\u015f g\u00f6r\u00fc\u015fmesine kot pantolonla gitmiyorsak, do\u011fru yerde do\u011fru giyinmeyi de ailemizden \u00f6\u011freniriz.\n\nK\u0131yafet, v\u00fccut dilinin bir par\u00e7as\u0131d\u0131r. Genelde sayg\u0131n\u0131n bir g\u00f6stergesidir. Bulundu\u011fum yere ve buradaki insanlara sayg\u0131 duyuyorum anlam\u0131n\u0131 ta\u015f\u0131r. \u00c7ocuklar\u0131m\u0131z nerede hangi k\u0131yafetin do\u011fru oldu\u011funu ve temiz giyinmenin \u00f6nemini bizden \u00f6\u011frenirler. Bu sayede b\u00fcy\u00fcd\u00fcklerinde \u00f6nemli k\u0131yafet hatalar\u0131 yapmazlar.\n\n8- El aletleri kullanmak ve basit tamiratlar yapmak\n\nDuvara \u00e7eki\u00e7le \u00e7ivi \u00e7akmak, ampul de\u011fi\u015ftirmek gibi basit i\u015fleri yapabilmek \u00e7ok zor de\u011fildir. Hayat\u0131n her an\u0131nda bu tarz k\u00fc\u00e7\u00fck i\u015fler kar\u015f\u0131m\u0131za \u00e7\u0131kabilir ve bunlar\u0131 bilmemek sorun haline gelebilir.\n\nBenzer \u015fekilde d\u00fc\u011fme dikmek, i\u011fne iplik kullanmak da hayatta \u00e7ok i\u015fe yarar.\n\nOkulun ilk g\u00fcn\u00fc, temiz g\u00f6mle\u011finin d\u00fc\u011fmesi koptu\u011funda seloteyp ile \u00e7\u00f6zemeyece\u011finden sizin ona \u00f6\u011fretece\u011finiz d\u00fc\u011fme dikme bilgisini kullanmas\u0131n\u0131 tercih edersiniz.\n\nOyunca\u011f\u0131n\u0131n vidas\u0131 \u00e7\u0131kt\u0131\u011f\u0131nda tornavida ile vidan\u0131n nas\u0131l s\u0131k\u0131laca\u011f\u0131n\u0131 g\u00f6sterdi\u011finizde ona ya\u015fam\u0131 boyunca laz\u0131m olacak bir bilgi hediye edersiniz.\n\n9- Zaman y\u00f6netimi\n\n\u00c7ocuklar zaman\u0131 y\u00f6netmeyi \u00e7ok k\u00fc\u00e7\u00fck ya\u015fta \u00f6\u011frenmeye ba\u015flarlar. Sabah uyanmak, okul i\u00e7in haz\u0131r olmak ve servise yeti\u015fmek i\u00e7in k\u0131s\u0131tl\u0131 bir zamanlar\u0131 oldu\u011funu bilirler. Ancak bu s\u00fcreyi nas\u0131l kullanacaklar\u0131n\u0131 bizim \u00f6\u011fretmemiz gerekir. E\u011fer 7\u2019de kalkarsan ve 20 ge\u00e7e kahvalt\u0131 masas\u0131na oturmu\u015f olursan 10 dakika sonra servis gelecek. Kahvalt\u0131ya otururken \u00e7antan\u0131 haz\u0131rlam\u0131\u015f olmal\u0131s\u0131n ve kap\u0131n\u0131n \u00f6n\u00fcne koyarsan zaman kaybetmezsin.\n\nBu bilgi hayatlar\u0131 boyunca en fazla ihtiya\u00e7 duyacaklar\u0131 zaman y\u00f6netimidir.\n\nDolay\u0131s\u0131yla uyand\u0131rman\u0131za ra\u011fmen yataktan \u00e7\u0131kmamas\u0131, defalarca kez s\u00f6yletmesi asl\u0131nda sadece zaman y\u00f6netimini bilmemesinden kaynaklan\u0131r. Sizin de buna izin vermemeniz onu d\u00fc\u015f\u00fcnd\u00fc\u011f\u00fcn\u00fcz i\u00e7indir.\n\nE\u011fer sabah uyanam\u0131yorsa ak\u015fam biraz daha erken yatabilir, hayatta belirlenen bir saatte belli bir i\u015fi yapmak sorumluluk sahibi oldu\u011fumuzun g\u00f6stergesidir. Bunu da k\u00fc\u00e7\u00fck ya\u015fta sabah okula giderken \u00f6\u011freniriz.\n\n\u00c7ocuklar\u0131n\u0131za bir yere ge\u00e7 kalmaktansa erken gitmeyi al\u0131\u015fkanl\u0131k haline getirmeyi \u00f6\u011fretebilirsiniz. Bu da en iyi kendi davran\u0131\u015flar\u0131m\u0131zla \u00f6rnek olarak \u00f6\u011fretilebilir.\n\n10- Ev temizlemek\n\nTemelde ev temizli\u011fi hijyen i\u00e7in yap\u0131l\u0131r. Ancak beraberinde organize etmeyi, d\u00fczeltmeyi ve sorumlululu\u011fu da ifade eder.\n\nB\u00fcy\u00fcd\u00fc\u011f\u00fcnde elbette kendi evini temizleyecektir. Ancak bunu nas\u0131l do\u011fru yapaca\u011f\u0131n\u0131 sizden \u00f6\u011frenebilir. \u0130\u00e7inde ya\u015fad\u0131\u011f\u0131 odan\u0131n ya da evin kir, mikrop ve toz i\u00e7inde olmas\u0131n\u0131n sa\u011fl\u0131k i\u00e7in ne kadar zararl\u0131 oldu\u011funu anlatmal\u0131 ve temizli\u011fin \u00f6nemini iyice anlamalar\u0131n\u0131 sa\u011flamal\u0131s\u0131n\u0131z.\n\nBasit i\u015flerle ba\u015flayabilirsiniz. Mutfa\u011f\u0131 paspaslamak gibi... Paspas\u0131n nas\u0131l k\u00f6\u015felerden ge\u00e7irilerek ve ayn\u0131 y\u00f6nde hareket ettirilmesi gerekti\u011fini g\u00f6sterebilirsiniz. Paspas\u0131n ve kovan\u0131n, temizlik malzemelerinin yerini bilebilirler.\n\nEvin temizli\u011finde her hafta belirli bir g\u00f6revi vermek, o g\u00f6revin do\u011fru \u015fekilde yap\u0131lmas\u0131n\u0131 istemek \u00e7ocuklar\u0131n sorumluluk bilincini de geli\u015ftirir. Temizlik yapmay\u0131 \u00f6\u011frenirken ekip olmay\u0131, verilen i\u015fi tamamlamay\u0131 da \u00f6\u011frenmi\u015f oluyorlar.\n\n12- Topu ta\u015f\u0131may\u0131 kullanmak\n\nOtob\u00fcse nereden binilir? Metroda kart nerede doldurulur? Taksi nas\u0131l \u00e7a\u011fr\u0131l\u0131r? Deniz otob\u00fcsleri nereden kalkar? Motorlar ka\u00e7ta sona erer?\n\nT\u00fcm bunlar bir \u015fehirde ya\u015farken ihtiya\u00e7 duyaca\u011f\u0131m\u0131z elzem bilgilerdir.\n\nBir defa bir \u015fehirde kullanmay\u0131 \u00f6\u011frendi\u011finde, hangi \u015fehre giderse gitsin hemen adapte olabilir.\n\nAncak b\u00fct\u00fcn bunlar\u0131 \u00f6\u011frenmesi i\u00e7in ilk ba\u015fta bizim yard\u0131m\u0131m\u0131za ihtiya\u00e7lar\u0131 olacakt\u0131r.\n\n13- Kendini savunmak\n\n\u00c7ocuklar\u0131m\u0131z\u0131n ihtiya\u00e7 duyduklar\u0131 her anlar\u0131nda yanlar\u0131nda olamay\u0131z. Haks\u0131zl\u0131\u011fa u\u011frad\u0131\u011f\u0131nda kendisini savunmay\u0131 \u00f6\u011fretmeliyiz.\n\n\u00c7ocukken evde, sonra okulda ve b\u00fcy\u00fcd\u00fc\u011f\u00fcnde i\u015f hayat\u0131nda kendisini savunabilmesi i\u00e7in nas\u0131l yapaca\u011f\u0131n\u0131 bizden \u00f6\u011frenecektir.\n\nBir arkada\u015f\u0131 ile sorun ya\u015fad\u0131\u011f\u0131nda bunu \u00f6\u011fretmenine gidip konu\u015fmal\u0131, anla\u015fmazl\u0131\u011f\u0131n \u00e7\u00f6z\u00fclmesini istemeli, kendi ad\u0131na konu\u015fmal\u0131d\u0131r. \u0130\u015fler \u00e7\u0131kmaza girdi\u011finde ancak anne ve babalar devreye girmelidir.\n\nSorunlar\u0131 nas\u0131l \u00e7\u00f6zece\u011fini, nas\u0131l konu\u015faca\u011f\u0131n\u0131, nas\u0131l talep edece\u011fini onlara biz \u00f6\u011fretece\u011fiz.\n\n14- Tak\u0131m oyuncusu olmak ve yard\u0131m etmek\n\n\u0130yi bir tak\u0131m oyuncusu olmak hayat\u0131n her alan\u0131nda fayda sa\u011flar. Okulda, i\u015fte ve sosyal hayatta ba\u015far\u0131 getirir. Bunu nas\u0131l yapacaklar\u0131n\u0131 ise bizimle tak\u0131m olarak \u00e7ocuk ya\u015fta \u00f6\u011frenecektir.\n\nEvdeki sorumluluklar\u0131 payla\u015fmak, i\u015f b\u00f6l\u00fcm\u00fcne dahil olmak \u00e7ok basit e\u011fitim y\u00f6ntemleridir.\n\nTak\u0131m oyuncusu oldu\u011funda bunun bir sonucu olarak ekip arkada\u015flar\u0131na yard\u0131mc\u0131 olmas\u0131 gerekti\u011fini de anlayacakt\u0131r. Kendi i\u015fi bitti\u011finde bir ba\u015fka i\u015fin bitmesi i\u00e7in yard\u0131mc\u0131 olmay\u0131 yine biz \u00f6\u011fretece\u011fiz.\n\n15- G\u00f6rg\u00fc kurallar\u0131\n\nG\u00f6rg\u00fc kurallar\u0131 bilinci aileden gelir. \u00c7ocuk, anne ve babas\u0131ndan \u00f6\u011frendi\u011fi toplumsal kurallar\u0131 hayat\u0131 boyunca uygular. E\u011fer bu bilin\u00e7 geli\u015fmezse sosyal hayat\u0131nda ciddi sorunlar ya\u015fayabilir.\n\n\u0130lk defa gidilen bir eve misafir olarak k\u00fc\u00e7\u00fck bir hediye g\u00f6t\u00fcrmek, do\u011fru \u015fekilde giyinmek, sosyal \u00e7evresinde ili\u015fki kurmas\u0131n\u0131 kolayla\u015ft\u0131r\u0131r.\n\nG\u00f6rg\u00fc kurallar\u0131n\u0131n bir k\u0131sm\u0131 aile i\u00e7inde g\u00f6rerek \u00f6\u011frenilir. Yemeye misafir \u00e7a\u011fr\u0131ld\u0131\u011f\u0131nda nas\u0131l sofran\u0131n d\u00fczenlenece\u011fi, \u00e7ay\u0131n yan\u0131nda ne ikram edilece\u011fi, insanlarla konu\u015furken nas\u0131l kelimeler kullan\u0131laca\u011f\u0131 gibi bilgileri izleyerek g\u00f6r\u00fcrler.\n\nSayg\u0131 ise anlat\u0131lmal\u0131, ba\u015fkalar\u0131na nas\u0131l davranmas\u0131 gerekti\u011fi de \u00e7ocuklarla konu\u015fularak \u00f6\u011fretilir.",
    "keywords": [
        "i\u00e7in",
        "kenara",
        "15",
        "bir",
        "i\u0307htiyac\u0131n\u0131z",
        "sosyal",
        "ancak",
        "nas\u0131l",
        "maddeyi",
        "kendi",
        "do\u011fru",
        "ve",
        "edin",
        "olacak",
        "gibi",
        "bu"
    ],
    "meta_keywords": [
        ""
    ],
    "publish_date": {
        "$date": 1589550168000
    },
    "summary": "Ya\u015flar\u0131 ilerledik\u00e7e, yatma saati ve \u00f6dev yapmak gibi basit sorumluluklardan daha b\u00fcy\u00fck olanlara ge\u00e7ecekler.\nG\u00fcn\u00fcn birinde kendi hayatlar\u0131n\u0131 kurarken her \u015feyi s\u0131f\u0131rdan \u00f6\u011frenmek zorunda de\u011filler, onlar\u0131 hayata biz haz\u0131rlayaca\u011f\u0131z.\n\u00c7ocuklar\u0131m\u0131za bizimle ge\u00e7irdikleri y\u0131llar i\u00e7inde \u00f6\u011fretmemiz gereken hayata dair 15 \u00f6nemli bilgiyi bir yere not edin ve her birinin zaman\u0131n\u0131 siz belirleyin.\n1- Yemek yapmak\u00c7ocuklar\u0131m\u0131z\u0131n yemek yapmaya ihtiya\u00e7lar\u0131 olmayabilir ancak bu \u015fimdi i\u00e7in ge\u00e7erli.\nOkumak i\u00e7in ba\u015fka bir \u015fehre gittiklerinde, evlendiklerinde veya kendi evlerini kurduklar\u0131nda mutfa\u011fa girip yemek yapabiliyor olmalar\u0131 \u00f6nemli.\n\u00d6ncelikle yemek tarifi nas\u0131l okunur, \u00f6l\u00e7\u00fc nedir gibi temel bilgileri anlat\u0131n.\nYa\u015flar\u0131 ilerledik\u00e7e ve mutfakta deneyim kazand\u0131k\u00e7a daha zor yemeklere ge\u00e7ebilirler ancak \u00f6nce basit tarifler.\nBu s\u0131rada hangi yeme\u011fi yaparken neye dikkat etmek gerekti\u011fini de ufak ufak anlat\u0131n.\nHaftada bir g\u00fcn mutfa\u011fa girmek ve yemek yaparken size yard\u0131m etmek g\u00fczel bir ba\u015flang\u0131\u00e7 olacakt\u0131r.\nZaman\u0131 geldi\u011finde ise kendi ba\u015f\u0131na mutfakta yeme\u011fi haz\u0131rlayabilece\u011fini size g\u00f6sterecektir.\n2- Paray\u0131 kontroll\u00fc harcamak\u00c7ocukken ald\u0131klar\u0131 har\u00e7l\u0131klar\u0131 do\u011fru harcamay\u0131 \u00f6\u011frenebilirse, ya\u015famlar\u0131 boyunca kazand\u0131klar\u0131 parayla bir ay ge\u00e7inmeye \u00e7al\u0131\u015f\u0131rken akla karay\u0131 se\u00e7meyeceklerdir.\nHar\u00e7l\u0131klar\u0131 ile idare edebildikleri g\u00fcn, para konusunda \u00e7ok b\u00fcy\u00fck sorun ya\u015famayacaklar\u0131na g\u00fcvenebilirsiniz.\n3- Sohbet etme sanat\u0131Hem okul hem sosyal hem de i\u015f hayat\u0131nda ba\u015far\u0131l\u0131 olabilmek i\u00e7in \u00f6nemli ara\u00e7lardan biri sohbet etmektir.\n\u00c7ok basit gibi g\u00f6r\u00fcnse de herkesle sohbet ba\u015flatabilmek sonradan \u00f6\u011frenilen bir yetenektir.\nB\u00f6yle de\u011ferli bir bilgiyi \u00e7ocuk ya\u015fta almak ise gelecek hayatlar\u0131nda hem kuvvetli insan ili\u015fkileri kurmalar\u0131na hem de \u00f6z g\u00fcven kazanmalar\u0131na yard\u0131mc\u0131 olur.\nBinlerce kez sohbet ba\u015flat\u0131p konu\u015farak geli\u015ftirilen bu yetenek, sosyal hayatta kendilerine g\u00fcvenmelerini sa\u011flar.\n4- Yazma yetene\u011fiDijital d\u00fcnyada, hangi i\u015fi yaparlarsa yaps\u0131nlar, bir \u015fekilde yaz\u0131\u015fmak zorunda kalacaklar.\nAncak kendilerine g\u00f6re hedefler koyup bunlar\u0131 ba\u015fararak b\u00fcy\u00fcmeleri ileride ba\u015far\u0131l\u0131 insanlar olmalar\u0131 i\u00e7in yeteneklerini geli\u015ftirir.\nAncak bu hedeflere ula\u015fmak daha b\u00fcy\u00fck hedeflerin pe\u015finden gitmeleri i\u00e7in motivasyon sa\u011flar.\n6- Egzersiz yapmak ve do\u011fru beslenmekV\u00fccudumuza iyi bakmak, hayatta kalman\u0131n temellerinden biridir.\n7- Do\u011fru giyinmekGiyime dikkat etmek sosyal bir davran\u0131\u015ft\u0131r.\nTemiz, lekesiz ve d\u00fczg\u00fcn k\u0131yafetler, sosyal hayat\u0131n her yerinde \u00f6nem ta\u015f\u0131r.\nNas\u0131l ki i\u015f g\u00f6r\u00fc\u015fmesine kot pantolonla gitmiyorsak, do\u011fru yerde do\u011fru giyinmeyi de ailemizden \u00f6\u011freniriz.\n\u00c7ocuklar\u0131m\u0131z nerede hangi k\u0131yafetin do\u011fru oldu\u011funu ve temiz giyinmenin \u00f6nemini bizden \u00f6\u011frenirler.\n8- El aletleri kullanmak ve basit tamiratlar yapmakDuvara \u00e7eki\u00e7le \u00e7ivi \u00e7akmak, ampul de\u011fi\u015ftirmek gibi basit i\u015fleri yapabilmek \u00e7ok zor de\u011fildir.\nHayat\u0131n her an\u0131nda bu tarz k\u00fc\u00e7\u00fck i\u015fler kar\u015f\u0131m\u0131za \u00e7\u0131kabilir ve bunlar\u0131 bilmemek sorun haline gelebilir.\nOkulun ilk g\u00fcn\u00fc, temiz g\u00f6mle\u011finin d\u00fc\u011fmesi koptu\u011funda seloteyp ile \u00e7\u00f6zemeyece\u011finden sizin ona \u00f6\u011fretece\u011finiz d\u00fc\u011fme dikme bilgisini kullanmas\u0131n\u0131 tercih edersiniz.\nOyunca\u011f\u0131n\u0131n vidas\u0131 \u00e7\u0131kt\u0131\u011f\u0131nda tornavida ile vidan\u0131n nas\u0131l s\u0131k\u0131laca\u011f\u0131n\u0131 g\u00f6sterdi\u011finizde ona ya\u015fam\u0131 boyunca laz\u0131m olacak bir bilgi hediye edersiniz.\nSabah uyanmak, okul i\u00e7in haz\u0131r olmak ve servise yeti\u015fmek i\u00e7in k\u0131s\u0131tl\u0131 bir zamanlar\u0131 oldu\u011funu bilirler.\nAncak bu s\u00fcreyi nas\u0131l kullanacaklar\u0131n\u0131 bizim \u00f6\u011fretmemiz gerekir.\nE\u011fer 7\u2019de kalkarsan ve 20 ge\u00e7e kahvalt\u0131 masas\u0131na oturmu\u015f olursan 10 dakika sonra servis gelecek.\nBu bilgi hayatlar\u0131 boyunca en fazla ihtiya\u00e7 duyacaklar\u0131 zaman y\u00f6netimidir.\nE\u011fer sabah uyanam\u0131yorsa ak\u015fam biraz daha erken yatabilir, hayatta belirlenen bir saatte belli bir i\u015fi yapmak sorumluluk sahibi oldu\u011fumuzun g\u00f6stergesidir.\nBu da en iyi kendi davran\u0131\u015flar\u0131m\u0131zla \u00f6rnek olarak \u00f6\u011fretilebilir.\nAncak bunu nas\u0131l do\u011fru yapaca\u011f\u0131n\u0131 sizden \u00f6\u011frenebilir.\n\u0130\u00e7inde ya\u015fad\u0131\u011f\u0131 odan\u0131n ya da evin kir, mikrop ve toz i\u00e7inde olmas\u0131n\u0131n sa\u011fl\u0131k i\u00e7in ne kadar zararl\u0131 oldu\u011funu anlatmal\u0131 ve temizli\u011fin \u00f6nemini iyice anlamalar\u0131n\u0131 sa\u011flamal\u0131s\u0131n\u0131z.\nMutfa\u011f\u0131 paspaslamak gibi... Paspas\u0131n nas\u0131l k\u00f6\u015felerden ge\u00e7irilerek ve ayn\u0131 y\u00f6nde hareket ettirilmesi gerekti\u011fini g\u00f6sterebilirsiniz.\nEvin temizli\u011finde her hafta belirli bir g\u00f6revi vermek, o g\u00f6revin do\u011fru \u015fekilde yap\u0131lmas\u0131n\u0131 istemek \u00e7ocuklar\u0131n sorumluluk bilincini de geli\u015ftirir.\nBir defa bir \u015fehirde kullanmay\u0131 \u00f6\u011frendi\u011finde, hangi \u015fehre giderse gitsin hemen adapte olabilir.\n\u00c7ocukken evde, sonra okulda ve b\u00fcy\u00fcd\u00fc\u011f\u00fcnde i\u015f hayat\u0131nda kendisini savunabilmesi i\u00e7in nas\u0131l yapaca\u011f\u0131n\u0131 bizden \u00f6\u011frenecektir.\nBir arkada\u015f\u0131 ile sorun ya\u015fad\u0131\u011f\u0131nda bunu \u00f6\u011fretmenine gidip konu\u015fmal\u0131, anla\u015fmazl\u0131\u011f\u0131n \u00e7\u00f6z\u00fclmesini istemeli, kendi ad\u0131na konu\u015fmal\u0131d\u0131r.\n\u0130\u015fler \u00e7\u0131kmaza girdi\u011finde ancak anne ve babalar devreye girmelidir.\nSorunlar\u0131 nas\u0131l \u00e7\u00f6zece\u011fini, nas\u0131l konu\u015faca\u011f\u0131n\u0131, nas\u0131l talep edece\u011fini onlara biz \u00f6\u011fretece\u011fiz.\n14- Tak\u0131m oyuncusu olmak ve yard\u0131m etmek\u0130yi bir tak\u0131m oyuncusu olmak hayat\u0131n her alan\u0131nda fayda sa\u011flar.\nOkulda, i\u015fte ve sosyal hayatta ba\u015far\u0131 getirir.\nTak\u0131m oyuncusu oldu\u011funda bunun bir sonucu olarak ekip arkada\u015flar\u0131na yard\u0131mc\u0131 olmas\u0131 gerekti\u011fini de anlayacakt\u0131r.\nKendi i\u015fi bitti\u011finde bir ba\u015fka i\u015fin bitmesi i\u00e7in yard\u0131mc\u0131 olmay\u0131 yine biz \u00f6\u011fretece\u011fiz.\nE\u011fer bu bilin\u00e7 geli\u015fmezse sosyal hayat\u0131nda ciddi sorunlar ya\u015fayabilir.\n\u0130lk defa gidilen bir eve misafir olarak k\u00fc\u00e7\u00fck bir hediye g\u00f6t\u00fcrmek, do\u011fru \u015fekilde giyinmek, sosyal \u00e7evresinde ili\u015fki kurmas\u0131n\u0131 kolayla\u015ft\u0131r\u0131r.\nYemeye misafir \u00e7a\u011fr\u0131ld\u0131\u011f\u0131nda nas\u0131l sofran\u0131n d\u00fczenlenece\u011fi, \u00e7ay\u0131n yan\u0131nda ne ikram edilece\u011fi, insanlarla konu\u015furken nas\u0131l kelimeler kullan\u0131laca\u011f\u0131 gibi bilgileri izleyerek g\u00f6r\u00fcrler.",
    "article_html": "",
    "meta_description": "Onlar\u0131n hemen her \u015feyleriyle ilgileniyoruz, \u00f6devlerinden yemeklerine, terlemelerinden uykular\u0131na kadar... G\u00fcn\u00fcn birinde sorumluluk sahibi, iyi ve ba\u015far\u0131l\u0131 insanlar olarak yeti\u015fmelerini istiyoruz. Kendi ayaklar\u0131n\u0131n \u00fczerinde duran g\u00fc\u00e7l\u00fc karakterler olmalar\u0131 en b\u00fcy\u00fck hayalimiz. Ancak bu ne bir g\u00fcnde ne de bir y\u0131lda olacak \u015fey de\u011fil, zamanla ve sab\u0131rla, onlara ya\u015fam\u0131n ne oldu\u011funu \u00f6\u011fretmemiz gerekiyor.",
    "meta_lang": "tr"
}