{
    "article_id": "b9fdf9eeeaeb98a59490285028f5849d.1589925672.9221199",
    "title": "\u00c7ocuklara ye\u015fil sebze yedirmenin 5 yolu",
    "authors": [],
    "canonical_link": "https://www.haberturk.com/cocuklara-yesil-sebze-yedirmenin-5-yolu-2664965",
    "url": "http://haberturk.com/cocuklara-yesil-sebze-yedirmenin-5-yolu-2664965",
    "top_img": "https://im.haberturk.com/2020/05/01/ver1589353912/2664965_1200x627.jpg",
    "meta_img": "https://im.haberturk.com/2020/05/01/ver1589353912/2664965_1200x627.jpg",
    "movies": [],
    "text": "\u00c7ocuklar\u0131m\u0131z\u0131 zorlayarak bir yere varam\u0131yoruz, o zaman ye\u015fil yapraklar ve sebzeleri yedirmenin ba\u015fka yollar\u0131n\u0131 deneyebiliriz. Biraz yarat\u0131c\u0131l\u0131k, \u00e7ocuklar\u0131m\u0131z\u0131 daha kolay ikna etmeye yard\u0131mc\u0131 olabilir.\n\n\u0130\u015fte \u00e7ocuklara ye\u015fil sebze yedirmenin 5 yolu\n\n1- \u015eeklini de\u011fi\u015ftirin\n\nSebzeler ve ye\u015fillikler g\u00f6r\u00fcnt\u00fcleri itibariyle cazip gelmeyebilir. O zaman biz de \u015fekillerini ve hatta renklerini de\u011fi\u015ftiririz.\n\nTabaktaki sebze ve ye\u015fillikleri farkl\u0131 renklerdeki soslarla kamufle etmek i\u015fe yarayabilir.\n\n\u0130\u015fte bir \u00f6rnek: Pembe salata!\n\n2 ka\u015f\u0131k balsamik sirke, 1 ka\u015f\u0131k zeytinya\u011f\u0131, \u00e7eyrek fincan ya\u011fs\u0131z yo\u011furt, biraz tuz, 6-10 kadar \u00e7ile\u011fi ak\u0131c\u0131 bir sos elde edene kadar blenderdan ge\u00e7irin, salatan\u0131n \u00fczerine d\u00f6k\u00fcn.\n\nPembe salata fikirlerini de\u011fi\u015ftirebilir.\n\nSiz de farkl\u0131 renklerde soslar elde edebilir, bunun i\u00e7in \u00e7ocu\u011funuzun sevdi\u011fi renkleri bar\u0131nd\u0131ran meyveleri kullanabilirsiniz.\n\n2- K\u0131zart\u0131n\n\nNormalde patates yemeyen \u00e7ocuklar s\u00f6z konusu cips olunca birden fikir de\u011fi\u015ftirirler. Biz de bundan ilham ald\u0131k, yemek istemedikleri sebze ve ye\u015fil yapraklar\u0131 sa\u011fl\u0131kl\u0131 ve gevrek hale getirmenin yollar\u0131n\u0131 ara\u015ft\u0131rd\u0131k.\n\nF\u0131r\u0131n\u0131 200 dereceye ayarlay\u0131n. Ye\u015fil sebzeleri bir ka\u015f\u0131k zeytinya\u011f\u0131na bat\u0131r\u0131n, f\u0131r\u0131na ya\u011fl\u0131 ka\u011f\u0131d\u0131n \u00fczerine dizin, 8 dakika kadar sonra \u00e7\u0131kart\u0131n. Havlu ka\u011f\u0131t \u00fczerine al\u0131p ya\u011f\u0131n\u0131 s\u00fczmesini bekleyin.\n\nYe\u015fil cipsler \u00e7ocuklar\u0131n\u0131z\u0131n ilgisini \u00e7ekecektir.\n\n3- Yeti\u015ftirin\n\nBah\u00e7enizde, balkonunuzda, cam\u0131n \u00f6n\u00fcnde, bir saks\u0131n\u0131n i\u00e7inde yeti\u015ftirebilece\u011finiz sebze ya da ye\u015fil yaprakl\u0131 bitkiler var. B\u0131rak\u0131n bu i\u015fi \u00e7ocu\u011funuz yaps\u0131n. En sevmedi\u011fi sebze bile olsa, onun saks\u0131n\u0131n i\u00e7inde b\u00fcy\u00fcmesini izlerken art\u0131k ayn\u0131 fikirde olmayacakt\u0131r.\n\nTek bir sebze ya da s\u00f6z gelimi fesle\u011fen gibi basit bir bitkiyi yeti\u015ftirdi\u011fini d\u00fc\u015f\u00fcnmek bile t\u00fcm sevmedi\u011fi yiyeceklere kar\u015f\u0131 fikrini de\u011fi\u015ftirmeye yard\u0131mc\u0131 olabilir.\n\n4- Dekore edin\n\n\u00c7ocuklar\u0131 ikna etmenin en kolay yollar\u0131ndan biri, sevmedikleri yemeklerle en sevdiklerini bir araya getirmektir. Sebzeli salatay\u0131 sevmiyorsa i\u00e7ine sevdi\u011fi meyvelerden ekleyin. Sebzelerini sa\u011fl\u0131kl\u0131 at\u0131\u015ft\u0131rmal\u0131klarla birle\u015ftirin. Peynir, \u00e7erez, kuru yemi\u015f ya da \u00e7ocu\u011funuz ne seviyorsa, salatalar\u0131n\u0131z\u0131 ve sebze yemeklerinizi \u00e7e\u015fitlendirip tabaklar\u0131n\u0131 dekore edebilirsiniz.\n\n5- Yuvarlay\u0131n\n\n\u00c7ocuklar yemeklerini elleriyle yemekten ayr\u0131ca keyif al\u0131rlar. Bunu avantaj\u0131n\u0131za \u00e7evirebilirsiniz. Sebzeleri, salatalar\u0131 ve hatta yemedikleri her ne varsa, d\u00fcr\u00fcm yap\u0131n. Bunun i\u00e7in sadece unlu \u00fcr\u00fcnler kullanmak zorunda da de\u011filsiniz, b\u00fcy\u00fck ye\u015fil yapraklar\u0131 da sararken kullanabilirsiniz.",
    "keywords": [
        "ye\u015fil",
        "sebze",
        "ya",
        "bir",
        "yedirmenin",
        "yolu",
        "ve",
        "da",
        "\u00e7ocuklara",
        "sebzeleri",
        "\u00fczerine",
        "ka\u015f\u0131k",
        "kadar"
    ],
    "meta_keywords": [
        ""
    ],
    "publish_date": {
        "$date": 1589353912000
    },
    "summary": "\u00c7ocuklar\u0131m\u0131z\u0131 zorlayarak bir yere varam\u0131yoruz, o zaman ye\u015fil yapraklar ve sebzeleri yedirmenin ba\u015fka yollar\u0131n\u0131 deneyebiliriz.\nBiraz yarat\u0131c\u0131l\u0131k, \u00e7ocuklar\u0131m\u0131z\u0131 daha kolay ikna etmeye yard\u0131mc\u0131 olabilir.\n\u0130\u015fte \u00e7ocuklara ye\u015fil sebze yedirmenin 5 yolu1- \u015eeklini de\u011fi\u015ftirinSebzeler ve ye\u015fillikler g\u00f6r\u00fcnt\u00fcleri itibariyle cazip gelmeyebilir.\nO zaman biz de \u015fekillerini ve hatta renklerini de\u011fi\u015ftiririz.\nTabaktaki sebze ve ye\u015fillikleri farkl\u0131 renklerdeki soslarla kamufle etmek i\u015fe yarayabilir.\n\u0130\u015fte bir \u00f6rnek: Pembe salata!\n2 ka\u015f\u0131k balsamik sirke, 1 ka\u015f\u0131k zeytinya\u011f\u0131, \u00e7eyrek fincan ya\u011fs\u0131z yo\u011furt, biraz tuz, 6-10 kadar \u00e7ile\u011fi ak\u0131c\u0131 bir sos elde edene kadar blenderdan ge\u00e7irin, salatan\u0131n \u00fczerine d\u00f6k\u00fcn.\nPembe salata fikirlerini de\u011fi\u015ftirebilir.\nSiz de farkl\u0131 renklerde soslar elde edebilir, bunun i\u00e7in \u00e7ocu\u011funuzun sevdi\u011fi renkleri bar\u0131nd\u0131ran meyveleri kullanabilirsiniz.\n2- K\u0131zart\u0131nNormalde patates yemeyen \u00e7ocuklar s\u00f6z konusu cips olunca birden fikir de\u011fi\u015ftirirler.\nBiz de bundan ilham ald\u0131k, yemek istemedikleri sebze ve ye\u015fil yapraklar\u0131 sa\u011fl\u0131kl\u0131 ve gevrek hale getirmenin yollar\u0131n\u0131 ara\u015ft\u0131rd\u0131k.\nF\u0131r\u0131n\u0131 200 dereceye ayarlay\u0131n.\nYe\u015fil sebzeleri bir ka\u015f\u0131k zeytinya\u011f\u0131na bat\u0131r\u0131n, f\u0131r\u0131na ya\u011fl\u0131 ka\u011f\u0131d\u0131n \u00fczerine dizin, 8 dakika kadar sonra \u00e7\u0131kart\u0131n.\nHavlu ka\u011f\u0131t \u00fczerine al\u0131p ya\u011f\u0131n\u0131 s\u00fczmesini bekleyin.\nYe\u015fil cipsler \u00e7ocuklar\u0131n\u0131z\u0131n ilgisini \u00e7ekecektir.\n3- Yeti\u015ftirinBah\u00e7enizde, balkonunuzda, cam\u0131n \u00f6n\u00fcnde, bir saks\u0131n\u0131n i\u00e7inde yeti\u015ftirebilece\u011finiz sebze ya da ye\u015fil yaprakl\u0131 bitkiler var.\nB\u0131rak\u0131n bu i\u015fi \u00e7ocu\u011funuz yaps\u0131n.\nEn sevmedi\u011fi sebze bile olsa, onun saks\u0131n\u0131n i\u00e7inde b\u00fcy\u00fcmesini izlerken art\u0131k ayn\u0131 fikirde olmayacakt\u0131r.\nTek bir sebze ya da s\u00f6z gelimi fesle\u011fen gibi basit bir bitkiyi yeti\u015ftirdi\u011fini d\u00fc\u015f\u00fcnmek bile t\u00fcm sevmedi\u011fi yiyeceklere kar\u015f\u0131 fikrini de\u011fi\u015ftirmeye yard\u0131mc\u0131 olabilir.\n4- Dekore edin\u00c7ocuklar\u0131 ikna etmenin en kolay yollar\u0131ndan biri, sevmedikleri yemeklerle en sevdiklerini bir araya getirmektir.\nSebzeli salatay\u0131 sevmiyorsa i\u00e7ine sevdi\u011fi meyvelerden ekleyin.\nSebzelerini sa\u011fl\u0131kl\u0131 at\u0131\u015ft\u0131rmal\u0131klarla birle\u015ftirin.\nPeynir, \u00e7erez, kuru yemi\u015f ya da \u00e7ocu\u011funuz ne seviyorsa, salatalar\u0131n\u0131z\u0131 ve sebze yemeklerinizi \u00e7e\u015fitlendirip tabaklar\u0131n\u0131 dekore edebilirsiniz.\n5- Yuvarlay\u0131n\u00c7ocuklar yemeklerini elleriyle yemekten ayr\u0131ca keyif al\u0131rlar.\nBunu avantaj\u0131n\u0131za \u00e7evirebilirsiniz.\nSebzeleri, salatalar\u0131 ve hatta yemedikleri her ne varsa, d\u00fcr\u00fcm yap\u0131n.\nBunun i\u00e7in sadece unlu \u00fcr\u00fcnler kullanmak zorunda da de\u011filsiniz, b\u00fcy\u00fck ye\u015fil yapraklar\u0131 da sararken kullanabilirsiniz.",
    "article_html": "",
    "meta_description": "Ye\u015fil yaprakl\u0131 bitkiler hemen her t\u00fcr vitamin ve mineral a\u00e7\u0131s\u0131ndan zengindir ve \u00e7ocuklar\u0131m\u0131z\u0131n mutlaka t\u00fcketmesi gereken yiyecek gruplar\u0131ndand\u0131r. Ancak her sebze gibi ye\u015fillikleri de yedirebilmek bazen olduk\u00e7a zor olabiliyor.",
    "meta_lang": "tr"
}