{
    "article_id": "898602f1a3c569f302ad34b766977833.1589925673.8636699",
    "title": "\u00c7ocuklar\u0131 internet ba\u011f\u0131ml\u0131l\u0131\u011f\u0131ndan koruman\u0131n 12 yolu",
    "authors": [],
    "canonical_link": "https://www.haberturk.com/cocuklari-internet-bagimliligindan-korumanin-12-yolu-2664976",
    "url": "http://haberturk.com/cocuklari-internet-bagimliligindan-korumanin-12-yolu-2664976",
    "top_img": "https://im.haberturk.com/2020/05/01/ver1589458478/2664976_1200x627.jpg",
    "meta_img": "https://im.haberturk.com/2020/05/01/ver1589458478/2664976_1200x627.jpg",
    "movies": [],
    "text": "Ailelerin internet kullan\u0131m\u0131nda bilin\u00e7li olmas\u0131 ve \u00e7ocuklar\u0131n da dijital d\u00fcnya ile ili\u015fkilerinin s\u0131n\u0131rland\u0131r\u0131lmas\u0131 konusunda, gerekti\u011finde uzman deste\u011fi almas\u0131 b\u00fcy\u00fck \u00f6nem ta\u015f\u0131yor. Uz. Psk. \u00d6zlem Soysal, internetin do\u011fru kullan\u0131m\u0131 hakk\u0131nda bilgi verdi.\n\n\u00c7ocuklara interneti tamamen yasaklamay\u0131n\n\n\u00c7ocuklar\u0131n internet kullan\u0131m\u0131ndaki yetkinlikleri, tablet, ak\u0131ll\u0131 telefon gibi teknolojik aletlere hakim olmas\u0131, onlar\u0131n \u00fcst\u00fcn zekal\u0131 oldu\u011fu y\u00f6n\u00fcnde de\u011ferlendirilse de bu durum, zekayla do\u011fru orant\u0131l\u0131 de\u011fildir. \u00c7ocuklar\u0131 t\u00fcm\u00fcyle internetten al\u0131koymak veya teknolojik aletleri yasaklamak ya da onlar\u0131 tamam\u0131yla \u00f6zg\u00fcr b\u0131rakmak yanl\u0131\u015f bir tutumdur. En ideal yol \u00e7ocuklar\u0131n ya\u015f\u0131na, internet i\u00e7eri\u011fine ve s\u00fcresine g\u00f6re bir denetleme mekanizmas\u0131 olu\u015fturmakt\u0131r. Bu sayede \u00e7ocuk hem geli\u015fen d\u00fcnyaya ayak uyduracak hem de teknoloji ba\u011f\u0131ml\u0131l\u0131\u011fa yakalanmayacakt\u0131r.\n\nTeknoloji ba\u011f\u0131ml\u0131l\u0131\u011f\u0131 \u00e7ocuklar\u0131 yaln\u0131zla\u015ft\u0131r\u0131yor\n\nTeknoloji ba\u011f\u0131ml\u0131l\u0131\u011f\u0131nda ve \u00f6zellikle de yo\u011fun ekran maruziyetine kalan bir \u00e7ocukta, ya\u015fa g\u00f6re farkl\u0131 belirtiler ortaya \u00e7\u0131kmaktad\u0131r. Bu durum daha sonra al\u0131\u015fkanl\u0131k haline gelmektedir. \u0130nternet ve teknoloji ba\u011f\u0131ml\u0131l\u0131\u011f\u0131 olan bir \u00e7ocukta; dil ve konu\u015fma becerilerinde gerilik meydana gelebilir, her seslenildi\u011finde tepkisiz kalabilir, b\u00fcy\u00fcd\u00fck\u00e7e dikkat eksikli\u011fi, \u00f6fke kontrol\u00fc sorunu geli\u015febilir, anne ve babayla, \u00e7evresiyle ili\u015fkileri olumsuz etkilenebilir, okul hayat\u0131nda bir tak\u0131m sorunlar ve ba\u015far\u0131s\u0131zl\u0131kla g\u00f6r\u00fclebilir. Ergenlik d\u00f6neminde ise i\u00e7e kapanma, sosyal ortamlardan uzak durma ve ileti\u015fim g\u00fc\u00e7l\u00fc\u011f\u00fc ortaya \u00e7\u0131kabilir.\n\nKontroll\u00fc internet kullan\u0131m\u0131 \u00f6nemli\n\n2 ya\u015f\u0131ndan k\u00fc\u00e7\u00fck \u00e7ocuklar\u0131n internet, TV ya da bilgisayarla kar\u015f\u0131la\u015fmas\u0131 geli\u015fim s\u00fcre\u00e7leri a\u00e7\u0131s\u0131ndan uygun de\u011fildir. Okul \u00f6ncesi ya\u015f grubu i\u00e7in g\u00fcnde 30 dakikay\u0131 ge\u00e7meyecek \u015fekilde internet kullan\u0131m\u0131 yeterlidir. \u0130lk\u00f6\u011fretimin ilk 4 y\u0131l\u0131nda \u00f6dev haricinde oyun ve e\u011flence i\u00e7in g\u00fcnl\u00fck 45 dakika zaman ay\u0131r\u0131labilir. Sonraki y\u0131llarda hafta sonu daha esnek olmakla birlikte g\u00fcnde 1 saat kullan\u0131m uygundur. Lise \u00e7a\u011f\u0131nda da g\u00fcnl\u00fck 2 saat yeterli olmaktad\u0131r. Ebeveynler, \u00e7ocuklar\u0131n\u0131n internette ge\u00e7irdikleri zaman\u0131 takip ettikleri kadar i\u00e7erikleri de takip etmesi, onlar\u0131 anlamalar\u0131 a\u00e7\u0131s\u0131ndan \u00f6nemlidir. \u00c7ocuklara, kontrols\u00fcz internet kullan\u0131m\u0131n\u0131n zararlar\u0131n\u0131 anlatmaya \u00e7al\u0131\u015fmaktan ka\u00e7\u0131n\u0131lmamal\u0131d\u0131r.\n\n\u00c7ocuklar\u0131 internet ba\u011f\u0131ml\u0131l\u0131\u011f\u0131ndan koruman\u0131n 12 yolu\n\n1.\u00c7ocuklar\u0131 teselli etmek, susturmak, yemek yedirmek i\u00e7in ak\u0131ll\u0131 telefon/tablet vs. gibi aletleri asla kullanmay\u0131n\n\n2.\u00c7ocu\u011funuzu tan\u0131maya, yol haritas\u0131 belirlerken onun neden ba\u011f\u0131ml\u0131 oldu\u011funu anlamaya \u00e7al\u0131\u015f\u0131n.\n\n3.\u00c7ocu\u011funuzun ihtiya\u00e7lar\u0131n\u0131 g\u00f6rmeyi deneyin. Hayatta, aile i\u00e7i ili\u015fkilerde ve sosyal ortamlarda beslenemedi\u011fi, tamamlayamad\u0131\u011f\u0131 fakt\u00f6rleri a\u00e7\u0131\u011fa \u00e7\u0131kar\u0131n.\n\n4.G\u00fcnl\u00fck internet kullan\u0131m saatlerini belirleyin.\n\n5.Haftal\u0131k internet kullan\u0131m\u0131 \u00e7izelgeleri haz\u0131rlay\u0131n, buna g\u00f6re bir plan olu\u015fturun.\n\n6.Destek gruplar\u0131 ya da aile terapisi gibi y\u00f6ntemleri hayata ge\u00e7irin.\n\n7.\u00c7ocuklar\u0131n\u0131z\u0131 yetenek ve ilgi alanlar\u0131na uygun spor ve sanat dallar\u0131na, hobilere y\u00f6nlendirin.\n\n8.Yapmay\u0131 isteyip de f\u0131rsat bulamad\u0131\u011f\u0131 faaliyetleri bir deftere yazmas\u0131n\u0131 sa\u011flay\u0131n. \u0130nternet kullanmak i\u00e7in yo\u011fun istek duydu\u011funda yazd\u0131klar\u0131ndan birini yapmas\u0131n\u0131 isteyin.\n\n9.\u00c7ocu\u011funuzun arkada\u015fl\u0131k ili\u015fkilerini destekleyin, onlar\u0131 bir araya getirecek aktivite planlay\u0131n.\n\n10.\u00c7ocu\u011funuzun bilgisayar kullan\u0131m\u0131n\u0131 kontrol edin ve sanal ortamdaki arkada\u015flar\u0131n\u0131 tan\u0131y\u0131n.\n\n11.Bilgisayarlar\u0131n\u0131zda g\u00fcvenli internet uygulamalar\u0131n\u0131n olmas\u0131na \u00f6zen g\u00f6sterin.\n\n12.Uzun s\u00fcreli bilgisayar kullanan \u00e7ocu\u011funuzu engelleyemiyorsan\u0131z mutlaka uzman yard\u0131m\u0131 al\u0131n.",
    "keywords": [
        "i\u00e7in",
        "\u00e7ocuklar\u0131n",
        "\u00e7ocuklar\u0131",
        "ba\u011f\u0131ml\u0131l\u0131\u011f\u0131ndan",
        "bir",
        "koruman\u0131n",
        "onlar\u0131",
        "12",
        "g\u00f6re",
        "kullan\u0131m\u0131",
        "yolu",
        "ve",
        "da",
        "internet",
        "ya"
    ],
    "meta_keywords": [
        ""
    ],
    "publish_date": {
        "$date": 1589458478000
    },
    "summary": "Ailelerin internet kullan\u0131m\u0131nda bilin\u00e7li olmas\u0131 ve \u00e7ocuklar\u0131n da dijital d\u00fcnya ile ili\u015fkilerinin s\u0131n\u0131rland\u0131r\u0131lmas\u0131 konusunda, gerekti\u011finde uzman deste\u011fi almas\u0131 b\u00fcy\u00fck \u00f6nem ta\u015f\u0131yor.\n\u00d6zlem Soysal, internetin do\u011fru kullan\u0131m\u0131 hakk\u0131nda bilgi verdi.\n\u00c7ocuklara interneti tamamen yasaklamay\u0131n\u00c7ocuklar\u0131n internet kullan\u0131m\u0131ndaki yetkinlikleri, tablet, ak\u0131ll\u0131 telefon gibi teknolojik aletlere hakim olmas\u0131, onlar\u0131n \u00fcst\u00fcn zekal\u0131 oldu\u011fu y\u00f6n\u00fcnde de\u011ferlendirilse de bu durum, zekayla do\u011fru orant\u0131l\u0131 de\u011fildir.\n\u00c7ocuklar\u0131 t\u00fcm\u00fcyle internetten al\u0131koymak veya teknolojik aletleri yasaklamak ya da onlar\u0131 tamam\u0131yla \u00f6zg\u00fcr b\u0131rakmak yanl\u0131\u015f bir tutumdur.\nEn ideal yol \u00e7ocuklar\u0131n ya\u015f\u0131na, internet i\u00e7eri\u011fine ve s\u00fcresine g\u00f6re bir denetleme mekanizmas\u0131 olu\u015fturmakt\u0131r.\nBu sayede \u00e7ocuk hem geli\u015fen d\u00fcnyaya ayak uyduracak hem de teknoloji ba\u011f\u0131ml\u0131l\u0131\u011fa yakalanmayacakt\u0131r.\nTeknoloji ba\u011f\u0131ml\u0131l\u0131\u011f\u0131 \u00e7ocuklar\u0131 yaln\u0131zla\u015ft\u0131r\u0131yorTeknoloji ba\u011f\u0131ml\u0131l\u0131\u011f\u0131nda ve \u00f6zellikle de yo\u011fun ekran maruziyetine kalan bir \u00e7ocukta, ya\u015fa g\u00f6re farkl\u0131 belirtiler ortaya \u00e7\u0131kmaktad\u0131r.\nBu durum daha sonra al\u0131\u015fkanl\u0131k haline gelmektedir.\n\u0130nternet ve teknoloji ba\u011f\u0131ml\u0131l\u0131\u011f\u0131 olan bir \u00e7ocukta; dil ve konu\u015fma becerilerinde gerilik meydana gelebilir, her seslenildi\u011finde tepkisiz kalabilir, b\u00fcy\u00fcd\u00fck\u00e7e dikkat eksikli\u011fi, \u00f6fke kontrol\u00fc sorunu geli\u015febilir, anne ve babayla, \u00e7evresiyle ili\u015fkileri olumsuz etkilenebilir, okul hayat\u0131nda bir tak\u0131m sorunlar ve ba\u015far\u0131s\u0131zl\u0131kla g\u00f6r\u00fclebilir.\nErgenlik d\u00f6neminde ise i\u00e7e kapanma, sosyal ortamlardan uzak durma ve ileti\u015fim g\u00fc\u00e7l\u00fc\u011f\u00fc ortaya \u00e7\u0131kabilir.\nKontroll\u00fc internet kullan\u0131m\u0131 \u00f6nemli2 ya\u015f\u0131ndan k\u00fc\u00e7\u00fck \u00e7ocuklar\u0131n internet, TV ya da bilgisayarla kar\u015f\u0131la\u015fmas\u0131 geli\u015fim s\u00fcre\u00e7leri a\u00e7\u0131s\u0131ndan uygun de\u011fildir.\nOkul \u00f6ncesi ya\u015f grubu i\u00e7in g\u00fcnde 30 dakikay\u0131 ge\u00e7meyecek \u015fekilde internet kullan\u0131m\u0131 yeterlidir.\n\u0130lk\u00f6\u011fretimin ilk 4 y\u0131l\u0131nda \u00f6dev haricinde oyun ve e\u011flence i\u00e7in g\u00fcnl\u00fck 45 dakika zaman ay\u0131r\u0131labilir.\nSonraki y\u0131llarda hafta sonu daha esnek olmakla birlikte g\u00fcnde 1 saat kullan\u0131m uygundur.\nLise \u00e7a\u011f\u0131nda da g\u00fcnl\u00fck 2 saat yeterli olmaktad\u0131r.\nEbeveynler, \u00e7ocuklar\u0131n\u0131n internette ge\u00e7irdikleri zaman\u0131 takip ettikleri kadar i\u00e7erikleri de takip etmesi, onlar\u0131 anlamalar\u0131 a\u00e7\u0131s\u0131ndan \u00f6nemlidir.\n\u00c7ocuklara, kontrols\u00fcz internet kullan\u0131m\u0131n\u0131n zararlar\u0131n\u0131 anlatmaya \u00e7al\u0131\u015fmaktan ka\u00e7\u0131n\u0131lmamal\u0131d\u0131r.\n\u00c7ocuklar\u0131 internet ba\u011f\u0131ml\u0131l\u0131\u011f\u0131ndan koruman\u0131n 12 yolu1.\u00c7ocuklar\u0131 teselli etmek, susturmak, yemek yedirmek i\u00e7in ak\u0131ll\u0131 telefon/tablet vs. gibi aletleri asla kullanmay\u0131n2.\u00c7ocu\u011funuzu tan\u0131maya, yol haritas\u0131 belirlerken onun neden ba\u011f\u0131ml\u0131 oldu\u011funu anlamaya \u00e7al\u0131\u015f\u0131n.\n3.\u00c7ocu\u011funuzun ihtiya\u00e7lar\u0131n\u0131 g\u00f6rmeyi deneyin.\nHayatta, aile i\u00e7i ili\u015fkilerde ve sosyal ortamlarda beslenemedi\u011fi, tamamlayamad\u0131\u011f\u0131 fakt\u00f6rleri a\u00e7\u0131\u011fa \u00e7\u0131kar\u0131n.\n4.G\u00fcnl\u00fck internet kullan\u0131m saatlerini belirleyin.\n5.Haftal\u0131k internet kullan\u0131m\u0131 \u00e7izelgeleri haz\u0131rlay\u0131n, buna g\u00f6re bir plan olu\u015fturun.\n6.Destek gruplar\u0131 ya da aile terapisi gibi y\u00f6ntemleri hayata ge\u00e7irin.\n7.\u00c7ocuklar\u0131n\u0131z\u0131 yetenek ve ilgi alanlar\u0131na uygun spor ve sanat dallar\u0131na, hobilere y\u00f6nlendirin.\n8.Yapmay\u0131 isteyip de f\u0131rsat bulamad\u0131\u011f\u0131 faaliyetleri bir deftere yazmas\u0131n\u0131 sa\u011flay\u0131n.\n\u0130nternet kullanmak i\u00e7in yo\u011fun istek duydu\u011funda yazd\u0131klar\u0131ndan birini yapmas\u0131n\u0131 isteyin.\n9.\u00c7ocu\u011funuzun arkada\u015fl\u0131k ili\u015fkilerini destekleyin, onlar\u0131 bir araya getirecek aktivite planlay\u0131n.\n10.\u00c7ocu\u011funuzun bilgisayar kullan\u0131m\u0131n\u0131 kontrol edin ve sanal ortamdaki arkada\u015flar\u0131n\u0131 tan\u0131y\u0131n.\n11.Bilgisayarlar\u0131n\u0131zda g\u00fcvenli internet uygulamalar\u0131n\u0131n olmas\u0131na \u00f6zen g\u00f6sterin.\n12.Uzun s\u00fcreli bilgisayar kullanan \u00e7ocu\u011funuzu engelleyemiyorsan\u0131z mutlaka uzman yard\u0131m\u0131 al\u0131n.",
    "article_html": "",
    "meta_description": "G\u00fcnl\u00fck ya\u015famda yeti\u015fkin bireyler i\u00e7in gerekli olan internet kullan\u0131m\u0131, \u00f6zellikle \u00e7ocukluk \u00e7a\u011f\u0131nda gerekli kontrol sa\u011flanmad\u0131\u011f\u0131nda \u00f6nemli sorunlar\u0131 beraberinde getiriyor.",
    "meta_lang": "tr"
}