{
    "article_id": "0dc0997b49288dba544ee9196ba7e11d.1589925674.603032",
    "title": "Evde bir 'okul g\u00fcn\u00fc' nas\u0131l planlan\u0131r?",
    "authors": [],
    "canonical_link": "https://www.haberturk.com/sadece-dersi-degil-okulun-eglencesini-de-eve-getirin-2663357",
    "url": "http://haberturk.com/sadece-dersi-degil-okulun-eglencesini-de-eve-getirin-2663357",
    "top_img": "https://im.haberturk.com/2020/04/30/ver1589197294/2663357_1200x627.jpg",
    "meta_img": "https://im.haberturk.com/2020/04/30/ver1589197294/2663357_1200x627.jpg",
    "movies": [
        "https://www.youtube.com/embed/Y2Os1pwBqF8"
    ],
    "text": "\u00c7ocuklar\u0131n yatma ve uyanma saatleri kadar g\u00fcn i\u00e7erisinde de programl\u0131 hareket etmeleri gerekiyor. Okul, bunu sa\u011flaman\u0131n en efektif yolu. Ancak okul olmad\u0131\u011f\u0131nda, evin i\u00e7inde okul d\u00fczeni sa\u011flayabiliriz. \u00dcstelik i\u00e7ine biraz da e\u011flence katarak...\n\n\u00c7ok de\u011fil iyi \u00f6\u011frenme: Okuldaki derslerin h\u0131z\u0131yla evde \u00e7al\u0131\u015fmalar\u0131n\u0131n zor oldu\u011funu kabul ederek ba\u015flay\u0131n. S\u0131n\u0131fta konsantre olabildikleri gibi evde ayn\u0131 odaklanmay\u0131 kurabilmeleri m\u00fcmk\u00fcn olmayabilir. Onlardan ders \u00e7al\u0131\u015f\u0131rken h\u0131z de\u011fil, bir konuyu iyi \u015fekilde \u00f6\u011frenmelerini \u00f6n plana alabilirsiniz.\n\nTenef\u00fcs\u00fc unutmay\u0131n: Derslerin aras\u0131nda, belirli zaman aral\u0131klar\u0131nda tenef\u00fcs i\u00e7in ara vermeyi atlamamak son derece \u00f6nemli. T\u0131pk\u0131 okuldaki gibi ara vermelerini sa\u011flay\u0131n, tenef\u00fcs sonunda da derse geri d\u00f6necekler, t\u0131pk\u0131 okuldaki gibi...\n\nProgram yap\u0131n: Uyand\u0131\u011f\u0131nda g\u00fcn\u00fcn\u00fc nas\u0131l ge\u00e7irece\u011fini bilmek bir \u00e7ocuk i\u00e7in son derece rahatlat\u0131c\u0131d\u0131r. Rutini sa\u011flay\u0131n ve ne zaman ne yapacaklar\u0131n\u0131 \u00f6nceden bilmelerine izin verin. Hangi dersler ve hangi aktiviteler g\u00fcn\u00fcn hangi saatinde olacak, g\u00fcn\u00fcn\u00fcn kalan\u0131nda onu ne bekliyor, bilsinler ve g\u00fcn\u00fc ona g\u00f6re ge\u00e7irsinler.\n\nDers planlar\u0131n\u0131 unutmay\u0131n: Hemen her okul ve \u00f6\u011fretmenler, \u00e7e\u015fitli ileti\u015fim kaynaklar\u0131ndan \u00e7ocuklar\u0131n hangi s\u0131ralama ile hangi dersleri i\u015flemeleri gerekti\u011fine dair bilgi ak\u0131\u015f\u0131 sa\u011fl\u0131yorlar. Siz de bu plana g\u00f6re ders program\u0131n\u0131 olu\u015fturun. Hangi derste hangi konuyu i\u015fleyeceklerini g\u00fcnlere ay\u0131r\u0131n. Fazla y\u00fcklenmemeye \u00f6zen g\u00f6sterin.\n\nEVDE B\u0130R OKUL G\u00dcN\u00dc NASIL PLANLANIR?\n\nSizler i\u00e7in \u00f6rnek bir g\u00fcn plan\u0131 ve \u00e7ocu\u011fun nas\u0131l desteklenebilece\u011fine dair fikirleri bir araya getirdi\u011fimiz bir pazartesi plan\u0131 haz\u0131rlad\u0131k. Bu \u00f6rnek \u00fczerinden \u00e7ocu\u011funuzla birlikte haftal\u0131k program yapabilirsiniz.\n\nEBA: \u00c7ocuklar EBA TV'de her biri 25 dakika s\u00fcren 2 ders yap\u0131yorlar. Dersler bitince tenef\u00fcs aras\u0131 verip ard\u0131ndan eba.com.tr deki \u00e7al\u0131\u015fmalar ve testler i\u00e7in bilgisayar\u0131n ba\u015f\u0131na ge\u00e7iyorlar. \u00c7ocu\u011funuzun ders \u00e7al\u0131\u015ft\u0131\u011f\u0131 s\u00fcre boyunca ba\u015f\u0131nda beklemek yerine yak\u0131n\u0131nda ama masadan uzakta kalmay\u0131 tercih edin. Bu sayede \u00e7ocu\u011funuz dersi tek ba\u015f\u0131na yapmas\u0131 gerekti\u011fini, kendi kendisine \u00e7al\u0131\u015fabilece\u011fini \u00f6\u011frenecektir.\n\nEBA d\u0131\u015f\u0131nda kitaptan \u00e7al\u0131\u015fmak yerine cep telefonunda \u00e7ocuklar\u0131n matematik \u00f6\u011frenmesini sa\u011flayan aplikasyonlar\u0131 ders arac\u0131 olarak kullanabilirsiniz. Okuma, \u00f6zellikle de ders yapm\u0131\u015f ve yorulmu\u015f \u00e7ocu\u011funuz i\u00e7in daha kolay bir egzersiz olacakt\u0131r. Evde kitap yoksa ya da okumak istedi\u011fi kitab\u0131 bulam\u0131yorsan\u0131z, e-kitap se\u00e7eneklerini de\u011ferlendirebilirsiniz. Bilgisayar, tablet gibi bir ara\u00e7 sayesinde d\u00fcnyan\u0131n b\u00fct\u00fcn kitaplar\u0131na ula\u015fabilirsiniz.\n\nBeden e\u011fitimi: Her \u00e7ocu\u011fun iple \u00e7ekti\u011fi beden e\u011fitimi dersinin haftan\u0131n her g\u00fcn\u00fc olmas\u0131 kesinlikle ho\u015flar\u0131na gidecektir. Ancak siz bunu elbette enerjisini atabilmesi i\u00e7in d\u00fczenliyor olacaks\u0131n\u0131z. Evin i\u00e7inde yap\u0131labilecek spor faaliyetleri s\u0131n\u0131rl\u0131 olsa da Youtube \u00fczerinde \u00e7ocuklar\u0131n g\u00fcvenli \u015fekilde ev sporu yapabilecekleri \u00e7ok say\u0131da video bulunuyor. En az 30 dakika en fazla 60 dakika s\u00fcrecek bu ders i\u00e7in m\u00fcmk\u00fcn oldu\u011funca hareket alan\u0131 a\u00e7may\u0131 unutmay\u0131n.\n\nArkada\u015flarla zaman: \u00c7ocu\u011funuz i\u00e7in bir ba\u015fka \u00f6nemli ihtiya\u00e7 ileti\u015fimdir. Arkada\u015flar\u0131yla telefon \u00fczerinden g\u00f6r\u00fcnt\u00fcl\u00fc konu\u015fmalar\u0131 i\u00e7in var olan \u00e7ok say\u0131da aplikasyonu kullanabilirsiniz. Arkada\u015flar\u0131yla birebir ya da grup sohbetleri d\u00fczenleyebilirsiniz. Bu s\u00fcre\u00e7te arkada\u015flar\u0131ndan uzak kalmak \u00e7ocu\u011funuz i\u00e7in \u00e7ok s\u0131k\u0131nt\u0131l\u0131 bir durumdur. Dolay\u0131s\u0131yla m\u00fcmk\u00fcn oldu\u011funca \u00e7ok say\u0131da arkada\u015f\u0131na ula\u015fabilmesini sa\u011flamaya gayret edebilirsiniz.\n\nEv i\u015fleri: Herkes gibi \u00e7ocu\u011funuzun da ev i\u015flerinden sorumlu olmas\u0131n\u0131 sa\u011flay\u0131n. Bu ona hem \u00f6z g\u00fcven verecek hem de sorumluluk bilinci a\u015f\u0131layacakt\u0131r. Size hangi ev i\u015flerinde yard\u0131mc\u0131 olabilece\u011fini, \u00e7ocu\u011funuzun ya\u015f\u0131na g\u00f6re karar verebilirsiniz. Bu g\u00f6rev yemek yap\u0131l\u0131rken sebze ve salata malzemelerini lavaboda y\u0131kamaktan bula\u015f\u0131k makinesini bo\u015faltmaya kadar son derece \u00e7e\u015fitli i\u015fler olabilir.\n\nYarat\u0131c\u0131l\u0131k saati: Ka\u011f\u0131tlar, boyalar, kartonlar ve evde bulabilece\u011finiz her t\u00fcrl\u00fc malzeme ile \u00e7ocu\u011funuza yarat\u0131c\u0131l\u0131\u011f\u0131n\u0131 ortaya \u00e7\u0131kartacak bir g\u00f6rev verin. \u00d6rne\u011fin yumurta kutular\u0131ndan robot yapmak gibi... Internette, \u00e7ocuklar\u0131n yarat\u0131c\u0131l\u0131\u011f\u0131n\u0131 geli\u015ftirebilecek aktivitelere dair say\u0131s\u0131z kaynak bulunuyor. Ayr\u0131ca Youtube \u00fczerinde de bu konuya dair haz\u0131rlanm\u0131\u015f videolar var. Bu videolardan birini a\u00e7abilir, sunucu ile birlikte evdeki malzemelerden bir \u015feyler \u00fcretmesini sa\u011flayabilirsiniz.\n\nSerbest zaman: \u00c7ocu\u011funuz serbest zaman\u0131n\u0131n \u00e7o\u011funu b\u00fcy\u00fck ihtimalle teknolojik aletlerle ge\u00e7irmek isteyecektir. Teknolojik aletler art\u0131k herkesin her \u015feyle ileti\u015fim kurabildi\u011fi yeni d\u00fcnya hali. \u0130htiyac\u0131m\u0131z olan teknolojinin ya\u015fam\u0131n i\u00e7inde oldu\u011funu kabul ederek, \u00e7ocuklar\u0131n hayatlar\u0131n\u0131n her alan\u0131n\u0131 kaplamad\u0131\u011f\u0131 bir kullan\u0131m bi\u00e7imi. Kontroll\u00fc bir \u015fekilde \u00f6rne\u011fin Youtube da bir s\u00fcre tak\u0131lmas\u0131na izin verebilirsiniz. Youtube da \u00e7ocuklar i\u00e7in hem e\u011flendiren hem bilgilendiren bir\u00e7ok ba\u015far\u0131l\u0131 kanal var. Resimden m\u00fczi\u011fe, spordan teknolojiye kadar bir\u00e7ok alanda \u00e7ocuklara e\u011fitici bilgileren kanallardan biri de Dimes Club Youtube. 76 bin takip\u00e7isi olan Dimes Club \u00e7ocuklara ve gen\u00e7lere y\u00f6nelik e\u011flenceli ve \u00f6\u011fretici i\u00e7erikler \u00fcretiyor.",
    "keywords": [
        "planlan\u0131r",
        "i\u00e7in",
        "\u00e7ocuklar\u0131n",
        "g\u00fcn\u00fc",
        "bir",
        "youtube",
        "ders",
        "okul",
        "nas\u0131l",
        "ve",
        "da",
        "\u00e7ocu\u011funuz",
        "evde",
        "hangi",
        "bu"
    ],
    "meta_keywords": [
        ""
    ],
    "publish_date": {
        "$date": 1589197294000
    },
    "summary": "\u00c7ocuklar\u0131n yatma ve uyanma saatleri kadar g\u00fcn i\u00e7erisinde de programl\u0131 hareket etmeleri gerekiyor.\nOkul, bunu sa\u011flaman\u0131n en efektif yolu.\nAncak okul olmad\u0131\u011f\u0131nda, evin i\u00e7inde okul d\u00fczeni sa\u011flayabiliriz.\n\u00dcstelik i\u00e7ine biraz da e\u011flence katarak...\u00c7ok de\u011fil iyi \u00f6\u011frenme: Okuldaki derslerin h\u0131z\u0131yla evde \u00e7al\u0131\u015fmalar\u0131n\u0131n zor oldu\u011funu kabul ederek ba\u015flay\u0131n.\nS\u0131n\u0131fta konsantre olabildikleri gibi evde ayn\u0131 odaklanmay\u0131 kurabilmeleri m\u00fcmk\u00fcn olmayabilir.\nOnlardan ders \u00e7al\u0131\u015f\u0131rken h\u0131z de\u011fil, bir konuyu iyi \u015fekilde \u00f6\u011frenmelerini \u00f6n plana alabilirsiniz.\nTenef\u00fcs\u00fc unutmay\u0131n: Derslerin aras\u0131nda, belirli zaman aral\u0131klar\u0131nda tenef\u00fcs i\u00e7in ara vermeyi atlamamak son derece \u00f6nemli.\nT\u0131pk\u0131 okuldaki gibi ara vermelerini sa\u011flay\u0131n, tenef\u00fcs sonunda da derse geri d\u00f6necekler, t\u0131pk\u0131 okuldaki gibi...\nProgram yap\u0131n: Uyand\u0131\u011f\u0131nda g\u00fcn\u00fcn\u00fc nas\u0131l ge\u00e7irece\u011fini bilmek bir \u00e7ocuk i\u00e7in son derece rahatlat\u0131c\u0131d\u0131r.\nRutini sa\u011flay\u0131n ve ne zaman ne yapacaklar\u0131n\u0131 \u00f6nceden bilmelerine izin verin.\nHangi dersler ve hangi aktiviteler g\u00fcn\u00fcn hangi saatinde olacak, g\u00fcn\u00fcn\u00fcn kalan\u0131nda onu ne bekliyor, bilsinler ve g\u00fcn\u00fc ona g\u00f6re ge\u00e7irsinler.\nDers planlar\u0131n\u0131 unutmay\u0131n: Hemen her okul ve \u00f6\u011fretmenler, \u00e7e\u015fitli ileti\u015fim kaynaklar\u0131ndan \u00e7ocuklar\u0131n hangi s\u0131ralama ile hangi dersleri i\u015flemeleri gerekti\u011fine dair bilgi ak\u0131\u015f\u0131 sa\u011fl\u0131yorlar.\nSiz de bu plana g\u00f6re ders program\u0131n\u0131 olu\u015fturun.\nHangi derste hangi konuyu i\u015fleyeceklerini g\u00fcnlere ay\u0131r\u0131n.\nFazla y\u00fcklenmemeye \u00f6zen g\u00f6sterin.\nEVDE B\u0130R OKUL G\u00dcN\u00dc NASIL PLANLANIR?\nSizler i\u00e7in \u00f6rnek bir g\u00fcn plan\u0131 ve \u00e7ocu\u011fun nas\u0131l desteklenebilece\u011fine dair fikirleri bir araya getirdi\u011fimiz bir pazartesi plan\u0131 haz\u0131rlad\u0131k.\nBu \u00f6rnek \u00fczerinden \u00e7ocu\u011funuzla birlikte haftal\u0131k program yapabilirsiniz.\nEBA: \u00c7ocuklar EBA TV'de her biri 25 dakika s\u00fcren 2 ders yap\u0131yorlar.\nDersler bitince tenef\u00fcs aras\u0131 verip ard\u0131ndan eba.com.tr deki \u00e7al\u0131\u015fmalar ve testler i\u00e7in bilgisayar\u0131n ba\u015f\u0131na ge\u00e7iyorlar.\n\u00c7ocu\u011funuzun ders \u00e7al\u0131\u015ft\u0131\u011f\u0131 s\u00fcre boyunca ba\u015f\u0131nda beklemek yerine yak\u0131n\u0131nda ama masadan uzakta kalmay\u0131 tercih edin.\nBu sayede \u00e7ocu\u011funuz dersi tek ba\u015f\u0131na yapmas\u0131 gerekti\u011fini, kendi kendisine \u00e7al\u0131\u015fabilece\u011fini \u00f6\u011frenecektir.\nEBA d\u0131\u015f\u0131nda kitaptan \u00e7al\u0131\u015fmak yerine cep telefonunda \u00e7ocuklar\u0131n matematik \u00f6\u011frenmesini sa\u011flayan aplikasyonlar\u0131 ders arac\u0131 olarak kullanabilirsiniz.\nOkuma, \u00f6zellikle de ders yapm\u0131\u015f ve yorulmu\u015f \u00e7ocu\u011funuz i\u00e7in daha kolay bir egzersiz olacakt\u0131r.\nEvde kitap yoksa ya da okumak istedi\u011fi kitab\u0131 bulam\u0131yorsan\u0131z, e-kitap se\u00e7eneklerini de\u011ferlendirebilirsiniz.\nBilgisayar, tablet gibi bir ara\u00e7 sayesinde d\u00fcnyan\u0131n b\u00fct\u00fcn kitaplar\u0131na ula\u015fabilirsiniz.\nBeden e\u011fitimi: Her \u00e7ocu\u011fun iple \u00e7ekti\u011fi beden e\u011fitimi dersinin haftan\u0131n her g\u00fcn\u00fc olmas\u0131 kesinlikle ho\u015flar\u0131na gidecektir.\nAncak siz bunu elbette enerjisini atabilmesi i\u00e7in d\u00fczenliyor olacaks\u0131n\u0131z.\nEvin i\u00e7inde yap\u0131labilecek spor faaliyetleri s\u0131n\u0131rl\u0131 olsa da Youtube \u00fczerinde \u00e7ocuklar\u0131n g\u00fcvenli \u015fekilde ev sporu yapabilecekleri \u00e7ok say\u0131da video bulunuyor.\nEn az 30 dakika en fazla 60 dakika s\u00fcrecek bu ders i\u00e7in m\u00fcmk\u00fcn oldu\u011funca hareket alan\u0131 a\u00e7may\u0131 unutmay\u0131n.\nArkada\u015flarla zaman: \u00c7ocu\u011funuz i\u00e7in bir ba\u015fka \u00f6nemli ihtiya\u00e7 ileti\u015fimdir.\nArkada\u015flar\u0131yla telefon \u00fczerinden g\u00f6r\u00fcnt\u00fcl\u00fc konu\u015fmalar\u0131 i\u00e7in var olan \u00e7ok say\u0131da aplikasyonu kullanabilirsiniz.\nArkada\u015flar\u0131yla birebir ya da grup sohbetleri d\u00fczenleyebilirsiniz.\nBu s\u00fcre\u00e7te arkada\u015flar\u0131ndan uzak kalmak \u00e7ocu\u011funuz i\u00e7in \u00e7ok s\u0131k\u0131nt\u0131l\u0131 bir durumdur.\nDolay\u0131s\u0131yla m\u00fcmk\u00fcn oldu\u011funca \u00e7ok say\u0131da arkada\u015f\u0131na ula\u015fabilmesini sa\u011flamaya gayret edebilirsiniz.\nEv i\u015fleri: Herkes gibi \u00e7ocu\u011funuzun da ev i\u015flerinden sorumlu olmas\u0131n\u0131 sa\u011flay\u0131n.\nBu ona hem \u00f6z g\u00fcven verecek hem de sorumluluk bilinci a\u015f\u0131layacakt\u0131r.\nSize hangi ev i\u015flerinde yard\u0131mc\u0131 olabilece\u011fini, \u00e7ocu\u011funuzun ya\u015f\u0131na g\u00f6re karar verebilirsiniz.\nBu g\u00f6rev yemek yap\u0131l\u0131rken sebze ve salata malzemelerini lavaboda y\u0131kamaktan bula\u015f\u0131k makinesini bo\u015faltmaya kadar son derece \u00e7e\u015fitli i\u015fler olabilir.\nYarat\u0131c\u0131l\u0131k saati: Ka\u011f\u0131tlar, boyalar, kartonlar ve evde bulabilece\u011finiz her t\u00fcrl\u00fc malzeme ile \u00e7ocu\u011funuza yarat\u0131c\u0131l\u0131\u011f\u0131n\u0131 ortaya \u00e7\u0131kartacak bir g\u00f6rev verin.\n\u00d6rne\u011fin yumurta kutular\u0131ndan robot yapmak gibi... Internette, \u00e7ocuklar\u0131n yarat\u0131c\u0131l\u0131\u011f\u0131n\u0131 geli\u015ftirebilecek aktivitelere dair say\u0131s\u0131z kaynak bulunuyor.\nAyr\u0131ca Youtube \u00fczerinde de bu konuya dair haz\u0131rlanm\u0131\u015f videolar var.\nBu videolardan birini a\u00e7abilir, sunucu ile birlikte evdeki malzemelerden bir \u015feyler \u00fcretmesini sa\u011flayabilirsiniz.\nSerbest zaman: \u00c7ocu\u011funuz serbest zaman\u0131n\u0131n \u00e7o\u011funu b\u00fcy\u00fck ihtimalle teknolojik aletlerle ge\u00e7irmek isteyecektir.\nTeknolojik aletler art\u0131k herkesin her \u015feyle ileti\u015fim kurabildi\u011fi yeni d\u00fcnya hali.\n\u0130htiyac\u0131m\u0131z olan teknolojinin ya\u015fam\u0131n i\u00e7inde oldu\u011funu kabul ederek, \u00e7ocuklar\u0131n hayatlar\u0131n\u0131n her alan\u0131n\u0131 kaplamad\u0131\u011f\u0131 bir kullan\u0131m bi\u00e7imi.\nKontroll\u00fc bir \u015fekilde \u00f6rne\u011fin Youtube da bir s\u00fcre tak\u0131lmas\u0131na izin verebilirsiniz.\nYoutube da \u00e7ocuklar i\u00e7in hem e\u011flendiren hem bilgilendiren bir\u00e7ok ba\u015far\u0131l\u0131 kanal var.\nResimden m\u00fczi\u011fe, spordan teknolojiye kadar bir\u00e7ok alanda \u00e7ocuklara e\u011fitici bilgileren kanallardan biri de Dimes Club Youtube.\n76 bin takip\u00e7isi olan Dimes Club \u00e7ocuklara ve gen\u00e7lere y\u00f6nelik e\u011flenceli ve \u00f6\u011fretici i\u00e7erikler \u00fcretiyor.",
    "article_html": "",
    "meta_description": "Evden \u00e7\u0131kmalar\u0131 k\u0131s\u0131tlanan \u00e7ocuklar\u0131 aktif tutabilmek, okuldan uzakta olsalar da e\u011fitimlerine devam etmelerini sa\u011flamak son derece \u00f6nemli. E\u011fer \u00e7ocuklar\u0131n\u0131zla birlikte evdeyseniz, t\u00fcm di\u011fer i\u015fler ve sorumluluklar aras\u0131nda onlar\u0131 hem kontrol alt\u0131nda tutmal\u0131 hem de d\u00fczen sa\u011flamal\u0131s\u0131n\u0131z.",
    "meta_lang": "tr"
}