{
    "article_id": "438fb069d13da81eb1a7a4e71c7991e4.1589925676.4367383",
    "title": "Merakl\u0131 \u00e7ocu\u011funuzun afallatan 11 sorusu",
    "authors": [],
    "canonical_link": "https://www.haberturk.com/merakli-cocugunuzun-afallatan-11-sorusu-2671805",
    "url": "http://haberturk.com/merakli-cocugunuzun-afallatan-11-sorusu-2671805",
    "top_img": "https://im.haberturk.com/2020/05/08/ver1589009492/2671805_1200x627.jpg",
    "meta_img": "https://im.haberturk.com/2020/05/08/ver1589009492/2671805_1200x627.jpg",
    "movies": [],
    "text": "Bu sorulardan ka\u00e7\u0131nmaya \u00e7al\u0131\u015fmak do\u011fru de\u011fil. Keskin zihinleri, g\u00f6rmezden gelindikleri ya da yalanla yan\u0131tland\u0131klar\u0131 anlar\u0131 asla ka\u00e7\u0131rmaz. Safl\u0131klar\u0131na g\u00fclmek yapman\u0131z gereken en son \u015fey olmal\u0131.\n\n\u0130\u015fte size \u00e7ocuklar\u0131n\u0131z\u0131n zor sorular\u0131na verebilece\u011finiz do\u011fru yan\u0131tlardan olu\u015fan bir liste. \u00d6zellikle ilk kez ebeveyn olanlar not defterinizi \u00e7\u0131kar\u0131n!\n\nBen nereden geldim?\n\nD\u00fcr\u00fcst olmak en iyisi. Ama \u00e7ok da detaylara girmeyin. \u201cAnne ve baba birbirlerini \u00e7ok sevdikleri i\u00e7in birbirlerine sar\u0131ld\u0131lar. Sonra annenin karn\u0131n\u0131n i\u00e7erisinde bebek b\u00fcy\u00fcmeye ba\u015flad\u0131. T\u0131pk\u0131 bir bal\u0131k gibi o, annenin i\u00e7inde y\u00fcz\u00fcyor. Oraya s\u0131\u011fmayacak kadar b\u00fcy\u00fcd\u00fc\u011f\u00fcnde do\u011facak.\u201d Sperm ve yumurta gibi kavramlar ya\u015f\u0131 biraz daha b\u00fcy\u00fck olan \u00e7ocuklara a\u00e7\u0131klanabilir.\n\nErkeklerin ve k\u0131zlar\u0131n \u2018oralar\u0131\u2019 neden birbirinden farkl\u0131?\n\n\u00c7ocuklarda ay\u0131p yok. Merak ettikleri her \u015feyi sorup \u00f6\u011frenmek istiyorlar. Ayr\u0131ca \u00e7ok da ayr\u0131nt\u0131l\u0131 cevaplar beklemiyorlar. Sorular\u0131 b\u00fcy\u00fcd\u00fcklerinin g\u00f6stergesi. Do\u011fru olan\u0131 ya\u015f\u0131na uygun bir \u015fekilde cevaplayabilmeniz \u00e7ok \u00f6nemli. \"K\u0131zlar\u0131n pipisi olmaz. K\u0131zlar ve erkekler birbirlerinden farkl\u0131d\u0131r. K\u0131zlar b\u00fcy\u00fcy\u00fcnce anne olur.\" gibi genel ifadelerle sorular\u0131n\u0131 yan\u0131tlayabilirsiniz. S\u0131k\u0131\u015ft\u0131\u011f\u0131n\u0131z k\u0131s\u0131mlarda da \"Bu sorunun cevab\u0131n\u0131 \u00f6\u011frenip sana anlataca\u011f\u0131m.\" \u015feklinde cevap verebilirsiniz.\n\nB\u00fcy\u00fcy\u00fcnce annemle mi evlenece\u011fim?\n\nKar\u015f\u0131 cinsten etkilenen erkek \u00e7ocuklar\u0131 genelde bu soruyu sorarlar. Yaln\u0131zca sakin bir \u015fekilde \u2018hay\u0131r\u2019 diye cevaplay\u0131n.\n\n\u201cAiledeki herkesin de\u011fi\u015fik rolleri var. Anne ve babalar her zaman \u00e7ocuklar\u0131n\u0131 \u00e7ok sever, korur ve kollar. Sen evlenecek ya\u015fa geldi\u011finde, annen zaten senin yan\u0131nda olacak. Sen ise sevdi\u011fin biriyle ile evlenecek, kendi aileni kuracaks\u0131n, senin de \u00e7ocuklar\u0131n olacak. Anneni \u00e7ok sevmeye de devam edeceksin.\"\n\nNeden tart\u0131\u015f\u0131yorsunuz?\n\n\u00c7ocuklar, ebeveynleri ne zaman kavga etse kendilerini su\u00e7lu hissederler. Bilin\u00e7altlar\u0131nda ya\u015fan\u0131r bu. \u00c7ocu\u011funuzun onun su\u00e7u olmad\u0131\u011f\u0131n\u0131 anlamas\u0131n\u0131 sa\u011flamal\u0131s\u0131n\u0131z. \u201c\u0130nsanlar birbirleri ile ayn\u0131 fikirde olmad\u0131klar\u0131nda tart\u0131\u015fabilirler. Herkes tart\u0131\u015f\u0131r, \u00e7ocuklar bile. Ama biz birbirimizi \u00e7ok seviyoruz ve her tart\u0131\u015fmadan sonra bar\u0131\u015f\u0131yoruz. Ve annen ve baban seni \u00e7ok ama \u00e7ok seviyor.\u201d\n\nO kad\u0131n neden o kadar \u015fi\u015fman?\n\nToplum i\u00e7erisinde al\u0131\u015f\u0131lm\u0131\u015f\u0131n d\u0131\u015f\u0131nda insanlar\u0131n dikkatini \u00e7eken \u00e7ocu\u011funuzu azarlamay\u0131n, susturmay\u0131n. \u0130\u00e7lerinde ho\u015fg\u00f6r\u00fcs\u00fczl\u00fc\u011f\u00fcn b\u00fcy\u00fcmesine sebep olabilirsiniz. \u201cHerkes farkl\u0131 do\u011far. Uzun, k\u0131sa, \u015fi\u015fman ya da zay\u0131f bir\u00e7ok farkl\u0131 insan var. Bazen insanlar hasta olduklar\u0131 i\u00e7in de farkl\u0131 g\u00f6r\u00fcn\u00fcrler. Farkl\u0131l\u0131klar\u0131na dikkat \u00e7ekersen e\u011fer \u00fcz\u00fclebilirler. Merak etti\u011finde yaln\u0131zken annene ya da babana sorabilirsin.\u201d deyin.\n\nHangimizi daha \u00e7ok seviyorsun, beni mi karde\u015fimi mi?\n\nEbeveynler t\u00fcm \u00e7ocuklar\u0131n\u0131 e\u015fit bir \u015fekilde severler. \u00c7ocuklar\u0131n\u0131z\u0131 birbirlerine \u00f6rnek olarak g\u00f6stermeyin. Ba\u015far\u0131lar\u0131 ya da ba\u015far\u0131s\u0131zl\u0131klar\u0131 ne olursa olsun. \u201cSen karde\u015finden farkl\u0131s\u0131n. Ve sana olan sevgimizi de farkl\u0131 yollarla g\u00f6steriyoruz. Ama hepinizi e\u015fit derecede seviyoruz. Sen nas\u0131l anneni ve baban\u0131 e\u015fit bir \u015fekilde seviyorsan. \u0130kiniz de benim i\u00e7in \u00e7ok de\u011ferlisiniz.\u201d\n\nDoktor can\u0131m\u0131 yakacak m\u0131?\n\nDoktora gitmek biraz korkutucu olabilir. \u00c7ocu\u011funuza tedavinin daha iyi olmak i\u00e7in gerekli oldu\u011funu a\u00e7\u0131klaman\u0131z gerekiyor. Onu korkutmay\u0131n, korkak oldu\u011funu s\u00f6ylemeyin, alay etmeyin. \u201cDoktor can\u0131n\u0131 yakmayacak. Sana ila\u00e7lar verecek ki mikroplar ve hastal\u0131klar yok olsun. Ben de bir keresinde hastayken i\u011fne oldum ve iyile\u015ftim. Kedimiz hasta olmu\u015ftu, hat\u0131rl\u0131yor musun? Onu da doktora g\u00f6t\u00fcrd\u00fck. Ba\u015fta biraz korktu; ama sonra cesaretini toplad\u0131 ve ila\u00e7larla daha iyi oldu.\u201d\n\n\u00d6lecek miyim ben? Sen \u00f6lecek misin?\n\n\u00c7ocuklar\u0131n\u0131za \u00f6l\u00fcm hakk\u0131nda yalan s\u00f6ylemek ak\u0131ll\u0131ca de\u011fildir. Aniden ba\u015f\u0131m\u0131za gelebilir \u00e7\u00fcnk\u00fc. A\u00e7\u0131klama yap\u0131n ki ger\u00e7e\u011fi kabullenebilsinler. \u201cD\u00fcnyada ya\u015fayan her \u015fey bir g\u00fcn \u00f6lecek. Bug\u00fcn de olabilir, yar\u0131n da. Do\u011fan\u0131n kanunu bu. Anne ve baba da bir g\u00fcn \u00f6lecek; ama yak\u0131nda de\u011fil. Herhangi bir hastal\u0131k olmazsa. \u00c7ok ya\u015fland\u0131\u011f\u0131mda \u00f6lece\u011fim ben de. Bir g\u00fcn sen de ya\u015flanacaks\u0131n ve sonra gideceksin bu d\u00fcnyadan; ama \u00e7ocuklar\u0131n, torunlar\u0131n, bir\u00e7ok harika hat\u0131ran olacak.\u201d\n\nNeden beni b\u0131rak\u0131p i\u015fe gidiyorsun?\n\n\u0130\u015f \u00f6nemli. Ama as\u0131l \u00f6nemli olan i\u015fe gitti\u011finizde onu \u00f6zleyece\u011fini \u00e7ocu\u011funuzun anlamas\u0131n\u0131 sa\u011flamak. Nihayetinde g\u00fcn\u00fcn sonunda onun yan\u0131na d\u00f6neceksiniz. \u201cAnnenin i\u015fe gitmesi gerekiyor; ama seni ger\u00e7ekten b\u0131rakmak istemiyorum. Ayr\u0131 oldu\u011fumuz t\u00fcm s\u00fcre boyunca seni \u00f6zleyece\u011fim. Ama ak\u015fama birbirimizi yeniden g\u00f6rece\u011fiz. Bu s\u00fcre i\u00e7inde sen benim bilekli\u011fimi sakla, ben de senin oyunca\u011f\u0131n\u0131. B\u00f6ylelikle ayr\u0131yken de birlikte olabiliriz.\u201d\n\nNeden senin iznin var da benim yok?\n\n\u00c7ocuklar\u0131n\u0131za asla m\u00fckemmel oldu\u011funuzu hissettirmeyin. Kusurlar\u0131n\u0131z\u0131 kabullenin ve onlar\u0131 yapt\u0131\u011f\u0131n\u0131z hatalar konusunda uyar\u0131n. \u201cBaban bazen ge\u00e7 saate kadar bilgisayar ba\u015f\u0131nda kal\u0131p a\u015f\u0131r\u0131 fazla kahve i\u00e7iyor. Bu onun i\u00e7in zararl\u0131. Ben de hatalar yap\u0131yorum; bunlar\u0131 sana s\u00f6yl\u00fcyorum ki beni taklit etme. K\u00f6t\u00fc al\u0131\u015fkanl\u0131klar\u0131mdan kurtulmak i\u00e7in elimden geleni yap\u0131yorum. Daha iyi bir insan olaca\u011f\u0131m.\u201d\n\nYata\u011f\u0131n alt\u0131ndaki canavar ya yerse beni?\n\n\u00c7ocu\u011funuz korku ya da kayg\u0131 g\u00f6stermeye ba\u015flad\u0131\u011f\u0131nda odaklan\u0131n. Bu korkulardan kurtulabilmesini sa\u011flama \u00fczerine beyin f\u0131rt\u0131nas\u0131 yapabilirsiniz. \u201cCanavar m\u0131? Anlatsana biraz! Ben de k\u00fc\u00e7\u00fckken canavarlardan korkuyordum. Ama b\u00fcy\u00fckannen canavarlar\u0131n gitmesini sa\u011flayan bir b\u00fcy\u00fc \u00f6\u011fretti bana. Al bunu; \u015fu gizli tu\u015fa bast\u0131\u011f\u0131nda bir b\u00fcy\u00fc olacak ve canavarlar yok olacak! Yast\u0131\u011f\u0131n\u0131n alt\u0131na koy bunu, tamam m\u0131?\u201d",
    "keywords": [
        "\u00e7ocu\u011funuzun",
        "i\u00e7in",
        "ya",
        "bir",
        "sorusu",
        "merakl\u0131",
        "ve",
        "\u00e7ok",
        "da",
        "ama",
        "11",
        "bu",
        "sen",
        "ben",
        "afallatan"
    ],
    "meta_keywords": [
        ""
    ],
    "publish_date": {
        "$date": 1589009492000
    },
    "summary": "Bu sorulardan ka\u00e7\u0131nmaya \u00e7al\u0131\u015fmak do\u011fru de\u011fil.\nKeskin zihinleri, g\u00f6rmezden gelindikleri ya da yalanla yan\u0131tland\u0131klar\u0131 anlar\u0131 asla ka\u00e7\u0131rmaz.\n\u0130\u015fte size \u00e7ocuklar\u0131n\u0131z\u0131n zor sorular\u0131na verebilece\u011finiz do\u011fru yan\u0131tlardan olu\u015fan bir liste.\nBen nereden geldim?\nAma \u00e7ok da detaylara girmeyin.\n\u201cAnne ve baba birbirlerini \u00e7ok sevdikleri i\u00e7in birbirlerine sar\u0131ld\u0131lar.\nSonra annenin karn\u0131n\u0131n i\u00e7erisinde bebek b\u00fcy\u00fcmeye ba\u015flad\u0131.\nT\u0131pk\u0131 bir bal\u0131k gibi o, annenin i\u00e7inde y\u00fcz\u00fcyor.\nOraya s\u0131\u011fmayacak kadar b\u00fcy\u00fcd\u00fc\u011f\u00fcnde do\u011facak.\u201d Sperm ve yumurta gibi kavramlar ya\u015f\u0131 biraz daha b\u00fcy\u00fck olan \u00e7ocuklara a\u00e7\u0131klanabilir.\nErkeklerin ve k\u0131zlar\u0131n \u2018oralar\u0131\u2019 neden birbirinden farkl\u0131?\nMerak ettikleri her \u015feyi sorup \u00f6\u011frenmek istiyorlar.\nAyr\u0131ca \u00e7ok da ayr\u0131nt\u0131l\u0131 cevaplar beklemiyorlar.\nDo\u011fru olan\u0131 ya\u015f\u0131na uygun bir \u015fekilde cevaplayabilmeniz \u00e7ok \u00f6nemli.\nK\u0131zlar ve erkekler birbirlerinden farkl\u0131d\u0131r.\nS\u0131k\u0131\u015ft\u0131\u011f\u0131n\u0131z k\u0131s\u0131mlarda da \"Bu sorunun cevab\u0131n\u0131 \u00f6\u011frenip sana anlataca\u011f\u0131m.\"\nKar\u015f\u0131 cinsten etkilenen erkek \u00e7ocuklar\u0131 genelde bu soruyu sorarlar.\nYaln\u0131zca sakin bir \u015fekilde \u2018hay\u0131r\u2019 diye cevaplay\u0131n.\nAnne ve babalar her zaman \u00e7ocuklar\u0131n\u0131 \u00e7ok sever, korur ve kollar.\nSen evlenecek ya\u015fa geldi\u011finde, annen zaten senin yan\u0131nda olacak.\nSen ise sevdi\u011fin biriyle ile evlenecek, kendi aileni kuracaks\u0131n, senin de \u00e7ocuklar\u0131n olacak.\n\u00c7ocu\u011funuzun onun su\u00e7u olmad\u0131\u011f\u0131n\u0131 anlamas\u0131n\u0131 sa\u011flamal\u0131s\u0131n\u0131z.\nAma biz birbirimizi \u00e7ok seviyoruz ve her tart\u0131\u015fmadan sonra bar\u0131\u015f\u0131yoruz.\nVe annen ve baban seni \u00e7ok ama \u00e7ok seviyor.\u201dO kad\u0131n neden o kadar \u015fi\u015fman?\nUzun, k\u0131sa, \u015fi\u015fman ya da zay\u0131f bir\u00e7ok farkl\u0131 insan var.\nMerak etti\u011finde yaln\u0131zken annene ya da babana sorabilirsin.\u201d deyin.\nHangimizi daha \u00e7ok seviyorsun, beni mi karde\u015fimi mi?\nBa\u015far\u0131lar\u0131 ya da ba\u015far\u0131s\u0131zl\u0131klar\u0131 ne olursa olsun.\nSen nas\u0131l anneni ve baban\u0131 e\u015fit bir \u015fekilde seviyorsan.\n\u0130kiniz de benim i\u00e7in \u00e7ok de\u011ferlisiniz.\u201dDoktor can\u0131m\u0131 yakacak m\u0131?\n\u00c7ocu\u011funuza tedavinin daha iyi olmak i\u00e7in gerekli oldu\u011funu a\u00e7\u0131klaman\u0131z gerekiyor.\nSana ila\u00e7lar verecek ki mikroplar ve hastal\u0131klar yok olsun.\nBen de bir keresinde hastayken i\u011fne oldum ve iyile\u015ftim.\nBa\u015fta biraz korktu; ama sonra cesaretini toplad\u0131 ve ila\u00e7larla daha iyi oldu.\u201d\u00d6lecek miyim ben?\nAnne ve baba da bir g\u00fcn \u00f6lecek; ama yak\u0131nda de\u011fil.\n\u00c7ok ya\u015fland\u0131\u011f\u0131mda \u00f6lece\u011fim ben de.\nBir g\u00fcn sen de ya\u015flanacaks\u0131n ve sonra gideceksin bu d\u00fcnyadan; ama \u00e7ocuklar\u0131n, torunlar\u0131n, bir\u00e7ok harika hat\u0131ran olacak.\u201dNeden beni b\u0131rak\u0131p i\u015fe gidiyorsun?\nAma as\u0131l \u00f6nemli olan i\u015fe gitti\u011finizde onu \u00f6zleyece\u011fini \u00e7ocu\u011funuzun anlamas\u0131n\u0131 sa\u011flamak.\n\u201cAnnenin i\u015fe gitmesi gerekiyor; ama seni ger\u00e7ekten b\u0131rakmak istemiyorum.\nBu s\u00fcre i\u00e7inde sen benim bilekli\u011fimi sakla, ben de senin oyunca\u011f\u0131n\u0131.\nB\u00f6ylelikle ayr\u0131yken de birlikte olabiliriz.\u201dNeden senin iznin var da benim yok?\n\u201cBaban bazen ge\u00e7 saate kadar bilgisayar ba\u015f\u0131nda kal\u0131p a\u015f\u0131r\u0131 fazla kahve i\u00e7iyor.\nBu onun i\u00e7in zararl\u0131.\nBen de hatalar yap\u0131yorum; bunlar\u0131 sana s\u00f6yl\u00fcyorum ki beni taklit etme.\nK\u00f6t\u00fc al\u0131\u015fkanl\u0131klar\u0131mdan kurtulmak i\u00e7in elimden geleni yap\u0131yorum.\nDaha iyi bir insan olaca\u011f\u0131m.\u201dYata\u011f\u0131n alt\u0131ndaki canavar ya yerse beni?\n\u00c7ocu\u011funuz korku ya da kayg\u0131 g\u00f6stermeye ba\u015flad\u0131\u011f\u0131nda odaklan\u0131n.\nBu korkulardan kurtulabilmesini sa\u011flama \u00fczerine beyin f\u0131rt\u0131nas\u0131 yapabilirsiniz.\nBen de k\u00fc\u00e7\u00fckken canavarlardan korkuyordum.\nAma b\u00fcy\u00fckannen canavarlar\u0131n gitmesini sa\u011flayan bir b\u00fcy\u00fc \u00f6\u011fretti bana.\nAl bunu; \u015fu gizli tu\u015fa bast\u0131\u011f\u0131nda bir b\u00fcy\u00fc olacak ve canavarlar yok olacak!",
    "article_html": "",
    "meta_description": "\u00c7ocuklar, yeti\u015fkinlerden daha farkl\u0131 bir \u015fekilde d\u00fc\u015f\u00fcn\u00fcrler. Merakl\u0131 zihinleri daima yan\u0131tlar bulma aray\u0131\u015f\u0131ndad\u0131r. Belki de bu y\u00fczden sorduklar\u0131 sorular ile afallar, ne cevap verece\u011fimizi bilemeyiz",
    "meta_lang": "tr"
}