{
    "article_id": "592f5dc7fbe0014d20ceba3569264b95.1589925682.7697465",
    "title": "Sosyal kalmaya devam etmeleri i\u00e7in bunlar\u0131 yap\u0131n!",
    "authors": [],
    "canonical_link": "https://www.haberturk.com/sosyal-kalmaya-devam-etmeleri-icin-bunlari-yapin-2652510",
    "url": "http://haberturk.com/sosyal-kalmaya-devam-etmeleri-icin-bunlari-yapin-2652510",
    "top_img": "https://im.haberturk.com/2020/04/20/ver1588950683/2652510_1200x627.jpg",
    "meta_img": "https://im.haberturk.com/2020/04/20/ver1588950683/2652510_1200x627.jpg",
    "movies": [],
    "text": "Bu s\u00fcreci onlar i\u00e7in kolayla\u015ft\u0131rmak ise anne babalara kal\u0131yor. Ne oldu\u011funu anlamad\u0131klar\u0131 bir s\u00fcreci ya\u015fayan \u00e7ocuklar\u0131n en b\u00fcy\u00fck ihtiyac\u0131 g\u00fcvende hissetmek, sevilmek ve korunmak.\n\nK\u00fc\u00e7\u00fck \u00e7ocu\u011fu olan anne babalar neler yapabilir?\n\nBir d\u00fczen kurun\n\n\u0130stikrar ve d\u00fczen, stresli d\u00f6nemlerde rahatl\u0131k duygusu verir. Ailenin bir g\u00fcn\u00fcn\u00fc planlay\u0131n. Yemek, uyku, uyanma ve aktivite saatlerini belirleyin. Aktiviteleri 60 veya 90 dakikal\u0131k periyotlarla ay\u0131r\u0131n. \u00c7ocuk ne zaman ba\u015flayaca\u011f\u0131n\u0131 ve ne zaman bitece\u011fini bilmeli. Sevmedikleri aktivitelerin ard\u0131ndan sevdikleri bir aktivite koyun, \u00f6rne\u011fin ders \u00e7al\u0131\u015ft\u0131ktan sonra \u00e7izgi film izlemek gibi.\n\nHaftal\u0131k planlamay\u0131 yaparken \u00e7ocuklar\u0131n\u0131za da s\u00f6z hakk\u0131 verin ve durumun kontrol alt\u0131nda oldu\u011funu hissetmelerini sa\u011flay\u0131n.\n\nPedagoglar, anormal ve beklenmeyen s\u00fcre\u00e7lerde \u00e7ocuklar\u0131n normalde oldu\u011fu gibi ya\u015famay\u0131 s\u00fcrd\u00fcrmesinin \u00f6nemli oldu\u011funu vurguluyorlar. E\u011flenceli vakit ge\u00e7irmeleri i\u00e7in yarat\u0131c\u0131 ve e\u011flenceli aktiviteler kurgulamak, \u00f6rne\u011fin birlikte kek yapmak \u00fczerlerindeki stresi azaltabilir.\n\nSosyal kalmaya devam etmelerini sa\u011flay\u0131n\n\n\u0130nsanlar olarak bizler sosyal varl\u0131klar\u0131z. Korona vir\u00fcs s\u00fcrecinde uygulamak zorunda oldu\u011fumuz sosyal mesafe kurallar\u0131 \u00e7ocuklar\u0131n arkada\u015flar\u0131ndan uzak kalmalar\u0131 anlam\u0131na geliyor. Bu mesafeyi sosyal medya ve \u00e7e\u015fitli teknolojik ileti\u015fim yollar\u0131yla arkada\u015flar\u0131na ula\u015farak ve onlarla ileti\u015fim kurarak ge\u00e7irmesi \u00f6nemli. Elbette \u00e7ocuklar\u0131n teknolojiyle, bilgisayar ve telefonla ge\u00e7irdi\u011fi s\u00fcreyi k\u0131s\u0131tlamak da bir o kadar gerekli. Sosyal etkile\u015fimi g\u00fcnl\u00fck aktivite plan\u0131n\u0131n i\u00e7inde de\u011ferlendirerek, sevdikleri insanlarla bir arada olmalar\u0131n\u0131 sa\u011flayabilir, izolasyonun etkilerini azaltabilirsiniz.\n\nDuygular\u0131n\u0131 \u00f6nemseyin\n\nKarantina s\u00fcrecinde t\u00fcm ailenin duygular\u0131n\u0131 payla\u015fmas\u0131 son derece \u00f6nemlidir. Herkesin birbirinin duygular\u0131n\u0131 anlayabildikleri ortamlar yaratarak evin i\u00e7indeki atmosferi kolayla\u015ft\u0131rabilirsiniz. Bu \u015fekilde her bireyin duygular\u0131n\u0131 g\u00f6sterebilece\u011fini, g\u00fcvende hissedebilece\u011fini bilmesi \u00f6nemlidir. Hem i\u00e7inde bulunulan s\u0131k\u0131nt\u0131l\u0131 s\u00fcreci konu\u015fabilir ayn\u0131 zamanda da rahatlat\u0131c\u0131 ve e\u011flenceli konu\u015fmalar yapabilirsiniz. Konu\u015fmak, ili\u015fkilerin yoldan \u00e7\u0131kmas\u0131n\u0131 engeller ve duygusal olarak bireyler aras\u0131nda bir d\u00fczen sa\u011flar. Ancak sab\u0131rl\u0131 yakla\u015farak k\u00f6t\u00fc hislerin ortama egemen olmas\u0131na izin vermemek de \u00f6nemlidir. \u00c7ocuklar\u0131n\u0131z\u0131 dinleyin ve endi\u015felerini, hayal k\u0131r\u0131kl\u0131klar\u0131n\u0131, \u00f6fkelerini dile getirmelerine izin verin.\n\nKendi psikolojinizi g\u00fc\u00e7l\u00fc tutun\n\n\u00c7ocuklar s\u00fcnger gibidir ve etraflar\u0131ndaki t\u00fcm ruh hallerini hissedebilirler. \u00c7ocuklar\u0131m\u0131za yard\u0131mc\u0131 olman\u0131n ilk yolu kendi psikolojimizi d\u00fczenli bir ruh halinde tutabilmektir. Duygular\u0131n\u0131z\u0131 toparlamak ve pozitif olabilmek i\u00e7in kendinize zaman tan\u0131y\u0131n. Ancak bunu ba\u015fard\u0131ktan sonra ailenize yard\u0131mc\u0131 olabilirsiniz. Aile i\u00e7inde duygular bireylerin birbirini etkilemesiyle yay\u0131l\u0131r. Pozitif bir ruh hali i\u00e7in de \u00f6nce anne ve babalar\u0131n kendilerini iyi hissedebilmeleri \u00f6nemlidir. T\u0131pk\u0131 u\u00e7aklardaki g\u00fcvenlik \u00f6nlemleri gibi... \u00d6nce kendi maskenizi, sonra \u00e7ocu\u011funuzun maskesini takmal\u0131s\u0131n\u0131z.\n\nAnda ya\u015fay\u0131n\n\nAyn\u0131 anda \u00e7ok fazla \u015feyle ilgilenmek zorunda olan modern insan\u0131n, \u00e7ok fazla b\u00f6l\u00fcnd\u00fc\u011f\u00fc ger\u00e7ek. \u00d6te yandan i\u015flerinizi, g\u00f6revlerinizi ve sorumluluklar\u0131n\u0131z\u0131, \u00e7ocuklar\u0131n\u0131za ay\u0131rd\u0131\u011f\u0131n\u0131z zamanda bir kenara b\u0131rakabilmek de \u00f6nemli. \u00c7ocuklar\u0131m\u0131za ay\u0131rd\u0131\u011f\u0131m\u0131z saatlerde, onlara olan ilgimizin b\u00f6l\u00fcnmesine m\u00fcmk\u00fcn oldu\u011funca izin vermemeliyiz. Bu \u015fekilde onlara g\u00fcven duygusunu a\u015f\u0131layabilir ve sevgimizi hissettirebiliriz.\n\nBilgiyi payla\u015f\u0131n\n\nOlan bitenleri ve g\u00fcn\u00fcn haberlerini \u00e7ocuklar\u0131n\u0131zdan saklamay\u0131n. Soru sormalar\u0131na ve merak ettiklerini \u00f6\u011frenmelerine izin verin. Neden evde kalmak zorunda oldu\u011funu, d\u00fcnyada olan biten k\u00f6t\u00fc bir \u015feyin herkesi etkiledi\u011fini, birbirimizi korumak i\u00e7in baz\u0131 kurallara uymam\u0131z gerekece\u011fini anlat\u0131n. Anne ve babalar\u0131 \u00e7ocuklar\u0131n zihninde en g\u00fcvenli kaynaklard\u0131r. Bilgiyi de onlardan almaya ihtiya\u00e7 duyarlar. \u00d6te yandan fazla bilgi vermek de kafa kar\u0131\u015f\u0131kl\u0131\u011f\u0131na yol a\u00e7abilir. Ne kadar\u0131n\u0131 anlataca\u011f\u0131n\u0131z\u0131 \u00f6zenle se\u00e7in. Endi\u015fe verici detaylardan ka\u00e7\u0131n\u0131n, arkada\u015flar\u0131ndan alabilecekleri yanl\u0131\u015f bilgileri de engelleyin. Evde haber kanallar\u0131n\u0131n izlenme s\u00fcresini k\u0131s\u0131tlamak ve \u00f6\u011frenebilecekleri fazla bilgiden korkmalar\u0131na izin vermemek i\u00e7in haber seyretmelerini k\u0131s\u0131tlay\u0131n.\n\nOlumlu konu\u015fun\n\n\u00c7ocuklar\u0131n s\u00fcrekli endi\u015fe i\u00e7inde olmas\u0131 ve s\u00fcrekli kayg\u0131 verici bir ruh halinde olmalar\u0131n\u0131 engellemek i\u00e7in en iyi y\u00f6ntemlerden biri olumlu bir gelecek tablosu \u00e7izmektir. Korona vir\u00fcs\u00fcn kontrol alt\u0131na al\u0131naca\u011f\u0131n\u0131, t\u00fcm d\u00fcnyada bilim insanlar\u0131n\u0131n ve devletlerin bunun i\u00e7in \u00e7al\u0131\u015ft\u0131\u011f\u0131n\u0131, bizlerin \u00fczerimize d\u00fc\u015fenleri yaparak yard\u0131mc\u0131 olmam\u0131z gerekti\u011fini anlat\u0131n. \u00c7ocuklar\u0131m\u0131z\u0131n bu s\u00fcrecin ge\u00e7ici oldu\u011funu bilmeleri, a\u015f\u0131r\u0131 kayg\u0131 duymalar\u0131n\u0131 da engelleyecektir.\n\nBu s\u00fcreci \u00e7ocu\u011funuzun nas\u0131l hat\u0131rlamas\u0131n\u0131 istedi\u011finizi kendinize sorun\n\nB\u00fcy\u00fcd\u00fc\u011f\u00fcnde, \u00e7ocuklar\u0131m\u0131z\u0131n haf\u0131zalar\u0131nda korona vir\u00fcs karantinas\u0131 s\u00fcrecine dair kalacak olan hat\u0131ralar\u0131n en az\u0131ndan bir k\u0131sm\u0131n\u0131 kontrol etmek elimizde. Bug\u00fcnleri stresli, \u00fcz\u00fcc\u00fc ve \u00f6fkeli hat\u0131rlamas\u0131ndansa ailesiyle birlikte ge\u00e7irdi\u011fi g\u00fcnler olarak kay\u0131t etmesini sa\u011flayabiliriz. Anne ve babas\u0131 ile birlikte oyunlar oynad\u0131\u011f\u0131, mutfakta birlikte yemek yapt\u0131\u011f\u0131, onlardan g\u00fczel \u015feyler \u00f6\u011frendi\u011fi bir d\u00f6nem olarak haf\u0131zas\u0131na yazmas\u0131, onun \u00e7ocuk zihninde bu zaman dilimini k\u00f6t\u00fc de\u011fil olumlu kodlamas\u0131 m\u00fcmk\u00fcn.\n\nKendinize zaman ay\u0131r\u0131n\n\nM\u00fckemmel bir anne baba olmaya \u00e7al\u0131\u015fma ve bunun stresini y\u00fcklenmek i\u00e7in \u00e7ok do\u011fru bir zaman diliminde de\u011filiz. Do\u011fru olan\u0131 yapmakla m\u00fckemmel olmak aras\u0131nda fark oldu\u011funu unutmay\u0131n. Sosyal medyan\u0131n m\u00fckemmel anne babalar\u0131n yapt\u0131\u011f\u0131 harika \u015feyleri yayd\u0131\u011f\u0131 bir d\u00f6nemdeyiz. Ancak bu durumun \u00fczerimizde bask\u0131 unsuru haline gelmemesi gerekiyor. Muhte\u015fem bir a\u015f\u00e7\u0131 olman\u0131z veya ola\u011fan\u00fcst\u00fc yarat\u0131c\u0131 model u\u00e7ak yapabilmeniz gerekmiyor. Kendinizin en iyi oldu\u011fu \u015feyleri yapabilmek, \u00e7ocu\u011funuz i\u00e7in yeterli. Derslerine yard\u0131mc\u0131 olamasan\u0131z bile ders \u00e7al\u0131\u015fmak i\u00e7in ihtiya\u00e7 duydu\u011fu motivasyonu ona sa\u011flayabilirsiniz.",
    "keywords": [
        "i\u00e7in",
        "\u00e7ocuklar\u0131n",
        "devam",
        "sosyal",
        "bir",
        "oldu\u011funu",
        "olan",
        "bunlar\u0131",
        "ve",
        "yap\u0131n",
        "bu",
        "etmeleri",
        "anne",
        "zaman",
        "kalmaya"
    ],
    "meta_keywords": [
        ""
    ],
    "publish_date": {
        "$date": 1588950683000
    },
    "summary": "Bu s\u00fcreci onlar i\u00e7in kolayla\u015ft\u0131rmak ise anne babalara kal\u0131yor.\nNe oldu\u011funu anlamad\u0131klar\u0131 bir s\u00fcreci ya\u015fayan \u00e7ocuklar\u0131n en b\u00fcy\u00fck ihtiyac\u0131 g\u00fcvende hissetmek, sevilmek ve korunmak.\nK\u00fc\u00e7\u00fck \u00e7ocu\u011fu olan anne babalar neler yapabilir?\nBir d\u00fczen kurun\u0130stikrar ve d\u00fczen, stresli d\u00f6nemlerde rahatl\u0131k duygusu verir.\nAilenin bir g\u00fcn\u00fcn\u00fc planlay\u0131n.\nYemek, uyku, uyanma ve aktivite saatlerini belirleyin.\nAktiviteleri 60 veya 90 dakikal\u0131k periyotlarla ay\u0131r\u0131n.\n\u00c7ocuk ne zaman ba\u015flayaca\u011f\u0131n\u0131 ve ne zaman bitece\u011fini bilmeli.\nSevmedikleri aktivitelerin ard\u0131ndan sevdikleri bir aktivite koyun, \u00f6rne\u011fin ders \u00e7al\u0131\u015ft\u0131ktan sonra \u00e7izgi film izlemek gibi.\nHaftal\u0131k planlamay\u0131 yaparken \u00e7ocuklar\u0131n\u0131za da s\u00f6z hakk\u0131 verin ve durumun kontrol alt\u0131nda oldu\u011funu hissetmelerini sa\u011flay\u0131n.\nPedagoglar, anormal ve beklenmeyen s\u00fcre\u00e7lerde \u00e7ocuklar\u0131n normalde oldu\u011fu gibi ya\u015famay\u0131 s\u00fcrd\u00fcrmesinin \u00f6nemli oldu\u011funu vurguluyorlar.\nE\u011flenceli vakit ge\u00e7irmeleri i\u00e7in yarat\u0131c\u0131 ve e\u011flenceli aktiviteler kurgulamak, \u00f6rne\u011fin birlikte kek yapmak \u00fczerlerindeki stresi azaltabilir.\nSosyal kalmaya devam etmelerini sa\u011flay\u0131n\u0130nsanlar olarak bizler sosyal varl\u0131klar\u0131z.\nKorona vir\u00fcs s\u00fcrecinde uygulamak zorunda oldu\u011fumuz sosyal mesafe kurallar\u0131 \u00e7ocuklar\u0131n arkada\u015flar\u0131ndan uzak kalmalar\u0131 anlam\u0131na geliyor.\nBu mesafeyi sosyal medya ve \u00e7e\u015fitli teknolojik ileti\u015fim yollar\u0131yla arkada\u015flar\u0131na ula\u015farak ve onlarla ileti\u015fim kurarak ge\u00e7irmesi \u00f6nemli.\nElbette \u00e7ocuklar\u0131n teknolojiyle, bilgisayar ve telefonla ge\u00e7irdi\u011fi s\u00fcreyi k\u0131s\u0131tlamak da bir o kadar gerekli.\nSosyal etkile\u015fimi g\u00fcnl\u00fck aktivite plan\u0131n\u0131n i\u00e7inde de\u011ferlendirerek, sevdikleri insanlarla bir arada olmalar\u0131n\u0131 sa\u011flayabilir, izolasyonun etkilerini azaltabilirsiniz.\nDuygular\u0131n\u0131 \u00f6nemseyinKarantina s\u00fcrecinde t\u00fcm ailenin duygular\u0131n\u0131 payla\u015fmas\u0131 son derece \u00f6nemlidir.\nBu \u015fekilde her bireyin duygular\u0131n\u0131 g\u00f6sterebilece\u011fini, g\u00fcvende hissedebilece\u011fini bilmesi \u00f6nemlidir.\nHem i\u00e7inde bulunulan s\u0131k\u0131nt\u0131l\u0131 s\u00fcreci konu\u015fabilir ayn\u0131 zamanda da rahatlat\u0131c\u0131 ve e\u011flenceli konu\u015fmalar yapabilirsiniz.\nKonu\u015fmak, ili\u015fkilerin yoldan \u00e7\u0131kmas\u0131n\u0131 engeller ve duygusal olarak bireyler aras\u0131nda bir d\u00fczen sa\u011flar.\nAncak sab\u0131rl\u0131 yakla\u015farak k\u00f6t\u00fc hislerin ortama egemen olmas\u0131na izin vermemek de \u00f6nemlidir.\n\u00c7ocuklar\u0131n\u0131z\u0131 dinleyin ve endi\u015felerini, hayal k\u0131r\u0131kl\u0131klar\u0131n\u0131, \u00f6fkelerini dile getirmelerine izin verin.\nKendi psikolojinizi g\u00fc\u00e7l\u00fc tutun\u00c7ocuklar s\u00fcnger gibidir ve etraflar\u0131ndaki t\u00fcm ruh hallerini hissedebilirler.\n\u00c7ocuklar\u0131m\u0131za yard\u0131mc\u0131 olman\u0131n ilk yolu kendi psikolojimizi d\u00fczenli bir ruh halinde tutabilmektir.\nDuygular\u0131n\u0131z\u0131 toparlamak ve pozitif olabilmek i\u00e7in kendinize zaman tan\u0131y\u0131n.\nPozitif bir ruh hali i\u00e7in de \u00f6nce anne ve babalar\u0131n kendilerini iyi hissedebilmeleri \u00f6nemlidir.\nT\u0131pk\u0131 u\u00e7aklardaki g\u00fcvenlik \u00f6nlemleri gibi... \u00d6nce kendi maskenizi, sonra \u00e7ocu\u011funuzun maskesini takmal\u0131s\u0131n\u0131z.\nAnda ya\u015fay\u0131nAyn\u0131 anda \u00e7ok fazla \u015feyle ilgilenmek zorunda olan modern insan\u0131n, \u00e7ok fazla b\u00f6l\u00fcnd\u00fc\u011f\u00fc ger\u00e7ek.\n\u00d6te yandan i\u015flerinizi, g\u00f6revlerinizi ve sorumluluklar\u0131n\u0131z\u0131, \u00e7ocuklar\u0131n\u0131za ay\u0131rd\u0131\u011f\u0131n\u0131z zamanda bir kenara b\u0131rakabilmek de \u00f6nemli.\n\u00c7ocuklar\u0131m\u0131za ay\u0131rd\u0131\u011f\u0131m\u0131z saatlerde, onlara olan ilgimizin b\u00f6l\u00fcnmesine m\u00fcmk\u00fcn oldu\u011funca izin vermemeliyiz.\nBu \u015fekilde onlara g\u00fcven duygusunu a\u015f\u0131layabilir ve sevgimizi hissettirebiliriz.\nBilgiyi payla\u015f\u0131nOlan bitenleri ve g\u00fcn\u00fcn haberlerini \u00e7ocuklar\u0131n\u0131zdan saklamay\u0131n.\nSoru sormalar\u0131na ve merak ettiklerini \u00f6\u011frenmelerine izin verin.\nNeden evde kalmak zorunda oldu\u011funu, d\u00fcnyada olan biten k\u00f6t\u00fc bir \u015feyin herkesi etkiledi\u011fini, birbirimizi korumak i\u00e7in baz\u0131 kurallara uymam\u0131z gerekece\u011fini anlat\u0131n.\nAnne ve babalar\u0131 \u00e7ocuklar\u0131n zihninde en g\u00fcvenli kaynaklard\u0131r.\nEvde haber kanallar\u0131n\u0131n izlenme s\u00fcresini k\u0131s\u0131tlamak ve \u00f6\u011frenebilecekleri fazla bilgiden korkmalar\u0131na izin vermemek i\u00e7in haber seyretmelerini k\u0131s\u0131tlay\u0131n.\nOlumlu konu\u015fun\u00c7ocuklar\u0131n s\u00fcrekli endi\u015fe i\u00e7inde olmas\u0131 ve s\u00fcrekli kayg\u0131 verici bir ruh halinde olmalar\u0131n\u0131 engellemek i\u00e7in en iyi y\u00f6ntemlerden biri olumlu bir gelecek tablosu \u00e7izmektir.\nKorona vir\u00fcs\u00fcn kontrol alt\u0131na al\u0131naca\u011f\u0131n\u0131, t\u00fcm d\u00fcnyada bilim insanlar\u0131n\u0131n ve devletlerin bunun i\u00e7in \u00e7al\u0131\u015ft\u0131\u011f\u0131n\u0131, bizlerin \u00fczerimize d\u00fc\u015fenleri yaparak yard\u0131mc\u0131 olmam\u0131z gerekti\u011fini anlat\u0131n.\n\u00c7ocuklar\u0131m\u0131z\u0131n bu s\u00fcrecin ge\u00e7ici oldu\u011funu bilmeleri, a\u015f\u0131r\u0131 kayg\u0131 duymalar\u0131n\u0131 da engelleyecektir.\nBu s\u00fcreci \u00e7ocu\u011funuzun nas\u0131l hat\u0131rlamas\u0131n\u0131 istedi\u011finizi kendinize sorunB\u00fcy\u00fcd\u00fc\u011f\u00fcnde, \u00e7ocuklar\u0131m\u0131z\u0131n haf\u0131zalar\u0131nda korona vir\u00fcs karantinas\u0131 s\u00fcrecine dair kalacak olan hat\u0131ralar\u0131n en az\u0131ndan bir k\u0131sm\u0131n\u0131 kontrol etmek elimizde.\nBug\u00fcnleri stresli, \u00fcz\u00fcc\u00fc ve \u00f6fkeli hat\u0131rlamas\u0131ndansa ailesiyle birlikte ge\u00e7irdi\u011fi g\u00fcnler olarak kay\u0131t etmesini sa\u011flayabiliriz.\nAnne ve babas\u0131 ile birlikte oyunlar oynad\u0131\u011f\u0131, mutfakta birlikte yemek yapt\u0131\u011f\u0131, onlardan g\u00fczel \u015feyler \u00f6\u011frendi\u011fi bir d\u00f6nem olarak haf\u0131zas\u0131na yazmas\u0131, onun \u00e7ocuk zihninde bu zaman dilimini k\u00f6t\u00fc de\u011fil olumlu kodlamas\u0131 m\u00fcmk\u00fcn.\nKendinize zaman ay\u0131r\u0131nM\u00fckemmel bir anne baba olmaya \u00e7al\u0131\u015fma ve bunun stresini y\u00fcklenmek i\u00e7in \u00e7ok do\u011fru bir zaman diliminde de\u011filiz.\nDo\u011fru olan\u0131 yapmakla m\u00fckemmel olmak aras\u0131nda fark oldu\u011funu unutmay\u0131n.\nSosyal medyan\u0131n m\u00fckemmel anne babalar\u0131n yapt\u0131\u011f\u0131 harika \u015feyleri yayd\u0131\u011f\u0131 bir d\u00f6nemdeyiz.\nAncak bu durumun \u00fczerimizde bask\u0131 unsuru haline gelmemesi gerekiyor.\nMuhte\u015fem bir a\u015f\u00e7\u0131 olman\u0131z veya ola\u011fan\u00fcst\u00fc yarat\u0131c\u0131 model u\u00e7ak yapabilmeniz gerekmiyor.\nKendinizin en iyi oldu\u011fu \u015feyleri yapabilmek, \u00e7ocu\u011funuz i\u00e7in yeterli.\nDerslerine yard\u0131mc\u0131 olamasan\u0131z bile ders \u00e7al\u0131\u015fmak i\u00e7in ihtiya\u00e7 duydu\u011fu motivasyonu ona sa\u011flayabilirsiniz.",
    "article_html": "",
    "meta_description": "\u00c7ocuklar, travmatik olaylar kar\u015f\u0131s\u0131nda \u00e7ok daha fazla etkilenebiliyorlar, anlayamad\u0131klar\u0131 durumlarla nas\u0131l ba\u015fa \u00e7\u0131kacaklar\u0131n\u0131 bilemiyorlar. Koronavir\u00fcs pandemi s\u00fcrecinde okula gidemeyen, sosyal mesafe kural\u0131n\u0131 anlamakta zorlanan ve evde kalmak mecburiyetinde olan \u00e7ocuklar i\u00e7in salg\u0131n, b\u00fcy\u00fcme evresinde psikolojilerini derinden yaralayabilir.",
    "meta_lang": "tr"
}