{
    "article_id": "649e65c98135ddc69e48241badced5eb.1589925683.6824875",
    "title": "Pandemi s\u00fcresince \u00e7ocuklar a\u015f\u0131 olmal\u0131 m\u0131?",
    "authors": [
        "Isvalid",
        "Yazarlar",
        "Data",
        "Name",
        "Mail",
        "Title",
        "Di\u0307\u011fer Yazarlar"
    ],
    "canonical_link": "https://www.haberturk.com/pandemi-suresince-cocuklar-asi-olmali-mi-2663044",
    "url": "http://haberturk.com/pandemi-suresince-cocuklar-asi-olmali-mi-2663044",
    "top_img": "https://im.haberturk.com/2020/04/29/ver1588770397/2663044_1200x627.jpg",
    "meta_img": "https://im.haberturk.com/2020/04/29/ver1588770397/2663044_1200x627.jpg",
    "movies": [],
    "text": "\u00c7ocu\u011fum hasta, ancak COVID-19 vakalar\u0131 nedeniyle \u00e7ocu\u011fumu hastaneye g\u00f6t\u00fcrmek istemiyorum. Ne yapmal\u0131y\u0131m?\n\n\u00c7ocu\u011funuzun ya\u015f\u0131na, \u015fikayetlerin \u015fiddetine g\u00f6re hastaneye gidip gitmeme durumunuz de\u011fi\u015fmekle birlikte, \u00e7ocuk acil ve polikliniklerinde hasta hizmetlerinin kesintiye u\u011framadan devam etti\u011fini bilmeniz gerekir. Ayr\u0131ca bir\u00e7ok hastane detriaj uygulamas\u0131 olup, COVID-19 hastalar\u0131na normal hasta hizmetlerinin sunuldu\u011fu alanlar d\u0131\u015f\u0131nda belirlenmi\u015f olan, ayr\u0131 birimlerde, hizmet verilmektedir. \u0130rtibatta oldu\u011funuz \u00e7ocuk uzman\u0131n\u0131z varsa \u00e7ocu\u011funuzun durumunu hekiminizle g\u00f6r\u00fc\u015ferek, hastaneye g\u00f6t\u00fcr\u00fcp g\u00f6t\u00fcrmeme noktas\u0131nda ortak karar alabilirsiniz.\n\nG\u00f6r\u00fcnt\u00fcl\u00fc muayene hizmetinden faydalanabilirsiniz\n\nYurtd\u0131\u015f\u0131nda oldu\u011fu gibi \u00fclkemizdeki bir\u00e7ok kurumun da hizmet vermeye ba\u015flad\u0131\u011f\u0131, elektronik ortamda dan\u0131\u015fmanl\u0131k (online g\u00f6r\u00fcnt\u00fcl\u00fc muayene hizmeti) uygulamalar\u0131n\u0131, \u00e7ocu\u011funuzun durumuna g\u00f6re tercih edebilirsiniz. Ancak bu uygulaman\u0131n, ger\u00e7ek bir muayene randevusu ile ayn\u0131 olamayaca\u011f\u0131, gerekti\u011fi durumlarda doktorunuzunhastay\u0131 g\u00f6rmek, baz\u0131 tetkikler yapmak isteyebilece\u011fi de ak\u0131lda tutulmal\u0131d\u0131r.\n\nBu \u015fikayetler varsa vakit kaybetmeyin!\n\nBu imkanlar\u0131 olmayanlar i\u00e7in; \u00f6zellikle \u00e7ocu\u011fun ya\u015f\u0131 k\u00fc\u00e7\u00fckse, y\u00fcksek ve diren\u00e7li ate\u015fi varsa, beslenme bozuklu\u011fu ya da genel durumunda d\u00fc\u015fk\u00fcnl\u00fck varsa, solunum sistemi ile ilgili sorunlar varsa, n\u00f6rolojik anormallikler fark edilmi\u015f ise, s\u0131v\u0131 kayb\u0131na neden olacak \u015fekilde yo\u011fun kusmas\u0131, ishali varsa ya da bunlar gibi \u00e7ocu\u011funuzun rahats\u0131zl\u0131\u011f\u0131n\u0131n \u00f6nemli oldu\u011funu d\u00fc\u015f\u00fcnd\u00fcren bulgu ve \u015f\u00fcpheler var ise mutlaka bir sa\u011fl\u0131k kurulu\u015funa ba\u015fvurman\u0131z\u0131 \u00f6nermekteyiz. Unutmayal\u0131m ki; \u00e7ocuklar\u0131 en iyi tan\u0131yanlar yine kendi aileleridir.\n\n\u00c7ocu\u011funuz COVID-19 tan\u0131l\u0131 bir vakayla temas ettiyse bunlar\u0131 yapmal\u0131s\u0131n\u0131z!\n\nAyr\u0131ca son 14 g\u00fcn i\u00e7erisinde aile bireyleri de dahil, \u00e7ocu\u011funuzun temas etti\u011fi ki\u015filerden COVID-19 tan\u0131s\u0131 alanlar ya da solunum yolu enfeksiyonu tan\u0131s\u0131 ile hastaneye yat\u0131r\u0131lanlar varsa; \u00e7ocu\u011funuz da herhangi bir \u015fikayet olmasa da Sa\u011fl\u0131k Bakanl\u0131\u011f\u0131 \u0130leti\u015fim Merkezi b\u00fcnyesinde hizmet veren \u201cAlo 184\u201d korona dan\u0131\u015fma hatt\u0131n\u0131 aray\u0131n\u0131z veya \u00e7ocu\u011funuza maske takarak, m\u00fcmk\u00fcn olan en az say\u0131daki sa\u011fl\u0131kl\u0131 refakat\u00e7i e\u015fli\u011finde \u00e7ocu\u011funuzu bir sa\u011fl\u0131k kurulu\u015funa g\u00f6t\u00fcr\u00fcn\u00fcz. \u0130ki ya\u015f alt\u0131 \u00e7ocuklara maske tak\u0131lmas\u0131, olas\u0131 baz\u0131 bo\u011fulma gibi solunum problemlerini de beraberinde getirebilece\u011finden dolay\u0131 \u00f6nerilmemektedir. Sa\u011fl\u0131k kurumuna ba\u015fvuruldu\u011funda giri\u015f k\u0131sm\u0131ndaki g\u00f6revliye, mutlaka bu durumdan bahsederek ayr\u0131nt\u0131l\u0131 bilgi veriniz. G\u00f6revliler size gerekli y\u00f6nlendirmeyi yapacaklard\u0131r.\n\n\u00c7ocu\u011fumun a\u015f\u0131 zaman\u0131 geldi, ne yapmal\u0131y\u0131m?\n\nPn\u00f6mokok ve k\u0131zam\u0131k a\u015f\u0131lar\u0131 ba\u015fta olmak \u00fczere \u00e7ocukluk \u00e7a\u011f\u0131 a\u015f\u0131lar\u0131n\u0131n, zaman\u0131nda yap\u0131lmas\u0131n\u0131 \u00f6nermekteyiz. A\u015f\u0131 ile korunabilmek m\u00fcmk\u00fcnd\u00fcr ancak, di\u011fer enfeksiyon etkenlerinin de; \u00e7ocu\u011fumuzda hastal\u0131klar, hatta toplumda salg\u0131nlar yapabilece\u011fi ger\u00e7e\u011fi de ak\u0131lda tutulmal\u0131d\u0131r. A\u015f\u0131 ile koruman\u0131n m\u00fcmk\u00fcn oldu\u011fu di\u011fer mikroorganizmalar\u0131nda; \u00e7ocu\u011funuzda hastal\u0131klar, hatta toplumda salg\u0131nlar yapabilece\u011fi ger\u00e7e\u011fi de ak\u0131lda tutulmal\u0131d\u0131r.\n\n\u00d6zel a\u015f\u0131lar olarak bilinen, ulusal a\u015f\u0131 takviminde bulunmayan a\u015f\u0131lar\u0131nda, gerekli tedbirler al\u0131narak yap\u0131lmas\u0131 sa\u011flanmal\u0131d\u0131r. \u00d6zellikle; rotavir\u00fcs a\u015f\u0131 dozlar\u0131nda, di\u011fer a\u015f\u0131larda bulunmayan \u00fcst zaman limiti oldu\u011funu vurgulamal\u0131y\u0131z. \u00c7ocu\u011funuz ilk doz rotavir\u00fcs a\u015f\u0131s\u0131n\u0131; 15 haftal\u0131ktan \u00f6nce, son dozunu da 35 haftal\u0131ktan (yakla\u015f\u0131k 8. ay) \u00f6nce almal\u0131d\u0131r.Bu haftalar ge\u00e7irilirse; rotavir\u00fcs a\u015f\u0131s\u0131 ka\u00e7\u0131r\u0131lm\u0131\u015f olur, daha ileriki zamanlarda bu a\u015f\u0131n\u0131n yap\u0131lmas\u0131 \u00f6nerilmez.M\u00fcmk\u00fcnse a\u015f\u0131ya gitmeden \u00f6nce, aile hekiminiz veya \u00e7ocuk sa\u011fl\u0131\u011f\u0131 ve hastal\u0131klar\u0131 uzman\u0131n\u0131z ile g\u00f6r\u00fc\u015ferek, \u00f6neriler do\u011frultusunda randevu olu\u015fturman\u0131z daha sa\u011fl\u0131kl\u0131 olacakt\u0131r.\n\n24-30 Nisan d\u00fcnya a\u015f\u0131 haftas\u0131 olup, t\u00fcm d\u00fcnyadaki insanlar\u0131n koronavir\u00fcs a\u015f\u0131 \u00e7al\u0131\u015fmalar\u0131n\u0131 yak\u0131ndan takip ederek, sab\u0131rs\u0131zl\u0131kla a\u015f\u0131 bekledi\u011fi bu pandemi g\u00fcnlerinde koruyucu sa\u011fl\u0131k hizmetlerinin temel unsurlar\u0131ndan olan a\u015f\u0131n\u0131n, enfeksiyon hastal\u0131klar\u0131ndan korunmadakikritik \u00f6nemini bir kez daha anlam\u0131\u015f oluyoruz.\n\n\u00c7ocu\u011fuma vitamin veya mineral deste\u011fi kulland\u0131rmal\u0131 m\u0131y\u0131m?\n\nBa\u015fta A, C ve D vitaminleri olmak \u00fczere probiyotikler, selenyum, \u00e7inko ve multi vitamin - mineral takviyelerinin; enfeksiyonlara kar\u015f\u0131 yarar\u0131n\u0131 g\u00f6steren \u00e7al\u0131\u015fmalar olsa da, etkisinin olmad\u0131\u011f\u0131n\u0131 g\u00f6steren \u00e7al\u0131\u015fmalarda mevcuttur. Bu konuda uzmanlar aras\u0131nda da, g\u00f6r\u00fc\u015f birli\u011fi yoktur. Bu vitamin ve mineralleri, dengeli ve sa\u011fl\u0131kl\u0131 beslenme ile sa\u011flamaya \u00e7al\u0131\u015fmak en ideal olan\u0131d\u0131r. Ancak; dengeli beslenmeyen, yemek se\u00e7en, meyve sebze t\u00fcketimi az olan, at\u0131\u015ft\u0131rmal\u0131klarla \u00f6\u011f\u00fcnlerini ge\u00e7iren, g\u00fcne\u015ften yararlanmalar\u0131 k\u0131s\u0131tl\u0131 olan \u00e7ocuklarda, vitamin mineral takviyelerinin ba\u015flan\u0131lmas\u0131 d\u00fc\u015f\u00fcn\u00fclebilir. Bu takviyelerin \u00e7evreden duyularak, internetten bulunarak ba\u015flan\u0131lmas\u0131 yanl\u0131\u015ft\u0131r. Ya\u015f gruplar\u0131na g\u00f6re \u00f6nerilen dozlar farkl\u0131 olup, uzmanlarca \u00e7ocu\u011fun durumu de\u011ferlendirilmeli ve uygun g\u00f6r\u00fclen doz ve i\u00e7erikli takviyeler ba\u015flan\u0131lmal\u0131d\u0131r.\n\nSon bir \u00f6neri olarak;\n\nYa\u015fad\u0131\u011f\u0131m\u0131z COVID-19 sorunu hemen bitecekmi\u015f gibi sosyal hayata, kademeli de olsa bir s\u00fcre daha devam edecekmi\u015f gibi izole bir hayata haz\u0131rlanmay\u0131 ve \u00e7ocuklar\u0131m\u0131z\u0131 haz\u0131rlamay\u0131 \u00f6nermekteyiz.",
    "keywords": [
        "varsa",
        "olmal\u0131",
        "s\u00fcresince",
        "bir",
        "olan",
        "sa\u011fl\u0131k",
        "a\u015f\u0131",
        "\u00e7ocuklar",
        "ve",
        "da",
        "m\u0131",
        "ile",
        "pandemi",
        "gibi",
        "bu"
    ],
    "meta_keywords": [
        ""
    ],
    "publish_date": {
        "$date": 1588770397000
    },
    "summary": "\u00c7ocu\u011fum hasta, ancak COVID-19 vakalar\u0131 nedeniyle \u00e7ocu\u011fumu hastaneye g\u00f6t\u00fcrmek istemiyorum.\nNe yapmal\u0131y\u0131m?\n\u00c7ocu\u011funuzun ya\u015f\u0131na, \u015fikayetlerin \u015fiddetine g\u00f6re hastaneye gidip gitmeme durumunuz de\u011fi\u015fmekle birlikte, \u00e7ocuk acil ve polikliniklerinde hasta hizmetlerinin kesintiye u\u011framadan devam etti\u011fini bilmeniz gerekir.\nAyr\u0131ca bir\u00e7ok hastane detriaj uygulamas\u0131 olup, COVID-19 hastalar\u0131na normal hasta hizmetlerinin sunuldu\u011fu alanlar d\u0131\u015f\u0131nda belirlenmi\u015f olan, ayr\u0131 birimlerde, hizmet verilmektedir.\n\u0130rtibatta oldu\u011funuz \u00e7ocuk uzman\u0131n\u0131z varsa \u00e7ocu\u011funuzun durumunu hekiminizle g\u00f6r\u00fc\u015ferek, hastaneye g\u00f6t\u00fcr\u00fcp g\u00f6t\u00fcrmeme noktas\u0131nda ortak karar alabilirsiniz.\nG\u00f6r\u00fcnt\u00fcl\u00fc muayene hizmetinden faydalanabilirsinizYurtd\u0131\u015f\u0131nda oldu\u011fu gibi \u00fclkemizdeki bir\u00e7ok kurumun da hizmet vermeye ba\u015flad\u0131\u011f\u0131, elektronik ortamda dan\u0131\u015fmanl\u0131k (online g\u00f6r\u00fcnt\u00fcl\u00fc muayene hizmeti) uygulamalar\u0131n\u0131, \u00e7ocu\u011funuzun durumuna g\u00f6re tercih edebilirsiniz.\nAncak bu uygulaman\u0131n, ger\u00e7ek bir muayene randevusu ile ayn\u0131 olamayaca\u011f\u0131, gerekti\u011fi durumlarda doktorunuzunhastay\u0131 g\u00f6rmek, baz\u0131 tetkikler yapmak isteyebilece\u011fi de ak\u0131lda tutulmal\u0131d\u0131r.\nBu \u015fikayetler varsa vakit kaybetmeyin!\nBu imkanlar\u0131 olmayanlar i\u00e7in; \u00f6zellikle \u00e7ocu\u011fun ya\u015f\u0131 k\u00fc\u00e7\u00fckse, y\u00fcksek ve diren\u00e7li ate\u015fi varsa, beslenme bozuklu\u011fu ya da genel durumunda d\u00fc\u015fk\u00fcnl\u00fck varsa, solunum sistemi ile ilgili sorunlar varsa, n\u00f6rolojik anormallikler fark edilmi\u015f ise, s\u0131v\u0131 kayb\u0131na neden olacak \u015fekilde yo\u011fun kusmas\u0131, ishali varsa ya da bunlar gibi \u00e7ocu\u011funuzun rahats\u0131zl\u0131\u011f\u0131n\u0131n \u00f6nemli oldu\u011funu d\u00fc\u015f\u00fcnd\u00fcren bulgu ve \u015f\u00fcpheler var ise mutlaka bir sa\u011fl\u0131k kurulu\u015funa ba\u015fvurman\u0131z\u0131 \u00f6nermekteyiz.\nUnutmayal\u0131m ki; \u00e7ocuklar\u0131 en iyi tan\u0131yanlar yine kendi aileleridir.\n\u00c7ocu\u011funuz COVID-19 tan\u0131l\u0131 bir vakayla temas ettiyse bunlar\u0131 yapmal\u0131s\u0131n\u0131z!\nAyr\u0131ca son 14 g\u00fcn i\u00e7erisinde aile bireyleri de dahil, \u00e7ocu\u011funuzun temas etti\u011fi ki\u015filerden COVID-19 tan\u0131s\u0131 alanlar ya da solunum yolu enfeksiyonu tan\u0131s\u0131 ile hastaneye yat\u0131r\u0131lanlar varsa; \u00e7ocu\u011funuz da herhangi bir \u015fikayet olmasa da Sa\u011fl\u0131k Bakanl\u0131\u011f\u0131 \u0130leti\u015fim Merkezi b\u00fcnyesinde hizmet veren \u201cAlo 184\u201d korona dan\u0131\u015fma hatt\u0131n\u0131 aray\u0131n\u0131z veya \u00e7ocu\u011funuza maske takarak, m\u00fcmk\u00fcn olan en az say\u0131daki sa\u011fl\u0131kl\u0131 refakat\u00e7i e\u015fli\u011finde \u00e7ocu\u011funuzu bir sa\u011fl\u0131k kurulu\u015funa g\u00f6t\u00fcr\u00fcn\u00fcz.\n\u0130ki ya\u015f alt\u0131 \u00e7ocuklara maske tak\u0131lmas\u0131, olas\u0131 baz\u0131 bo\u011fulma gibi solunum problemlerini de beraberinde getirebilece\u011finden dolay\u0131 \u00f6nerilmemektedir.\nSa\u011fl\u0131k kurumuna ba\u015fvuruldu\u011funda giri\u015f k\u0131sm\u0131ndaki g\u00f6revliye, mutlaka bu durumdan bahsederek ayr\u0131nt\u0131l\u0131 bilgi veriniz.\nG\u00f6revliler size gerekli y\u00f6nlendirmeyi yapacaklard\u0131r.\n\u00c7ocu\u011fumun a\u015f\u0131 zaman\u0131 geldi, ne yapmal\u0131y\u0131m?\nPn\u00f6mokok ve k\u0131zam\u0131k a\u015f\u0131lar\u0131 ba\u015fta olmak \u00fczere \u00e7ocukluk \u00e7a\u011f\u0131 a\u015f\u0131lar\u0131n\u0131n, zaman\u0131nda yap\u0131lmas\u0131n\u0131 \u00f6nermekteyiz.\nA\u015f\u0131 ile korunabilmek m\u00fcmk\u00fcnd\u00fcr ancak, di\u011fer enfeksiyon etkenlerinin de; \u00e7ocu\u011fumuzda hastal\u0131klar, hatta toplumda salg\u0131nlar yapabilece\u011fi ger\u00e7e\u011fi de ak\u0131lda tutulmal\u0131d\u0131r.\nA\u015f\u0131 ile koruman\u0131n m\u00fcmk\u00fcn oldu\u011fu di\u011fer mikroorganizmalar\u0131nda; \u00e7ocu\u011funuzda hastal\u0131klar, hatta toplumda salg\u0131nlar yapabilece\u011fi ger\u00e7e\u011fi de ak\u0131lda tutulmal\u0131d\u0131r.\n\u00d6zel a\u015f\u0131lar olarak bilinen, ulusal a\u015f\u0131 takviminde bulunmayan a\u015f\u0131lar\u0131nda, gerekli tedbirler al\u0131narak yap\u0131lmas\u0131 sa\u011flanmal\u0131d\u0131r.\n\u00d6zellikle; rotavir\u00fcs a\u015f\u0131 dozlar\u0131nda, di\u011fer a\u015f\u0131larda bulunmayan \u00fcst zaman limiti oldu\u011funu vurgulamal\u0131y\u0131z.\n\u00c7ocu\u011funuz ilk doz rotavir\u00fcs a\u015f\u0131s\u0131n\u0131; 15 haftal\u0131ktan \u00f6nce, son dozunu da 35 haftal\u0131ktan (yakla\u015f\u0131k 8. ay) \u00f6nce almal\u0131d\u0131r.Bu haftalar ge\u00e7irilirse; rotavir\u00fcs a\u015f\u0131s\u0131 ka\u00e7\u0131r\u0131lm\u0131\u015f olur, daha ileriki zamanlarda bu a\u015f\u0131n\u0131n yap\u0131lmas\u0131 \u00f6nerilmez.M\u00fcmk\u00fcnse a\u015f\u0131ya gitmeden \u00f6nce, aile hekiminiz veya \u00e7ocuk sa\u011fl\u0131\u011f\u0131 ve hastal\u0131klar\u0131 uzman\u0131n\u0131z ile g\u00f6r\u00fc\u015ferek, \u00f6neriler do\u011frultusunda randevu olu\u015fturman\u0131z daha sa\u011fl\u0131kl\u0131 olacakt\u0131r.\n24-30 Nisan d\u00fcnya a\u015f\u0131 haftas\u0131 olup, t\u00fcm d\u00fcnyadaki insanlar\u0131n koronavir\u00fcs a\u015f\u0131 \u00e7al\u0131\u015fmalar\u0131n\u0131 yak\u0131ndan takip ederek, sab\u0131rs\u0131zl\u0131kla a\u015f\u0131 bekledi\u011fi bu pandemi g\u00fcnlerinde koruyucu sa\u011fl\u0131k hizmetlerinin temel unsurlar\u0131ndan olan a\u015f\u0131n\u0131n, enfeksiyon hastal\u0131klar\u0131ndan korunmadakikritik \u00f6nemini bir kez daha anlam\u0131\u015f oluyoruz.\n\u00c7ocu\u011fuma vitamin veya mineral deste\u011fi kulland\u0131rmal\u0131 m\u0131y\u0131m?\nBa\u015fta A, C ve D vitaminleri olmak \u00fczere probiyotikler, selenyum, \u00e7inko ve multi vitamin - mineral takviyelerinin; enfeksiyonlara kar\u015f\u0131 yarar\u0131n\u0131 g\u00f6steren \u00e7al\u0131\u015fmalar olsa da, etkisinin olmad\u0131\u011f\u0131n\u0131 g\u00f6steren \u00e7al\u0131\u015fmalarda mevcuttur.\nBu konuda uzmanlar aras\u0131nda da, g\u00f6r\u00fc\u015f birli\u011fi yoktur.\nBu vitamin ve mineralleri, dengeli ve sa\u011fl\u0131kl\u0131 beslenme ile sa\u011flamaya \u00e7al\u0131\u015fmak en ideal olan\u0131d\u0131r.\nAncak; dengeli beslenmeyen, yemek se\u00e7en, meyve sebze t\u00fcketimi az olan, at\u0131\u015ft\u0131rmal\u0131klarla \u00f6\u011f\u00fcnlerini ge\u00e7iren, g\u00fcne\u015ften yararlanmalar\u0131 k\u0131s\u0131tl\u0131 olan \u00e7ocuklarda, vitamin mineral takviyelerinin ba\u015flan\u0131lmas\u0131 d\u00fc\u015f\u00fcn\u00fclebilir.\nBu takviyelerin \u00e7evreden duyularak, internetten bulunarak ba\u015flan\u0131lmas\u0131 yanl\u0131\u015ft\u0131r.\nYa\u015f gruplar\u0131na g\u00f6re \u00f6nerilen dozlar farkl\u0131 olup, uzmanlarca \u00e7ocu\u011fun durumu de\u011ferlendirilmeli ve uygun g\u00f6r\u00fclen doz ve i\u00e7erikli takviyeler ba\u015flan\u0131lmal\u0131d\u0131r.\nSon bir \u00f6neri olarak;Ya\u015fad\u0131\u011f\u0131m\u0131z COVID-19 sorunu hemen bitecekmi\u015f gibi sosyal hayata, kademeli de olsa bir s\u00fcre daha devam edecekmi\u015f gibi izole bir hayata haz\u0131rlanmay\u0131 ve \u00e7ocuklar\u0131m\u0131z\u0131 haz\u0131rlamay\u0131 \u00f6nermekteyiz.",
    "article_html": "",
    "meta_description": "Pandemi s\u00fcresince ailelerin \u00e7ocuklar\u0131 hakk\u0131nda baz\u0131 endi\u015feleri olu\u015ftu. Kafalarda sa\u011fl\u0131k hizmetlerinden nas\u0131l do\u011fru yararlan\u0131laca\u011f\u0131 ile ilgili belirsizlikler var. Dr. Serkan At\u0131c\u0131, koronavir\u00fcs pandemisinde ebeveynlerin \u00e7ocuklar\u0131 i\u00e7in en \u00e7ok merak etti\u011fi sorular\u0131 cevaplad\u0131.",
    "meta_lang": "tr"
}