{
    "article_id": "43f88861e42568371742025abfdfebc7.1589925692.3318338",
    "title": "Ramazanda talep artt\u0131! \u0130\u015fte iftar\u0131n vazge\u00e7ilmez tatl\u0131s\u0131",
    "authors": [
        "Isvalid",
        "Yazarlar",
        "Data",
        "Name",
        "Mail",
        "Title",
        "Di\u0307\u011fer Yazarlar"
    ],
    "canonical_link": "https://www.haberturk.com/iftar-sofralarinin-vazgecilmez-tatlisi-yassi-kadayif-2677641",
    "url": "http://haberturk.com/iftar-sofralarinin-vazgecilmez-tatlisi-yassi-kadayif-2677641",
    "top_img": "https://im.haberturk.com/2020/05/13/ver1589360747/2677641_1200x627.jpg",
    "meta_img": "https://im.haberturk.com/2020/05/13/ver1589360747/2677641_1200x627.jpg",
    "movies": [],
    "text": "AA\n\nMalatya'ya gelenlerin tercih ettikleri tatlar\u0131n ba\u015f\u0131nda gelen yass\u0131 kaday\u0131f, un, maya ve yumurtan\u0131n yakla\u015f\u0131k 20 dakikal\u0131k lezzet yolculu\u011funun ard\u0131ndan damaklarda unutulmaz bir tat b\u0131rak\u0131yor.\n\nY\u0131l\u0131n her g\u00fcn\u00fc sat\u0131lan ve y\u00f6re halk\u0131 taraf\u0131ndan tercih edilen yass\u0131 kaday\u0131f, ev sahipleri ve konuklar\u0131 i\u00e7in baklavaya alternatif de olu\u015fturuyor.\n\nYass\u0131 kaday\u0131f imalathanesi i\u015fleten Mehmet Emin Do\u011fan, AA muhabirine yapt\u0131\u011f\u0131 a\u00e7\u0131klamada, babas\u0131 ve amcalar\u0131ndan \u00f6\u011frendi\u011fi mesle\u011fini 30 y\u0131ld\u0131r s\u00fcrd\u00fcrd\u00fc\u011f\u00fcn\u00fc s\u00f6yledi.\n\nDo\u011fan, yass\u0131 kaday\u0131f\u0131n hamuru i\u00e7in 3 \u00e7e\u015fit un ve maya kulland\u0131klar\u0131n\u0131 belirterek, \"Yass\u0131 kaday\u0131f, ramazan ay\u0131n\u0131n olmazsa olmaz\u0131d\u0131r. Hemen hemen her g\u00fcn al\u0131p iftar i\u00e7in evine g\u00f6t\u00fcren m\u00fc\u015fterilerimiz var. Malatya'da ramazan ay\u0131 denilince akla yass\u0131 kaday\u0131f gelir. Malatya i\u00e7in bir k\u00fclt\u00fcrd\u00fcr. Ba\u015fka \u015fehirlerde de belki yap\u0131labilir ama Malatya'n\u0131n yerini tutamaz. D\u0131\u015far\u0131dan Malatya'ya gelenler gelir, yass\u0131 kaday\u0131f\u0131n\u0131 al\u0131r \u00f6yle gider\" ifadelerini kulland\u0131.\n\nTALEP Y\u00dcZDE 90 ARTTI\n\nYass\u0131 kaday\u0131f ustas\u0131 Ramazan Bo\u011fa ise yass\u0131 kaday\u0131f\u0131n kentte yo\u011fun olarak t\u00fcketildi\u011fini belirtti.\n\nRamazan ay\u0131n\u0131n gelmesiyle halk\u0131n tatl\u0131ya daha \u00e7ok talep g\u00f6sterdi\u011fini aktaran Bo\u011fa, \"Malatya'ya \u00f6zg\u00fc bir tatl\u0131d\u0131r. Son zamanlarda yass\u0131 kaday\u0131f\u0131 \u00e7e\u015fitlendirmeye de ba\u015flad\u0131k. Cevizli, f\u0131st\u0131kl\u0131, kaymakl\u0131, s\u00fctl\u00fc ve aromal\u0131 yap\u0131yoruz. Hafif oldu\u011fu i\u00e7in ilgi de \u00e7ok yo\u011fun, vatanda\u015flar gayet memnun. Ramazan ay\u0131nda talep y\u00fczde 90 artt\u0131\" diye konu\u015ftu.\n\nBo\u011fa, i\u015f yerlerinde yeni tip koronavir\u00fcs (Kovid-19) tedbirleri kapsam\u0131nda gerekli tedbirleri ald\u0131klar\u0131n\u0131 da ifade etti.\n\nM\u00fc\u015fterileri d\u00fckkana girmeden \u00f6nce kolonyayla kar\u015f\u0131lad\u0131klar\u0131n\u0131 belirten Bo\u011fa, \"Hijyene de dikkat ediyoruz. Koronavir\u00fcs \u00f6nlemleri kapsam\u0131nda giri\u015fte m\u00fc\u015fterilere kolonya veriyoruz. Yo\u011funlu\u011fu \u00f6nlemek i\u00e7in i\u00e7eriye s\u0131rayla al\u0131yoruz. Elemanlar\u0131m\u0131z maske ve y\u00fcz siperli\u011fi tak\u0131yor\" diye konu\u015ftu.",
    "keywords": [
        "i\u00e7in",
        "i\u0307\u015fte",
        "kaday\u0131f",
        "y\u00fczde",
        "bir",
        "bo\u011fa",
        "ramazanda",
        "yass\u0131",
        "talep",
        "artt\u0131",
        "vazge\u00e7ilmez",
        "ve",
        "tatl\u0131s\u0131",
        "ramazan",
        "\u00e7ok",
        "iftar\u0131n",
        "yo\u011fun"
    ],
    "meta_keywords": [
        ""
    ],
    "publish_date": {
        "$date": 1589360747000
    },
    "summary": "AAMalatya'ya gelenlerin tercih ettikleri tatlar\u0131n ba\u015f\u0131nda gelen yass\u0131 kaday\u0131f, un, maya ve yumurtan\u0131n yakla\u015f\u0131k 20 dakikal\u0131k lezzet yolculu\u011funun ard\u0131ndan damaklarda unutulmaz bir tat b\u0131rak\u0131yor.\nY\u0131l\u0131n her g\u00fcn\u00fc sat\u0131lan ve y\u00f6re halk\u0131 taraf\u0131ndan tercih edilen yass\u0131 kaday\u0131f, ev sahipleri ve konuklar\u0131 i\u00e7in baklavaya alternatif de olu\u015fturuyor.\nYass\u0131 kaday\u0131f imalathanesi i\u015fleten Mehmet Emin Do\u011fan, AA muhabirine yapt\u0131\u011f\u0131 a\u00e7\u0131klamada, babas\u0131 ve amcalar\u0131ndan \u00f6\u011frendi\u011fi mesle\u011fini 30 y\u0131ld\u0131r s\u00fcrd\u00fcrd\u00fc\u011f\u00fcn\u00fc s\u00f6yledi.\nDo\u011fan, yass\u0131 kaday\u0131f\u0131n hamuru i\u00e7in 3 \u00e7e\u015fit un ve maya kulland\u0131klar\u0131n\u0131 belirterek, \"Yass\u0131 kaday\u0131f, ramazan ay\u0131n\u0131n olmazsa olmaz\u0131d\u0131r.\nHemen hemen her g\u00fcn al\u0131p iftar i\u00e7in evine g\u00f6t\u00fcren m\u00fc\u015fterilerimiz var.\nMalatya'da ramazan ay\u0131 denilince akla yass\u0131 kaday\u0131f gelir.\nMalatya i\u00e7in bir k\u00fclt\u00fcrd\u00fcr.\nBa\u015fka \u015fehirlerde de belki yap\u0131labilir ama Malatya'n\u0131n yerini tutamaz.\nD\u0131\u015far\u0131dan Malatya'ya gelenler gelir, yass\u0131 kaday\u0131f\u0131n\u0131 al\u0131r \u00f6yle gider\" ifadelerini kulland\u0131.\nTALEP Y\u00dcZDE 90 ARTTIYass\u0131 kaday\u0131f ustas\u0131 Ramazan Bo\u011fa ise yass\u0131 kaday\u0131f\u0131n kentte yo\u011fun olarak t\u00fcketildi\u011fini belirtti.\nRamazan ay\u0131n\u0131n gelmesiyle halk\u0131n tatl\u0131ya daha \u00e7ok talep g\u00f6sterdi\u011fini aktaran Bo\u011fa, \"Malatya'ya \u00f6zg\u00fc bir tatl\u0131d\u0131r.\nSon zamanlarda yass\u0131 kaday\u0131f\u0131 \u00e7e\u015fitlendirmeye de ba\u015flad\u0131k.\nCevizli, f\u0131st\u0131kl\u0131, kaymakl\u0131, s\u00fctl\u00fc ve aromal\u0131 yap\u0131yoruz.\nHafif oldu\u011fu i\u00e7in ilgi de \u00e7ok yo\u011fun, vatanda\u015flar gayet memnun.\nRamazan ay\u0131nda talep y\u00fczde 90 artt\u0131\" diye konu\u015ftu.\nBo\u011fa, i\u015f yerlerinde yeni tip koronavir\u00fcs (Kovid-19) tedbirleri kapsam\u0131nda gerekli tedbirleri ald\u0131klar\u0131n\u0131 da ifade etti.\nM\u00fc\u015fterileri d\u00fckkana girmeden \u00f6nce kolonyayla kar\u015f\u0131lad\u0131klar\u0131n\u0131 belirten Bo\u011fa, \"Hijyene de dikkat ediyoruz.\nKoronavir\u00fcs \u00f6nlemleri kapsam\u0131nda giri\u015fte m\u00fc\u015fterilere kolonya veriyoruz.\nYo\u011funlu\u011fu \u00f6nlemek i\u00e7in i\u00e7eriye s\u0131rayla al\u0131yoruz.\nElemanlar\u0131m\u0131z maske ve y\u00fcz siperli\u011fi tak\u0131yor\" diye konu\u015ftu.",
    "article_html": "",
    "meta_description": "Malatya'da, hamurun pi\u015firilmesinin ard\u0131ndan k\u0131zart\u0131l\u0131p \u015ferbete bat\u0131r\u0131larak haz\u0131rlanan yass\u0131 kaday\u0131f, iftar sofralar\u0131n\u0131n vazge\u00e7ilmezi aras\u0131nda bulunuyor",
    "meta_lang": "tr"
}