{
    "article_id": "aac2b9e337b6e3af97bf1f0ddd3e439a.1589925693.8027015",
    "title": "Ramazan'\u0131n \u015fifa dolu tatl\u0131 serinli\u011fi",
    "authors": [
        "Isvalid",
        "Yazarlar",
        "Data",
        "Name",
        "Mail",
        "Title",
        "Di\u0307\u011fer Yazarlar"
    ],
    "canonical_link": "https://www.haberturk.com/ramazan-in-sifa-dolu-tatli-serinligi-2676969",
    "url": "http://haberturk.com/ramazan-in-sifa-dolu-tatli-serinligi-2676969",
    "top_img": "https://im.haberturk.com/2020/05/12/ver1589291822/2676969_1200x627.jpg",
    "meta_img": "https://im.haberturk.com/2020/05/12/ver1589291822/2676969_1200x627.jpg",
    "movies": [],
    "text": "AA\n\nBirle\u015fmi\u015f Milletler E\u011fitim, Bilim ve K\u00fclt\u00fcr \u00d6rg\u00fct\u00fcnce (UNESCO) gastronomi alan\u0131nda Yarat\u0131c\u0131 \u015eehirler A\u011f\u0131'na dahil edilen Hatay'da, vatanda\u015flar\u0131n iftar sofralar\u0131n\u0131 \u015fifa kayna\u011f\u0131 meyan \u015ferbeti s\u00fcsl\u00fcyor.\n\nB\u00f6lgede bahar aylar\u0131nda do\u011fada kendili\u011finden yeti\u015fen, hazmettirici ve serinletici \u00f6zellikleriyle \"\u015fifa deposu\" olarak bilinen meyan bitkisi k\u00f6k\u00fc, me\u015fakkatli bir s\u00fcrecin ard\u0131ndan \u015ferbete d\u00f6n\u00fc\u015f\u00fcyor.\n\nVatanda\u015flar\u0131n, \u00f6zellikle Ramazan'da t\u00fcketmeyi tercih etti\u011fi meyan \u015ferbeti, iftar sofralar\u0131n\u0131n vazge\u00e7ilmezi durumunda.\n\n\"MEYAN \u015eERBET\u0130 RAMAZAN'DA OLMAZSA OLMAZLARIMIZ ARASINDA YER ALIYOR\"\n\nTarihi Uzun \u00c7ar\u015f\u0131'daki i\u015fletmesinde 37 y\u0131ld\u0131r meyan \u015ferbeti \u00fcreten ve satan 60 ya\u015f\u0131ndaki Mehmet G\u00fcnd\u00fcz, AA muhabirine yapt\u0131\u011f\u0131 a\u00e7\u0131klamada, s\u00f6z konusu bitkinin \u015ferbete d\u00f6n\u00fc\u015fmesi i\u00e7in k\u00f6klerinin 2,5 saat suda kald\u0131\u011f\u0131n\u0131 anlatt\u0131.\n\nG\u00fcnd\u00fcz, \u00fcr\u00fcn\u00fcn bu \u015fekilde demlenip haz\u0131r hale geldi\u011fini ve 1,5 litrelik po\u015fetler halindeki \u015ferbeti 5 liraya satt\u0131klar\u0131n\u0131 s\u00f6yledi.\n\nZahmetli olsa da meyan \u015ferbetini severek yapt\u0131\u011f\u0131n\u0131 ve vatanda\u015fa sundu\u011funu belirten G\u00fcnd\u00fcz, \u00fcr\u00fcne olan ilginin Ramazan'da artt\u0131\u011f\u0131n\u0131 ifade etti.\n\nG\u00fcnd\u00fcz, meyan \u015ferbetinin, kentte sevilen bir i\u00e7ecek oldu\u011funu vurgulayarak, \"Meyan \u015ferbeti, Ramazan'da olmazsa olmaz\u0131m\u0131z aras\u0131nda yer al\u0131yor. Mutlaka her sofrada bulundurulur. Meyan k\u00f6k\u00fc, b\u00f6breklere iyi geldi\u011fi ve iltihaplar\u0131 iyile\u015ftirdi\u011fi gibi susuzlu\u011fu da giderir, insan\u0131 tok ve din\u00e7 tutar.\" diye konu\u015ftu.\n\nVATANDA\u015eLAR SOFRALARINDAN EKS\u0130K ETM\u0130YOR\n\nMeyan \u015ferbeti alan vatanda\u015flardan Fatih Temizy\u00fcrek de Ramazan'da her sofrada bu \u00fcr\u00fcn\u00fc bulundurduklar\u0131n\u0131, \u015ferbeti iftar sonras\u0131nda ve sahurda t\u00fckettiklerini kaydetti.\n\n\u00c7ar\u015f\u0131 esnaf\u0131ndan Murat S\u00f6kmen de \u015fifa kayna\u011f\u0131 meyan \u015ferbetini sofralar\u0131ndan eksik etmediklerini aktard\u0131.",
    "keywords": [
        "\u015ferbete",
        "iftar",
        "ramazan\u0131n",
        "dolu",
        "ramazanda",
        "\u015ferbetini",
        "sofrada",
        "\u015fifa",
        "ve",
        "\u015ferbeti",
        "meyan",
        "yer",
        "tatl\u0131",
        "serinli\u011fi"
    ],
    "meta_keywords": [
        ""
    ],
    "publish_date": {
        "$date": 1589291822000
    },
    "summary": "AABirle\u015fmi\u015f Milletler E\u011fitim, Bilim ve K\u00fclt\u00fcr \u00d6rg\u00fct\u00fcnce (UNESCO) gastronomi alan\u0131nda Yarat\u0131c\u0131 \u015eehirler A\u011f\u0131'na dahil edilen Hatay'da, vatanda\u015flar\u0131n iftar sofralar\u0131n\u0131 \u015fifa kayna\u011f\u0131 meyan \u015ferbeti s\u00fcsl\u00fcyor.\nB\u00f6lgede bahar aylar\u0131nda do\u011fada kendili\u011finden yeti\u015fen, hazmettirici ve serinletici \u00f6zellikleriyle \"\u015fifa deposu\" olarak bilinen meyan bitkisi k\u00f6k\u00fc, me\u015fakkatli bir s\u00fcrecin ard\u0131ndan \u015ferbete d\u00f6n\u00fc\u015f\u00fcyor.\nVatanda\u015flar\u0131n, \u00f6zellikle Ramazan'da t\u00fcketmeyi tercih etti\u011fi meyan \u015ferbeti, iftar sofralar\u0131n\u0131n vazge\u00e7ilmezi durumunda.\n\"MEYAN \u015eERBET\u0130 RAMAZAN'DA OLMAZSA OLMAZLARIMIZ ARASINDA YER ALIYOR\"Tarihi Uzun \u00c7ar\u015f\u0131'daki i\u015fletmesinde 37 y\u0131ld\u0131r meyan \u015ferbeti \u00fcreten ve satan 60 ya\u015f\u0131ndaki Mehmet G\u00fcnd\u00fcz, AA muhabirine yapt\u0131\u011f\u0131 a\u00e7\u0131klamada, s\u00f6z konusu bitkinin \u015ferbete d\u00f6n\u00fc\u015fmesi i\u00e7in k\u00f6klerinin 2,5 saat suda kald\u0131\u011f\u0131n\u0131 anlatt\u0131.\nG\u00fcnd\u00fcz, \u00fcr\u00fcn\u00fcn bu \u015fekilde demlenip haz\u0131r hale geldi\u011fini ve 1,5 litrelik po\u015fetler halindeki \u015ferbeti 5 liraya satt\u0131klar\u0131n\u0131 s\u00f6yledi.\nZahmetli olsa da meyan \u015ferbetini severek yapt\u0131\u011f\u0131n\u0131 ve vatanda\u015fa sundu\u011funu belirten G\u00fcnd\u00fcz, \u00fcr\u00fcne olan ilginin Ramazan'da artt\u0131\u011f\u0131n\u0131 ifade etti.\nG\u00fcnd\u00fcz, meyan \u015ferbetinin, kentte sevilen bir i\u00e7ecek oldu\u011funu vurgulayarak, \"Meyan \u015ferbeti, Ramazan'da olmazsa olmaz\u0131m\u0131z aras\u0131nda yer al\u0131yor.\nMutlaka her sofrada bulundurulur.\nMeyan k\u00f6k\u00fc, b\u00f6breklere iyi geldi\u011fi ve iltihaplar\u0131 iyile\u015ftirdi\u011fi gibi susuzlu\u011fu da giderir, insan\u0131 tok ve din\u00e7 tutar.\"\ndiye konu\u015ftu.\nVATANDA\u015eLAR SOFRALARINDAN EKS\u0130K ETM\u0130YORMeyan \u015ferbeti alan vatanda\u015flardan Fatih Temizy\u00fcrek de Ramazan'da her sofrada bu \u00fcr\u00fcn\u00fc bulundurduklar\u0131n\u0131, \u015ferbeti iftar sonras\u0131nda ve sahurda t\u00fckettiklerini kaydetti.\n\u00c7ar\u015f\u0131 esnaf\u0131ndan Murat S\u00f6kmen de \u015fifa kayna\u011f\u0131 meyan \u015ferbetini sofralar\u0131ndan eksik etmediklerini aktard\u0131.",
    "article_html": "",
    "meta_description": "Gastronomi kenti Hatay'da, hazmettirici ve serinletici \u00f6zelli\u011fiyle bilinen, binbir zahmetle haz\u0131rlanan meyan \u015ferbeti iftar sofralar\u0131n\u0131n vazge\u00e7ilmezi oluyor",
    "meta_lang": "tr"
}