{
    "article_id": "ca996627ab60290d048147aa6d3e64a0.1589925517.1595523",
    "title": "Darbe korkusu yayarak toplumun ayarlar\u0131n\u0131 meflu\u00e7 etmek",
    "authors": [
        "Yazarin T\u00fcm Yazilarini G\u00f6rmek \u0130\u00e7i\u0307n Tiklayin"
    ],
    "canonical_link": "https://www.haberturk.com/yazarlar/nihal-bengisu-karaca/2677562-darbe-korkusu-yayarak-toplumun-ayarlarini-mefluc-etmek",
    "url": "http://haberturk.com/yazarlar/nihal-bengisu-karaca/2677562-darbe-korkusu-yayarak-toplumun-ayarlarini-mefluc-etmek",
    "top_img": "https://im.haberturk.com/yazarlar/HTGazete/nihal-bengisu-karaca-600x314.jpg?v=1580834182",
    "meta_img": "https://im.haberturk.com/yazarlar/HTGazete/nihal-bengisu-karaca-600x314.jpg?v=1580834182",
    "movies": [],
    "text": "Bir darbe imas\u0131 ve itham\u0131 var ki, alm\u0131\u015f ba\u015f\u0131n\u0131 gidiyor.\n\n\u0130ktidar partisinin mahallesinden baz\u0131 fig\u00fcrler bu iddiay\u0131 ciddiye alarak muhayyel muhataplar\u0131n\u0131 tehdit ediyor.\n\nDarbeyi asker yapt\u0131\u011f\u0131na g\u00f6re, tehditlerin ya da meydan okumalar\u0131n hi\u00e7 de\u011filse bir k\u0131sm\u0131n\u0131n da askeri muhatap almas\u0131 icap eder \u00f6yle de\u011fil mi? \u00c7\u00fcnk\u00fc hangi k\u0131l\u0131\u011fa, hangi ideolojiye ya da kimli\u011fe b\u00fcr\u00fcnm\u00fc\u015f olursa olsun sonu\u00e7ta tam te\u015fekk\u00fcll\u00fc bir darbe ancak asker eliyle olur.\n\nAma hay\u0131r, askere tek laf yok, ima da yok.\n\nOlsun demiyorum, dikkat edin. Darbeye maruz kalma olas\u0131l\u0131\u011f\u0131ndan \u015fikayet ediyorsan\u0131z ve fakat sadece baz\u0131 sivil kurumlar\u0131 hedef al\u0131yorsan\u0131z; ordu i\u00e7inde bir hareketlenme oldu\u011fu y\u00f6n\u00fcnde hi\u00e7bir detayl\u0131 inand\u0131r\u0131c\u0131 geli\u015fme yoksa ya da hareketlenme var ama \u00e7o\u011funa sahip oldu\u011funuz medya organlar\u0131nda bu haberlere yer vermek yerine gizlemeyi se\u00e7iyorsan\u0131z o zaman \u201cBirileri darbe istiyor\u201d iddian\u0131z\u0131n da endi\u015fenizin de samimiyeti sorgulan\u0131r diyorum.\n\n\n\nKim yapacak darbeyi?\n\nCanan Kaftanc\u0131o\u011flu mu?\n\n\u201cErken se\u00e7imle ya da bir \u015fekilde gidecekler\u201d c\u00fcmlesindeki \u2018bir \u015fekilde\u2019nin i\u00e7erdi\u011fi \u2018parantez\u2019 sorunlu kabul edilebilir ama buradan bir darbe olas\u0131l\u0131\u011f\u0131 \u00e7\u0131kar m\u0131? \u00d6zg\u00fcr \u00d6zel\u2019in cerbezesinin dozu ka\u00e7m\u0131\u015f \u201cGidecekleeer!\u201d c\u00fcmleleri rahats\u0131z edici olabilir ama rahats\u0131z edici olan her muhalif s\u00f6ylemde darbe imas\u0131 aramak yanl\u0131\u015f olmaz m\u0131?\n\nAy\u015fenur Arslan\u2019\u0131n berbat videosunu da izledim. \u201cCHP\u2019nin de silahl\u0131 ya da silahs\u0131z bir \u015fekilde direni\u015f g\u00f6stermesi laz\u0131m\u201d gibi laflar ileri s\u00fcrd\u00fc\u011f\u00fc yay\u0131n\u0131. \u00dc\u015fenmedim yay\u0131n\u0131n tarihini buldum. 28 Aral\u0131k 2014 tarihinde yap\u0131lm\u0131\u015f bir yay\u0131n. Basit s\u00f6zler de\u011fil ama eski. A\u011f\u0131z dolusu k\u0131nanmay\u0131 gerektiriyor ama tekrar ediyorum: Eski. Bug\u00fcn bu s\u00f6zleri \u201cDarbe geliyor\u201d \u00e7\u0131\u011f\u0131rtkanl\u0131\u011f\u0131na yormak anlams\u0131z de\u011fil mi? \u00dczerinden be\u015f y\u0131l ge\u00e7mi\u015f yahu.\n\nYay\u0131n\u0131n mecras\u0131 da Halk TV de\u011fil bu arada. Ulusal Kanal. Hani \u00e7ok yak\u0131n zamanda baz\u0131lar\u0131n\u0131n \u00e7\u0131k\u0131p yerli ve milli yay\u0131nlar\u0131n\u0131 \u00f6verek \u201cTez frekans tesis edile, Ulusal Kanal yedirilmeye!\u201d diye buyurdu\u011fu kanal. Ger\u00e7ek sahibi (Do\u011fu Perin\u00e7ek) her hafta h\u00fck\u00fcmet medyas\u0131na konuk olan kanal.\n\nO zaman soruyu tekrar sorabiliriz.\n\nDarbeyi kim yapacak?\n\nM\u0130LLET O YETK\u0130LER\u0130 B\u0130R DAHA DARBE OLMASIN D\u0130YE VERMED\u0130 M\u0130?\n\n\n\nFET\u00d6 art\u0131k darbe yapamaz. Darbe yapma/darbeyi destekleme olas\u0131l\u0131\u011f\u0131 olan akt\u00f6rlerin \u00e7o\u011fu iktidarla aras\u0131n\u0131 iyi tutuyor.\n\nKald\u0131k yine Kaftanc\u0131o\u011flu\u2019na, \u00d6zel\u2019e. Ne yapacaklar gen\u00e7lik te\u015fkilat\u0131yla m\u0131 yapacaklar darbeyi? \u0130mamo\u011flu\u2019ndan zab\u0131ta deste\u011fi mi isteyecekler sonra?\n\nBu \u00fclkenin darbeli demokrasisini defalarca hatmettik ve bu \u00fclkede akl\u0131 darbeye yatan kalmam\u0131\u015ft\u0131r, art\u0131k kimse darbe hayali kurmaz da diyemeyiz.\n\nAncak incir \u00e7ekirde\u011fini doldurmayan \u015feylerden darbe vehmine kap\u0131lmak son derece k\u00fc\u00e7\u00fclt\u00fcc\u00fc.\n\nNeden mi? \u00c7\u00fcnk\u00fc bu millet OHAL d\u00f6neminde o kadar geni\u015f, u\u00e7suz bucaks\u0131z KHK \u00e7\u0131karma, kanun yapma yetkisini verdiyse, cumhurba\u015fkanl\u0131\u011f\u0131 h\u00fck\u00fcmet modeli gibi radikal bir de\u011fi\u015fime onay verdiyse, \u201cBir daha kimsenin darbe yapamayaca\u011f\u0131 bir ortam olu\u015ftur\u201d diye verdi.\n\nSistem de\u011fi\u015fikli\u011fi ile y\u00fcr\u00fctmenin azami \u00f6l\u00e7\u00fcde yetkilendirildi\u011fi bir modele ge\u00e7ildi. Okullar kapat\u0131ld\u0131, k\u0131\u015flalar \u015fehir d\u0131\u015f\u0131na ta\u015f\u0131nd\u0131, TSK\u2019da hak eden/hak etmeyen ki\u015filerle ilgili pek \u00e7ok i\u015flem yap\u0131ld\u0131, yerli milli unsurlar aras\u0131ndan pek \u00e7ok ki\u015fi s\u0131rf \u2018\u0130slamc\u0131\u2019 ya da \u2018dindar\u2019 olduklar\u0131 yani ucundan cemaatlere de\u011fmi\u015f olabilecekleri d\u00fc\u015f\u00fcncesiyle en verimli \u00e7a\u011flar\u0131nda \u201cHadi ko\u00e7um emekli oluyorsun\u201d denilerek evlerine g\u00f6nderildi. FET\u00d6\u2019c\u00fc olmayan Kemalistlerden baz\u0131lar\u0131 fazla muhalif olduklar\u0131 i\u00e7in baz\u0131 uygulamalara maruz kald\u0131. Akrabalar, kom\u015fular akl\u0131ndan ter\u00f6r\u00fc de darbeyi de ge\u00e7irmemi\u015f y\u0131\u011f\u0131nla insan ya g\u00f6zalt\u0131na al\u0131n\u0131p tutukland\u0131 ya da en az\u0131ndan ifadesi al\u0131nd\u0131, yani y\u00fczbinlerce insan i\u015flem g\u00f6rd\u00fc, bir k\u0131sm\u0131 KHK\u2019l\u0131 oldu\u011fu i\u00e7in i\u015ften at\u0131ld\u0131 a\u00e7 kald\u0131 e\u015f dost yard\u0131m\u0131yla ya\u015fad\u0131. Bunlar\u0131n tamam\u0131na sabredilmesinin, bunlar\u0131n tamam\u0131n\u0131n hazmedilmesinin tek nedeni \u015fuydu: \u201cDevlet bunlar\u0131 bir daha darbe tehlikesiyle y\u00fcz y\u00fcze kalmamak i\u00e7in yap\u0131yor\u201d\n\n\u015eimdi b\u00fct\u00fcn bunlardan sonra kimsenin bu halka d\u00f6n\u00fcp \u201cAma var ya darbe olabilir\u201d filan deme hakk\u0131 yok. Ben bir vatanda\u015f olarak vermiyorum bu hakk\u0131.\n\nCumhur \u0130ttifak\u0131\u2019na iki \u00e7ift laf\u0131m var:\n\nOrtada koronavir\u00fcsle etkin m\u00fccadeleden dolay\u0131 AK Parti\u2019nin puan kazanmas\u0131ndan rahats\u0131z olan CHP\u2019nin klasik huysuzlu\u011fundan daha fazla bir \u015fey yok. Bunu bilmenize ra\u011fmen, kuyuya ta\u015f at\u0131p delilerin \u00e7\u0131karmas\u0131na izin veriyorsunuz.\n\nOnlar da ta\u015f\u0131 \u00e7\u0131karaca\u011f\u0131z derken \u00e7o\u011funlukla suyu kirletiyorlar.\n\nNitekim, Sevda Noyan diye biri \u00e7\u0131k\u0131yor, s\u0131rf onaylanmak i\u00e7in sa\u00e7mal\u0131yor. \u201cDarbe olursa bizim aile 50 ki\u015fiyi g\u00f6t\u00fcr\u00fcr, biz \u00e7ok donan\u0131ml\u0131y\u0131z bu konuda\u201d s\u00f6zlerini ulusal yay\u0131n yapan bir TV kanal\u0131nda s\u00f6yleyebiliyor. Yetinmiyor, \u201cBenim listem haz\u0131r\u201d da diyor. \u201cSitede var, \u00fc\u00e7 d\u00f6rt tane\u201d.\n\nKom\u015fular\u0131ndan bahsediyor.\n\nBizim dinimizde \u2018kom\u015fu\u2019 \u00fczerimizde hak sahibi oland\u0131r.\n\n\u201cDarbe olursa bu millet kendisini savunur\u201d demeyip, ortada darbe olas\u0131l\u0131\u011f\u0131na dair ciddi bir delil olmadan, ortada a\u00e7\u0131k ve acil bir tehdit olmadan kom\u015fular\u0131 tehdit edebilmek, \u2018\u00f6nceden yap\u0131lm\u0131\u015f listelere g\u00f6re\u2019 intikam alaca\u011f\u0131n\u0131 duyurmak az buz bir ahlaki sapma de\u011fil.\n\nAma daha fenas\u0131 ba\u015fka bir ismin \u00e7\u0131k\u0131p, i\u015fin i\u00e7ine e\u015fleri ve \u00e7ocuklar\u0131 da dahil eden bir tehdit savurmas\u0131.\n\nCumhurba\u015fkan\u0131ndan, nefret etmeyi meslek haline getirmi\u015f olanlar\u0131n k\u00fcf\u00fcrbazl\u0131klar\u0131na kar\u015f\u0131 had bildirmek i\u00e7in bu kadar b\u00fcy\u00fck bir gaflete d\u00fc\u015f\u00fclebilir mi?\n\nOluyor i\u015fte.\n\n\u00c7\u00fcnk\u00fc sadece Erdo\u011fan\u2019a da de\u011fil, devlette s\u00f6z\u00fc ge\u00e7en herhangi bir unsura sadakat turnuvas\u0131nda ipi g\u00f6\u011f\u00fcsleyen olmak i\u00e7in itibar\u0131n\u0131 yerle bir etmek art\u0131k ay\u0131p say\u0131lm\u0131yor. Ne kadar show o kadar \u2018k\u00f6fte\u2019. K\u00f6fte derken kasaptan geleni de\u011fil, darphanede bas\u0131lan\u0131 kastediyoruz.\n\nBunlar alk\u0131\u015f alacak, yaranacak diye toplumun ayarlar\u0131 meflu\u00e7 oluyor.\n\n\u00c7\u00fcnk\u00fc buna f\u0131rsat verildi. Kamp k\u0131z\u0131\u015ft\u0131rmak ekmek kap\u0131s\u0131 oldu.\n\nYumruklu t\u00fck\u00fcr\u00fckl\u00fc tehditli bol komplo teorili deli sa\u00e7mas\u0131 varsay\u0131mlarla yap\u0131land\u0131r\u0131lan tehdit alg\u0131s\u0131 makul akla operasyon yapt\u0131.\n\nMakul olan gri yapay sentetik ve s\u0131k\u0131c\u0131 bir \u2018\u015fey\u2019 olarak kodland\u0131, ilkesizlikle \u00f6zde\u015f bir \u015fey gibi sunuldu. Al\u0131nlar\u0131nda \u201cKiral\u0131k ama sat\u0131n da alabilirsiniz\u201d yazan adamlar kad\u0131nlar sakin olmaya, adil olmaya, hukuka daveti davay\u0131 satmak olarak lanse etti.\n\nPeki bu makul \u015fah\u0131slar, \u00fclkedeki gidi\u015fattan endi\u015feli olanlar kavgadan korkan ka\u00e7an insanlar m\u0131yd\u0131?\n\nHay\u0131r. Kendi ad\u0131ma \u015funu diyebilirim ki, ezilmi\u015f bir toplulu\u011fun hukuku, ba\u015f\u00f6rt\u00fcl\u00fc kad\u0131nlar\u0131n e\u011fitim, meslek edinme ve mesleklerini yapabilme hakk\u0131, T\u00fcrkiye\u2019nin siville\u015fmesi, yasada \u2018yetkili organlar\u2019 diye belirtilen resmi ideolojinin vesayet uzuvlar\u0131na kar\u015f\u0131 milletin egemenli\u011fi, otoriter laiklik anlay\u0131\u015f\u0131n\u0131n sebep oldu\u011fu travmaya kar\u015f\u0131 demokrat ve inan\u00e7lara sayg\u0131l\u0131 bir hukuk devleti, milletin verdi\u011fi yetkinin pelerini alt\u0131na gizlenerek kendi z\u00fcmre/grup ajandas\u0131n\u0131 i\u015fletmeye \u00e7al\u0131\u015fan her t\u00fcrden vesayet oda\u011f\u0131na kar\u015f\u0131 TBMM\u2019nin sahip oldu\u011fu yetkilerin \u00fcst\u00fcnl\u00fc\u011f\u00fc ve me\u015frulu\u011fu i\u00e7in pek \u00e7ok kez kavga ettim. \u015eimdi bana sald\u0131rt\u0131lan \u00e7oluk \u00e7ocuk hat\u0131rlamaz, ama ben Kemal Alemdaro\u011flu ile TV ekran\u0131nda tart\u0131\u015fmak zorunda oldu\u011fumuz d\u00f6nemlerden, en temel haklar i\u00e7in bile bir cellatla vuru\u015fman\u0131n gerekti\u011fi zamanlardan geliyorum. Zordu ama hikayesi ve amac\u0131 olan m\u00fccadeleler onlard\u0131. \u015eimdiki kay\u0131k\u00e7\u0131 kavgalar\u0131 de\u011fil.\n\n\n\n\u0130Y\u0130 HABER: DARBE OLMAZ\n\nK\u00d6T\u00dc HABER: SO\u011eUK SAVA\u015e YA\u015eANIYOR\n\nBug\u00fcn m\u00fccadele yok, lin\u00e7 ve \u015fantaj var. Ya g\u00f6ze girmek ve menfaat temin etmek i\u00e7in klavyeye as\u0131lanlar var. Ya da siyaset\u00e7ileri, i\u015fadamlar\u0131n\u0131, medya patronlar\u0131n\u0131 \u201cDur \u015funa biraz sald\u0131ral\u0131m da bize i\u015f versin, proje ayarlas\u0131n, \u00f6denek ay\u0131rs\u0131n, program yapt\u0131rs\u0131n\u201d mant\u0131\u011f\u0131 \u00fczerinden lince tabi tutanlar\u2026 Bak\u0131yorsunuz, i\u015fe de yar\u0131yor. \u0130\u015fe yaramas\u0131 ayr\u0131 bir keder sebebi.\n\nK\u00f6t\u00fclerin kazanmas\u0131na ayarl\u0131 bir \u00e7ark kurulmu\u015f ve \u00e7al\u0131\u015f\u0131yor.\n\nBu \u00e7ark hep vard\u0131 belki ama bu kadar \u00e7ok di\u015flisi yoktu, \u00e7ap\u0131 bu kadar b\u00fcy\u00fck de\u011fildi ve \u00e7ark\u0131n d\u0131\u015f\u0131nda kalan bu denli avanak muamelesi g\u00f6rm\u00fcyordu. Bu kadar alk\u0131\u015f da alm\u0131yordu. Siyaset bitti, anlaml\u0131 siyasi tart\u0131\u015fma hatta \u00f6\u011fretici polemik bile bitti ve halk art\u0131k politize olmuyor, bu \u00e7arka eklemlenmeye onun etraf\u0131nda yer yurt yuva tutmaya \u00e7al\u0131\u015f\u0131yor.\n\nHer daim masum kabul etti\u011fimiz halk yek\u00fbnunun da kirleni\u015fine \u015fahit oluyoruz.\n\nHalk\u0131n trolleni\u015finden \u015fikayet ediyorduk, ama art\u0131k kitlelerin trolle\u015fmesi diye bir \u015fey var. S\u00f6z\u00fcn\u00fc etti\u011fimiz \u00e7a\u011fr\u0131lar\u0131n, tehdit savurmalar\u0131n y\u00fczbinlerce ki\u015fi taraf\u0131ndan desteklenmesi, s\u00f6z\u00fcn\u00fc etti\u011fimiz yay\u0131n i\u00e7in \u00f6z\u00fcr dileyen kanal\u0131n yuhalanmas\u0131 ba\u015fka ne ile a\u00e7\u0131klanabilir?\n\nMUHAL\u0130FLER DE \u015e\u0130KAYET ETT\u0130KLER\u0130 KADAR NOBRAN\n\n\n\n\u015eikayet etti\u011fi ma\u011fduriyetin ayn\u0131s\u0131n\u0131 d\u00fc\u015fman belledi\u011fi ki\u015filer i\u00e7in istemekten hi\u00e7 \u00e7ekinmeyen s\u00f6zde \u2018muhalifler\u2019 s\u00f6zde \u2018demokratlar\u2019 g\u00f6r\u00fcyoruz sonra. Sevdikleri yazar tutuklanmas\u0131n ama sevmedikleri yazar tutuklans\u0131n diye hashtag kasanlar\u0131. S\u0131rf muhalif oldu\u011fu i\u00e7in kendisini demokrat san\u0131yor. Ama \u201cDurun, kimse fikirlerinden dolay\u0131 tutuklanmas\u0131n\u201d demeyi bile akledemiyor.\n\nKonu\u015fma, anlama ve bir arada ya\u015fama arzusunu \u2018zay\u0131fl\u0131k\u2019 addeden ve edebimizi bize kar\u015f\u0131 kullanabilece\u011fi bir koza d\u00f6n\u00fc\u015ft\u00fcrmeye \u00e7al\u0131\u015fan aculleri g\u00f6r\u00fcyoruz. S\u0131k s\u0131k. Her tivitimizin alt\u0131na yaz\u0131yorlar.\n\nOnlar\u0131n da var listeleri. Ve listeleri eksilmesin diye mimledikleri ki\u015filere do\u011fruyu s\u00f6ylemeyi yasakl\u0131yorlar.\n\nKafa konforlar\u0131 bozulmas\u0131n diye yanda\u015f olarak kodlad\u0131klar\u0131 ki\u015filer ba\u011f\u0131ms\u0131z bir duru\u015f g\u00f6sterdi\u011finde onlar\u0131 cezaland\u0131rmalar\u0131 gerekti\u011fine inan\u0131yorlar.\n\n\u0130ktidardan almay\u0131 planlad\u0131klar\u0131 intikam\u0131n ate\u015fi s\u00f6nmesin diye toplumsal bir konsensusun pe\u015finde olanlara da sald\u0131r\u0131yorlar.\n\nHi\u00e7 kendilerini kand\u0131rmas\u0131nlar, bu so\u011fuk-i\u00e7 sava\u015f zeminine giden yolun ta\u015flar\u0131n\u0131 d\u00f6\u015feme konusunda onlar da maharetliler.\n\n***\n\nBir de\u011fi\u015fimin, ak\u0131llan\u0131\u015f\u0131n, temizleni\u015fin yak\u0131n vadede olaca\u011f\u0131 beklentisine sahip de\u011filim, karamsar\u0131m. Ama umutsuz de\u011filim, umutsuzluk bir itikat sorunudur, yasakt\u0131r.\n\nSadece N\u015eA\u2019da normal, kar\u0131ncay\u0131 incitmeyecek, ho\u015f sohbet biri olabilecek olanlar\u0131n nas\u0131l bu noktaya geldi\u011fi \u00fczerine sesli d\u00fc\u015f\u00fcnmek istedim.",
    "keywords": [
        "i\u00e7in",
        "var",
        "meflu\u00e7",
        "etmek",
        "yayarak",
        "ayarlar\u0131n\u0131",
        "bir",
        "darbe",
        "toplumun",
        "korkusu",
        "ve",
        "da",
        "ama",
        "ya",
        "diye",
        "bu"
    ],
    "meta_keywords": [
        ""
    ],
    "publish_date": {
        "$date": 1589368445000
    },
    "summary": "Bir darbe imas\u0131 ve itham\u0131 var ki, alm\u0131\u015f ba\u015f\u0131n\u0131 gidiyor.\n\u0130ktidar partisinin mahallesinden baz\u0131 fig\u00fcrler bu iddiay\u0131 ciddiye alarak muhayyel muhataplar\u0131n\u0131 tehdit ediyor.\nDarbeyi asker yapt\u0131\u011f\u0131na g\u00f6re, tehditlerin ya da meydan okumalar\u0131n hi\u00e7 de\u011filse bir k\u0131sm\u0131n\u0131n da askeri muhatap almas\u0131 icap eder \u00f6yle de\u011fil mi?\n\u00c7\u00fcnk\u00fc hangi k\u0131l\u0131\u011fa, hangi ideolojiye ya da kimli\u011fe b\u00fcr\u00fcnm\u00fc\u015f olursa olsun sonu\u00e7ta tam te\u015fekk\u00fcll\u00fc bir darbe ancak asker eliyle olur.\nAma hay\u0131r, askere tek laf yok, ima da yok.\n\u201cErken se\u00e7imle ya da bir \u015fekilde gidecekler\u201d c\u00fcmlesindeki \u2018bir \u015fekilde\u2019nin i\u00e7erdi\u011fi \u2018parantez\u2019 sorunlu kabul edilebilir ama buradan bir darbe olas\u0131l\u0131\u011f\u0131 \u00e7\u0131kar m\u0131?\n\u00d6zg\u00fcr \u00d6zel\u2019in cerbezesinin dozu ka\u00e7m\u0131\u015f \u201cGidecekleeer!\u201d c\u00fcmleleri rahats\u0131z edici olabilir ama rahats\u0131z edici olan her muhalif s\u00f6ylemde darbe imas\u0131 aramak yanl\u0131\u015f olmaz m\u0131?\n\u201cCHP\u2019nin de silahl\u0131 ya da silahs\u0131z bir \u015fekilde direni\u015f g\u00f6stermesi laz\u0131m\u201d gibi laflar ileri s\u00fcrd\u00fc\u011f\u00fc yay\u0131n\u0131.\nBug\u00fcn bu s\u00f6zleri \u201cDarbe geliyor\u201d \u00e7\u0131\u011f\u0131rtkanl\u0131\u011f\u0131na yormak anlams\u0131z de\u011fil mi?\nYay\u0131n\u0131n mecras\u0131 da Halk TV de\u011fil bu arada.\nHani \u00e7ok yak\u0131n zamanda baz\u0131lar\u0131n\u0131n \u00e7\u0131k\u0131p yerli ve milli yay\u0131nlar\u0131n\u0131 \u00f6verek \u201cTez frekans tesis edile, Ulusal Kanal yedirilmeye!\u201d diye buyurdu\u011fu kanal.\nM\u0130LLET O YETK\u0130LER\u0130 B\u0130R DAHA DARBE OLMASIN D\u0130YE VERMED\u0130 M\u0130?\nFET\u00d6 art\u0131k darbe yapamaz.\nDarbe yapma/darbeyi destekleme olas\u0131l\u0131\u011f\u0131 olan akt\u00f6rlerin \u00e7o\u011fu iktidarla aras\u0131n\u0131 iyi tutuyor.\nBu \u00fclkenin darbeli demokrasisini defalarca hatmettik ve bu \u00fclkede akl\u0131 darbeye yatan kalmam\u0131\u015ft\u0131r, art\u0131k kimse darbe hayali kurmaz da diyemeyiz.\nAncak incir \u00e7ekirde\u011fini doldurmayan \u015feylerden darbe vehmine kap\u0131lmak son derece k\u00fc\u00e7\u00fclt\u00fcc\u00fc.\n\u00c7\u00fcnk\u00fc bu millet OHAL d\u00f6neminde o kadar geni\u015f, u\u00e7suz bucaks\u0131z KHK \u00e7\u0131karma, kanun yapma yetkisini verdiyse, cumhurba\u015fkanl\u0131\u011f\u0131 h\u00fck\u00fcmet modeli gibi radikal bir de\u011fi\u015fime onay verdiyse, \u201cBir daha kimsenin darbe yapamayaca\u011f\u0131 bir ortam olu\u015ftur\u201d diye verdi.\nBunlar\u0131n tamam\u0131na sabredilmesinin, bunlar\u0131n tamam\u0131n\u0131n hazmedilmesinin tek nedeni \u015fuydu: \u201cDevlet bunlar\u0131 bir daha darbe tehlikesiyle y\u00fcz y\u00fcze kalmamak i\u00e7in yap\u0131yor\u201d\u015eimdi b\u00fct\u00fcn bunlardan sonra kimsenin bu halka d\u00f6n\u00fcp \u201cAma var ya darbe olabilir\u201d filan deme hakk\u0131 yok.\nCumhur \u0130ttifak\u0131\u2019na iki \u00e7ift laf\u0131m var:Ortada koronavir\u00fcsle etkin m\u00fccadeleden dolay\u0131 AK Parti\u2019nin puan kazanmas\u0131ndan rahats\u0131z olan CHP\u2019nin klasik huysuzlu\u011fundan daha fazla bir \u015fey yok.\n\u201cDarbe olursa bizim aile 50 ki\u015fiyi g\u00f6t\u00fcr\u00fcr, biz \u00e7ok donan\u0131ml\u0131y\u0131z bu konuda\u201d s\u00f6zlerini ulusal yay\u0131n yapan bir TV kanal\u0131nda s\u00f6yleyebiliyor.\n\u201cDarbe olursa bu millet kendisini savunur\u201d demeyip, ortada darbe olas\u0131l\u0131\u011f\u0131na dair ciddi bir delil olmadan, ortada a\u00e7\u0131k ve acil bir tehdit olmadan kom\u015fular\u0131 tehdit edebilmek, \u2018\u00f6nceden yap\u0131lm\u0131\u015f listelere g\u00f6re\u2019 intikam alaca\u011f\u0131n\u0131 duyurmak az buz bir ahlaki sapma de\u011fil.\nAma daha fenas\u0131 ba\u015fka bir ismin \u00e7\u0131k\u0131p, i\u015fin i\u00e7ine e\u015fleri ve \u00e7ocuklar\u0131 da dahil eden bir tehdit savurmas\u0131.\nCumhurba\u015fkan\u0131ndan, nefret etmeyi meslek haline getirmi\u015f olanlar\u0131n k\u00fcf\u00fcrbazl\u0131klar\u0131na kar\u015f\u0131 had bildirmek i\u00e7in bu kadar b\u00fcy\u00fck bir gaflete d\u00fc\u015f\u00fclebilir mi?\n\u00c7\u00fcnk\u00fc sadece Erdo\u011fan\u2019a da de\u011fil, devlette s\u00f6z\u00fc ge\u00e7en herhangi bir unsura sadakat turnuvas\u0131nda ipi g\u00f6\u011f\u00fcsleyen olmak i\u00e7in itibar\u0131n\u0131 yerle bir etmek art\u0131k ay\u0131p say\u0131lm\u0131yor.\nBunlar alk\u0131\u015f alacak, yaranacak diye toplumun ayarlar\u0131 meflu\u00e7 oluyor.\nYumruklu t\u00fck\u00fcr\u00fckl\u00fc tehditli bol komplo teorili deli sa\u00e7mas\u0131 varsay\u0131mlarla yap\u0131land\u0131r\u0131lan tehdit alg\u0131s\u0131 makul akla operasyon yapt\u0131.\nMakul olan gri yapay sentetik ve s\u0131k\u0131c\u0131 bir \u2018\u015fey\u2019 olarak kodland\u0131, ilkesizlikle \u00f6zde\u015f bir \u015fey gibi sunuldu.\nAl\u0131nlar\u0131nda \u201cKiral\u0131k ama sat\u0131n da alabilirsiniz\u201d yazan adamlar kad\u0131nlar sakin olmaya, adil olmaya, hukuka daveti davay\u0131 satmak olarak lanse etti.\n\u015eimdi bana sald\u0131rt\u0131lan \u00e7oluk \u00e7ocuk hat\u0131rlamaz, ama ben Kemal Alemdaro\u011flu ile TV ekran\u0131nda tart\u0131\u015fmak zorunda oldu\u011fumuz d\u00f6nemlerden, en temel haklar i\u00e7in bile bir cellatla vuru\u015fman\u0131n gerekti\u011fi zamanlardan geliyorum.\nZordu ama hikayesi ve amac\u0131 olan m\u00fccadeleler onlard\u0131.\n\u0130Y\u0130 HABER: DARBE OLMAZK\u00d6T\u00dc HABER: SO\u011eUK SAVA\u015e YA\u015eANIYORBug\u00fcn m\u00fccadele yok, lin\u00e7 ve \u015fantaj var.\nYa g\u00f6ze girmek ve menfaat temin etmek i\u00e7in klavyeye as\u0131lanlar var.\nYa da siyaset\u00e7ileri, i\u015fadamlar\u0131n\u0131, medya patronlar\u0131n\u0131 \u201cDur \u015funa biraz sald\u0131ral\u0131m da bize i\u015f versin, proje ayarlas\u0131n, \u00f6denek ay\u0131rs\u0131n, program yapt\u0131rs\u0131n\u201d mant\u0131\u011f\u0131 \u00fczerinden lince tabi tutanlar\u2026 Bak\u0131yorsunuz, i\u015fe de yar\u0131yor.\nK\u00f6t\u00fclerin kazanmas\u0131na ayarl\u0131 bir \u00e7ark kurulmu\u015f ve \u00e7al\u0131\u015f\u0131yor.\nBu \u00e7ark hep vard\u0131 belki ama bu kadar \u00e7ok di\u015flisi yoktu, \u00e7ap\u0131 bu kadar b\u00fcy\u00fck de\u011fildi ve \u00e7ark\u0131n d\u0131\u015f\u0131nda kalan bu denli avanak muamelesi g\u00f6rm\u00fcyordu.\nBu kadar alk\u0131\u015f da alm\u0131yordu.\nSiyaset bitti, anlaml\u0131 siyasi tart\u0131\u015fma hatta \u00f6\u011fretici polemik bile bitti ve halk art\u0131k politize olmuyor, bu \u00e7arka eklemlenmeye onun etraf\u0131nda yer yurt yuva tutmaya \u00e7al\u0131\u015f\u0131yor.\nHalk\u0131n trolleni\u015finden \u015fikayet ediyorduk, ama art\u0131k kitlelerin trolle\u015fmesi diye bir \u015fey var.\nS\u00f6z\u00fcn\u00fc etti\u011fimiz \u00e7a\u011fr\u0131lar\u0131n, tehdit savurmalar\u0131n y\u00fczbinlerce ki\u015fi taraf\u0131ndan desteklenmesi, s\u00f6z\u00fcn\u00fc etti\u011fimiz yay\u0131n i\u00e7in \u00f6z\u00fcr dileyen kanal\u0131n yuhalanmas\u0131 ba\u015fka ne ile a\u00e7\u0131klanabilir?\nMUHAL\u0130FLER DE \u015e\u0130KAYET ETT\u0130KLER\u0130 KADAR NOBRAN\u015eikayet etti\u011fi ma\u011fduriyetin ayn\u0131s\u0131n\u0131 d\u00fc\u015fman belledi\u011fi ki\u015filer i\u00e7in istemekten hi\u00e7 \u00e7ekinmeyen s\u00f6zde \u2018muhalifler\u2019 s\u00f6zde \u2018demokratlar\u2019 g\u00f6r\u00fcyoruz sonra.\nSevdikleri yazar tutuklanmas\u0131n ama sevmedikleri yazar tutuklans\u0131n diye hashtag kasanlar\u0131.\nKonu\u015fma, anlama ve bir arada ya\u015fama arzusunu \u2018zay\u0131fl\u0131k\u2019 addeden ve edebimizi bize kar\u015f\u0131 kullanabilece\u011fi bir koza d\u00f6n\u00fc\u015ft\u00fcrmeye \u00e7al\u0131\u015fan aculleri g\u00f6r\u00fcyoruz.\nOnlar\u0131n da var listeleri.\nVe listeleri eksilmesin diye mimledikleri ki\u015filere do\u011fruyu s\u00f6ylemeyi yasakl\u0131yorlar.\nKafa konforlar\u0131 bozulmas\u0131n diye yanda\u015f olarak kodlad\u0131klar\u0131 ki\u015filer ba\u011f\u0131ms\u0131z bir duru\u015f g\u00f6sterdi\u011finde onlar\u0131 cezaland\u0131rmalar\u0131 gerekti\u011fine inan\u0131yorlar.\n\u0130ktidardan almay\u0131 planlad\u0131klar\u0131 intikam\u0131n ate\u015fi s\u00f6nmesin diye toplumsal bir konsensusun pe\u015finde olanlara da sald\u0131r\u0131yorlar.\nHi\u00e7 kendilerini kand\u0131rmas\u0131nlar, bu so\u011fuk-i\u00e7 sava\u015f zeminine giden yolun ta\u015flar\u0131n\u0131 d\u00f6\u015feme konusunda onlar da maharetliler.\n***Bir de\u011fi\u015fimin, ak\u0131llan\u0131\u015f\u0131n, temizleni\u015fin yak\u0131n vadede olaca\u011f\u0131 beklentisine sahip de\u011filim, karamsar\u0131m.\nAma umutsuz de\u011filim, umutsuzluk bir itikat sorunudur, yasakt\u0131r.\nSadece N\u015eA\u2019da normal, kar\u0131ncay\u0131 incitmeyecek, ho\u015f sohbet biri olabilecek olanlar\u0131n nas\u0131l bu noktaya geldi\u011fi \u00fczerine sesli d\u00fc\u015f\u00fcnmek istedim.",
    "article_html": "",
    "meta_description": "Bir darbe imas\u0131 ve itham\u0131 var ki, alm\u0131\u015f ba\u015f\u0131n\u0131 gidiyor.\n\u0130ktidar partisinin mahallesinden baz\u0131 fig\u00fcrler bu iddiay\u0131 ciddiye alarak muhayyel muhataplar\u0131n\u0131 tehdit ediyor.\nDarbeyi asker yapt\u0131\u011f\u0131na g\u00f6re, tehditlerin ya da meydan okumalar\u0131n hi\u00e7 de\u011filse bir k\u0131sm\u0131n\u0131n da askeri muhatap almas\u0131 icap eder \u00f6yle de\u011fil mi? \u00c7\u00fcnk\u00fc hangi k\u0131l\u0131\u011fa, hangi ideolojiye ya da kimli\u011fe b\u00fcr\u00fcnm\u00fc\u015f olursa olsun sonu\u00e7ta tam te\u015fekk\u00fcll\u00fc bir darbe ancak asker eliyle olur.\nAma hay\u0131r, askere tek laf yok, ima da yok.\nOlsun demiyorum, dikkat edin. Darbeye maruz kalma olas\u0131l\u0131\u011f\u0131ndan \u015fikayet ediyorsan\u0131z ve fakat sadece baz\u0131 sivil kurumlar\u0131 hedef al\u0131yorsan\u0131z; ordu i\u00e7inde bir...",
    "meta_lang": "tr"
}