{
    "article_id": "4d996968f3485adaf786063459415178.1589925702.3663936",
    "title": "\u0130nsan, israf ederek sermayesini t\u00fcketir...",
    "authors": [
        "Yazarin T\u00fcm Yazilarini G\u00f6rmek \u0130\u00e7i\u0307n Tiklayin"
    ],
    "canonical_link": "https://www.haberturk.com/yazarlar/m-fatih-citlak/2466727-insan-israf-ederek-sermayesini-tuketir",
    "url": "http://haberturk.com/yazarlar/m-fatih-citlak/2466727-insan-israf-ederek-sermayesini-tuketir",
    "top_img": "https://im.haberturk.com/yazarlar/HTGazete/m-fatih-citlak-600x314.jpg?v=1533047847",
    "meta_img": "https://im.haberturk.com/yazarlar/HTGazete/m-fatih-citlak-600x314.jpg?v=1533047847",
    "movies": [],
    "text": "K\u0131ymetli dostlar! \u201c\u0130sraf\u201d\u0131n s\u00f6zl\u00fck manas\u0131 i\u00e7in \u00f6zetle, \u201cKi\u015finin bir nimeti ihtiyac\u0131ndan fazla, a\u015f\u0131r\u0131 ve gereksiz kullanmas\u0131d\u0131r\u201d diyebiliriz. Bu ilk ba\u015fta \u00e7ok masum bir \u015feymi\u015f gibi g\u00f6r\u00fcnse de, biraz derinine inince israf\u0131n asl\u0131nda hi\u00e7 de k\u00fc\u00e7\u00fck olmayan bir g\u00fcnah oldu\u011fu anla\u015f\u0131l\u0131r.\n\n\n\n\u0130sraf, hel\u00e2l olan bir \u015feyin harama d\u00f6n\u00fc\u015fmesidir. Yani, durup dururken, hi\u00e7 gerek yokken, anlams\u0131z bir \u015fekilde yap\u0131lan bir g\u00fcnah, bir hastal\u0131kt\u0131r israf. Di\u015f f\u0131r\u00e7alarken a\u00e7\u0131k b\u0131rak\u0131lan musluk \u00f6rne\u011fini vermeyece\u011fiz merak etmeyin, onun israf oldu\u011funu bug\u00fcn herkes biliyor \u00e7ok \u015f\u00fck\u00fcr.\n\n\n\nKi\u015finin bir nimeti israf etmeyi al\u0131\u015fkanl\u0131k haline getirmesi, hem kendinin hem de ba\u015fkalar\u0131n\u0131n o nimetten mahrum kalmas\u0131na sebep olabilir. \u0130nsan bazen bir \u015feyi israf ederken fark\u0131nda olmadan birden fazla \u015feyi israf ediyor olabilir.\n\n\n\n\u00d6rne\u011fin, misafir a\u011f\u0131rlarken yar\u0131s\u0131 \u00e7\u00f6pe gidecek bir ikramda bulunan ki\u015fi sadece nimeti israf etmiyordur. \u0130htiya\u00e7 sahiplerinin kursa\u011f\u0131ndan ge\u00e7mesi gereken, hay\u0131r olarak ay\u0131rmas\u0131, fukaraya vermesi gereken paras\u0131n\u0131 da israf ediyordur.\n\n\n\nTelevizyon ba\u015f\u0131nda, saatlerce bir sonucu olmayan tart\u0131\u015fma programlar\u0131n\u0131, haber programlar\u0131n\u0131, spor programlar\u0131n\u0131 seyrederek; ibadete, taate, namaza, zikire, tesbihata ay\u0131rmas\u0131 gereken zaman\u0131 israf ediyordur. \u0130sraf sadece yeme i\u00e7meyle de\u011fil, bir\u00e7ok \u015fekilde yap\u0131lan ve yapan\u0131 iflasa g\u00f6t\u00fcren, dahas\u0131 toplumu ifsad eden bir hastal\u0131kt\u0131r.",
    "keywords": [
        "nimeti",
        "yap\u0131lan",
        "\u015feyi",
        "i\u0307nsan",
        "bir",
        "t\u00fcketir",
        "gereken",
        "israf",
        "programlar\u0131n\u0131",
        "ederek",
        "\u00e7ok",
        "ve",
        "sermayesini",
        "\u015fekilde"
    ],
    "meta_keywords": [
        ""
    ],
    "publish_date": {
        "$date": 1558073914000
    },
    "summary": "K\u0131ymetli dostlar!\n\u201c\u0130sraf\u201d\u0131n s\u00f6zl\u00fck manas\u0131 i\u00e7in \u00f6zetle, \u201cKi\u015finin bir nimeti ihtiyac\u0131ndan fazla, a\u015f\u0131r\u0131 ve gereksiz kullanmas\u0131d\u0131r\u201d diyebiliriz.\nBu ilk ba\u015fta \u00e7ok masum bir \u015feymi\u015f gibi g\u00f6r\u00fcnse de, biraz derinine inince israf\u0131n asl\u0131nda hi\u00e7 de k\u00fc\u00e7\u00fck olmayan bir g\u00fcnah oldu\u011fu anla\u015f\u0131l\u0131r.\n\u0130sraf, hel\u00e2l olan bir \u015feyin harama d\u00f6n\u00fc\u015fmesidir.\nYani, durup dururken, hi\u00e7 gerek yokken, anlams\u0131z bir \u015fekilde yap\u0131lan bir g\u00fcnah, bir hastal\u0131kt\u0131r israf.\nDi\u015f f\u0131r\u00e7alarken a\u00e7\u0131k b\u0131rak\u0131lan musluk \u00f6rne\u011fini vermeyece\u011fiz merak etmeyin, onun israf oldu\u011funu bug\u00fcn herkes biliyor \u00e7ok \u015f\u00fck\u00fcr.\nKi\u015finin bir nimeti israf etmeyi al\u0131\u015fkanl\u0131k haline getirmesi, hem kendinin hem de ba\u015fkalar\u0131n\u0131n o nimetten mahrum kalmas\u0131na sebep olabilir.\n\u0130nsan bazen bir \u015feyi israf ederken fark\u0131nda olmadan birden fazla \u015feyi israf ediyor olabilir.\n\u00d6rne\u011fin, misafir a\u011f\u0131rlarken yar\u0131s\u0131 \u00e7\u00f6pe gidecek bir ikramda bulunan ki\u015fi sadece nimeti israf etmiyordur.\n\u0130htiya\u00e7 sahiplerinin kursa\u011f\u0131ndan ge\u00e7mesi gereken, hay\u0131r olarak ay\u0131rmas\u0131, fukaraya vermesi gereken paras\u0131n\u0131 da israf ediyordur.\nTelevizyon ba\u015f\u0131nda, saatlerce bir sonucu olmayan tart\u0131\u015fma programlar\u0131n\u0131, haber programlar\u0131n\u0131, spor programlar\u0131n\u0131 seyrederek; ibadete, taate, namaza, zikire, tesbihata ay\u0131rmas\u0131 gereken zaman\u0131 israf ediyordur.\n\u0130sraf sadece yeme i\u00e7meyle de\u011fil, bir\u00e7ok \u015fekilde yap\u0131lan ve yapan\u0131 iflasa g\u00f6t\u00fcren, dahas\u0131 toplumu ifsad eden bir hastal\u0131kt\u0131r.",
    "article_html": "",
    "meta_description": "K\u0131ymetli dostlar! \"\u0130sraf\"\u0131n s\u00f6zl\u00fck manas\u0131 i\u00e7in \u00f6zetle, \"Ki\u015finin bir nimeti ihtiyac\u0131ndan fazla, a\u015f\u0131r\u0131 ve gereksiz kullanmas\u0131d\u0131r\" diyebiliriz. Bu ilk ba\u015fta \u00e7ok masum bir \u015feymi\u015f gibi g\u00f6r\u00fcnse de, biraz derinine inince israf\u0131n asl\u0131nda hi\u00e7 de k\u00fc\u00e7\u00fck olmayan bir g\u00fcnah oldu\u011fu anla\u015f\u0131l\u0131r.\u0130sraf, hel\u00e2l olan bir \u015feyin harama d\u00f6n\u00fc\u015fmesidir. Yani, durup dururken, hi\u00e7 gerek yokken, anlams\u0131z bir \u015fekilde yap\u0131lan bir g\u00fcnah, bir hastal\u0131kt\u0131r israf. Di\u015f f\u0131r\u00e7alarken a\u00e7\u0131k b\u0131rak\u0131lan musluk \u00f6rne\u011fini vermeyece\u011fiz merak etmeyin, onun israf oldu\u011funu bug\u00fcn herkes biliyor \u00e7ok \u015f\u00fck\u00fcr.Ki\u015finin bir nimeti israf etmeyi al\u0131\u015fkanl\u0131k haline getirmesi, hem kendinin hem de...",
    "meta_lang": "tr"
}