{
    "article_id": "d91e9a7149a8cfff363f44fffbe7429f.1589925703.885748",
    "title": "Duan\u0131n kabul\u00fcn\u00fcn \u015fart\u0131: Hamd ve sal\u00e2t \u00fc sel\u00e2m...",
    "authors": [
        "Yazarin T\u00fcm Yazilarini G\u00f6rmek \u0130\u00e7i\u0307n Tiklayin"
    ],
    "canonical_link": "https://www.haberturk.com/yazarlar/m-fatih-citlak/2242072-duanin-kabulunun-sarti-hamd-ve-salat-u-selam",
    "url": "http://haberturk.com/yazarlar/m-fatih-citlak/2242072-duanin-kabulunun-sarti-hamd-ve-salat-u-selam",
    "top_img": "https://im.haberturk.com/yazarlar/HTGazete/m-fatih-citlak-600x314.jpg?v=1533047847",
    "meta_img": "https://im.haberturk.com/yazarlar/HTGazete/m-fatih-citlak-600x314.jpg?v=1533047847",
    "movies": [],
    "text": "K\u0131ymetli dostlar! Dua, Rabb\u2019imizle konu\u015fmak, derdimizi, halimizi bizzat ona arz etmektir. Bu ne b\u00fcy\u00fck bir devlettir, ne b\u00fcy\u00fck bir nimettir.\n\nD\u00fc\u015f\u00fcn\u00fcn; Allah\u2019\u0131n (CC), \u00e2lemlerin Rabb\u2019inin kap\u0131s\u0131n\u0131 her ba\u015f\u0131n\u0131z dara d\u00fc\u015ft\u00fc\u011f\u00fcnde, randevu almadan, iki saat kap\u0131da sizden \u00f6nceki misafirlerin \u00e7\u0131kmas\u0131n\u0131 beklemeden \u00e7alabiliyorsunuz. Bundan b\u00fcy\u00fck devlet olabilir mi?\n\n\u00dcstelik, her seferinde \u201cYine mi sen?\u201d denilmiyor. \u201cNe iyi ettin de yine geldin...\u201d diye farkl\u0131 ihsan ve ikramlarla kar\u015f\u0131lan\u0131yorsunuz. Allah (CC) a\u015fk\u0131na dostlar, bunu bildikten sonra insana istedi\u011fi verilmi\u015f verilmemi\u015f ne fark eder. Kald\u0131 ki \u201cAllah Te\u00e2l\u00e2 dualar\u0131 kabul eder, fakat siz \u00c2demo\u011flu acele edip, \u2018Allah (CC) duam\u0131 kabul etmedi\u2019 dersiniz de duay\u0131 b\u0131rak\u0131rs\u0131n\u0131z\u201d buyuruyor Efendimiz (SAS). Yani duada t\u00e2biri c\u00e2izse biraz \u0131srarc\u0131 olmak gerekiyor. \u00c7\u00fcnk\u00fc bazen Allah Te\u00e2l\u00e2, kulunun isteyi\u015finden o kadar ho\u015flan\u0131rm\u0131\u015f ki, s\u0131rf o isteyi\u015f hali s\u00fcrs\u00fcn diye biraz geciktirebilirmi\u015f duas\u0131n\u0131n kabul\u00fcn\u00fc.\n\nDuayla ilgili bilmemiz gereken \u015feylerden bir tanesi de, dua ederken kabul olaca\u011f\u0131n\u0131 umarak de\u011fil, buna kesin bir \u015fekilde inanarak dua etmektir. Bunu da bizzat Efendimiz (SAS) bizlere talim ettiriyor ve \u201cYan\u0131k bir kalple dua edin, gafletle edilen dua kabul olunmaz\u201d buyuruyor. Dua hakk\u0131nda bilmemiz gereken ve kabul\u00fcn\u00fcn bir anlamda \u00f6n \u015fart\u0131 diyebilece\u011fimiz \u00e7ok \u00f6nemli bir \u015fey var ki, Efendimiz (SAS) onu da bizlere haber veriyor: Duan\u0131n ba\u015f\u0131nda edilen hamd ve sal\u00e2t \u00fc sel\u00e2m.\n\nSevgili dostlar! Eskiden olsa bunu izah etmek biraz zor olurdu ama g\u00fcn\u00fcm\u00fcz insan\u0131na, bu hamd ve sal\u00e2t \u00fc sel\u00e2m \u015fart\u0131n\u0131 anlatmak \u00e7ok daha kolay. Hamd ve sal\u00e2t \u00fc sel\u00e2m, bir kap\u0131y\u0131 a\u00e7mak i\u00e7in kulland\u0131\u011f\u0131m\u0131z anahtar gibidir. G\u00fcn\u00fcm\u00fczde hemen herkesin, ihtiyac\u0131 olsun olmas\u0131n bir mail adresi var. Mail atmak i\u00e7in ne yap\u0131l\u0131yor? \u00d6nce internet taray\u0131c\u0131s\u0131 a\u00e7\u0131l\u0131yor, sonra kullan\u0131c\u0131 ad\u0131 ve \u015fifre giriliyor, sonra yaz\u0131l\u0131yor ne yaz\u0131lacaksa. Kural bu, ancak buna uyunca o internet sayfas\u0131 a\u00e7\u0131l\u0131yor.\n\n\u0130\u015fte ayn\u0131 bunun gibi, kul namaz\u0131n\u0131 k\u0131l\u0131yor, ellerini semaya a\u00e7\u0131yor, \u00f6nce hamd ederek Rabb\u2019ini bildi\u011fini, O\u2019ndan (CC) raz\u0131 oldu\u011funu, O\u2019na (CC) m\u00fcte\u015fekkir oldu\u011funu arz ediyor. Sonra kavu\u015fturuldu\u011fu \u0130slam nimetini kendisine getiren Efendimiz\u2019e (SAS), evlad\u0131na, ezvac\u0131na, ashab\u0131na, u\u015f\u015fak\u0131na salat\u00fc selam ediyor. Ondan sonra sayfa a\u00e7\u0131l\u0131yor. Hamd ve salat\u00fc selamdan sonra \u201cNe dileyecekse dilesin Rabb\u2019inden...\u201d buyuruyor Efendimiz (SAS).\n\nBu; Allah Te\u00e2l\u00e2\u2019dan bir \u015fey istemenin \u00f6n \u015fart\u0131d\u0131r. Tabii ki tek ba\u015f\u0131na duay\u0131 kabul ettirir demek do\u011fru olmaz. Ancak hamd ve salat olmadan edilen duan\u0131n eksik kald\u0131\u011f\u0131n\u0131, Allah\u2019\u0131n (CC) kat\u0131na y\u00fckselemedi\u011fini yine bizzat Efendimiz (SAS) bizlere haber vermektedir.\n\nK\u0131ymetli dostlar! Efendimiz (SAS) duan\u0131n kabul \u015fartlar\u0131yla ilgili olarak \u00fcmmetini bilgilendirmi\u015f, vaktinden, duay\u0131 eden ki\u015fisine, dua ederken yap\u0131lacaklara, i\u00e7inde bulunulmas\u0131 gereken ruh haline kadar bir\u00e7ok konuyu bizlere haber vermi\u015ftir.\n\nDUALARIN KABUL OLACA\u011eI YERLER VE VAK\u0130TLER\n\nDuan\u0131n kabul olaca\u011f\u0131 vakitler olarak Peygamber Efendimiz (SAS) farkl\u0131 hadislerinde farkl\u0131 vakitleri i\u015faret buyurmu\u015ftur. Farz namazlardan sonra, ezan ile kamet aras\u0131ndaki vakitte, gecenin son \u00fc\u00e7te birinde, ya\u011fmur ya\u011farken, K\u00e2be ilk g\u00f6r\u00fcld\u00fc\u011f\u00fcnde, Recep ay\u0131n\u0131n ilk gecesinde, arefe g\u00fcnlerinde, Cuma g\u00fcn\u00fc ve gecelerinde, zemzem i\u00e7ilirken, iftar vakitlerinde, secdede, kandil gecelerinde, tavafta, Arafat\u2019ta, Mina\u2019da, M\u00fczdelife\u2019de, Safa ve Merve tepelerinde, Mescid-i Nebevi\u2019de, Mescid-i Aksa\u2019da, salihlerin kabirleri ba\u015f\u0131nda samimiyetle yap\u0131lan dualar\u0131n kabul olunaca\u011f\u0131n\u0131 Efendimiz (SAS) m\u00fcjdelemi\u015ftir.\n\nDUASI GER\u0130 \u00c7EVR\u0130LMEYECEK K\u0130\u015e\u0130LER\n\nPeygamberlerin \u00fcmmetlerine dualar\u0131, evliyaullah\u0131n dualar\u0131, anne, baban\u0131n evlad\u0131na duas\u0131, misafirin ev sahibine duas\u0131, mazlumun zalime bedduas\u0131, hastan\u0131n duas\u0131, m\u00fcminin m\u00fcmin karde\u015fine yapt\u0131\u011f\u0131 dua, hocan\u0131n talebesine duas\u0131, d\u00f6n\u00fcnceye kadar hac\u0131n\u0131n duas\u0131, salih \u00e2limin, adil idarecinin halk\u0131na yapt\u0131\u011f\u0131 duas\u0131, salih evlad\u0131n ana babas\u0131na yapt\u0131\u011f\u0131 dua ve sa\u00e7\u0131 a\u011farm\u0131\u015f ihtiyar\u0131n dualar\u0131n\u0131n da reddolunmayaca\u011f\u0131n\u0131 Efendimiz\u2019in (SAS) hadis-i \u015feriflerinden \u00f6\u011freniyoruz.\n\nSORDUM \u00d6\u011eREND\u0130M\n\n- Ramazan\u2019da da\u011f\u0131t\u0131lan yemekler zek\u00e2t/fitre yerine ge\u00e7er mi?\n\nBelediye, dernek veya vak\u0131flarca haz\u0131rlan\u0131p ikram edilen iftar yemeklerinden, zek\u00e2t ihtiyac\u0131 olmayanlar da yedikleri i\u00e7in bunlar zek\u00e2t yerine ge\u00e7mez. Ancak haz\u0131rlanan yemekler zek\u00e2t niyetiyle yoksullar\u0131n evine g\u00f6nderilir veya kendilerine verilirse zek\u00e2t olur.\n\n- Kay\u0131nvalide ve kay\u0131npedere zek\u00e2t ve fitre verilebilir mi?\n\nFakir olan kay\u0131nvalide ve kay\u0131npedere zek\u00e2t verilebilir. \u00c7\u00fcnk\u00fc bunlar ile zek\u00e2t\u0131 veren ki\u015fi aras\u0131nda usul ve f\u00fcru ili\u015fkisi olmad\u0131\u011f\u0131 gibi, zek\u00e2t veren \u015fah\u0131s bunlara bakmakla y\u00fck\u00fcml\u00fc de de\u011fildir.\n\n- Emlak\u00e7\u0131lar\u0131n al\u0131p satt\u0131klar\u0131 daireler i\u00e7in zek\u00e2t verilmesi gerekir mi?\n\nEmlak\u00e7\u0131lar\u0131n ticari ama\u00e7l\u0131 al\u0131p satt\u0131klar\u0131 daireler zek\u00e2ta tabidir. Bu dairelerin bor\u00e7lar\u0131 \u00e7\u0131kt\u0131ktan sonra piyasa de\u011feri nisap miktar\u0131na ula\u015fm\u0131\u015f ve \u00fczerinden bir y\u0131l ge\u00e7mi\u015f ise zek\u00e2t\u0131n\u0131n verilmesi gerekir.\n\n- Kad\u0131nlar\u0131n ziynet e\u015fyalar\u0131 ve tak\u0131lar\u0131 i\u00e7in zek\u00e2t verilmesi gerekir mi?\n\nB\u00fct\u00fcn tak\u0131lar toplan\u0131p hesaplan\u0131r, 80 gram\u0131 ge\u00e7erse zek\u00e2t\u0131n\u0131n verilmesi gerekir.\n\n- Zek\u00e2t veya sadaka-i f\u0131t\u0131r, cami in\u015faat\u0131 i\u00e7in verilebilir mi?\n\nZek\u00e2t\u0131n ve f\u0131t\u0131r sadakas\u0131n\u0131n ge\u00e7erlilik \u015fartlar\u0131ndan biri de temliktir. Temlik, bir mal\u0131, mal edinmeye ehil bir ki\u015finin m\u00fclk\u00fcne ge\u00e7irmektir. Cami, okul, k\u00f6pr\u00fc, yol vb. yerlere temlik s\u00f6z konusu olmad\u0131\u011f\u0131ndan, buralara zek\u00e2t ve f\u0131t\u0131r sadakas\u0131 sarf edilemez.\n\nMESNEV\u0130'DEN\n\nY\u0131lanc\u0131n\u0131n biri, ba\u015fka bir y\u0131lanc\u0131dan y\u0131lan \u00e7ald\u0131. Ahmak adam bu yapt\u0131\u011f\u0131yla k\u00e2ra ge\u00e7ti\u011fini zannedip sevindi. Halbuki \u00e7ald\u0131\u011f\u0131 y\u0131lan\u0131n sahibi ba\u015f\u0131na bel\u00e2 olacak zehirli bir y\u0131landan kurtulmu\u015ftu.\n\n\u00c7ald\u0131\u011f\u0131 y\u0131lan o adam\u0131 zehirledi ve adam inleye inleye \u00f6ld\u00fc. H\u0131rs\u0131z\u0131 aramaya koyulan y\u0131lanc\u0131 adam yolda h\u0131rs\u0131za rastlad\u0131. Y\u0131lan\u0131n \u0131s\u0131rmas\u0131ndan zehirlenip \u00f6ld\u00fc\u011f\u00fcn\u00fc g\u00f6r\u00fcnce \u015f\u00f6yle dedi:\n\n\u201cBizim y\u0131lan adam\u0131 temizlemi\u015f. Bu h\u0131rs\u0131z\u0131n h\u00e2lini g\u00f6r\u00fcnceye kadar h\u0131rs\u0131z\u0131 bulup y\u0131lan\u0131 ondan almak istiyordum. Y\u0131lanc\u0131y\u0131 bulabilmek ve y\u0131lan\u0131 geri alabilmek i\u00e7in du\u00e2 edip duruyordum. Allah\u2019a (CC) \u015f\u00fck\u00fcrler olsun ki du\u00e2m kabul olmam\u0131\u015f. Y\u0131lan\u0131m\u0131n \u00e7al\u0131nmas\u0131ndan zarar edece\u011fimi d\u00fc\u015f\u00fcn\u00fcyordum, halbuki onun \u00e7al\u0131nmas\u0131yla can\u0131m\u0131 kurtarm\u0131\u015f\u0131m.\u201d\n\nNice du\u00e2lar vard\u0131r ki du\u00e2 edenin hel\u00e2k olmas\u0131na sebep olacakt\u0131r. B\u00f6yle du\u00e2lar\u0131n kabul olmamas\u0131n\u0131n sebebi, \u00e2lemlerin Rabb\u2019i olan Allah Te\u00e2l\u00e2 Hazretleri\u2019nin merhametidir.\n\nAYET-\u0130 KER\u0130ME\n\nAllah (CC) birbirinden gelme bir nesil olarak \u00c2dem\u2019i (AS), Nuh\u2019u (AS), \u0130br\u00e2him ailesi ile \u0130mr\u00e2n ailesini se\u00e7kin k\u0131ld\u0131. Allah (CC) i\u015fiten ve bilendir. \u0130mr\u00e2n\u2019\u0131n kar\u0131s\u0131 \u015f\u00f6yle demi\u015fti: \u201cRabb\u2019im! Karn\u0131mdakini azatl\u0131 bir kul olarak s\u0131rf sana adad\u0131m. Ada\u011f\u0131m\u0131 kabul buyur. \u015e\u00fcphesiz (niyaz\u0131m\u0131) hakk\u0131yla i\u015fiten ve (niyetimi) bilen sensin.\u201d Onu do\u011furunca, Allah, ne do\u011furdu\u011funu daha iyi bilirken \u201cRabb\u2019im! Ben onu k\u0131z do\u011furdum. Oysa erkek, k\u0131z gibi de\u011fildir. Ona Meryem ad\u0131n\u0131 verdim. Kovulmu\u015f \u015feytana kar\u015f\u0131 onu ve soyunu senin koruman\u0131 diliyorum\u201d dedi. Rabb\u2019i Meryem\u2019e h\u00fcsn-i kabul g\u00f6sterdi; onu g\u00fczel bir surette yeti\u015ftirdi. Zekeriyya\u2019y\u0131 da onun bak\u0131m\u0131 ile g\u00f6revlendirdi. Zekeriyya, onun bulundu\u011fu mihraba her giri\u015finde orada bir r\u0131z\u0131k bulur ve \u201cEy Meryem, bu sana nereden geliyor?\u201d der; o da \u201cBu; Allah (CC) taraf\u0131ndand\u0131r. Allah (CC) diledi\u011fine say\u0131s\u0131z r\u0131z\u0131k verir\u201d derdi.\n\n(\u00c2l-i \u0130mr\u00e2n 33-37)\n\nHAD\u0130S-\u0130 \u015eER\u0130F\n\nMerhum \u015eeyh Sad\u00fbk, muteber bir senet ile \u0130mam R\u0131za\u2019dan, o da babalar\u0131ndan, onlar da Hazret-i Ali\u2019den (RA) \u015f\u00f6yle riv\u00e2yet etmi\u015flerdir:\n\nRes\u00fblullah (SAS) bir g\u00fcn bize hutbe okuyarak \u015f\u00f6yle buyurdu:\n\n\u201cEy insanlar! Allah\u2019\u0131n (CC) ay\u0131 bereket, rahmet ve ma\u011ffiret ile size do\u011fru gelmekte; \u00f6yle bir ay ki Allah (CC) kat\u0131nda en \u00fcst\u00fcn ayd\u0131r. Onun g\u00fcnleri en faziletli g\u00fcnler, geceleri en faziletli geceler ve saatleri en faziletli saatlerdir. Bu ayda siz, Allah\u2019\u0131n (CC) ziyafetine davet edilmi\u015f ve Allah\u2019\u0131n (CC) de\u011fer verdi\u011fi kimselerden say\u0131lm\u0131\u015fs\u0131n\u0131z. Nefesleriniz bu ayda tesbih (zikir) ve uykunuz ib\u00e2det say\u0131l\u0131r. Amelleriniz kabul olur ve dualar\u0131n\u0131za icabet edilir. O h\u00e2lde do\u011fru niyetler ve temiz kalplerle Allah\u2019tan (CC) isteyin ki sizi bu ay\u0131n orucunu tutmaya ve kendi kitab\u0131n\u0131 (Kur\u2019\u00e2n\u2019\u0131) okumaya muvaffak eylesin. Zira hi\u00e7 \u015f\u00fcphesiz ger\u00e7ek bedbaht (kimseler), bu y\u00fcce ayda Allah\u2019\u0131n (CC) ma\u011ffiretinden mahrum kalan kimselerdir.\u201d",
    "keywords": [
        "sonra",
        "\u00fc",
        "bir",
        "sal\u00e2t",
        "\u015fart\u0131",
        "zek\u00e2t",
        "sel\u00e2m",
        "duan\u0131n",
        "cc",
        "ve",
        "hamd",
        "sas",
        "kabul",
        "dua",
        "kabul\u00fcn\u00fcn",
        "allah",
        "bu"
    ],
    "meta_keywords": [
        ""
    ],
    "publish_date": {
        "$date": 1543563962000
    },
    "summary": "Dua, Rabb\u2019imizle konu\u015fmak, derdimizi, halimizi bizzat ona arz etmektir.\nBu ne b\u00fcy\u00fck bir devlettir, ne b\u00fcy\u00fck bir nimettir.\nD\u00fc\u015f\u00fcn\u00fcn; Allah\u2019\u0131n (CC), \u00e2lemlerin Rabb\u2019inin kap\u0131s\u0131n\u0131 her ba\u015f\u0131n\u0131z dara d\u00fc\u015ft\u00fc\u011f\u00fcnde, randevu almadan, iki saat kap\u0131da sizden \u00f6nceki misafirlerin \u00e7\u0131kmas\u0131n\u0131 beklemeden \u00e7alabiliyorsunuz.\n\u201cNe iyi ettin de yine geldin...\u201d diye farkl\u0131 ihsan ve ikramlarla kar\u015f\u0131lan\u0131yorsunuz.\nAllah (CC) a\u015fk\u0131na dostlar, bunu bildikten sonra insana istedi\u011fi verilmi\u015f verilmemi\u015f ne fark eder.\nKald\u0131 ki \u201cAllah Te\u00e2l\u00e2 dualar\u0131 kabul eder, fakat siz \u00c2demo\u011flu acele edip, \u2018Allah (CC) duam\u0131 kabul etmedi\u2019 dersiniz de duay\u0131 b\u0131rak\u0131rs\u0131n\u0131z\u201d buyuruyor Efendimiz (SAS).\n\u00c7\u00fcnk\u00fc bazen Allah Te\u00e2l\u00e2, kulunun isteyi\u015finden o kadar ho\u015flan\u0131rm\u0131\u015f ki, s\u0131rf o isteyi\u015f hali s\u00fcrs\u00fcn diye biraz geciktirebilirmi\u015f duas\u0131n\u0131n kabul\u00fcn\u00fc.\nDuayla ilgili bilmemiz gereken \u015feylerden bir tanesi de, dua ederken kabul olaca\u011f\u0131n\u0131 umarak de\u011fil, buna kesin bir \u015fekilde inanarak dua etmektir.\nBunu da bizzat Efendimiz (SAS) bizlere talim ettiriyor ve \u201cYan\u0131k bir kalple dua edin, gafletle edilen dua kabul olunmaz\u201d buyuruyor.\nDua hakk\u0131nda bilmemiz gereken ve kabul\u00fcn\u00fcn bir anlamda \u00f6n \u015fart\u0131 diyebilece\u011fimiz \u00e7ok \u00f6nemli bir \u015fey var ki, Efendimiz (SAS) onu da bizlere haber veriyor: Duan\u0131n ba\u015f\u0131nda edilen hamd ve sal\u00e2t \u00fc sel\u00e2m.\nEskiden olsa bunu izah etmek biraz zor olurdu ama g\u00fcn\u00fcm\u00fcz insan\u0131na, bu hamd ve sal\u00e2t \u00fc sel\u00e2m \u015fart\u0131n\u0131 anlatmak \u00e7ok daha kolay.\nHamd ve sal\u00e2t \u00fc sel\u00e2m, bir kap\u0131y\u0131 a\u00e7mak i\u00e7in kulland\u0131\u011f\u0131m\u0131z anahtar gibidir.\nG\u00fcn\u00fcm\u00fczde hemen herkesin, ihtiyac\u0131 olsun olmas\u0131n bir mail adresi var.\n\u00d6nce internet taray\u0131c\u0131s\u0131 a\u00e7\u0131l\u0131yor, sonra kullan\u0131c\u0131 ad\u0131 ve \u015fifre giriliyor, sonra yaz\u0131l\u0131yor ne yaz\u0131lacaksa.\n\u0130\u015fte ayn\u0131 bunun gibi, kul namaz\u0131n\u0131 k\u0131l\u0131yor, ellerini semaya a\u00e7\u0131yor, \u00f6nce hamd ederek Rabb\u2019ini bildi\u011fini, O\u2019ndan (CC) raz\u0131 oldu\u011funu, O\u2019na (CC) m\u00fcte\u015fekkir oldu\u011funu arz ediyor.\nSonra kavu\u015fturuldu\u011fu \u0130slam nimetini kendisine getiren Efendimiz\u2019e (SAS), evlad\u0131na, ezvac\u0131na, ashab\u0131na, u\u015f\u015fak\u0131na salat\u00fc selam ediyor.\nHamd ve salat\u00fc selamdan sonra \u201cNe dileyecekse dilesin Rabb\u2019inden...\u201d buyuruyor Efendimiz (SAS).\nBu; Allah Te\u00e2l\u00e2\u2019dan bir \u015fey istemenin \u00f6n \u015fart\u0131d\u0131r.\nAncak hamd ve salat olmadan edilen duan\u0131n eksik kald\u0131\u011f\u0131n\u0131, Allah\u2019\u0131n (CC) kat\u0131na y\u00fckselemedi\u011fini yine bizzat Efendimiz (SAS) bizlere haber vermektedir.\nEfendimiz (SAS) duan\u0131n kabul \u015fartlar\u0131yla ilgili olarak \u00fcmmetini bilgilendirmi\u015f, vaktinden, duay\u0131 eden ki\u015fisine, dua ederken yap\u0131lacaklara, i\u00e7inde bulunulmas\u0131 gereken ruh haline kadar bir\u00e7ok konuyu bizlere haber vermi\u015ftir.\nDUALARIN KABUL OLACA\u011eI YERLER VE VAK\u0130TLERDuan\u0131n kabul olaca\u011f\u0131 vakitler olarak Peygamber Efendimiz (SAS) farkl\u0131 hadislerinde farkl\u0131 vakitleri i\u015faret buyurmu\u015ftur.\nBelediye, dernek veya vak\u0131flarca haz\u0131rlan\u0131p ikram edilen iftar yemeklerinden, zek\u00e2t ihtiyac\u0131 olmayanlar da yedikleri i\u00e7in bunlar zek\u00e2t yerine ge\u00e7mez.\nAncak haz\u0131rlanan yemekler zek\u00e2t niyetiyle yoksullar\u0131n evine g\u00f6nderilir veya kendilerine verilirse zek\u00e2t olur.\n- Kay\u0131nvalide ve kay\u0131npedere zek\u00e2t ve fitre verilebilir mi?\nFakir olan kay\u0131nvalide ve kay\u0131npedere zek\u00e2t verilebilir.\n\u00c7\u00fcnk\u00fc bunlar ile zek\u00e2t\u0131 veren ki\u015fi aras\u0131nda usul ve f\u00fcru ili\u015fkisi olmad\u0131\u011f\u0131 gibi, zek\u00e2t veren \u015fah\u0131s bunlara bakmakla y\u00fck\u00fcml\u00fc de de\u011fildir.\nBu dairelerin bor\u00e7lar\u0131 \u00e7\u0131kt\u0131ktan sonra piyasa de\u011feri nisap miktar\u0131na ula\u015fm\u0131\u015f ve \u00fczerinden bir y\u0131l ge\u00e7mi\u015f ise zek\u00e2t\u0131n\u0131n verilmesi gerekir.\n- Kad\u0131nlar\u0131n ziynet e\u015fyalar\u0131 ve tak\u0131lar\u0131 i\u00e7in zek\u00e2t verilmesi gerekir mi?\nZek\u00e2t\u0131n ve f\u0131t\u0131r sadakas\u0131n\u0131n ge\u00e7erlilik \u015fartlar\u0131ndan biri de temliktir.\nTemlik, bir mal\u0131, mal edinmeye ehil bir ki\u015finin m\u00fclk\u00fcne ge\u00e7irmektir.\nyerlere temlik s\u00f6z konusu olmad\u0131\u011f\u0131ndan, buralara zek\u00e2t ve f\u0131t\u0131r sadakas\u0131 sarf edilemez.\n\u00c7ald\u0131\u011f\u0131 y\u0131lan o adam\u0131 zehirledi ve adam inleye inleye \u00f6ld\u00fc.\nY\u0131lanc\u0131y\u0131 bulabilmek ve y\u0131lan\u0131 geri alabilmek i\u00e7in du\u00e2 edip duruyordum.\nY\u0131lan\u0131m\u0131n \u00e7al\u0131nmas\u0131ndan zarar edece\u011fimi d\u00fc\u015f\u00fcn\u00fcyordum, halbuki onun \u00e7al\u0131nmas\u0131yla can\u0131m\u0131 kurtarm\u0131\u015f\u0131m.\u201dNice du\u00e2lar vard\u0131r ki du\u00e2 edenin hel\u00e2k olmas\u0131na sebep olacakt\u0131r.\nB\u00f6yle du\u00e2lar\u0131n kabul olmamas\u0131n\u0131n sebebi, \u00e2lemlerin Rabb\u2019i olan Allah Te\u00e2l\u00e2 Hazretleri\u2019nin merhametidir.\nAYET-\u0130 KER\u0130MEAllah (CC) birbirinden gelme bir nesil olarak \u00c2dem\u2019i (AS), Nuh\u2019u (AS), \u0130br\u00e2him ailesi ile \u0130mr\u00e2n ailesini se\u00e7kin k\u0131ld\u0131.\nAllah (CC) i\u015fiten ve bilendir.\n\u015e\u00fcphesiz (niyaz\u0131m\u0131) hakk\u0131yla i\u015fiten ve (niyetimi) bilen sensin.\u201d Onu do\u011furunca, Allah, ne do\u011furdu\u011funu daha iyi bilirken \u201cRabb\u2019im!\nKovulmu\u015f \u015feytana kar\u015f\u0131 onu ve soyunu senin koruman\u0131 diliyorum\u201d dedi.\nRabb\u2019i Meryem\u2019e h\u00fcsn-i kabul g\u00f6sterdi; onu g\u00fczel bir surette yeti\u015ftirdi.\nZekeriyya, onun bulundu\u011fu mihraba her giri\u015finde orada bir r\u0131z\u0131k bulur ve \u201cEy Meryem, bu sana nereden geliyor?\u201d der; o da \u201cBu; Allah (CC) taraf\u0131ndand\u0131r.\nAllah (CC) diledi\u011fine say\u0131s\u0131z r\u0131z\u0131k verir\u201d derdi.\n(\u00c2l-i \u0130mr\u00e2n 33-37)HAD\u0130S-\u0130 \u015eER\u0130FMerhum \u015eeyh Sad\u00fbk, muteber bir senet ile \u0130mam R\u0131za\u2019dan, o da babalar\u0131ndan, onlar da Hazret-i Ali\u2019den (RA) \u015f\u00f6yle riv\u00e2yet etmi\u015flerdir:Res\u00fblullah (SAS) bir g\u00fcn bize hutbe okuyarak \u015f\u00f6yle buyurdu:\u201cEy insanlar!\nAllah\u2019\u0131n (CC) ay\u0131 bereket, rahmet ve ma\u011ffiret ile size do\u011fru gelmekte; \u00f6yle bir ay ki Allah (CC) kat\u0131nda en \u00fcst\u00fcn ayd\u0131r.\nOnun g\u00fcnleri en faziletli g\u00fcnler, geceleri en faziletli geceler ve saatleri en faziletli saatlerdir.\nBu ayda siz, Allah\u2019\u0131n (CC) ziyafetine davet edilmi\u015f ve Allah\u2019\u0131n (CC) de\u011fer verdi\u011fi kimselerden say\u0131lm\u0131\u015fs\u0131n\u0131z.\nNefesleriniz bu ayda tesbih (zikir) ve uykunuz ib\u00e2det say\u0131l\u0131r.\nAmelleriniz kabul olur ve dualar\u0131n\u0131za icabet edilir.\nO h\u00e2lde do\u011fru niyetler ve temiz kalplerle Allah\u2019tan (CC) isteyin ki sizi bu ay\u0131n orucunu tutmaya ve kendi kitab\u0131n\u0131 (Kur\u2019\u00e2n\u2019\u0131) okumaya muvaffak eylesin.\nZira hi\u00e7 \u015f\u00fcphesiz ger\u00e7ek bedbaht (kimseler), bu y\u00fcce ayda Allah\u2019\u0131n (CC) ma\u011ffiretinden mahrum kalan kimselerdir.\u201d",
    "article_html": "",
    "meta_description": "K\u0131ymetli dostlar! Dua, Rabb'imizle konu\u015fmak, derdimizi, halimizi bizzat ona arz etmektir. Bu ne b\u00fcy\u00fck bir devlettir, ne b\u00fcy\u00fck bir nimettir.\nD\u00fc\u015f\u00fcn\u00fcn; Allah'\u0131n (CC), \u00e2lemlerin Rabb'inin kap\u0131s\u0131n\u0131 her ba\u015f\u0131n\u0131z dara d\u00fc\u015ft\u00fc\u011f\u00fcnde, randevu almadan, iki saat kap\u0131da sizden \u00f6nceki misafirlerin \u00e7\u0131kmas\u0131n\u0131 beklemeden \u00e7alabiliyorsunuz. Bundan b\u00fcy\u00fck devlet olabilir mi?\n\u00dcstelik, her seferinde \"Yine mi sen?\" denilmiyor. \"Ne iyi ettin de yine geldin...\" diye farkl\u0131 ihsan ve ikramlarla kar\u015f\u0131lan\u0131yorsunuz. Allah (CC) a\u015fk\u0131na dostlar, bunu bildikten sonra insana istedi\u011fi verilmi\u015f verilmemi\u015f ne fark eder. Kald\u0131 ki \"Allah Te\u00e2l\u00e2 dualar\u0131 kabul eder, fakat siz \u00c2demo\u011flu...",
    "meta_lang": "tr"
}