{
    "article_id": "e91c26e193ea343fa198bbb44ec8a5dc.1589925704.5980966",
    "title": "\u0130tikatla al\u00e2kal\u0131 bahisleri \u00e7ok iyi \u00f6\u011frenmek gerekir",
    "authors": [
        "Yazarin T\u00fcm Yazilarini G\u00f6rmek \u0130\u00e7i\u0307n Tiklayin"
    ],
    "canonical_link": "https://www.haberturk.com/yazarlar/m-fatih-citlak/2203615-itikatla-alakali-bahisleri-cok-iyi-ogrenmek-gerekir",
    "url": "http://haberturk.com/yazarlar/m-fatih-citlak/2203615-itikatla-alakali-bahisleri-cok-iyi-ogrenmek-gerekir",
    "top_img": "https://im.haberturk.com/yazarlar/HTGazete/m-fatih-citlak-600x314.jpg?v=1533047847",
    "meta_img": "https://im.haberturk.com/yazarlar/HTGazete/m-fatih-citlak-600x314.jpg?v=1533047847",
    "movies": [],
    "text": "KIYMETL\u0130 dostlar! \u0130man ve ak\u00e2id ile al\u00e2kal\u0131 mevzular mutlaka her m\u00fc\u2019minin bilmesi gereken, son derece \u00f6nemli konular\u0131 i\u00e7ermektedir. \u0130man \u00e7er\u00e7evesi denildi\u011finde; kitapla, Kur\u2019an-\u0131 Ker\u00eem\u2019le ve s\u00fcnnetle, yani Efendimiz\u2019in (SAS) tatbikat\u0131yla s\u00e2bit olan farz, vacip, emir ve nehiyler hatta hel\u00e2l ve haramlar bu \u00e7er\u00e7eve i\u00e7erisinde kabul edilmelidir. Emredilenler kul taraf\u0131ndan uygulanmasa, yap\u0131lmasa da bu emir ve nehiylerin varl\u0131\u011f\u0131 asla ink\u00e2r edilmemelidir.\n\nKur\u2019an-\u0131 Ker\u00eem\u2019in herhangi bir h\u00fckm\u00fc hakk\u0131nda \u201cB\u00f6yle bir h\u00fck\u00fcm yoktur\u201d yahut \u201cBu zaman ile y\u00fczy\u0131llar \u00f6ncesinin ger\u00e7ekleri bir de\u011fil, bu h\u00fck\u00fcmler g\u00fcn\u00fcm\u00fczde ge\u00e7erli olamaz, ya\u015fanamaz\u201d demek; hi\u00e7 \u015f\u00fcphesiz ve kesin olarak k\u00fcf\u00fcrd\u00fcr, dinin d\u0131\u015f\u0131nda kalmakt\u0131r. Bir ki\u015fi eksiksiz olarak farzlar\u0131, s\u00fcnnetleri, vacipleri yerine getirse fakat Allah Te\u00e2l\u00e2\u2019n\u0131n Kur\u2019an-\u0131 Ker\u00eem\u2019de beyan etti\u011fi bir harama, sadece birine \u201cHel\u00e2ldir\u201d yahut \u201cBu haram ge\u00e7ersizdir\u201d dese, k\u00e2fir olmaktan ve k\u00fcf\u00fcrden kendisini koruyamaz.\n\nFakat bir ki\u015fi emir ve yasaklar\u0131 yerine getiremese de hepsine \u201c\u0130man ettim ve kabul ettim\u201d dese; b\u00f6yle bir insana k\u00e2fir demek de k\u00fcfr\u00fc icap eder. \u00c7\u00fcnk\u00fc bu insan f\u00e2s\u0131k yani g\u00fcnahk\u00e2rd\u0131r ancak k\u00e2fir de\u011fildir. K\u00e2fir olmayana m\u00fc\u015frik ve k\u00e2fir demekse, Efendimiz\u2019in (SAS) il\u00e2n\u0131yla ve kesin ifadesiyle \u201ck\u00e2firlik\u201dtir. G\u00fcn\u00fcm\u00fcz\u00fcn hoca ge\u00e7inen baz\u0131 kimselerine de bu durum bir daha hat\u0131rlat\u0131l\u0131r.\n\n\u0130stanbul'daki Beyaz\u0131t Camii.\n\nTEFERRUATLA U\u011eRA\u015eILIYOR\n\n\u0130sl\u00e2m; bir ki\u015finin iman\u0131na, hep tevil edebilecek \u015fekilde nezaketle muameleyi getirmi\u015ftir. \u00d6k\u00fcz alt\u0131nda buza\u011f\u0131 arar gibi M\u00fcsl\u00fcmanlar\u0131 tekfir edebilecek bahaneler arama sevdas\u0131nda olanlar, ilk \u00f6nce Kur\u2019an-\u0131 Ker\u00eem\u2019in ayetlerini, ahl\u00e2k ve ahk\u00e2m\u0131n\u0131, Efendimiz\u2019in (SAS) s\u00fcnnetini hafife alanlarla yahut ink\u00e2r edenlerle u\u011fra\u015fs\u0131nlar. E\u011fer etraflar\u0131ndaki M\u00fcsl\u00fcmanlar\u0131 be\u011fenmiyor ve onlar\u0131 yeterli g\u00f6rm\u00fcyorlarsa bunu insan ve adam gibi, \u00e2lime ve \u0130sl\u00e2m\u2019a yak\u0131\u015f\u0131r \u015fekilde hizmet ederek, bu u\u011furda \u00e7al\u0131\u015farak hatta \u00e7era\u011f gibi yanarak ortaya koysunlar. Her f\u0131rsatta ashab-\u0131 kir\u00e2m\u0131n \u0130sl\u00e2m\u2019\u0131 ya\u015fay\u0131\u015f\u0131n\u0131 \u00f6rnek olarak getirip tokmakla m\u00fc\u2019minlerin kafas\u0131na vuracaklar\u0131na, ilk \u00f6nce kendileri, ashab gibi M\u00fcsl\u00fcmanlar\u0131n yeti\u015ftirilebilece\u011fi saha ve zemini a\u00e7s\u0131nlar. Kendi yapmad\u0131klar\u0131n\u0131 da yapm\u0131\u015f gibi anlatmas\u0131nlar.\n\nG\u00fcn\u00fcm\u00fczde maalesef itikat ve ak\u00e2idle al\u00e2kal\u0131 ciddi bir e\u011fitim verilmemektedir. \u0130nsanlar amellerdeki teferruatla u\u011fra\u015ft\u0131r\u0131lmakta, amellerin de\u011fer kazanabilmesi i\u00e7in l\u00e2z\u0131m olan iman temellerine dikkat \u00e7ekilmemektedir. Hele baz\u0131lar\u0131na \u015firin g\u00f6r\u00fcnmek ad\u0131na, itikat ve iman mevzular\u0131ndaki sapk\u0131nl\u0131klara prim verilmesi, sanki biz M\u00fcsl\u00fcman olmakla hata etmi\u015fiz de \u0130sl\u00e2m\u2019\u0131n d\u0131\u015f\u0131nda ne kadar sap\u0131k d\u00fc\u015f\u00fcnce varsa isabet etmi\u015f gibi ho\u015fg\u00f6r\u00fc ve diyalog \u00e7\u0131\u011f\u0131rtkanl\u0131\u011f\u0131; sa\u011flam imanl\u0131 v\u00fccutlar\u0131n midesini buland\u0131rmaktad\u0131r. El-ins\u00e2f, el-ins\u00e2f...\n\n\u2018SEL\u00c2MI ARANIZDA YAYINIZ\u2019\n\nEfendimiz\u2019in (SAS) saadetle buyurduklar\u0131n\u0131 mealen sizlere aktaral\u0131m:\n\n\u201c\u0130man etmedik\u00e7e cennete giremezsiniz, birbirinizi yani imanda bulu\u015fan karde\u015flerinizi sevmedik\u00e7e (onlar yan\u0131nda, saf\u0131nda, \u00e7izgisinde, zevkinde, h\u00fczn\u00fcnde, derdinde, ne\u015fesinde bulu\u015fmad\u0131k\u00e7a) iman etmi\u015f olamazs\u0131n\u0131z. Aran\u0131zda bu muhabbeti yayacak, vesile olacak \u015feyi size s\u00f6yleyeyim mi? Sel\u00e2m\u0131 birbiriniz aras\u0131nda yay\u0131n\u0131z.\u201d\n\n\u201cBirbirinize riya ile sel\u00e2m vermeyin, bu iman\u0131n tezah\u00fcr\u00fc olarak sel\u00e2mla\u015f\u0131n. Maslahat i\u00e7in, para i\u00e7in, pul i\u00e7in, \u2018\u0130yi M\u00fcsl\u00fcman\u2019 desinler diye, \u2018Ne kadar iyi, ne kadar ho\u015f, ne kadar ahl\u00e2kl\u0131!\u2019 desinler diye de\u011fil, Allah Te\u00e2l\u00e2\u2019y\u0131 \u00e7ok sevdi\u011finiz ve iman etti\u011finiz i\u00e7in m\u00fc\u2019min karde\u015finize kavu\u015ftu\u011funuzda, aynen cennete beraber girdi\u011finizde ya\u015fayaca\u011f\u0131n\u0131z h\u00e2li g\u00f6stermek, kar\u015f\u0131n\u0131zdaki insana hi\u00e7bir \u015fekilde h\u0131yanet etmedi\u011finizin zahiren en k\u00fc\u00e7\u00fck al\u00e2meti olarak \u2018Es-sel\u00e2mu aleyk\u00fcm\u2019 deyiniz\u201d buyurulmas\u0131n\u0131 acaba ne zaman anlayaca\u011f\u0131z? S\u0131rf maslahat i\u00e7in baz\u0131 kimselerin \u00f6n plana \u00e7\u0131kabildi\u011fi toplumumuzda, bir M\u00fcsl\u00fcman\u2019a M\u00fcsl\u00fcmanca sel\u00e2m vermek \u015fuuruna eri\u015fmeden hangi cennetten, hangi imandan bahsedebiliriz?\n\nK\u0131ymetli okurlar\u0131m\u0131z! Bu anlatt\u0131klar\u0131m\u0131z fevkal\u00e2de \u00f6nemli mevzulard\u0131r. L\u00fctfen ak\u00e2id, itikatla al\u00e2kal\u0131 bahisleri \u00e7ok iyi \u00f6\u011frenelim. Sonra \u201cKendi d\u00fc\u015fen a\u011flamaz\u201d derler ya, bu itikad\u00ee bozukluklar\u0131m\u0131z\u0131n k\u00f6t\u00fc amel olarak v\u00fccuda gelen neticeleri y\u00fcz\u00fcnden ah \u00fc figan etmeyelim. \u201cNereden ba\u015f\u0131m\u0131za geldi bu zul\u00fcm! Allah\u2019\u0131m ben nerede hata ettim?\u201d diye d\u00f6v\u00fcn\u00fcp durmayal\u0131m.\n\nAYET-\u0130 KER\u0130ME\n\n\u201cEy Rabb\u2019imiz! Senin indirdi\u011fine \u00eem\u00e2n ettik ve o Resul\u2019e (SAS) t\u00e2bi olduk. Bizi, birli\u011fini ve peygamberlerini tasdik eden \u015f\u00e2hitler ile beraber yaz!\u201d\n\n\u00c2l-i \u0130mr\u00e2n 53\n\nHAD\u0130S-\u0130 \u015eER\u0130F\n\n\u201cKalbinde hardal tanesi kadar iman bulunan bir kimse cehenneme girmez. Kalbinde hardal tanesi kadar kibir bulunan kimse de cennete girmez.\u201d Hadis-i \u015ferif -\n\nM\u00fcslim, Ebu Davud, Tirmiz\u00ee",
    "keywords": [
        "gerekir",
        "ne",
        "i\u00e7in",
        "k\u00e2fir",
        "bir",
        "olarak",
        "i\u0307tikatla",
        "gibi",
        "iyi",
        "\u00e7ok",
        "sas",
        "\u00f6\u011frenmek",
        "ve",
        "bahisleri",
        "kadar",
        "al\u00e2kal\u0131",
        "bu"
    ],
    "meta_keywords": [
        ""
    ],
    "publish_date": {
        "$date": 1541149540000
    },
    "summary": "KIYMETL\u0130 dostlar!\n\u0130man ve ak\u00e2id ile al\u00e2kal\u0131 mevzular mutlaka her m\u00fc\u2019minin bilmesi gereken, son derece \u00f6nemli konular\u0131 i\u00e7ermektedir.\n\u0130man \u00e7er\u00e7evesi denildi\u011finde; kitapla, Kur\u2019an-\u0131 Ker\u00eem\u2019le ve s\u00fcnnetle, yani Efendimiz\u2019in (SAS) tatbikat\u0131yla s\u00e2bit olan farz, vacip, emir ve nehiyler hatta hel\u00e2l ve haramlar bu \u00e7er\u00e7eve i\u00e7erisinde kabul edilmelidir.\nEmredilenler kul taraf\u0131ndan uygulanmasa, yap\u0131lmasa da bu emir ve nehiylerin varl\u0131\u011f\u0131 asla ink\u00e2r edilmemelidir.\nKur\u2019an-\u0131 Ker\u00eem\u2019in herhangi bir h\u00fckm\u00fc hakk\u0131nda \u201cB\u00f6yle bir h\u00fck\u00fcm yoktur\u201d yahut \u201cBu zaman ile y\u00fczy\u0131llar \u00f6ncesinin ger\u00e7ekleri bir de\u011fil, bu h\u00fck\u00fcmler g\u00fcn\u00fcm\u00fczde ge\u00e7erli olamaz, ya\u015fanamaz\u201d demek; hi\u00e7 \u015f\u00fcphesiz ve kesin olarak k\u00fcf\u00fcrd\u00fcr, dinin d\u0131\u015f\u0131nda kalmakt\u0131r.\nBir ki\u015fi eksiksiz olarak farzlar\u0131, s\u00fcnnetleri, vacipleri yerine getirse fakat Allah Te\u00e2l\u00e2\u2019n\u0131n Kur\u2019an-\u0131 Ker\u00eem\u2019de beyan etti\u011fi bir harama, sadece birine \u201cHel\u00e2ldir\u201d yahut \u201cBu haram ge\u00e7ersizdir\u201d dese, k\u00e2fir olmaktan ve k\u00fcf\u00fcrden kendisini koruyamaz.\nFakat bir ki\u015fi emir ve yasaklar\u0131 yerine getiremese de hepsine \u201c\u0130man ettim ve kabul ettim\u201d dese; b\u00f6yle bir insana k\u00e2fir demek de k\u00fcfr\u00fc icap eder.\n\u00c7\u00fcnk\u00fc bu insan f\u00e2s\u0131k yani g\u00fcnahk\u00e2rd\u0131r ancak k\u00e2fir de\u011fildir.\nK\u00e2fir olmayana m\u00fc\u015frik ve k\u00e2fir demekse, Efendimiz\u2019in (SAS) il\u00e2n\u0131yla ve kesin ifadesiyle \u201ck\u00e2firlik\u201dtir.\nG\u00fcn\u00fcm\u00fcz\u00fcn hoca ge\u00e7inen baz\u0131 kimselerine de bu durum bir daha hat\u0131rlat\u0131l\u0131r.\n\u0130stanbul'daki Beyaz\u0131t Camii.\nTEFERRUATLA U\u011eRA\u015eILIYOR\u0130sl\u00e2m; bir ki\u015finin iman\u0131na, hep tevil edebilecek \u015fekilde nezaketle muameleyi getirmi\u015ftir.\n\u00d6k\u00fcz alt\u0131nda buza\u011f\u0131 arar gibi M\u00fcsl\u00fcmanlar\u0131 tekfir edebilecek bahaneler arama sevdas\u0131nda olanlar, ilk \u00f6nce Kur\u2019an-\u0131 Ker\u00eem\u2019in ayetlerini, ahl\u00e2k ve ahk\u00e2m\u0131n\u0131, Efendimiz\u2019in (SAS) s\u00fcnnetini hafife alanlarla yahut ink\u00e2r edenlerle u\u011fra\u015fs\u0131nlar.\nE\u011fer etraflar\u0131ndaki M\u00fcsl\u00fcmanlar\u0131 be\u011fenmiyor ve onlar\u0131 yeterli g\u00f6rm\u00fcyorlarsa bunu insan ve adam gibi, \u00e2lime ve \u0130sl\u00e2m\u2019a yak\u0131\u015f\u0131r \u015fekilde hizmet ederek, bu u\u011furda \u00e7al\u0131\u015farak hatta \u00e7era\u011f gibi yanarak ortaya koysunlar.\nHer f\u0131rsatta ashab-\u0131 kir\u00e2m\u0131n \u0130sl\u00e2m\u2019\u0131 ya\u015fay\u0131\u015f\u0131n\u0131 \u00f6rnek olarak getirip tokmakla m\u00fc\u2019minlerin kafas\u0131na vuracaklar\u0131na, ilk \u00f6nce kendileri, ashab gibi M\u00fcsl\u00fcmanlar\u0131n yeti\u015ftirilebilece\u011fi saha ve zemini a\u00e7s\u0131nlar.\nKendi yapmad\u0131klar\u0131n\u0131 da yapm\u0131\u015f gibi anlatmas\u0131nlar.\nG\u00fcn\u00fcm\u00fczde maalesef itikat ve ak\u00e2idle al\u00e2kal\u0131 ciddi bir e\u011fitim verilmemektedir.\n\u0130nsanlar amellerdeki teferruatla u\u011fra\u015ft\u0131r\u0131lmakta, amellerin de\u011fer kazanabilmesi i\u00e7in l\u00e2z\u0131m olan iman temellerine dikkat \u00e7ekilmemektedir.\nHele baz\u0131lar\u0131na \u015firin g\u00f6r\u00fcnmek ad\u0131na, itikat ve iman mevzular\u0131ndaki sapk\u0131nl\u0131klara prim verilmesi, sanki biz M\u00fcsl\u00fcman olmakla hata etmi\u015fiz de \u0130sl\u00e2m\u2019\u0131n d\u0131\u015f\u0131nda ne kadar sap\u0131k d\u00fc\u015f\u00fcnce varsa isabet etmi\u015f gibi ho\u015fg\u00f6r\u00fc ve diyalog \u00e7\u0131\u011f\u0131rtkanl\u0131\u011f\u0131; sa\u011flam imanl\u0131 v\u00fccutlar\u0131n midesini buland\u0131rmaktad\u0131r.\nEl-ins\u00e2f, el-ins\u00e2f...\u2018SEL\u00c2MI ARANIZDA YAYINIZ\u2019Efendimiz\u2019in (SAS) saadetle buyurduklar\u0131n\u0131 mealen sizlere aktaral\u0131m:\u201c\u0130man etmedik\u00e7e cennete giremezsiniz, birbirinizi yani imanda bulu\u015fan karde\u015flerinizi sevmedik\u00e7e (onlar yan\u0131nda, saf\u0131nda, \u00e7izgisinde, zevkinde, h\u00fczn\u00fcnde, derdinde, ne\u015fesinde bulu\u015fmad\u0131k\u00e7a) iman etmi\u015f olamazs\u0131n\u0131z.\nAran\u0131zda bu muhabbeti yayacak, vesile olacak \u015feyi size s\u00f6yleyeyim mi?\nSel\u00e2m\u0131 birbiriniz aras\u0131nda yay\u0131n\u0131z.\u201d\u201cBirbirinize riya ile sel\u00e2m vermeyin, bu iman\u0131n tezah\u00fcr\u00fc olarak sel\u00e2mla\u015f\u0131n.\nMaslahat i\u00e7in, para i\u00e7in, pul i\u00e7in, \u2018\u0130yi M\u00fcsl\u00fcman\u2019 desinler diye, \u2018Ne kadar iyi, ne kadar ho\u015f, ne kadar ahl\u00e2kl\u0131!\u2019 desinler diye de\u011fil, Allah Te\u00e2l\u00e2\u2019y\u0131 \u00e7ok sevdi\u011finiz ve iman etti\u011finiz i\u00e7in m\u00fc\u2019min karde\u015finize kavu\u015ftu\u011funuzda, aynen cennete beraber girdi\u011finizde ya\u015fayaca\u011f\u0131n\u0131z h\u00e2li g\u00f6stermek, kar\u015f\u0131n\u0131zdaki insana hi\u00e7bir \u015fekilde h\u0131yanet etmedi\u011finizin zahiren en k\u00fc\u00e7\u00fck al\u00e2meti olarak \u2018Es-sel\u00e2mu aleyk\u00fcm\u2019 deyiniz\u201d buyurulmas\u0131n\u0131 acaba ne zaman anlayaca\u011f\u0131z?\nS\u0131rf maslahat i\u00e7in baz\u0131 kimselerin \u00f6n plana \u00e7\u0131kabildi\u011fi toplumumuzda, bir M\u00fcsl\u00fcman\u2019a M\u00fcsl\u00fcmanca sel\u00e2m vermek \u015fuuruna eri\u015fmeden hangi cennetten, hangi imandan bahsedebiliriz?\nK\u0131ymetli okurlar\u0131m\u0131z!\nBu anlatt\u0131klar\u0131m\u0131z fevkal\u00e2de \u00f6nemli mevzulard\u0131r.\nL\u00fctfen ak\u00e2id, itikatla al\u00e2kal\u0131 bahisleri \u00e7ok iyi \u00f6\u011frenelim.\nSonra \u201cKendi d\u00fc\u015fen a\u011flamaz\u201d derler ya, bu itikad\u00ee bozukluklar\u0131m\u0131z\u0131n k\u00f6t\u00fc amel olarak v\u00fccuda gelen neticeleri y\u00fcz\u00fcnden ah \u00fc figan etmeyelim.\n\u201cNereden ba\u015f\u0131m\u0131za geldi bu zul\u00fcm!\nAllah\u2019\u0131m ben nerede hata ettim?\u201d diye d\u00f6v\u00fcn\u00fcp durmayal\u0131m.\nAYET-\u0130 KER\u0130ME\u201cEy Rabb\u2019imiz!\nSenin indirdi\u011fine \u00eem\u00e2n ettik ve o Resul\u2019e (SAS) t\u00e2bi olduk.\nBizi, birli\u011fini ve peygamberlerini tasdik eden \u015f\u00e2hitler ile beraber yaz!\u201d\u00c2l-i \u0130mr\u00e2n 53HAD\u0130S-\u0130 \u015eER\u0130F\u201cKalbinde hardal tanesi kadar iman bulunan bir kimse cehenneme girmez.\nKalbinde hardal tanesi kadar kibir bulunan kimse de cennete girmez.\u201d Hadis-i \u015ferif -M\u00fcslim, Ebu Davud, Tirmiz\u00ee",
    "article_html": "",
    "meta_description": "KIYMETL\u0130 dostlar! \u0130man ve ak\u00e2id ile al\u00e2kal\u0131 mevzular mutlaka her m\u00fc'minin bilmesi gereken, son derece \u00f6nemli konular\u0131 i\u00e7ermektedir. \u0130man \u00e7er\u00e7evesi denildi\u011finde; kitapla, Kur'an-\u0131 Ker\u00eem'le ve s\u00fcnnetle, yani Efendimiz'in (SAS) tatbikat\u0131yla s\u00e2bit olan farz, vacip, emir ve nehiyler hatta hel\u00e2l ve haramlar bu \u00e7er\u00e7eve i\u00e7erisinde kabul edilmelidir. Emredilenler kul taraf\u0131ndan uygulanmasa, yap\u0131lmasa da bu emir ve nehiylerin varl\u0131\u011f\u0131 asla ink\u00e2r edilmemelidir.\nKur'an-\u0131 Ker\u00eem'in herhangi bir h\u00fckm\u00fc hakk\u0131nda \"B\u00f6yle bir h\u00fck\u00fcm yoktur\" yahut \"Bu zaman ile y\u00fczy\u0131llar \u00f6ncesinin ger\u00e7ekleri bir de\u011fil, bu h\u00fck\u00fcmler g\u00fcn\u00fcm\u00fczde ge\u00e7erli olamaz, ya\u015fanamaz\" demek; hi\u00e7...",
    "meta_lang": "tr"
}