{
    "article_id": "15778b2dc397835d3c4d5446fd91d786.1589925705.315538",
    "title": "Efendimiz (SAS) birbirimizi sevmeyi emretmi\u015ftir...",
    "authors": [
        "Yazarin T\u00fcm Yazilarini G\u00f6rmek \u0130\u00e7i\u0307n Tiklayin"
    ],
    "canonical_link": "https://www.haberturk.com/yazarlar/m-fatih-citlak/2197465-efendimiz-sas-birbirimizi-sevmeyi-emretmistir",
    "url": "http://haberturk.com/yazarlar/m-fatih-citlak/2197465-efendimiz-sas-birbirimizi-sevmeyi-emretmistir",
    "top_img": "https://im.haberturk.com/yazarlar/HTGazete/m-fatih-citlak-600x314.jpg?v=1533047847",
    "meta_img": "https://im.haberturk.com/yazarlar/HTGazete/m-fatih-citlak-600x314.jpg?v=1533047847",
    "movies": [],
    "text": "DOSTLAR! Bug\u00fcn bir olma, birlik olma bilincinden bahsetmeye \u00e7al\u0131\u015faca\u011f\u0131z. Peygamber Efendimiz\u2019in (SAS) \u00fcmmeti olmam\u0131z\u0131n yeg\u00e2ne \u015fartlar\u0131ndan birisini; din karde\u015fimizi sevmeyi ve kendimizden \u00fcst\u00fcn tutmay\u0131, \u00f6yle yaparsak d\u00fcnya ve ahirette kazanacaklar\u0131m\u0131z\u0131 anlataca\u011f\u0131z.\n\n\u0130slam, tevhid dinidir. \u00dcstelik bu sadece im\u00e2ni mevzularda de\u011fil, sosyal hayatta da b\u00f6yledir. Tevhid denildi\u011finde im\u00e2ni olarak kastedilen; Allah Te\u00e2l\u00e2\u2019n\u0131n, orta\u011f\u0131, e\u015fi, benzeri, dengi olmayan tekli\u011fi, birli\u011fidir. \u0130hlas suresinde Rabb\u2019imizin beyan buyurduklar\u0131 asl\u0131nda tevhid inanc\u0131m\u0131z\u0131n da temelleridir. Sosyal hayatta ise, bir olmak, tek v\u00fccut olarak hareket etmek manas\u0131nda \u201ctevhid olmak\u201d t\u00e2biri kullan\u0131l\u0131r.\n\nBir olman\u0131n, tek v\u00fccut olarak hareket etmenin g\u00fcc\u00fcn\u00fc kimse ink\u00e2r edemez ancak bu birli\u011fi sa\u011flamak da her zaman m\u00fcmk\u00fcn olamaz. Oysa ki Efendimiz\u2019in (SAS) bu konudaki hadislerini bilsek, de\u011fil sadece birlik olmak, birbirine muhabbetle s\u0131k\u0131 s\u0131k\u0131ya sar\u0131lan bir \u00fcmmet oluruz ki; o zaman, \u201cD\u00fcnyada iki milyara yak\u0131n M\u00fcsl\u00fcman var, nas\u0131l oluyor da M\u00fcsl\u00fcmanlara b\u00f6yle zulmediyorlar!\u201d sorusunu sormaya gerek kalmaz.\n\n\u201cBirbirlerini sevmekte, birbirlerine ac\u0131makta ve birbirlerine \u015fefkat hususunda m\u00fc\u2019minler \u00e2deta tek bir beden gibidirler. Ondan bir uzuv \u015fik\u00e2yet ederse uykusuzluk ve ate\u015fle v\u00fccudun di\u011fer uzuvlar\u0131 da ona i\u015ftirak ederler.\u201d (Hadis-i \u015ferif - Buh\u00e2r\u00ee)\n\nK\u0131ymetli dostlar! Bu hadis-i \u015ferif san\u0131r\u0131m bug\u00fcn i\u00e7ine d\u00fc\u015ft\u00fc\u011f\u00fcm\u00fcz a\u00e7maz\u0131 \u00e7ok net olarak g\u00f6zler \u00f6n\u00fcne seriyor. Yani \u201cBana ne can\u0131m! Elim k\u0131r\u0131ld\u0131ysa k\u0131r\u0131ld\u0131, bana bir \u015fey olmad\u0131\u201d demek ne kadar sa\u00e7ma bir c\u00fcmleyse Filistin\u2019de, Suriye\u2019de, Arakan\u2019da, Do\u011fu T\u00fcrkistan\u2019da veya d\u00fcnyan\u0131n di\u011fer yerlerinde inim inim inleyen din karde\u015flerinin \u00e7ekti\u011fi s\u0131k\u0131nt\u0131lardan dolay\u0131 bir rahats\u0131zl\u0131k duymayan, \u201cOnlar\u0131n i\u00e7 meselesidir, bizi ne ilgilendirir?\u201d diyen, \u201cBizim derdimiz bize yetiyor, bir de m\u00fcltecilere mi bakaca\u011f\u0131z?\u201d diyen, \u201cAfrika\u2019da birbirlerini kesiyorlarm\u0131\u015f, Afrika nere, bura nere, bizim ne i\u015fimiz olur!\u201d diyen ki\u015filerin dedikleri de bir o kadar sa\u00e7mad\u0131r. Bu c\u00fcmleler o ki\u015filerin sadece karde\u015fimiz olmad\u0131klar\u0131n\u0131 de\u011fil, ayn\u0131 zamanda insanl\u0131ktan da nasip almad\u0131klar\u0131n\u0131 g\u00f6sterir. Muhta\u00e7 birisine yard\u0131m elini uzatmak, din karde\u015fimiz olsun veya olmas\u0131n \u00f6nce dinimizin bir emri, sonra insanl\u0131k vazifemizdir...\n\nMimar Sinan'\u0131n Edirne'de yapt\u0131\u011f\u0131 ustal\u0131k eseri, Selimiye Camii.\n\n\u0130SLAM K\u0130\u015e\u0130YE \u015eEREF KATAR\n\nK\u0131ymetli dostlar! Bir s\u00f6z vard\u0131r, gayrim\u00fcslim birisi dinimize girdi\u011finde, \u201c\u0130slam ile \u015fereflendi\u201d deriz. Allah Te\u00e2l\u00e2\u2019ya hamdolsun t\u0131pk\u0131 bizlere katt\u0131\u011f\u0131 gibi \u0130slam o ki\u015fiye de \u015feref katar. Burada bir durup d\u00fc\u015f\u00fcnelim. \u0130slam ki\u015fiye \u015feref katar da, \u0130slam\u2019\u0131n gerektirdi\u011fi emirleri tutmaz, yasaklardan sak\u0131nmazsa o ki\u015fi de \u0130slam\u2019\u0131n katt\u0131\u011f\u0131 \u015ferefi buland\u0131r\u0131r. M\u00fc\u2019min; o \u015ferefi bir \u00f6m\u00fcr boyunca koruyan, en az\u0131ndan korumak i\u00e7in elinden gelen gayreti sarf eden ki\u015fiye denir.\n\nFakat ki\u015finin sadece kendisindeki bu \u015ferefi koruma yolunda \u00e7aba sarf etmesi yetmez, t\u00fcm din karde\u015fleri i\u00e7in de kendisi i\u00e7in etti\u011fi kadar, canla ba\u015fla gayret etmesi gerekir. Yani Efendimiz\u2019in (SAS) buyurdu\u011fu \u00fczre; \u201cKendimiz i\u00e7in istedi\u011fimizi, din karde\u015fimiz i\u00e7in de istemedik\u00e7e ger\u00e7ekten iman etmi\u015f olamay\u0131z.\u201d\n\nDostlar! Efendimiz (SAS) bizlere her defas\u0131nda \u00fcmmet olmam\u0131z\u0131, bir olmam\u0131z\u0131, birbirimizi sevmemizi, s\u0131rt d\u00f6nmememizi, birbirimize destek olmam\u0131z\u0131 emretmi\u015f, bu sayede ahirette kurtulu\u015fa erece\u011fimizi m\u00fcjdelemi\u015ftir. \u00dcstelik b\u00f6yle oldu\u011fumuzda sadece ahirette de\u011fil, d\u00fcnyada da rahata, huzura ve kurtulu\u015fa ereriz. Sadece biz mi, t\u00fcm insanl\u0131k rahata erer.\n\nBak\u0131n ecdad\u0131m\u0131za, y\u00fczlerce sene, \u00fcmmet bilinciyle k\u0131talara h\u00fckmetmi\u015ftir, hem de adaletle. Gayrim\u00fcslimler bile ger\u00e7ek bir m\u00fc\u2019minin idaresi alt\u0131nda olmay\u0131, kendi dinlerinden bir kral\u0131n idaresine tercih etmi\u015ftir. \u00c7\u00fcnk\u00fc \u0130slam\u2019a g\u00f6re yarat\u0131lm\u0131\u015f her mahl\u00fbk \u015fereflidir. Fakat onlardaki \u015ferefi g\u00f6rebilmek i\u00e7in \u00f6nce ki\u015finin \u015fereflenmesi icap eder, bu da ancak ve ancak \u0130slam ile olur. H\u00fcmanizmle, hayvan sevgisiyle olsayd\u0131 bu i\u015fler, d\u00fcnyada bir kulun burnunun kanamamas\u0131 icap ederdi.\n\nPeki \u015fimdi bir ki\u015fi sorabilir \u201cNeden M\u00fcsl\u00fcmanlar bug\u00fcn bu halde?\u201d diye.\n\nK\u0131ymetli dostlar! Bug\u00fcn say\u0131m\u0131z iki milyar\u0131 buldu\u011fu halde, d\u00fcnyan\u0131n d\u00f6rt bir taraf\u0131nda zulme maruz kal\u0131yorsak, \u201cbir\u201d olamay\u0131\u015f\u0131m\u0131zdan ba\u015fka sebep aramaya gerek yoktur herhalde. \u201cNeden bir olam\u0131yoruz derseniz?\u201d onun da cevab\u0131 basit...\n\nEfendimiz\u2019in (SAS) s\u00f6z\u00fcn\u00fc tutmad\u0131\u011f\u0131m\u0131z i\u00e7in.\n\nS\u00fcrekli kendini d\u00fc\u015f\u00fcnen, \u201cBen, ben, ben\u201d diyenden \u201cBiz\u201d demesini, \u201cSen\u201d demesini, din karde\u015fini kendinden aziz tutmas\u0131n\u0131 beklemek pek ger\u00e7ek\u00e7i olmaz...\n\nBirbirimizi nas\u0131l sevece\u011fiz?\n\nDostlar bu sorunun cevab\u0131n\u0131, Efendimiz\u2019in (SAS) m\u00fcb\u00e2rek hadis-i \u015feriflerinden yola \u00e7\u0131karak a\u00e7\u0131klamaya \u00e7al\u0131\u015faca\u011f\u0131z. Burada verdi\u011fimiz hadisleri emir bilip tutmak, hayat\u0131m\u0131za uygulamak hem din karde\u015flerimizle \u00fclfet, samimiyet kurmam\u0131za hem de \u00fcmmet bilinciyle hareket edip bir olmam\u0131za, tevhid olmam\u0131za ve tevhid ehli olmam\u0131za vesile olacakt\u0131r, hi\u00e7 \u015f\u00fcphesiz.\n\nMimar Sinan'\u0131n Edirne'de yapt\u0131\u011f\u0131 ustal\u0131k eseri, Selimiye Camii.\n\nHAD\u0130S-\u0130 \u015eER\u0130FLER\n\n\u201cBirbirinizle ilginizi kesmeyiniz, s\u0131rt d\u00f6nmeyiniz, kin tutmay\u0131n\u0131z ve haset etmeyiniz. Ey Allah\u2019\u0131n kullar\u0131! Karde\u015f olunuz. Bir M\u00fcsl\u00fcman\u0131n din karde\u015fini \u00fc\u00e7 g\u00fcnden fazla terk edip k\u00fcs durmas\u0131 hel\u00e2l de\u011fildir.\u201d\n\n(Hadis-i \u015ferif - Buh\u00e2r\u00ee)\n\n\u201cM\u00fc\u2019minler aralar\u0131nda duvarlar\u0131 birbirine destek veren bir bina gibidir.\u201d\n\n(Hadis-i \u015ferif - Buh\u00e2r\u00ee)\n\n\u201cNefsim kudret elinde olan Allah\u2019a (CC) yemin ederim ki, sizler iman etmedik\u00e7e cennete giremezsiniz. Birbirinizi sevmedik\u00e7e de iman etmi\u015f olmazs\u0131n\u0131z. Yapt\u0131\u011f\u0131n\u0131z takdirde birbirinizi sevece\u011finiz bir \u015fey s\u00f6yleyeyim mi? Aran\u0131zda selam\u0131 yay\u0131n\u0131z.\u201d\n\n(Hadis-i \u015ferif - M\u00fcslim)\n\n\u201cSize namaz, oru\u00e7 ve sadakadan daha \u00fcst\u00fcn bir \u015feyi haber vereyim mi? Ara bulmak, bar\u0131\u015ft\u0131rmakt\u0131r. \u00c7\u00fcnk\u00fc aran\u0131n bozulmas\u0131, sa\u00e7\u0131 k\u00f6k\u00fcnden kaz\u0131r demiyorum, dini kaz\u0131r.\u201d\n\n(Hadis-i \u015ferif - Tirmizi)\n\n\u201cSizden biriniz, din karde\u015finin aynas\u0131d\u0131r. \u00d6yleyse onun \u00fczerinde rahats\u0131z edici bir \u015fey g\u00f6rd\u00fc\u011f\u00fcnde gidersin.\u201d\n\n(Hadis-i \u015ferif - Ebu D\u00e2vud)",
    "keywords": [
        "tevhid",
        "efendimiz",
        "i\u00e7in",
        "\u015ferif",
        "birbirimizi",
        "bir",
        "emretmi\u015ftir",
        "din",
        "sas",
        "sevmeyi",
        "da",
        "ve",
        "sadece",
        "bu"
    ],
    "meta_keywords": [
        ""
    ],
    "publish_date": {
        "$date": 1540798465000
    },
    "summary": "Bug\u00fcn bir olma, birlik olma bilincinden bahsetmeye \u00e7al\u0131\u015faca\u011f\u0131z.\nPeygamber Efendimiz\u2019in (SAS) \u00fcmmeti olmam\u0131z\u0131n yeg\u00e2ne \u015fartlar\u0131ndan birisini; din karde\u015fimizi sevmeyi ve kendimizden \u00fcst\u00fcn tutmay\u0131, \u00f6yle yaparsak d\u00fcnya ve ahirette kazanacaklar\u0131m\u0131z\u0131 anlataca\u011f\u0131z.\n\u0130slam, tevhid dinidir.\n\u00dcstelik bu sadece im\u00e2ni mevzularda de\u011fil, sosyal hayatta da b\u00f6yledir.\nTevhid denildi\u011finde im\u00e2ni olarak kastedilen; Allah Te\u00e2l\u00e2\u2019n\u0131n, orta\u011f\u0131, e\u015fi, benzeri, dengi olmayan tekli\u011fi, birli\u011fidir.\n\u0130hlas suresinde Rabb\u2019imizin beyan buyurduklar\u0131 asl\u0131nda tevhid inanc\u0131m\u0131z\u0131n da temelleridir.\nSosyal hayatta ise, bir olmak, tek v\u00fccut olarak hareket etmek manas\u0131nda \u201ctevhid olmak\u201d t\u00e2biri kullan\u0131l\u0131r.\nBir olman\u0131n, tek v\u00fccut olarak hareket etmenin g\u00fcc\u00fcn\u00fc kimse ink\u00e2r edemez ancak bu birli\u011fi sa\u011flamak da her zaman m\u00fcmk\u00fcn olamaz.\nOysa ki Efendimiz\u2019in (SAS) bu konudaki hadislerini bilsek, de\u011fil sadece birlik olmak, birbirine muhabbetle s\u0131k\u0131 s\u0131k\u0131ya sar\u0131lan bir \u00fcmmet oluruz ki; o zaman, \u201cD\u00fcnyada iki milyara yak\u0131n M\u00fcsl\u00fcman var, nas\u0131l oluyor da M\u00fcsl\u00fcmanlara b\u00f6yle zulmediyorlar!\u201d sorusunu sormaya gerek kalmaz.\n\u201cBirbirlerini sevmekte, birbirlerine ac\u0131makta ve birbirlerine \u015fefkat hususunda m\u00fc\u2019minler \u00e2deta tek bir beden gibidirler.\nOndan bir uzuv \u015fik\u00e2yet ederse uykusuzluk ve ate\u015fle v\u00fccudun di\u011fer uzuvlar\u0131 da ona i\u015ftirak ederler.\u201d (Hadis-i \u015ferif - Buh\u00e2r\u00ee)K\u0131ymetli dostlar!\nBu hadis-i \u015ferif san\u0131r\u0131m bug\u00fcn i\u00e7ine d\u00fc\u015ft\u00fc\u011f\u00fcm\u00fcz a\u00e7maz\u0131 \u00e7ok net olarak g\u00f6zler \u00f6n\u00fcne seriyor.\nYani \u201cBana ne can\u0131m!\nElim k\u0131r\u0131ld\u0131ysa k\u0131r\u0131ld\u0131, bana bir \u015fey olmad\u0131\u201d demek ne kadar sa\u00e7ma bir c\u00fcmleyse Filistin\u2019de, Suriye\u2019de, Arakan\u2019da, Do\u011fu T\u00fcrkistan\u2019da veya d\u00fcnyan\u0131n di\u011fer yerlerinde inim inim inleyen din karde\u015flerinin \u00e7ekti\u011fi s\u0131k\u0131nt\u0131lardan dolay\u0131 bir rahats\u0131zl\u0131k duymayan, \u201cOnlar\u0131n i\u00e7 meselesidir, bizi ne ilgilendirir?\u201d diyen, \u201cBizim derdimiz bize yetiyor, bir de m\u00fcltecilere mi bakaca\u011f\u0131z?\u201d diyen, \u201cAfrika\u2019da birbirlerini kesiyorlarm\u0131\u015f, Afrika nere, bura nere, bizim ne i\u015fimiz olur!\u201d diyen ki\u015filerin dedikleri de bir o kadar sa\u00e7mad\u0131r.\nBu c\u00fcmleler o ki\u015filerin sadece karde\u015fimiz olmad\u0131klar\u0131n\u0131 de\u011fil, ayn\u0131 zamanda insanl\u0131ktan da nasip almad\u0131klar\u0131n\u0131 g\u00f6sterir.\nMuhta\u00e7 birisine yard\u0131m elini uzatmak, din karde\u015fimiz olsun veya olmas\u0131n \u00f6nce dinimizin bir emri, sonra insanl\u0131k vazifemizdir...Mimar Sinan'\u0131n Edirne'de yapt\u0131\u011f\u0131 ustal\u0131k eseri, Selimiye Camii.\n\u0130SLAM K\u0130\u015e\u0130YE \u015eEREF KATARK\u0131ymetli dostlar!\nBir s\u00f6z vard\u0131r, gayrim\u00fcslim birisi dinimize girdi\u011finde, \u201c\u0130slam ile \u015fereflendi\u201d deriz.\nAllah Te\u00e2l\u00e2\u2019ya hamdolsun t\u0131pk\u0131 bizlere katt\u0131\u011f\u0131 gibi \u0130slam o ki\u015fiye de \u015feref katar.\nBurada bir durup d\u00fc\u015f\u00fcnelim.\n\u0130slam ki\u015fiye \u015feref katar da, \u0130slam\u2019\u0131n gerektirdi\u011fi emirleri tutmaz, yasaklardan sak\u0131nmazsa o ki\u015fi de \u0130slam\u2019\u0131n katt\u0131\u011f\u0131 \u015ferefi buland\u0131r\u0131r.\nM\u00fc\u2019min; o \u015ferefi bir \u00f6m\u00fcr boyunca koruyan, en az\u0131ndan korumak i\u00e7in elinden gelen gayreti sarf eden ki\u015fiye denir.\nFakat ki\u015finin sadece kendisindeki bu \u015ferefi koruma yolunda \u00e7aba sarf etmesi yetmez, t\u00fcm din karde\u015fleri i\u00e7in de kendisi i\u00e7in etti\u011fi kadar, canla ba\u015fla gayret etmesi gerekir.\nYani Efendimiz\u2019in (SAS) buyurdu\u011fu \u00fczre; \u201cKendimiz i\u00e7in istedi\u011fimizi, din karde\u015fimiz i\u00e7in de istemedik\u00e7e ger\u00e7ekten iman etmi\u015f olamay\u0131z.\u201dDostlar!\nEfendimiz (SAS) bizlere her defas\u0131nda \u00fcmmet olmam\u0131z\u0131, bir olmam\u0131z\u0131, birbirimizi sevmemizi, s\u0131rt d\u00f6nmememizi, birbirimize destek olmam\u0131z\u0131 emretmi\u015f, bu sayede ahirette kurtulu\u015fa erece\u011fimizi m\u00fcjdelemi\u015ftir.\n\u00dcstelik b\u00f6yle oldu\u011fumuzda sadece ahirette de\u011fil, d\u00fcnyada da rahata, huzura ve kurtulu\u015fa ereriz.\nSadece biz mi, t\u00fcm insanl\u0131k rahata erer.\nBak\u0131n ecdad\u0131m\u0131za, y\u00fczlerce sene, \u00fcmmet bilinciyle k\u0131talara h\u00fckmetmi\u015ftir, hem de adaletle.\nGayrim\u00fcslimler bile ger\u00e7ek bir m\u00fc\u2019minin idaresi alt\u0131nda olmay\u0131, kendi dinlerinden bir kral\u0131n idaresine tercih etmi\u015ftir.\n\u00c7\u00fcnk\u00fc \u0130slam\u2019a g\u00f6re yarat\u0131lm\u0131\u015f her mahl\u00fbk \u015fereflidir.\nFakat onlardaki \u015ferefi g\u00f6rebilmek i\u00e7in \u00f6nce ki\u015finin \u015fereflenmesi icap eder, bu da ancak ve ancak \u0130slam ile olur.\nH\u00fcmanizmle, hayvan sevgisiyle olsayd\u0131 bu i\u015fler, d\u00fcnyada bir kulun burnunun kanamamas\u0131 icap ederdi.\nPeki \u015fimdi bir ki\u015fi sorabilir \u201cNeden M\u00fcsl\u00fcmanlar bug\u00fcn bu halde?\u201d diye.\nK\u0131ymetli dostlar!\nBug\u00fcn say\u0131m\u0131z iki milyar\u0131 buldu\u011fu halde, d\u00fcnyan\u0131n d\u00f6rt bir taraf\u0131nda zulme maruz kal\u0131yorsak, \u201cbir\u201d olamay\u0131\u015f\u0131m\u0131zdan ba\u015fka sebep aramaya gerek yoktur herhalde.\n\u201cNeden bir olam\u0131yoruz derseniz?\u201d onun da cevab\u0131 basit...Efendimiz\u2019in (SAS) s\u00f6z\u00fcn\u00fc tutmad\u0131\u011f\u0131m\u0131z i\u00e7in.\nS\u00fcrekli kendini d\u00fc\u015f\u00fcnen, \u201cBen, ben, ben\u201d diyenden \u201cBiz\u201d demesini, \u201cSen\u201d demesini, din karde\u015fini kendinden aziz tutmas\u0131n\u0131 beklemek pek ger\u00e7ek\u00e7i olmaz...Birbirimizi nas\u0131l sevece\u011fiz?\nDostlar bu sorunun cevab\u0131n\u0131, Efendimiz\u2019in (SAS) m\u00fcb\u00e2rek hadis-i \u015feriflerinden yola \u00e7\u0131karak a\u00e7\u0131klamaya \u00e7al\u0131\u015faca\u011f\u0131z.\nBurada verdi\u011fimiz hadisleri emir bilip tutmak, hayat\u0131m\u0131za uygulamak hem din karde\u015flerimizle \u00fclfet, samimiyet kurmam\u0131za hem de \u00fcmmet bilinciyle hareket edip bir olmam\u0131za, tevhid olmam\u0131za ve tevhid ehli olmam\u0131za vesile olacakt\u0131r, hi\u00e7 \u015f\u00fcphesiz.\nMimar Sinan'\u0131n Edirne'de yapt\u0131\u011f\u0131 ustal\u0131k eseri, Selimiye Camii.\nHAD\u0130S-\u0130 \u015eER\u0130FLER\u201cBirbirinizle ilginizi kesmeyiniz, s\u0131rt d\u00f6nmeyiniz, kin tutmay\u0131n\u0131z ve haset etmeyiniz.\nEy Allah\u2019\u0131n kullar\u0131!\nKarde\u015f olunuz.\nBir M\u00fcsl\u00fcman\u0131n din karde\u015fini \u00fc\u00e7 g\u00fcnden fazla terk edip k\u00fcs durmas\u0131 hel\u00e2l de\u011fildir.\u201d(Hadis-i \u015ferif - Buh\u00e2r\u00ee)\u201cM\u00fc\u2019minler aralar\u0131nda duvarlar\u0131 birbirine destek veren bir bina gibidir.\u201d(Hadis-i \u015ferif - Buh\u00e2r\u00ee)\u201cNefsim kudret elinde olan Allah\u2019a (CC) yemin ederim ki, sizler iman etmedik\u00e7e cennete giremezsiniz.\nBirbirinizi sevmedik\u00e7e de iman etmi\u015f olmazs\u0131n\u0131z.\nYapt\u0131\u011f\u0131n\u0131z takdirde birbirinizi sevece\u011finiz bir \u015fey s\u00f6yleyeyim mi?\nAran\u0131zda selam\u0131 yay\u0131n\u0131z.\u201d(Hadis-i \u015ferif - M\u00fcslim)\u201cSize namaz, oru\u00e7 ve sadakadan daha \u00fcst\u00fcn bir \u015feyi haber vereyim mi?\nAra bulmak, bar\u0131\u015ft\u0131rmakt\u0131r.\n\u00c7\u00fcnk\u00fc aran\u0131n bozulmas\u0131, sa\u00e7\u0131 k\u00f6k\u00fcnden kaz\u0131r demiyorum, dini kaz\u0131r.\u201d(Hadis-i \u015ferif - Tirmizi)\u201cSizden biriniz, din karde\u015finin aynas\u0131d\u0131r.\n\u00d6yleyse onun \u00fczerinde rahats\u0131z edici bir \u015fey g\u00f6rd\u00fc\u011f\u00fcnde gidersin.\u201d(Hadis-i \u015ferif - Ebu D\u00e2vud)",
    "article_html": "",
    "meta_description": "DOSTLAR! Bug\u00fcn bir olma, birlik olma bilincinden bahsetmeye \u00e7al\u0131\u015faca\u011f\u0131z. Peygamber Efendimiz'in (SAS) \u00fcmmeti olmam\u0131z\u0131n yeg\u00e2ne \u015fartlar\u0131ndan birisini; din karde\u015fimizi sevmeyi ve kendimizden \u00fcst\u00fcn tutmay\u0131, \u00f6yle yaparsak d\u00fcnya ve ahirette kazanacaklar\u0131m\u0131z\u0131 anlataca\u011f\u0131z.\n\u0130slam, tevhid dinidir. \u00dcstelik bu sadece im\u00e2ni mevzularda de\u011fil, sosyal hayatta da b\u00f6yledir. Tevhid denildi\u011finde im\u00e2ni olarak kastedilen; Allah Te\u00e2l\u00e2'n\u0131n, orta\u011f\u0131, e\u015fi, benzeri, dengi olmayan tekli\u011fi, birli\u011fidir. \u0130hlas suresinde Rabb'imizin beyan buyurduklar\u0131 asl\u0131nda tevhid inanc\u0131m\u0131z\u0131n da temelleridir. Sosyal hayatta ise, bir olmak, tek v\u00fccut olarak hareket etmek manas\u0131nda \"tevhid...",
    "meta_lang": "tr"
}