{
    "article_id": "68688c298c83c23beb6e75e10706ecc2.1589925706.0874057",
    "title": "Ahmet Ha\u015fim evlendikten 18 g\u00fcn sonra vefat etti",
    "authors": [],
    "canonical_link": "https://www.haberturk.com/ahmet-hasim-evlendikten-18-gun-sonra-vefat-etti-2683946",
    "url": "http://haberturk.com/ahmet-hasim-evlendikten-18-gun-sonra-vefat-etti-2683946",
    "top_img": "https://im.haberturk.com/2020/05/18/ver1589831969/2683946_1200x627.jpg",
    "meta_img": "https://im.haberturk.com/2020/05/18/ver1589831969/2683946_1200x627.jpg",
    "movies": [],
    "text": "Mehmet \u00c7al\u0131\u015fkan mcaliskan@cyh.com.tr\n\nAhmet Ha\u015fim, 1887'de Ba\u011fdat'ta do\u011fdu.\n\nBabas\u0131; Ba\u011fdat'\u0131n en bilinen ailelerinden Alusizadeler'e mensup kaymakam Hikmet Bey.\n\nAnnesi; Ba\u011fdat'\u0131n ileri gelenlerinden Kahyazadeler'in k\u0131z\u0131 Sara Han\u0131m.\n\nBabas\u0131n\u0131n Arabistan vilayetlerindeki memuriyetleri nedeniyle d\u00fczensiz bir ilkokul tahsili g\u00f6ren Ahmet Ha\u015fim, annesinin \u00f6l\u00fcm\u00fc \u00fczerine 12 ya\u015f\u0131nda babas\u0131yla birlikte \u0130stanbul'a gelerek Galatasaray Sultanisi'nde yat\u0131l\u0131 olarak okumaya ba\u015flad\u0131. Sanata ve edebiyata ilgisi burada ba\u015flayan Ahmet Ha\u015fim, ilk manzumesi 'Ley\u00e2l-i A\u015fk\u0131m'\u0131 1901'de yay\u0131mlad\u0131.\n\nMuallim Naci, Abd\u00fclhak Hamit, Tevfik Fikret ve Cenab \u015eahabettin'in etkisi alt\u0131nda kalan Ahmet Ha\u015fim, 1905 - 1908 aras\u0131nda yazd\u0131\u011f\u0131 ve 'Piy\u00e2le' kitab\u0131na ald\u0131\u011f\u0131 '\u015eir-i Kamer' serisinde bulunan \u015fiirlerindeki hayal zenginli\u011fi, i\u00e7 ahenkteki kuvvet ve b\u00fcy\u00fck telkin kabiliyetiyle dikkat \u00e7ekti.\n\nI. D\u00fcnya Sava\u015f\u0131 s\u0131ras\u0131nda \u00c7anakkale Cephesi'nde bulunan Ahmet Ha\u015fim, sava\u015ftan sonra memurluk ve \u00f6\u011fretmenlik yapt\u0131.\n\n'Edebiyat\u0131 ideolojinin de\u011fil, esteti\u011fin emrine verme' g\u00f6r\u00fc\u015f\u00fcn\u00fc benimseyen Ahmet Ha\u015fim, Fecr-i \u00c2t\u00ee grubunun yay\u0131n organ\u0131 Servet-i F\u00fcn\u00fbn Dergisi'nde \u015fiirler yay\u0131mlad\u0131.\n\nFecr-i Ati'nin da\u011f\u0131lmas\u0131ndan sonra siyasi ve edebi ak\u0131mlar\u0131n d\u0131\u015f\u0131nda kendisine has bir \u015fiir ve nesir anlay\u0131\u015f\u0131n\u0131n tek temsilcisi olarak kalan Ahmet Ha\u015fim, g\u00f6zlemlerini kendi prizmas\u0131ndan ge\u00e7irerek kaleme ald\u0131\u011f\u0131 \u015fiirlerinin yan\u0131 s\u0131ra f\u0131kralar\u0131, denemeleri ve gezi yaz\u0131lar\u0131yla T\u00fcrk Edebiyat\u0131'nda \u00f6nemli bir konum elde etti.\n\n\u00d6mr\u00fc yar\u0131m kalan a\u015fklar ve sonu gelmeyen evlenme te\u015febb\u00fcsleri i\u00e7inde ge\u00e7en Ahmet Ha\u015fim, 1933'te Kad\u0131k\u00f6y'deki evindeki yard\u0131mc\u0131s\u0131 Zarife \u00d6zg\u00fcnl\u00fc ile evlendi.\n\nAhmet Ha\u015fim, evlendikten 18 g\u00fcn sonra 4 Haziran 1933'te 46 ya\u015f\u0131ndayken vefat etti. Ahmet Ha\u015fim, Ey\u00fcp Sultan Camii'nin yan\u0131na defnedildi.\n\n\u015e\u0130\u0130RLER\u0130\n\n* A\u011fa\u00e7\n\n* Ak\u015fam yine topland\u0131 derinde\n\n* Bah\u00e7e\n\n* Bir g\u00fcn\u00fcn sonunda arzu\n\n* Bir Yaz Gecesi Hat\u0131ras\u0131\n\n* B\u00fclB\u00fcl\n\n* Ba\u015f\u0131m\n\n* Gece\n\n* Gelmeden Evvel Geldin Birlikte\n\n* Havuz\n\n* Hayal-i A\u015fk\u0131m\n\n* Karanfil\n\n* Karanl\u0131k\n\n* Kari'e\n\n* Mehtapta Leylekler\n\n* Merdiven (Pop\u00fcler)\n\n* Mukaddime\n\n* O belde\n\n* O Eski H\u00fccreye Benzer ki\n\n* Orman\n\n* \u00d6\u011fle\n\n* Par\u0131lt\u0131\n\n* Seher\n\n* Sonbahar\n\n* S\u00fcvari\n\n* \u015eafakta\n\n* \u015eairsiz D\u00fcnya\n\n* Tahattur\n\n* Yar\u0131 Yol\n\n* G\u00f6l saatleri\n\n* Piyale\n\nD\u0130\u011eER ESERLER\u0130\n\n* Gurabahane-i Laklakan (Deneme)\n\n* Bize G\u00f6re (Deneme)\n\n* Frankfurt Seyahatnamesi (Gezi Yaz\u0131s\u0131)\n\nKARANLIK\n\nA\u015fk\u0131n bu karanl\u0131k gecesinde\n\nB\u00fclb\u00fcl yine vah\u015fi m\u00fcterennim\n\nMecn\u00fbn'u terk etti mi Leyl\u00e2?\n\nVah\u015f\u00ee sesi firkat sesi sand\u0131m.\n\nA\u015fk\u0131n bu karanl\u0131k gecesinde,\n\nHicr\u00e2n\u0131m\u0131 duydum, seni and\u0131m,\n\nFirkatzede b\u00fclb\u00fcl gibi yand\u0131m.\n\n***\n\nB\u0130R YAZ GECES\u0130 HATIRASI\n\n\u0130sveyle, f\u0131s\u0131lt\u0131yla, g\u00fcl\u00fc\u015fle\n\nOlmu\u015f sebi sevda yine bihap\n\nOklar gibi saplanmada kalbe\n\nD\u00fc\u015ft\u00fck\u00e7e semadan yere mehtap...\n\nBuseyle kilitlenmi\u015f a\u011f\u0131zlar\n\nG\u00f6zler neler eyler neler israp! ...\n\nU\u00e7makta bu ate\u015fli havada\n\nVuslat demi bir ku\u015f gibi bitap.\n\n***\n\nKARANF\u0130L\n\nY\u00e2rin duda\u011f\u0131ndan getirilmi\u015f\n\nBir katre \u00e2levdir bu karanfil,\n\nR\u00fbhum ac\u0131s\u0131ndan bunu bildi!\n\nD\u00fc\u015ft\u00fck\u00e7e vurulmu\u015f gibi, yer yer,\n\nK\u0131zg\u0131n kokusundan kelebekler,\n\nG\u00f6nl\u00fcm ona perv\u00e2ne kesildi.\n\n\u00c7AR\u015eAMBA: Zeynep Hatun\n\n'KORONA G\u00dcNLER\u0130NDE \u015e\u0130\u0130R'\u0130N D\u0130\u011eER \u015eA\u0130RLER\u0130",
    "keywords": [
        "sonra",
        "ahmet",
        "ha\u015fim",
        "etti",
        "bir",
        "karanl\u0131k",
        "vefat",
        "18",
        "g\u00fcn",
        "ve",
        "bu",
        "yine",
        "kalan",
        "gibi",
        "evlendikten"
    ],
    "meta_keywords": [
        ""
    ],
    "publish_date": {
        "$date": 1589831969000
    },
    "summary": "Mehmet \u00c7al\u0131\u015fkan mcaliskan@cyh.com.trAhmet Ha\u015fim, 1887'de Ba\u011fdat'ta do\u011fdu.\nBabas\u0131; Ba\u011fdat'\u0131n en bilinen ailelerinden Alusizadeler'e mensup kaymakam Hikmet Bey.\nAnnesi; Ba\u011fdat'\u0131n ileri gelenlerinden Kahyazadeler'in k\u0131z\u0131 Sara Han\u0131m.\nBabas\u0131n\u0131n Arabistan vilayetlerindeki memuriyetleri nedeniyle d\u00fczensiz bir ilkokul tahsili g\u00f6ren Ahmet Ha\u015fim, annesinin \u00f6l\u00fcm\u00fc \u00fczerine 12 ya\u015f\u0131nda babas\u0131yla birlikte \u0130stanbul'a gelerek Galatasaray Sultanisi'nde yat\u0131l\u0131 olarak okumaya ba\u015flad\u0131.\nSanata ve edebiyata ilgisi burada ba\u015flayan Ahmet Ha\u015fim, ilk manzumesi 'Ley\u00e2l-i A\u015fk\u0131m'\u0131 1901'de yay\u0131mlad\u0131.\nMuallim Naci, Abd\u00fclhak Hamit, Tevfik Fikret ve Cenab \u015eahabettin'in etkisi alt\u0131nda kalan Ahmet Ha\u015fim, 1905 - 1908 aras\u0131nda yazd\u0131\u011f\u0131 ve 'Piy\u00e2le' kitab\u0131na ald\u0131\u011f\u0131 '\u015eir-i Kamer' serisinde bulunan \u015fiirlerindeki hayal zenginli\u011fi, i\u00e7 ahenkteki kuvvet ve b\u00fcy\u00fck telkin kabiliyetiyle dikkat \u00e7ekti.\nI. D\u00fcnya Sava\u015f\u0131 s\u0131ras\u0131nda \u00c7anakkale Cephesi'nde bulunan Ahmet Ha\u015fim, sava\u015ftan sonra memurluk ve \u00f6\u011fretmenlik yapt\u0131.\n'Edebiyat\u0131 ideolojinin de\u011fil, esteti\u011fin emrine verme' g\u00f6r\u00fc\u015f\u00fcn\u00fc benimseyen Ahmet Ha\u015fim, Fecr-i \u00c2t\u00ee grubunun yay\u0131n organ\u0131 Servet-i F\u00fcn\u00fbn Dergisi'nde \u015fiirler yay\u0131mlad\u0131.\nFecr-i Ati'nin da\u011f\u0131lmas\u0131ndan sonra siyasi ve edebi ak\u0131mlar\u0131n d\u0131\u015f\u0131nda kendisine has bir \u015fiir ve nesir anlay\u0131\u015f\u0131n\u0131n tek temsilcisi olarak kalan Ahmet Ha\u015fim, g\u00f6zlemlerini kendi prizmas\u0131ndan ge\u00e7irerek kaleme ald\u0131\u011f\u0131 \u015fiirlerinin yan\u0131 s\u0131ra f\u0131kralar\u0131, denemeleri ve gezi yaz\u0131lar\u0131yla T\u00fcrk Edebiyat\u0131'nda \u00f6nemli bir konum elde etti.\n\u00d6mr\u00fc yar\u0131m kalan a\u015fklar ve sonu gelmeyen evlenme te\u015febb\u00fcsleri i\u00e7inde ge\u00e7en Ahmet Ha\u015fim, 1933'te Kad\u0131k\u00f6y'deki evindeki yard\u0131mc\u0131s\u0131 Zarife \u00d6zg\u00fcnl\u00fc ile evlendi.\nAhmet Ha\u015fim, evlendikten 18 g\u00fcn sonra 4 Haziran 1933'te 46 ya\u015f\u0131ndayken vefat etti.\nAhmet Ha\u015fim, Ey\u00fcp Sultan Camii'nin yan\u0131na defnedildi.\n\u015e\u0130\u0130RLER\u0130* A\u011fa\u00e7* Ak\u015fam yine topland\u0131 derinde* Bah\u00e7e* Bir g\u00fcn\u00fcn sonunda arzu* Bir Yaz Gecesi Hat\u0131ras\u0131* B\u00fclB\u00fcl* Ba\u015f\u0131m* Gece* Gelmeden Evvel Geldin Birlikte* Havuz* Hayal-i A\u015fk\u0131m* Karanfil* Karanl\u0131k* Kari'e* Mehtapta Leylekler* Merdiven (Pop\u00fcler)* Mukaddime* O belde* O Eski H\u00fccreye Benzer ki* Orman* \u00d6\u011fle* Par\u0131lt\u0131* Seher* Sonbahar* S\u00fcvari* \u015eafakta* \u015eairsiz D\u00fcnya* Tahattur* Yar\u0131 Yol* G\u00f6l saatleri* PiyaleD\u0130\u011eER ESERLER\u0130* Gurabahane-i Laklakan (Deneme)* Bize G\u00f6re (Deneme)* Frankfurt Seyahatnamesi (Gezi Yaz\u0131s\u0131)KARANLIKA\u015fk\u0131n bu karanl\u0131k gecesindeB\u00fclb\u00fcl yine vah\u015fi m\u00fcterennimMecn\u00fbn'u terk etti mi Leyl\u00e2?\nVah\u015f\u00ee sesi firkat sesi sand\u0131m.\nA\u015fk\u0131n bu karanl\u0131k gecesinde,Hicr\u00e2n\u0131m\u0131 duydum, seni and\u0131m,Firkatzede b\u00fclb\u00fcl gibi yand\u0131m.\n***B\u0130R YAZ GECES\u0130 HATIRASI\u0130sveyle, f\u0131s\u0131lt\u0131yla, g\u00fcl\u00fc\u015fleOlmu\u015f sebi sevda yine bihapOklar gibi saplanmada kalbeD\u00fc\u015ft\u00fck\u00e7e semadan yere mehtap...Buseyle kilitlenmi\u015f a\u011f\u0131zlarG\u00f6zler neler eyler neler israp!\n...U\u00e7makta bu ate\u015fli havadaVuslat demi bir ku\u015f gibi bitap.\n***KARANF\u0130LY\u00e2rin duda\u011f\u0131ndan getirilmi\u015fBir katre \u00e2levdir bu karanfil,R\u00fbhum ac\u0131s\u0131ndan bunu bildi!\nD\u00fc\u015ft\u00fck\u00e7e vurulmu\u015f gibi, yer yer,K\u0131zg\u0131n kokusundan kelebekler,G\u00f6nl\u00fcm ona perv\u00e2ne kesildi.\n\u00c7AR\u015eAMBA: Zeynep Hatun'KORONA G\u00dcNLER\u0130NDE \u015e\u0130\u0130R'\u0130N D\u0130\u011eER \u015eA\u0130RLER\u0130",
    "article_html": "",
    "meta_description": "'Korona G\u00fcnlerinde \u015eiir'in konu\u011fu Ahmet Ha\u015fim, \u015fiirlerinin yan\u0131 s\u0131ra f\u0131kralar\u0131, denemeleri ve gezi yaz\u0131lar\u0131yla T\u00fcrk Edebiyat\u0131'nda \u00f6nemli bir konum elde etti. \u00d6mr\u00fc, yar\u0131m kalan a\u015fklarla ge\u00e7en Ahmet Ha\u015fim, evlendikten 18 g\u00fcn sonra vefat etti",
    "meta_lang": "tr"
}