{
    "article_id": "faa6539ffa92754a9b3821dc3b259dcc.1589925518.0974574",
    "title": "Vir\u00fcs nereden geldi tart\u0131\u015fmalar\u0131nda son durum",
    "authors": [
        "Yazarin T\u00fcm Yazilarini G\u00f6rmek \u0130\u00e7i\u0307n Tiklayin"
    ],
    "canonical_link": "https://www.haberturk.com/yazarlar/prof-dr-temel-yilmaz/2660014-virus-nereden-geldi-tartismalarinda-son-durum",
    "url": "http://haberturk.com/yazarlar/prof-dr-temel-yilmaz/2660014-virus-nereden-geldi-tartismalarinda-son-durum",
    "top_img": "https://im.haberturk.com/yazarlar/HTGazete/prof-dr-temel-yilmaz-600x314.jpg?v=1533827151",
    "meta_img": "https://im.haberturk.com/yazarlar/HTGazete/prof-dr-temel-yilmaz-600x314.jpg?v=1533827151",
    "movies": [],
    "text": "T\u0131pta bilimsel tart\u0131\u015fma \u00e7ok \u00f6nemli.\n\nK\u0131sa tan\u0131m\u0131yla bilimsel tart\u0131\u015fma, kan\u0131ta dayal\u0131 verilerle yap\u0131lan ortak beyin f\u0131rt\u0131nas\u0131 olarak \u00f6zetlenebilir. Do\u011frular\u0131n bulunmas\u0131nda bu bilimsel tart\u0131\u015fmalar\u0131n \u00e7ok \u00f6nemli rol\u00fc var.\n\nGe\u00e7en haftalarda yazd\u0131\u011f\u0131m bir yaz\u0131daki konu ile ilgili son g\u00fcnlerde \u00f6nemli bir tart\u0131\u015fma ortam\u0131 olu\u015ftu.\n\nYaz\u0131n\u0131n konusu, SARS CoV 2 vir\u00fcs\u00fcn\u00fcn, do\u011fal bir vir\u00fcs m\u00fc yoksa bir vir\u00fcs t\u00fcr\u00fcn\u00fcn genomlar\u0131 ile oynanarak laboratuvarda dizayn edilmi\u015f bir \u00fcr\u00fcn\u00fc m\u00fc oldu\u011fu \u00fczerine idi. Asl\u0131nda konu d\u00fcnyada da g\u00fcncel bir konu.\n\nYaz\u0131da bu pandeminin, do\u011fal vir\u00fcs salg\u0131nlar\u0131ndan farkl\u0131 gitti\u011fini, SARS t\u00fcrevi olmas\u0131na ra\u011fmen SARS\u2019tan \u00e7ok az mortalite etkisi oldu\u011fu, buna kar\u015f\u0131n vir\u00fcs\u00fcn yay\u0131lma h\u0131z\u0131n\u0131n \u00e7ok y\u00fcksek oldu\u011funu ve bilinen a\u015f\u0131 ve tedavilere diren\u00e7li oldu\u011funu adrese teslim bir vir\u00fcs gibi g\u00f6r\u00fcnd\u00fc\u011f\u00fcn\u00fc belirtmi\u015ftim.\n\nAyr\u0131ca bir\u00e7ok \u00fclkede vir\u00fcs hen\u00fcz \u00fclkeye yay\u0131lmadan liderleri ve toplumun vitrinindeki ki\u015fileri enfekte etti\u011fi, salg\u0131n\u0131n d\u00fcnyaya prezantasyon \u015fekliyle medyay\u0131 kullanarak \u00f6zel bir alg\u0131 operasyonu yap\u0131ld\u0131\u011f\u0131n\u0131, milyarlarca insan\u0131n evine kapand\u0131\u011f\u0131 ve bu g\u00fcne kadar g\u00f6r\u00fclmemi\u015f bir panik hatta paranoya ortam\u0131n\u0131n olu\u015fturuldu\u011funu anlatm\u0131\u015f ve plan\u0131 \u00f6nceden kurgulanm\u0131\u015f bir senaryonun i\u00e7inde oldu\u011fumuz izlenimi olu\u015ftu\u011funu s\u00f6ylemi\u015ftim.\n\nHARVARD HOCALARI NE D\u0130YOR?\n\nYaz\u0131dan iki g\u00fcn sonra, Sn Ertu\u011frul \u00d6zk\u00f6k\u2019\u00fcn k\u00f6\u015fesinde, benim de yak\u0131n dostum Harvard \u00dcniversitesi\u2019nden Genetik ve Kompleks Hastal\u0131klar B\u00f6l\u00fcm Ba\u015fkan\u0131 Prof. G\u00f6khan Hotam\u0131\u015fl\u0131gil\u2019in bir s\u00f6yle\u015fisi yay\u0131nlad\u0131.\n\nG\u00f6khan Hoca, \u201c\u0130nsan bir vir\u00fcs\u00fc teorik olarak \u00fcretebilir \u015fu andaki teknolojinin en az\u0131ndan baz\u0131 par\u00e7alar\u0131 onun yap\u0131lmas\u0131na m\u00fcsait ama elimizde g\u00fc\u00e7l\u00fc veriler var, bunun bir do\u011fal vir\u00fcs oldu\u011funu d\u00fc\u015f\u00fcn\u00fcyorum\u201d dedi.\n\nBir g\u00fcn sonra da Habert\u00fcrk\u2019te Harvard \u00dcniversitesi\u2019nden Prof. Ashish Jha ve Prof. Hotam\u0131\u015fl\u0131gil ile r\u00f6portaj yay\u0131nland\u0131.\n\nProf. Hotam\u0131\u015fl\u0131gil yine benzer g\u00f6r\u00fc\u015flerini s\u00f6yledi. Ancak K\u00fcresel Sa\u011fl\u0131k Enstit\u00fcs\u00fc Ba\u015fkan\u0131 Prof. Ashish Jha kestirip att\u0131.\n\n\u201dSon derece net kan\u0131tlar var elimizde. Bu vir\u00fcs insan eliyle olu\u015fturulmad\u0131. Bu vir\u00fcs bir laboratuvarda olu\u015fturulmad\u0131. Bu do\u011fal bir s\u00fcre\u00e7. Vir\u00fcs\u00fcn insanlara bula\u015fmas\u0131 s\u00f6z konusu. Bu son derece yayg\u0131n durum. \u0130nsanl\u0131k tarihinde pek \u00e7ok enfekte olaylar olmu\u015ftur. Vir\u00fcsler bazen tavuktan, bazen yarasadan gelirler. Her g\u00fcn b\u00f6yle komplo teorileri duyuyorum, \u015fu \u00fclke, bu ki\u015fi bunu yaratt\u0131 diyorlar. G\u00fc\u00e7l\u00fc kan\u0131tlar var elimizde bu vir\u00fcs\u00fcn nereden geldi\u011fine dair. Vir\u00fcsler do\u011fald\u0131r, bunun do\u011fal yollarla olu\u015ftu\u011funa dair elimizde son derece net kan\u0131tlar var\u201d dedi.\n\nHemen ayn\u0131 g\u00fcnlerde D\u00fcnya Sa\u011fl\u0131k \u00d6rg\u00fct\u00fc (DS\u00d6), bir bas\u0131n toplant\u0131s\u0131nda, ellerindeki b\u00fct\u00fcn kan\u0131tlar\u0131n vir\u00fcs\u00fcn bir laboratuvarda \u00fcretilmedi\u011fini veya manip\u00fcle edilmedi\u011fini, vir\u00fcs\u00fcn hayvan kaynakl\u0131 oldu\u011funu g\u00f6sterdi\u011fini a\u00e7\u0131klad\u0131 ve noktay\u0131 koydu.\n\nTARTI\u015eMA B\u00d6YLECE KAPANDI MI?\n\nT\u0131p profesyonelleri iyi bilir.\n\nSa\u011fl\u0131k alan\u0131ndaki herhangi bir konuda hem D\u00fcnya Sa\u011fl\u0131k \u00d6rg\u00fct\u00fc hem de Harvard\u2019dan uzmanlar ayn\u0131 g\u00f6r\u00fc\u015f\u00fc payla\u015fm\u0131\u015f ve ayn\u0131 y\u00f6nde a\u00e7\u0131klama yapm\u0131\u015fsa tart\u0131\u015fma bitmi\u015ftir.\n\nBu konuda tart\u0131\u015fma bitti mi, bana g\u00f6re hay\u0131r.\n\nHer ne kadar Harvard\u2019\u0131n K\u00fcresel Sa\u011fl\u0131k Enstit\u00fcs\u00fc Ba\u015fkan\u0131\u2019n\u0131n \u201dSon derece net kan\u0131tlar var elimizde. Bu vir\u00fcs insan eliyle olu\u015fturulmad\u0131. Bu vir\u00fcs bir laboratuvarda olu\u015fturulmad\u0131. Bu do\u011fal bir s\u00fcre\u00e7. Vir\u00fcs\u00fcn insanlara bula\u015fmas\u0131 s\u00f6z konusu. Bu son derece yayg\u0131n durum\u201d dese de d\u00fcnya biliyor ki bu durum son derece yayg\u0131n, s\u0131k s\u0131k olan bir durum de\u011fil. \u00dcstelikte mevcut tablo Prof. Jha\u2019n\u0131n \u00e7izdi\u011fi gibi g\u00f6r\u00fcnm\u00fcyor.\n\nArada bu a\u00e7\u0131klamalar yap\u0131l\u0131rken, tam da ayn\u0131 g\u00fcnlerde yine \u00e7ok ilgin\u00e7 geli\u015fmeler oldu.\n\n2008 Nobel \u00f6d\u00fcl sahibi Frans\u0131z bilim adam\u0131 Prof. Luc Montagnier, \"Pourquoi docteur\" internet sitesine verdi\u011fi deme\u00e7te, Kovid-19'un Vuhan'da hayvan pazar\u0131ndan ortaya \u00e7\u0131kt\u0131\u011f\u0131na inanmad\u0131\u011f\u0131n\u0131 s\u00f6yleyerek \"Bu vir\u00fcs, do\u011fal yollarla ortaya \u00e7\u0131kmad\u0131, bunu \u00fcretecek laboratuvarlar var, bu tam bir profesyonel i\u015fi\u201d a\u00e7\u0131klamas\u0131n\u0131 yapt\u0131.\n\nTARTI\u015eMANIN Y\u00d6N\u00dcN\u00dc DE\u011e\u0130\u015eT\u0130RECEK \u00c7OK \u00d6NEML\u0130 B\u0130R L\u0130TERAT\u00dcR\n\nBu tart\u0131\u015fmalar, a\u00e7\u0131klamalar s\u00fcrerken gen\u00e7 bir pediatrik endokrinoloji asistan\u0131 okurum \u201chocam yaz\u0131n\u0131z\u0131 okudum, size ilgin\u00e7 bir literat\u00fcr g\u00f6nderiyorum\" dedi.\n\nLiterat\u00fcr d\u00fcnyan\u0131n en \u00f6nemli bilimsel dergilerinden \u201cNatural Medicine\u201dde yay\u0131nlanan bir \u00e7al\u0131\u015fma.\n\nYaz\u0131n\u0131n ba\u015fl\u0131\u011f\u0131 \u201cA SARS-like cluster of circulating bat coronaviruses shows potential for human emergence\u201d\n\n\u00c7al\u0131\u015fman\u0131n yay\u0131nland\u0131\u011f\u0131 tarih bundan 5 y\u0131l \u00f6ncesi, 2015 y\u0131l\u0131.\n\nYazarlar, North Carolina \u00dcniversitesi, Arkansas FDA Toksikoloji Ara\u015ft\u0131rma Merkezi, Z\u00fcrih Bellinzona Mikrobioloji Enstit\u00fcs\u00fcnden, Wuhan Viroloji Enstit\u00fcs\u00fc ve Harvard \u00dcniversitesi'nden, anonim bir \u00e7al\u0131\u015fma.\n\n\u00c7al\u0131\u015fmada \u00c7in nalburunlu yarasalarda bulunan SARS korona vir\u00fcs\u00fcn\u00fcn revers -ters- genetik sistemi kullan\u0131larak SHCO14 proteini kodlayan yeni bir \u015fimerik vir\u00fcs elde ediliyor.\n\nBu yeni vir\u00fcs\u00fcn \u00f6zellikleri \u00e7ok ilgin\u00e7. Ara\u015ft\u0131rmadan k\u0131sa sonu\u00e7lar\u0131 a\u015fa\u011f\u0131da \u00f6zetlemeye \u00e7al\u0131\u015ft\u0131m.\n\nBu hibrid vir\u00fcs\u00fcn etkileri insan havayolu h\u00fccreleri \u00fczerinde inceleniyor ve \u00e7al\u0131\u015fmada g\u00fcn\u00fcm\u00fczdeki pandemi yapan vir\u00fcs gibi ACE-2 resept\u00f6rlerini kulland\u0131\u011f\u0131, bu yolla insan havayolu h\u00fccrelerinde yeterince \u00e7o\u011falabilece\u011fi, epidemi yapabilme kapasitesine ula\u015fabilece\u011fi g\u00f6steriliyor.\n\nAncak bu yeni laboratuvar dizayn vir\u00fcs\u00fcn epidemik vir\u00fclans\u0131 ve insan havayolu epitel h\u00fccrelerindeki etkisi yani klasik SARS vir\u00fcs\u00fcne g\u00f6re \u00f6ld\u00fcr\u00fcc\u00fc etkisinin daha d\u00fc\u015f\u00fck oldu\u011fu bulunuyor.\n\nBu yeni hibrid vir\u00fcs\u00fcn en \u00f6nemli \u00f6zelli\u011fi de yay\u0131lma \u015fekli ve g\u00fcc\u00fc. Yay\u0131lma kapasitesi ve \u015fekli klasik SARS vir\u00fcs\u00fcnden farkl\u0131.\n\nNormalde SARS korona vir\u00fcs insana iki farkl\u0131 \u015fekilde bula\u015f\u0131yor.\n\nBirinci yol, yarasadan sonra ba\u015fka bir konak canl\u0131ya atlay\u0131p oraya adapte olup mutasyon ge\u00e7irip oradan insana ge\u00e7mesi. \u0130lk SARS salg\u0131n\u0131nda bu ikincil kona\u011f\u0131n kahve ve parf\u00fcmeride kullan\u0131lan \u201ccivet kedisi\u201d ya da misk kedisi oldu\u011funu iddia eden \u00e7al\u0131\u015fmalar var.\n\n\u0130kinci yol yarasadan insana ge\u00e7mesi. Bu yoldan bula\u015fma ancak koronavir\u00fcs\u00fcn ilk konak olan insanda mutasyona u\u011framas\u0131 ve ondan sonra di\u011fer insanlara \u00f6yle ge\u00e7i\u015fi ile m\u00fcmk\u00fcn olabiliyor.\n\nYeni hibrid SHC014-CoV, ise bunlardan \u00e7ok daha farkl\u0131 bir yolu kullan\u0131yor, sentetik vir\u00fcs insana ge\u00e7i\u015fte hi\u00e7bir mutasyona u\u011framadan do\u011frudan insandan insana ge\u00e7i\u015f yap\u0131yor yani \u00e7ok daha h\u0131zl\u0131 yay\u0131l\u0131yor, \u0131rklardan ya da ortam farkl\u0131l\u0131klar\u0131ndan etkilenmiyor ve bula\u015f\u0131c\u0131 kapasitesi \u00e7ok y\u00fcksek.\n\n\u00c7al\u0131\u015fmada vir\u00fcs\u00fcn a\u015f\u0131 ve tedavi direnci konusunda ilgin\u00e7 bir saptama yap\u0131lm\u0131\u015f. \u201cEldeki SARS temelli imm\u00fcn terap\u00f6tik ve profilaktik y\u00f6ntemler de\u011ferlendirildi\u011finde, bunlar\u0131 etkisi ve yararl\u0131\u011f\u0131 d\u00fc\u015f\u00fck bulunmu\u015ftur, hem monoklonal antikor hem a\u015f\u0131 yakla\u015f\u0131mlar\u0131 yeni spike proteinini kullanan CoV enfeksiyonunu n\u00f6tralize etmede ve korunmada ba\u015far\u0131s\u0131z olmu\u015ftur\u201d diyor.\n\nAra\u015ft\u0131rmada sonu\u00e7 olarak \u201cBiz bu bulgular\u0131n \u0131\u015f\u0131\u011f\u0131nda, koronavir\u00fcs\u00fcnden sentetik olarak tam bir enfeksiy\u00f6z SHC014 rekombinant vir\u00fcs\u00fc yeniden t\u00fcrettik ve bu yeni vir\u00fcs\u00fcn hem in-vitro hem in-vivo g\u00fc\u00e7l\u00fc viral replikasyonunu g\u00f6sterdik.\n\nBu \u00e7al\u0131\u015fmam\u0131z, \u015fu anda dola\u015f\u0131mdaki yarasa pop\u00fclasyonlar\u0131ndaki SARS-CoV t\u00fcrevlerinin yeniden ortaya \u00e7\u0131kmas\u0131 ile ilgili potansiyel riske i\u015faret etmektedir\u201d diyor.\n\nD\u00fcnyan\u0131n en sayg\u0131n dergilerinden birinde yay\u0131nlanan makale \u00f6zetle bu.\n\n\u00c7IKARILMASI GEREKEN \u00c7OK \u00d6NEML\u0130 DERSLER\n\nBug\u00fcn d\u00fcnyada pandemi yapan SARS Cov-2 ile bu \u00e7al\u0131\u015fmadaki sentetik vir\u00fcs gibi dizayn bir vir\u00fcs oldu\u011funa dair kan\u0131t aramak gibi bir niyetim yok. Bu konular\u0131n ger\u00e7ekli\u011fini ara\u015ft\u0131rmak uzmanlar\u0131n i\u015fi.\n\nYine Harvard\u2019l\u0131 profes\u00f6r Ashish Jha ve D\u00fcnya Sa\u011fl\u0131k \u00d6rg\u00fct\u00fc y\u00f6neticilerinin bu \u00e7al\u0131\u015fmalardan haberi yok muydu gibi konulara girmeye de niyetim yok.\n\nAncak bu \u00e7al\u0131\u015fmadan ve bu konudaki di\u011fer yay\u0131nlardan \u00e7\u0131kar\u0131lmas\u0131 gereken \u00e7ok \u00f6nemli baz\u0131 sonu\u00e7lar var.\n\nBirincisi bir vir\u00fcsten genomlar\u0131 ile oynanarak yeni bir hibrid vir\u00fcs \u00fcretilebilir. \u0130kincisi bu vir\u00fcs\u00fcn yay\u0131lma g\u00fcc\u00fc ve mortalite (\u00f6ld\u00fcr\u00fcc\u00fc) etkisi ile de\u011fi\u015fir. Konak hayvanlara verilebilir, bu hayvanlardan insanlara ge\u00e7ebilir. \u00dc\u00e7\u00fcnc\u00fcs\u00fc de d\u00fcnyada sentetik hibrid vir\u00fcslerin her zaman yeni bir salg\u0131n olu\u015fturma riski var.\n\nBu vir\u00fcs\u00fcn nereden \u00e7\u0131kt\u0131\u011f\u0131 belki de hi\u00e7bir zaman bilinmeyecek.\n\nAma d\u00fcnyan\u0131n gelece\u011fi i\u00e7in herkesin Bill Gates\u2019in uyar\u0131s\u0131n\u0131 dikkate almas\u0131 gerekir.\n\nArt\u0131k birbirine kar\u015f\u0131t b\u00fcy\u00fck devletleri t\u00fcm\u00fcnde n\u00fckleer silahlar var ve yeni bir n\u00fckleer d\u00fcnya sava\u015f\u0131 d\u00fcnyan\u0131n sonu olur. Bundan sonra insanl\u0131\u011f\u0131 tehdit eden en b\u00fcy\u00fck risk biyolojik sava\u015flar olacak.\n\nBu nedenle \u00e7ok acilen d\u00fcnyadaki t\u00fcm bakteriyoloji ve viroloji laboratuvarlar\u0131n\u0131n n\u00fckleer santraller ve silahlar gibi uluslararas\u0131 bir komite taraf\u0131ndan \u00e7ok ciddi izlenmesi ve denetlenmesi gerekir.\n\nBiliyorum, bu vir\u00fcs salg\u0131n\u0131ndan sonra d\u00fcnya asla bir daha eskisi gibi olmayacak, bu bir ger\u00e7ek.\n\nAma umut ediyorum ki insanl\u0131k b\u00f6yle salg\u0131n\u0131 bir daha bu kadar kolay ya\u015famas\u0131n.",
    "keywords": [
        "vir\u00fcs\u00fcn",
        "vir\u00fcs",
        "son",
        "geldi",
        "bir",
        "tart\u0131\u015fmalar\u0131nda",
        "yeni",
        "sars",
        "\u00e7ok",
        "nereden",
        "ve",
        "durum",
        "ile",
        "gibi",
        "bu"
    ],
    "meta_keywords": [
        ""
    ],
    "publish_date": {
        "$date": 1588086358000
    },
    "summary": "K\u0131sa tan\u0131m\u0131yla bilimsel tart\u0131\u015fma, kan\u0131ta dayal\u0131 verilerle yap\u0131lan ortak beyin f\u0131rt\u0131nas\u0131 olarak \u00f6zetlenebilir.\nDo\u011frular\u0131n bulunmas\u0131nda bu bilimsel tart\u0131\u015fmalar\u0131n \u00e7ok \u00f6nemli rol\u00fc var.\nGe\u00e7en haftalarda yazd\u0131\u011f\u0131m bir yaz\u0131daki konu ile ilgili son g\u00fcnlerde \u00f6nemli bir tart\u0131\u015fma ortam\u0131 olu\u015ftu.\nYaz\u0131n\u0131n konusu, SARS CoV 2 vir\u00fcs\u00fcn\u00fcn, do\u011fal bir vir\u00fcs m\u00fc yoksa bir vir\u00fcs t\u00fcr\u00fcn\u00fcn genomlar\u0131 ile oynanarak laboratuvarda dizayn edilmi\u015f bir \u00fcr\u00fcn\u00fc m\u00fc oldu\u011fu \u00fczerine idi.\nYaz\u0131da bu pandeminin, do\u011fal vir\u00fcs salg\u0131nlar\u0131ndan farkl\u0131 gitti\u011fini, SARS t\u00fcrevi olmas\u0131na ra\u011fmen SARS\u2019tan \u00e7ok az mortalite etkisi oldu\u011fu, buna kar\u015f\u0131n vir\u00fcs\u00fcn yay\u0131lma h\u0131z\u0131n\u0131n \u00e7ok y\u00fcksek oldu\u011funu ve bilinen a\u015f\u0131 ve tedavilere diren\u00e7li oldu\u011funu adrese teslim bir vir\u00fcs gibi g\u00f6r\u00fcnd\u00fc\u011f\u00fcn\u00fc belirtmi\u015ftim.\nYaz\u0131dan iki g\u00fcn sonra, Sn Ertu\u011frul \u00d6zk\u00f6k\u2019\u00fcn k\u00f6\u015fesinde, benim de yak\u0131n dostum Harvard \u00dcniversitesi\u2019nden Genetik ve Kompleks Hastal\u0131klar B\u00f6l\u00fcm Ba\u015fkan\u0131 Prof. G\u00f6khan Hotam\u0131\u015fl\u0131gil\u2019in bir s\u00f6yle\u015fisi yay\u0131nlad\u0131.\nG\u00f6khan Hoca, \u201c\u0130nsan bir vir\u00fcs\u00fc teorik olarak \u00fcretebilir \u015fu andaki teknolojinin en az\u0131ndan baz\u0131 par\u00e7alar\u0131 onun yap\u0131lmas\u0131na m\u00fcsait ama elimizde g\u00fc\u00e7l\u00fc veriler var, bunun bir do\u011fal vir\u00fcs oldu\u011funu d\u00fc\u015f\u00fcn\u00fcyorum\u201d dedi.\nBir g\u00fcn sonra da Habert\u00fcrk\u2019te Harvard \u00dcniversitesi\u2019nden Prof. Ashish Jha ve Prof. Hotam\u0131\u015fl\u0131gil ile r\u00f6portaj yay\u0131nland\u0131.\nBu vir\u00fcs insan eliyle olu\u015fturulmad\u0131.\nBu vir\u00fcs bir laboratuvarda olu\u015fturulmad\u0131.\nBu do\u011fal bir s\u00fcre\u00e7.\nBu son derece yayg\u0131n durum.\nG\u00fc\u00e7l\u00fc kan\u0131tlar var elimizde bu vir\u00fcs\u00fcn nereden geldi\u011fine dair.\nVir\u00fcsler do\u011fald\u0131r, bunun do\u011fal yollarla olu\u015ftu\u011funa dair elimizde son derece net kan\u0131tlar var\u201d dedi.\nHemen ayn\u0131 g\u00fcnlerde D\u00fcnya Sa\u011fl\u0131k \u00d6rg\u00fct\u00fc (DS\u00d6), bir bas\u0131n toplant\u0131s\u0131nda, ellerindeki b\u00fct\u00fcn kan\u0131tlar\u0131n vir\u00fcs\u00fcn bir laboratuvarda \u00fcretilmedi\u011fini veya manip\u00fcle edilmedi\u011fini, vir\u00fcs\u00fcn hayvan kaynakl\u0131 oldu\u011funu g\u00f6sterdi\u011fini a\u00e7\u0131klad\u0131 ve noktay\u0131 koydu.\nSa\u011fl\u0131k alan\u0131ndaki herhangi bir konuda hem D\u00fcnya Sa\u011fl\u0131k \u00d6rg\u00fct\u00fc hem de Harvard\u2019dan uzmanlar ayn\u0131 g\u00f6r\u00fc\u015f\u00fc payla\u015fm\u0131\u015f ve ayn\u0131 y\u00f6nde a\u00e7\u0131klama yapm\u0131\u015fsa tart\u0131\u015fma bitmi\u015ftir.\nHer ne kadar Harvard\u2019\u0131n K\u00fcresel Sa\u011fl\u0131k Enstit\u00fcs\u00fc Ba\u015fkan\u0131\u2019n\u0131n \u201dSon derece net kan\u0131tlar var elimizde.\nBu vir\u00fcs insan eliyle olu\u015fturulmad\u0131.\nBu vir\u00fcs bir laboratuvarda olu\u015fturulmad\u0131.\nBu do\u011fal bir s\u00fcre\u00e7.\nBu son derece yayg\u0131n durum\u201d dese de d\u00fcnya biliyor ki bu durum son derece yayg\u0131n, s\u0131k s\u0131k olan bir durum de\u011fil.\nArada bu a\u00e7\u0131klamalar yap\u0131l\u0131rken, tam da ayn\u0131 g\u00fcnlerde yine \u00e7ok ilgin\u00e7 geli\u015fmeler oldu.\n2008 Nobel \u00f6d\u00fcl sahibi Frans\u0131z bilim adam\u0131 Prof. Luc Montagnier, \"Pourquoi docteur\" internet sitesine verdi\u011fi deme\u00e7te, Kovid-19'un Vuhan'da hayvan pazar\u0131ndan ortaya \u00e7\u0131kt\u0131\u011f\u0131na inanmad\u0131\u011f\u0131n\u0131 s\u00f6yleyerek \"Bu vir\u00fcs, do\u011fal yollarla ortaya \u00e7\u0131kmad\u0131, bunu \u00fcretecek laboratuvarlar var, bu tam bir profesyonel i\u015fi\u201d a\u00e7\u0131klamas\u0131n\u0131 yapt\u0131.\nTARTI\u015eMANIN Y\u00d6N\u00dcN\u00dc DE\u011e\u0130\u015eT\u0130RECEK \u00c7OK \u00d6NEML\u0130 B\u0130R L\u0130TERAT\u00dcRBu tart\u0131\u015fmalar, a\u00e7\u0131klamalar s\u00fcrerken gen\u00e7 bir pediatrik endokrinoloji asistan\u0131 okurum \u201chocam yaz\u0131n\u0131z\u0131 okudum, size ilgin\u00e7 bir literat\u00fcr g\u00f6nderiyorum\" dedi.\nYaz\u0131n\u0131n ba\u015fl\u0131\u011f\u0131 \u201cA SARS-like cluster of circulating bat coronaviruses shows potential for human emergence\u201d\u00c7al\u0131\u015fman\u0131n yay\u0131nland\u0131\u011f\u0131 tarih bundan 5 y\u0131l \u00f6ncesi, 2015 y\u0131l\u0131.\nYazarlar, North Carolina \u00dcniversitesi, Arkansas FDA Toksikoloji Ara\u015ft\u0131rma Merkezi, Z\u00fcrih Bellinzona Mikrobioloji Enstit\u00fcs\u00fcnden, Wuhan Viroloji Enstit\u00fcs\u00fc ve Harvard \u00dcniversitesi'nden, anonim bir \u00e7al\u0131\u015fma.\n\u00c7al\u0131\u015fmada \u00c7in nalburunlu yarasalarda bulunan SARS korona vir\u00fcs\u00fcn\u00fcn revers -ters- genetik sistemi kullan\u0131larak SHCO14 proteini kodlayan yeni bir \u015fimerik vir\u00fcs elde ediliyor.\nBu yeni vir\u00fcs\u00fcn \u00f6zellikleri \u00e7ok ilgin\u00e7.\nBu hibrid vir\u00fcs\u00fcn etkileri insan havayolu h\u00fccreleri \u00fczerinde inceleniyor ve \u00e7al\u0131\u015fmada g\u00fcn\u00fcm\u00fczdeki pandemi yapan vir\u00fcs gibi ACE-2 resept\u00f6rlerini kulland\u0131\u011f\u0131, bu yolla insan havayolu h\u00fccrelerinde yeterince \u00e7o\u011falabilece\u011fi, epidemi yapabilme kapasitesine ula\u015fabilece\u011fi g\u00f6steriliyor.\nAncak bu yeni laboratuvar dizayn vir\u00fcs\u00fcn epidemik vir\u00fclans\u0131 ve insan havayolu epitel h\u00fccrelerindeki etkisi yani klasik SARS vir\u00fcs\u00fcne g\u00f6re \u00f6ld\u00fcr\u00fcc\u00fc etkisinin daha d\u00fc\u015f\u00fck oldu\u011fu bulunuyor.\nBu yeni hibrid vir\u00fcs\u00fcn en \u00f6nemli \u00f6zelli\u011fi de yay\u0131lma \u015fekli ve g\u00fcc\u00fc.\nYay\u0131lma kapasitesi ve \u015fekli klasik SARS vir\u00fcs\u00fcnden farkl\u0131.\nNormalde SARS korona vir\u00fcs insana iki farkl\u0131 \u015fekilde bula\u015f\u0131yor.\nBirinci yol, yarasadan sonra ba\u015fka bir konak canl\u0131ya atlay\u0131p oraya adapte olup mutasyon ge\u00e7irip oradan insana ge\u00e7mesi.\n\u0130lk SARS salg\u0131n\u0131nda bu ikincil kona\u011f\u0131n kahve ve parf\u00fcmeride kullan\u0131lan \u201ccivet kedisi\u201d ya da misk kedisi oldu\u011funu iddia eden \u00e7al\u0131\u015fmalar var.\nBu yoldan bula\u015fma ancak koronavir\u00fcs\u00fcn ilk konak olan insanda mutasyona u\u011framas\u0131 ve ondan sonra di\u011fer insanlara \u00f6yle ge\u00e7i\u015fi ile m\u00fcmk\u00fcn olabiliyor.\n\u00c7al\u0131\u015fmada vir\u00fcs\u00fcn a\u015f\u0131 ve tedavi direnci konusunda ilgin\u00e7 bir saptama yap\u0131lm\u0131\u015f.\nAra\u015ft\u0131rmada sonu\u00e7 olarak \u201cBiz bu bulgular\u0131n \u0131\u015f\u0131\u011f\u0131nda, koronavir\u00fcs\u00fcnden sentetik olarak tam bir enfeksiy\u00f6z SHC014 rekombinant vir\u00fcs\u00fc yeniden t\u00fcrettik ve bu yeni vir\u00fcs\u00fcn hem in-vitro hem in-vivo g\u00fc\u00e7l\u00fc viral replikasyonunu g\u00f6sterdik.\nBu \u00e7al\u0131\u015fmam\u0131z, \u015fu anda dola\u015f\u0131mdaki yarasa pop\u00fclasyonlar\u0131ndaki SARS-CoV t\u00fcrevlerinin yeniden ortaya \u00e7\u0131kmas\u0131 ile ilgili potansiyel riske i\u015faret etmektedir\u201d diyor.\n\u00c7IKARILMASI GEREKEN \u00c7OK \u00d6NEML\u0130 DERSLERBug\u00fcn d\u00fcnyada pandemi yapan SARS Cov-2 ile bu \u00e7al\u0131\u015fmadaki sentetik vir\u00fcs gibi dizayn bir vir\u00fcs oldu\u011funa dair kan\u0131t aramak gibi bir niyetim yok.\nYine Harvard\u2019l\u0131 profes\u00f6r Ashish Jha ve D\u00fcnya Sa\u011fl\u0131k \u00d6rg\u00fct\u00fc y\u00f6neticilerinin bu \u00e7al\u0131\u015fmalardan haberi yok muydu gibi konulara girmeye de niyetim yok.\nAncak bu \u00e7al\u0131\u015fmadan ve bu konudaki di\u011fer yay\u0131nlardan \u00e7\u0131kar\u0131lmas\u0131 gereken \u00e7ok \u00f6nemli baz\u0131 sonu\u00e7lar var.\nBirincisi bir vir\u00fcsten genomlar\u0131 ile oynanarak yeni bir hibrid vir\u00fcs \u00fcretilebilir.\n\u0130kincisi bu vir\u00fcs\u00fcn yay\u0131lma g\u00fcc\u00fc ve mortalite (\u00f6ld\u00fcr\u00fcc\u00fc) etkisi ile de\u011fi\u015fir.\n\u00dc\u00e7\u00fcnc\u00fcs\u00fc de d\u00fcnyada sentetik hibrid vir\u00fcslerin her zaman yeni bir salg\u0131n olu\u015fturma riski var.\nBu vir\u00fcs\u00fcn nereden \u00e7\u0131kt\u0131\u011f\u0131 belki de hi\u00e7bir zaman bilinmeyecek.\nArt\u0131k birbirine kar\u015f\u0131t b\u00fcy\u00fck devletleri t\u00fcm\u00fcnde n\u00fckleer silahlar var ve yeni bir n\u00fckleer d\u00fcnya sava\u015f\u0131 d\u00fcnyan\u0131n sonu olur.\nBu nedenle \u00e7ok acilen d\u00fcnyadaki t\u00fcm bakteriyoloji ve viroloji laboratuvarlar\u0131n\u0131n n\u00fckleer santraller ve silahlar gibi uluslararas\u0131 bir komite taraf\u0131ndan \u00e7ok ciddi izlenmesi ve denetlenmesi gerekir.\nBiliyorum, bu vir\u00fcs salg\u0131n\u0131ndan sonra d\u00fcnya asla bir daha eskisi gibi olmayacak, bu bir ger\u00e7ek.\nAma umut ediyorum ki insanl\u0131k b\u00f6yle salg\u0131n\u0131 bir daha bu kadar kolay ya\u015famas\u0131n.",
    "article_html": "",
    "meta_description": "T\u0131pta bilimsel tart\u0131\u015fma \u00e7ok \u00f6nemli.\nK\u0131sa tan\u0131m\u0131yla bilimsel tart\u0131\u015fma, kan\u0131ta dayal\u0131 verilerle yap\u0131lan ortak beyin f\u0131rt\u0131nas\u0131 olarak \u00f6zetlenebilir. Do\u011frular\u0131n bulunmas\u0131nda bu bilimsel tart\u0131\u015fmalar\u0131n \u00e7ok \u00f6nemli rol\u00fc var.\nGe\u00e7en haftalarda yazd\u0131\u011f\u0131m bir yaz\u0131daki konu ile ilgili son g\u00fcnlerde \u00f6nemli bir tart\u0131\u015fma ortam\u0131 olu\u015ftu.\nYaz\u0131n\u0131n konusu, SARS CoV 2 vir\u00fcs\u00fcn\u00fcn, do\u011fal bir vir\u00fcs m\u00fc yoksa bir vir\u00fcs t\u00fcr\u00fcn\u00fcn genomlar\u0131 ile oynanarak laboratuvarda dizayn edilmi\u015f bir \u00fcr\u00fcn\u00fc m\u00fc oldu\u011fu \u00fczerine idi. Asl\u0131nda konu d\u00fcnyada da g\u00fcncel bir konu.\nYaz\u0131da bu pandeminin, do\u011fal vir\u00fcs salg\u0131nlar\u0131ndan farkl\u0131 gitti\u011fini, SARS t\u00fcrevi olmas\u0131na ra\u011fmen SARS'tan \u00e7ok az mortalite...",
    "meta_lang": "tr"
}