{
    "article_id": "4790ded583258adc12a5cec76124f85d.1589925735.8475523",
    "title": "Oflu Haca'n\u0131n \u015eifresi 'T\u00fcrk Filmi'-HABERT\u00dcRK",
    "authors": [],
    "canonical_link": "https://m.haberturk.com/tv-rehberi/program/857585-oflu-hacanin-sifresi-turk-filmi",
    "url": "http://haberturk.com/tv-rehberi/program/857585-oflu-hacanin-sifresi-turk-filmi",
    "top_img": "http://im.haberturk.com/tv_program/2020/05/20/ver11111/857585_140x140.jpg?v=1589907652",
    "meta_img": "http://im.haberturk.com/tv_program/2020/05/20/ver11111/857585_140x140.jpg?v=1589907652",
    "movies": [],
    "text": "Oflu Haca'n\u0131n \u015eifresi 'T\u00fcrk Filmi'\n\nY\u00f6netmenli\u011fini Adem K\u0131l\u0131\u00e7\u2019\u0131n yapt\u0131\u011f\u0131, \u00c7etin Altay, Ahmet Varl\u0131, K\u00f6ksal Eng\u00fcr, Didem Bal\u00e7\u0131n, Ba\u015fak Da\u015fman gibi usta oyuncular\u0131n yer ald\u0131\u011f\u0131 2014 yap\u0131m\u0131 \u201cOflu Hoca\u2019n\u0131n \u015eifresi\u201d \u00c7ar\u015famba ak\u015fam\u0131 Show TV\u2019de!\n\nBir ba\u015fkas\u0131na \u015faka gibi, k\u00e2bus gibi gelebilecek bir g\u00fcn, Oflu Hoca i\u00e7in s\u0131radan bir g\u00fcnd\u00fcr. \u00c7\u00fcnk\u00fc o her g\u00fcn yerel kanalda, ak\u0131l hocal\u0131\u011f\u0131 yapt\u0131\u011f\u0131 programda, tahamm\u00fcl s\u0131n\u0131rlar\u0131n\u0131 zorlayan abuk sorulara yan\u0131t vermekte; y\u00f6redeki her di\u015fi i\u00e7in art\u0131k bir tehlike unsuru haline gelmi\u015f babas\u0131n\u0131 m\u00fcmk\u00fcn mertebe zapt etmeye \u00e7al\u0131\u015fmakta ve bir \u201cdeli m\u0131knat\u0131s\u0131\u201dna d\u00f6nm\u00fc\u015f hayat\u0131nda envai \u00e7e\u015fit abuk olay ya\u015famaktad\u0131r. T\u00fcm bunlar yetmezmi\u015f gibi, Hoca\u2019n\u0131n hayat\u0131n\u0131 daha da de\u011fi\u015ftirecek ve onu pek de istemedi\u011fi, komik bir rekabetin ortas\u0131na d\u00fc\u015f\u00fcrecektir. \u00d6ncelikle Hoca\u2019n\u0131n da gen\u00e7li\u011finde oynad\u0131\u011f\u0131 Do\u011fanspor kul\u00fcb\u00fcn\u00fcn zor durumdan kurtulmas\u0131 i\u00e7in \u201cnamuslu, zeki ve g\u00f6n\u00fcllerin \u015fampiyonu \u201d bir ba\u015fkan gerekmektedir. Bu \u00f6zelliklerden bir tanesini bile ta\u015f\u0131mayan ve hi\u00e7 de g\u00fcven vermeyen M\u00fcteahhit Ahmet ile Oflu Hoca\u2019n\u0131n ba\u015fkanl\u0131k m\u00fccadelesi inan\u0131lmaz olaylar e\u015fli\u011finde ba\u015flar\u2026",
    "keywords": [
        "oflu",
        "filmihabert\u00fcrk",
        "i\u00e7in",
        "bir",
        "\u015fifresi",
        "hocan\u0131n",
        "yapt\u0131\u011f\u0131",
        "g\u00fcn",
        "ve",
        "t\u00fcrk",
        "da",
        "hacan\u0131n",
        "gibi"
    ],
    "meta_keywords": [
        ""
    ],
    "publish_date": null,
    "summary": "Oflu Haca'n\u0131n \u015eifresi 'T\u00fcrk Filmi'Y\u00f6netmenli\u011fini Adem K\u0131l\u0131\u00e7\u2019\u0131n yapt\u0131\u011f\u0131, \u00c7etin Altay, Ahmet Varl\u0131, K\u00f6ksal Eng\u00fcr, Didem Bal\u00e7\u0131n, Ba\u015fak Da\u015fman gibi usta oyuncular\u0131n yer ald\u0131\u011f\u0131 2014 yap\u0131m\u0131 \u201cOflu Hoca\u2019n\u0131n \u015eifresi\u201d \u00c7ar\u015famba ak\u015fam\u0131 Show TV\u2019de!\nBir ba\u015fkas\u0131na \u015faka gibi, k\u00e2bus gibi gelebilecek bir g\u00fcn, Oflu Hoca i\u00e7in s\u0131radan bir g\u00fcnd\u00fcr.\n\u00c7\u00fcnk\u00fc o her g\u00fcn yerel kanalda, ak\u0131l hocal\u0131\u011f\u0131 yapt\u0131\u011f\u0131 programda, tahamm\u00fcl s\u0131n\u0131rlar\u0131n\u0131 zorlayan abuk sorulara yan\u0131t vermekte; y\u00f6redeki her di\u015fi i\u00e7in art\u0131k bir tehlike unsuru haline gelmi\u015f babas\u0131n\u0131 m\u00fcmk\u00fcn mertebe zapt etmeye \u00e7al\u0131\u015fmakta ve bir \u201cdeli m\u0131knat\u0131s\u0131\u201dna d\u00f6nm\u00fc\u015f hayat\u0131nda envai \u00e7e\u015fit abuk olay ya\u015famaktad\u0131r.\nT\u00fcm bunlar yetmezmi\u015f gibi, Hoca\u2019n\u0131n hayat\u0131n\u0131 daha da de\u011fi\u015ftirecek ve onu pek de istemedi\u011fi, komik bir rekabetin ortas\u0131na d\u00fc\u015f\u00fcrecektir.\n\u00d6ncelikle Hoca\u2019n\u0131n da gen\u00e7li\u011finde oynad\u0131\u011f\u0131 Do\u011fanspor kul\u00fcb\u00fcn\u00fcn zor durumdan kurtulmas\u0131 i\u00e7in \u201cnamuslu, zeki ve g\u00f6n\u00fcllerin \u015fampiyonu \u201d bir ba\u015fkan gerekmektedir.\nBu \u00f6zelliklerden bir tanesini bile ta\u015f\u0131mayan ve hi\u00e7 de g\u00fcven vermeyen M\u00fcteahhit Ahmet ile Oflu Hoca\u2019n\u0131n ba\u015fkanl\u0131k m\u00fccadelesi inan\u0131lmaz olaylar e\u015fli\u011finde ba\u015flar\u2026",
    "article_html": "",
    "meta_description": "Oflu Haca'n\u0131n \u015eifresi  'T\u00fcrk Filmi' - sunucusu, yayin saatleri, gelecek b\u00f6l\u00fcm hakk\u0131nda bilgi ve daha fazlas\u0131 i\u00e7in t\u0131klay\u0131n. Oflu Haca'n\u0131n \u015eifresi  'T\u00fcrk Filmi' - hakk\u0131nda detayl\u0131 bilgi Habert\u00fcrk'te!",
    "meta_lang": "tr"
}