{
    "article_id": "c2f4fe3292770dd7f3ffc62ab36912b1.1589925740.4428225",
    "title": "Son dakika haberler... 'Ge\u00e7mi\u015f olsun' ziyaretinde 'korona' alarm\u0131!",
    "authors": [
        "Isvalid",
        "Yazarlar",
        "Data",
        "Name",
        "Mail",
        "Title",
        "Di\u0307\u011fer Yazarlar"
    ],
    "canonical_link": "https://www.haberturk.com/son-dakika-haberler-gecmis-olsun-ziyaretinde-korona-alarmi-2684662",
    "url": "http://haberturk.com/son-dakika-haberler-gecmis-olsun-ziyaretinde-korona-alarmi-2684662",
    "top_img": "https://im.haberturk.com/2020/05/19/ver1589889877/2684662_1200x627.jpg",
    "meta_img": "https://im.haberturk.com/2020/05/19/ver1589889877/2684662_1200x627.jpg",
    "movies": [],
    "text": "\u0130HA\n\nGaziantep\u2019in \u0130slahiye il\u00e7esinde ya\u015fayan 63 ya\u015f\u0131ndaki \u00d6.S. kalp damarlar\u0131ndaki t\u0131kan\u0131kl\u0131ktan dolay\u0131 ge\u00e7en hafta Gaziantep NCR hastanesinde anjiyo oldu.\n\n\u0130HA'n\u0131n haberine g\u00f6re, ge\u00e7ti\u011fimiz cumartesi g\u00fcn\u00fc tekrar rahats\u0131zlanan \u00d6.S. g\u00f6\u011f\u00fcs a\u011fr\u0131s\u0131 ve \u00f6ks\u00fcr\u00fck \u015fikayeti ile \u0130slahiye Devlet Hastanesine kald\u0131r\u0131ld\u0131. Hastanedeki tahlil ve tetkiklerin sonucunda \u015fahsa koronavir\u00fcs (Covid-19) mikrobunun bula\u015ft\u0131\u011f\u0131 ve sonucun pozitif \u00e7\u0131kt\u0131\u011f\u0131 belirlendi. \u015eah\u0131s tedavisinin yap\u0131lmas\u0131 i\u00e7in Gaziantep merkezde bulunun \u00f6zel hastaneye sevk edildi.\n\n\"MAHALLEDEK\u0130 \u0130LK VAKA\"\n\nYe\u015filyurt mahallesinde tespit edilen ilk vakan\u0131n 63 ya\u015f\u0131ndaki \u00d6.S. olmas\u0131 nedeniyle hastal\u0131\u011f\u0131 anjiyo oldu\u011fu Gaziantep \u00d6zel NCR Hastanesinde kapt\u0131\u011f\u0131 iddia edildi.\n\n\"47 K\u0130\u015e\u0130 GE\u00c7M\u0130\u015e OLSUNA GELD\u0130\"\n\nBilgiyi alan \u0130slahiye \u0130l\u00e7e Sa\u011fl\u0131k M\u00fcd\u00fcrl\u00fc\u011f\u00fc ekipleri filyasyon \u00e7al\u0131\u015fmas\u0131 i\u00e7in \u0130slahiye\u2019ye 14 kilometre uzakl\u0131ktaki Ye\u015filyurt Mahallesinde \u00e7al\u0131\u015fma ba\u015flatt\u0131. \u00d6.S. ge\u00e7irdi\u011fi ameliyat sonras\u0131nda ge\u00e7mi\u015f olsun ziyaretine gelen kom\u015fu ve akrabalar\u0131n\u0131 tespit etti. Yap\u0131lan Filyasyon \u00e7al\u0131\u015fmas\u0131 sonras\u0131nda \u015fahs\u0131n evine ziyarete gelen 9 hanede ikamet etti\u011fi \u00f6\u011frenilen 47 ki\u015fi oldu\u011fu tespit edildi.\n\nTemas kurdu\u011fu tespit edilen ki\u015filer 14 g\u00fcn boyunca evden \u00e7\u0131kmamalar\u0131 konusunda uyar\u0131ld\u0131. Durumun Jandarmaya bildirilmesi \u00fczerine \u0130l\u00e7e Jandarma Komutanl\u0131\u011f\u0131\u2019na ba\u011fl\u0131 ekip tespit edilen 9 hanenin kap\u0131 giri\u015flerine bant \u00e7ekti. Kap\u0131n\u0131n \u00fczerine uyar\u0131c\u0131 yaz\u0131 as\u0131ld\u0131. Karantinaya al\u0131nan 9 hanede ya\u015fayan \u015fah\u0131slar\u0131n ihtiya\u00e7lar\u0131 \u0130slahiye Kaymakaml\u0131\u011f\u0131na ba\u011fl\u0131 Vefa Sosyal Destek Grubu ekipleri taraf\u0131ndan kar\u015f\u0131lanaca\u011f\u0131 \u00f6\u011frenildi.\n\nKORONAV\u0130R\u00dcS SON DAK\u0130KA HABERLER\u0130 \u0130\u00c7\u0130N TIKLAYINIZ!",
    "keywords": [
        "\u00f6s",
        "ziyaretinde",
        "son",
        "tespit",
        "\u00f6zel",
        "ya\u015f\u0131ndaki",
        "haberler",
        "ge\u00e7mi\u015f",
        "ve",
        "i\u0307slahiye",
        "alarm\u0131",
        "gaziantep",
        "korona",
        "\u00fczerine",
        "\u00e7al\u0131\u015fmas\u0131",
        "olsun",
        "edilen",
        "dakika"
    ],
    "meta_keywords": [
        ""
    ],
    "publish_date": {
        "$date": 1589889877000
    },
    "summary": "\u0130HAGaziantep\u2019in \u0130slahiye il\u00e7esinde ya\u015fayan 63 ya\u015f\u0131ndaki \u00d6.S.\nkalp damarlar\u0131ndaki t\u0131kan\u0131kl\u0131ktan dolay\u0131 ge\u00e7en hafta Gaziantep NCR hastanesinde anjiyo oldu.\n\u0130HA'n\u0131n haberine g\u00f6re, ge\u00e7ti\u011fimiz cumartesi g\u00fcn\u00fc tekrar rahats\u0131zlanan \u00d6.S.\ng\u00f6\u011f\u00fcs a\u011fr\u0131s\u0131 ve \u00f6ks\u00fcr\u00fck \u015fikayeti ile \u0130slahiye Devlet Hastanesine kald\u0131r\u0131ld\u0131.\nHastanedeki tahlil ve tetkiklerin sonucunda \u015fahsa koronavir\u00fcs (Covid-19) mikrobunun bula\u015ft\u0131\u011f\u0131 ve sonucun pozitif \u00e7\u0131kt\u0131\u011f\u0131 belirlendi.\n\u015eah\u0131s tedavisinin yap\u0131lmas\u0131 i\u00e7in Gaziantep merkezde bulunun \u00f6zel hastaneye sevk edildi.\n\"MAHALLEDEK\u0130 \u0130LK VAKA\"Ye\u015filyurt mahallesinde tespit edilen ilk vakan\u0131n 63 ya\u015f\u0131ndaki \u00d6.S.\nolmas\u0131 nedeniyle hastal\u0131\u011f\u0131 anjiyo oldu\u011fu Gaziantep \u00d6zel NCR Hastanesinde kapt\u0131\u011f\u0131 iddia edildi.\n\"47 K\u0130\u015e\u0130 GE\u00c7M\u0130\u015e OLSUNA GELD\u0130\"Bilgiyi alan \u0130slahiye \u0130l\u00e7e Sa\u011fl\u0131k M\u00fcd\u00fcrl\u00fc\u011f\u00fc ekipleri filyasyon \u00e7al\u0131\u015fmas\u0131 i\u00e7in \u0130slahiye\u2019ye 14 kilometre uzakl\u0131ktaki Ye\u015filyurt Mahallesinde \u00e7al\u0131\u015fma ba\u015flatt\u0131.\nge\u00e7irdi\u011fi ameliyat sonras\u0131nda ge\u00e7mi\u015f olsun ziyaretine gelen kom\u015fu ve akrabalar\u0131n\u0131 tespit etti.\nYap\u0131lan Filyasyon \u00e7al\u0131\u015fmas\u0131 sonras\u0131nda \u015fahs\u0131n evine ziyarete gelen 9 hanede ikamet etti\u011fi \u00f6\u011frenilen 47 ki\u015fi oldu\u011fu tespit edildi.\nTemas kurdu\u011fu tespit edilen ki\u015filer 14 g\u00fcn boyunca evden \u00e7\u0131kmamalar\u0131 konusunda uyar\u0131ld\u0131.\nDurumun Jandarmaya bildirilmesi \u00fczerine \u0130l\u00e7e Jandarma Komutanl\u0131\u011f\u0131\u2019na ba\u011fl\u0131 ekip tespit edilen 9 hanenin kap\u0131 giri\u015flerine bant \u00e7ekti.\nKap\u0131n\u0131n \u00fczerine uyar\u0131c\u0131 yaz\u0131 as\u0131ld\u0131.\nKarantinaya al\u0131nan 9 hanede ya\u015fayan \u015fah\u0131slar\u0131n ihtiya\u00e7lar\u0131 \u0130slahiye Kaymakaml\u0131\u011f\u0131na ba\u011fl\u0131 Vefa Sosyal Destek Grubu ekipleri taraf\u0131ndan kar\u015f\u0131lanaca\u011f\u0131 \u00f6\u011frenildi.\nKORONAV\u0130R\u00dcS SON DAK\u0130KA HABERLER\u0130 \u0130\u00c7\u0130N TIKLAYINIZ!",
    "article_html": "",
    "meta_description": "Son dakika haberi! Gaziantep'in \u0130slahiye il\u00e7esinde ya\u015fayan 63 ya\u015f\u0131ndaki \u00d6.S.'nin, anjiyo olduktan birka\u00e7 g\u00fcn sonra rahats\u0131zlanarak kald\u0131r\u0131ld\u0131\u011f\u0131 hastanede yap\u0131lan koronavir\u00fcs testi pozitif \u00e7\u0131kt\u0131. \u00d6.S. i\u00e7in ameliyattan sonra 47 ki\u015finin 'ge\u00e7mi\u015f olsun' ziyaretine geldi\u011fi ortaya \u00e7\u0131kt\u0131. Olay\u0131n ard\u0131ndan t\u00fcm mahalle karantinaya al\u0131nd\u0131",
    "meta_lang": "tr"
}