{
    "article_id": "4f10ae580b38ab6304dff90244dbc5f1.1589925519.1043763",
    "title": "Atat\u00fcrk\u2019\u00fcn 19 May\u0131s\u2019taki tarihi hamlesi neydi?",
    "authors": [
        "Yazarin T\u00fcm Yazilarini G\u00f6rmek \u0130\u00e7i\u0307n Tiklayin",
        "Isvalid",
        "Yazarlar",
        "Data",
        "Name",
        "Mail",
        "Title",
        "Di\u0307\u011fer Yazarlar"
    ],
    "canonical_link": "https://www.haberturk.com/yazarlar/prof-dr-kursad-zorlu/2683940-ataturkun-19-mayistaki-tarihi-hamlesi-neydi",
    "url": "http://haberturk.com/yazarlar/prof-dr-kursad-zorlu/2683940-ataturkun-19-mayistaki-tarihi-hamlesi-neydi",
    "top_img": "https://im.haberturk.com/yazarlar/HT/prof-dr-kursad-zorlu-600x314.jpg?v=1587394226",
    "meta_img": "https://im.haberturk.com/yazarlar/HT/prof-dr-kursad-zorlu-600x314.jpg?v=1587394226",
    "movies": [],
    "text": "Bug\u00fcn 19 May\u0131s...\u201dAtat\u00fcrk\u2019\u00fc Anma, Gen\u00e7lik ve Spor Bayram\u0131\u201d\u2026\n\n1919 y\u0131l\u0131nda Atat\u00fcrk'\u00fcn ba\u011f\u0131ms\u0131zl\u0131k ve kurtulu\u015f m\u00fccadelesini ba\u015flatmak i\u00e7in Samsun'a ayak bast\u0131\u011f\u0131 g\u00fcn\u2026\n\nAyn\u0131 zamanda 19 May\u0131s i\u00e7in Atat\u00fcrk\u2019\u00fcn ''do\u011fum g\u00fcn\u00fcm'' dedi\u011fi ileri s\u00fcr\u00fcl\u00fcr. Nitekim 1936 y\u0131l\u0131nda Cumhurba\u015fkanl\u0131\u011f\u0131 Umumi K\u00e2tibi Hasan R\u0131za Soyak, getirdi\u011fi evrakta bunu sormu\u015f ve ald\u0131\u011f\u0131 cevap \u00fczerine D\u0131\u015fi\u015fleri Bakanl\u0131\u011f\u0131'na \u015fu resmi yaz\u0131y\u0131 g\u00f6ndermi\u015ftir: \u201cReisicumhur Atat\u00fcrk\u2019\u00fcn 19 May\u0131s 1881 tarihinde do\u011fmu\u015f olduklar\u0131n\u0131 arz ederim.\u201d\n\nBu, asl\u0131nda Samsun\u2019a ula\u015ft\u0131\u011f\u0131 o g\u00fcne verdi\u011fi \u00f6nemi g\u00f6stermektedir. \u00c7ok a\u00e7\u0131k ki Atat\u00fcrk ve arkada\u015flar\u0131 Samsun\u2019a \u00e7\u0131kmasayd\u0131 bug\u00fcn T\u00fcrkiye Cumhuriyeti Devleti'nden s\u00f6z edemiyor olacakt\u0131k.\n\nOnun sa\u011fl\u0131\u011f\u0131nda belirli d\u00fczeylerde ba\u015flat\u0131lan 19 May\u0131s kutlamalar\u0131n\u0131 Atat\u00fcrk yaln\u0131zca bir defa ''Jimnastik \u015eenli\u011fi'' ad\u0131 alt\u0131nda izleyebilmi\u015ftir.\n\n\u0130\u015fte 19 May\u0131s\u2019\u0131 anlaml\u0131 k\u0131lan bir ba\u015fka tarihi kav\u015fak noktas\u0131 da Atat\u00fcrk\u2019\u00fcn kutlamalar\u0131 izledi\u011fi 19 May\u0131s 1938 g\u00fcn\u00fcd\u00fcr. O g\u00fcn, Atat\u00fcrk\u2019\u00fcn m\u00fccadelesini ve liderlik dehas\u0131n\u0131 bir kez daha ortaya \u00e7\u0131karan \u00e7ok \u00f6nemli bir karar\u0131 ald\u0131\u011f\u0131 g\u00fcnd\u00fcr.\n\nGelin resmi kay\u0131tlardan hat\u0131rlayal\u0131m\u2026\n\n\u00d6zel \u015eahingiray taraf\u0131ndan haz\u0131rlanan \u201cAtat\u00fcrk\u2019\u00fcn N\u00f6bet Defteri\u201d adl\u0131 \u00e7al\u0131\u015fmada o g\u00fcn neler yapt\u0131\u011f\u0131 \u015fu \u015fekilde yaz\u0131l\u0131d\u0131r: \u201cSaat 10.00\u2019da uyand\u0131lar, 14.00\u2019te Ba\u015fbakan\u2019\u0131 kabul buyurdular. 15.00\u2019te Stadyuma te\u015frifle Spor Bayram\u0131nda haz\u0131r bulundular. 17.00\u2019da trenle Mersin\u2019e hareket buyurdular. 22.30\u2019da yatt\u0131lar. O g\u00fcn randevu verilip Atat\u00fcrk\u2019le g\u00f6r\u00fc\u015ft\u00fcr\u00fclenler ise Salih Bozok, Abbas G\u00fcrer (Yaveri), Ali K\u0131l\u0131\u00e7 (ya da K\u0131l\u0131\u00e7 Ali), \u00d6.\u0130rdelp (doktoru), Ahmet Ediz (doktoru), N.Yaltrum (doktoru).\u201d\n\nG\u00f6r\u00fcld\u00fc\u011f\u00fc gibi Atat\u00fcrk 19 May\u0131s kutlamalar\u0131n\u0131n hemen ard\u0131ndan Mersin\u2019e hareket etmi\u015f ve 20 May\u0131s g\u00fcn\u00fc Mersin\u2019e varm\u0131\u015ft\u0131r. Bu hamle Hatay\u2019\u0131n anavatana kat\u0131lmas\u0131n\u0131 sa\u011flayacak o m\u00fcthi\u015f liderlik s\u00fcrecinin ba\u015flang\u0131c\u0131 olmu\u015ftur. Ba\u015fka bir ifadeyle, 19 May\u0131s 1919\u2019da \u00fclkenin ba\u011f\u0131ms\u0131zl\u0131\u011f\u0131 i\u00e7in Anadolu\u2019ya ayak basan Atat\u00fcrk, tam 19 y\u0131l sonra yine bir vatan topra\u011f\u0131 i\u00e7in harekete ge\u00e7mi\u015ftir.\n\nZira Hatay sorunu s\u00fcr\u00fcncemede kalm\u0131\u015ft\u0131. Bat\u0131 bas\u0131n\u0131 Atat\u00fcrk\u2019\u00fcn rahats\u0131z oldu\u011funu hatta her an \u00f6lebilece\u011fini yaz\u0131yordu. \u00d6rne\u011fin \u0130ngiltere\u2019deki Daily Telegraph 18 May\u0131s 1938\u2019de yazm\u0131\u015ft\u0131. Art\u0131k hepsine bir g\u00f6zda\u011f\u0131 verilmesi gerekiyordu. Atat\u00fcrk 19 May\u0131s\u2019ta trenle Mersin\u2019e hareket etti. Bu kararla Mersin ve Adana\u2019daki askeri birlikleri tefti\u015f edecek ve herkes gereken cevab\u0131 alacakt\u0131. Daha \u00f6nce bu t\u00fcr t\u00f6renler istenmedi\u011fi halde bu kez Mersin\u2019e talimat g\u00f6nderildi ve g\u00f6rkemli bir ge\u00e7it t\u00f6reni haz\u0131rland\u0131. Atat\u00fcrk 20 May\u0131s Cuma g\u00fcn\u00fc 13:30\u2019da tren Mersin istasyonuna geldi. Herkes yerini alm\u0131\u015ft\u0131. Meydan adeta inliyordu. Atat\u00fcrk, birliklerin resmige\u00e7idini 45 dakika ayakta izlemi\u015fti. Zorland\u0131\u011f\u0131n\u0131 kimseye belli etmemek i\u00e7in t\u00f6renin erken bitmesi amac\u0131yla \u201cmar\u015f mar\u015f\u201d komutu vermi\u015fti.\n\nBu vakur duru\u015f o anlarda foto\u011fraflanm\u0131\u015f ve yabanc\u0131 ajanslara da\u011f\u0131t\u0131lm\u0131\u015ft\u0131. Atat\u00fcrk bu yolla d\u00fcnyaya sa\u011fl\u0131kl\u0131 oldu\u011funu ve ordusunun ba\u015f\u0131nda bulundu\u011funu g\u00f6steriyordu. Birka\u00e7 foto\u011fraf karesi bile Frans\u0131zlar\u0131n geri ad\u0131m atmas\u0131na yetmi\u015fti. Atat\u00fcrk bu zor ve riskli seyahat karar\u0131 ile Hatay\u2019\u0131 kurtaran diplomasi hamlesini yapm\u0131\u015f ancak v\u00fccudu bir kat daha yorgun d\u00fc\u015fm\u00fc\u015ft\u00fc.\n\n\u015e\u00fcphesiz o b\u00fcy\u00fck bir komutan, e\u015fsiz bir liderdi\u2026\n\nBayram\u0131m\u0131z kutlu olsun!",
    "keywords": [
        "i\u00e7in",
        "may\u0131s",
        "mersine",
        "atat\u00fcrk",
        "bir",
        "may\u0131staki",
        "19",
        "neydi",
        "ve",
        "bu",
        "atat\u00fcrk\u00fcn",
        "tarihi",
        "samsuna",
        "hamlesi"
    ],
    "meta_keywords": [
        ""
    ],
    "publish_date": {
        "$date": 1589843620000
    },
    "summary": "Bug\u00fcn 19 May\u0131s...\u201dAtat\u00fcrk\u2019\u00fc Anma, Gen\u00e7lik ve Spor Bayram\u0131\u201d\u20261919 y\u0131l\u0131nda Atat\u00fcrk'\u00fcn ba\u011f\u0131ms\u0131zl\u0131k ve kurtulu\u015f m\u00fccadelesini ba\u015flatmak i\u00e7in Samsun'a ayak bast\u0131\u011f\u0131 g\u00fcn\u2026Ayn\u0131 zamanda 19 May\u0131s i\u00e7in Atat\u00fcrk\u2019\u00fcn ''do\u011fum g\u00fcn\u00fcm'' dedi\u011fi ileri s\u00fcr\u00fcl\u00fcr.\nNitekim 1936 y\u0131l\u0131nda Cumhurba\u015fkanl\u0131\u011f\u0131 Umumi K\u00e2tibi Hasan R\u0131za Soyak, getirdi\u011fi evrakta bunu sormu\u015f ve ald\u0131\u011f\u0131 cevap \u00fczerine D\u0131\u015fi\u015fleri Bakanl\u0131\u011f\u0131'na \u015fu resmi yaz\u0131y\u0131 g\u00f6ndermi\u015ftir: \u201cReisicumhur Atat\u00fcrk\u2019\u00fcn 19 May\u0131s 1881 tarihinde do\u011fmu\u015f olduklar\u0131n\u0131 arz ederim.\u201dBu, asl\u0131nda Samsun\u2019a ula\u015ft\u0131\u011f\u0131 o g\u00fcne verdi\u011fi \u00f6nemi g\u00f6stermektedir.\n\u00c7ok a\u00e7\u0131k ki Atat\u00fcrk ve arkada\u015flar\u0131 Samsun\u2019a \u00e7\u0131kmasayd\u0131 bug\u00fcn T\u00fcrkiye Cumhuriyeti Devleti'nden s\u00f6z edemiyor olacakt\u0131k.\nOnun sa\u011fl\u0131\u011f\u0131nda belirli d\u00fczeylerde ba\u015flat\u0131lan 19 May\u0131s kutlamalar\u0131n\u0131 Atat\u00fcrk yaln\u0131zca bir defa ''Jimnastik \u015eenli\u011fi'' ad\u0131 alt\u0131nda izleyebilmi\u015ftir.\n\u0130\u015fte 19 May\u0131s\u2019\u0131 anlaml\u0131 k\u0131lan bir ba\u015fka tarihi kav\u015fak noktas\u0131 da Atat\u00fcrk\u2019\u00fcn kutlamalar\u0131 izledi\u011fi 19 May\u0131s 1938 g\u00fcn\u00fcd\u00fcr.\nO g\u00fcn, Atat\u00fcrk\u2019\u00fcn m\u00fccadelesini ve liderlik dehas\u0131n\u0131 bir kez daha ortaya \u00e7\u0131karan \u00e7ok \u00f6nemli bir karar\u0131 ald\u0131\u011f\u0131 g\u00fcnd\u00fcr.\nGelin resmi kay\u0131tlardan hat\u0131rlayal\u0131m\u2026\u00d6zel \u015eahingiray taraf\u0131ndan haz\u0131rlanan \u201cAtat\u00fcrk\u2019\u00fcn N\u00f6bet Defteri\u201d adl\u0131 \u00e7al\u0131\u015fmada o g\u00fcn neler yapt\u0131\u011f\u0131 \u015fu \u015fekilde yaz\u0131l\u0131d\u0131r: \u201cSaat 10.00\u2019da uyand\u0131lar, 14.00\u2019te Ba\u015fbakan\u2019\u0131 kabul buyurdular.\n15.00\u2019te Stadyuma te\u015frifle Spor Bayram\u0131nda haz\u0131r bulundular.\n17.00\u2019da trenle Mersin\u2019e hareket buyurdular.\n22.30\u2019da yatt\u0131lar.\nO g\u00fcn randevu verilip Atat\u00fcrk\u2019le g\u00f6r\u00fc\u015ft\u00fcr\u00fclenler ise Salih Bozok, Abbas G\u00fcrer (Yaveri), Ali K\u0131l\u0131\u00e7 (ya da K\u0131l\u0131\u00e7 Ali), \u00d6.\u0130rdelp (doktoru), Ahmet Ediz (doktoru), N.Yaltrum (doktoru).\u201dG\u00f6r\u00fcld\u00fc\u011f\u00fc gibi Atat\u00fcrk 19 May\u0131s kutlamalar\u0131n\u0131n hemen ard\u0131ndan Mersin\u2019e hareket etmi\u015f ve 20 May\u0131s g\u00fcn\u00fc Mersin\u2019e varm\u0131\u015ft\u0131r.\nBu hamle Hatay\u2019\u0131n anavatana kat\u0131lmas\u0131n\u0131 sa\u011flayacak o m\u00fcthi\u015f liderlik s\u00fcrecinin ba\u015flang\u0131c\u0131 olmu\u015ftur.\nBa\u015fka bir ifadeyle, 19 May\u0131s 1919\u2019da \u00fclkenin ba\u011f\u0131ms\u0131zl\u0131\u011f\u0131 i\u00e7in Anadolu\u2019ya ayak basan Atat\u00fcrk, tam 19 y\u0131l sonra yine bir vatan topra\u011f\u0131 i\u00e7in harekete ge\u00e7mi\u015ftir.\nZira Hatay sorunu s\u00fcr\u00fcncemede kalm\u0131\u015ft\u0131.\nBat\u0131 bas\u0131n\u0131 Atat\u00fcrk\u2019\u00fcn rahats\u0131z oldu\u011funu hatta her an \u00f6lebilece\u011fini yaz\u0131yordu.\n\u00d6rne\u011fin \u0130ngiltere\u2019deki Daily Telegraph 18 May\u0131s 1938\u2019de yazm\u0131\u015ft\u0131.\nArt\u0131k hepsine bir g\u00f6zda\u011f\u0131 verilmesi gerekiyordu.\nAtat\u00fcrk 19 May\u0131s\u2019ta trenle Mersin\u2019e hareket etti.\nBu kararla Mersin ve Adana\u2019daki askeri birlikleri tefti\u015f edecek ve herkes gereken cevab\u0131 alacakt\u0131.\nDaha \u00f6nce bu t\u00fcr t\u00f6renler istenmedi\u011fi halde bu kez Mersin\u2019e talimat g\u00f6nderildi ve g\u00f6rkemli bir ge\u00e7it t\u00f6reni haz\u0131rland\u0131.\nAtat\u00fcrk 20 May\u0131s Cuma g\u00fcn\u00fc 13:30\u2019da tren Mersin istasyonuna geldi.\nHerkes yerini alm\u0131\u015ft\u0131.\nMeydan adeta inliyordu.\nAtat\u00fcrk, birliklerin resmige\u00e7idini 45 dakika ayakta izlemi\u015fti.\nZorland\u0131\u011f\u0131n\u0131 kimseye belli etmemek i\u00e7in t\u00f6renin erken bitmesi amac\u0131yla \u201cmar\u015f mar\u015f\u201d komutu vermi\u015fti.\nBu vakur duru\u015f o anlarda foto\u011fraflanm\u0131\u015f ve yabanc\u0131 ajanslara da\u011f\u0131t\u0131lm\u0131\u015ft\u0131.\nAtat\u00fcrk bu yolla d\u00fcnyaya sa\u011fl\u0131kl\u0131 oldu\u011funu ve ordusunun ba\u015f\u0131nda bulundu\u011funu g\u00f6steriyordu.\nBirka\u00e7 foto\u011fraf karesi bile Frans\u0131zlar\u0131n geri ad\u0131m atmas\u0131na yetmi\u015fti.\nAtat\u00fcrk bu zor ve riskli seyahat karar\u0131 ile Hatay\u2019\u0131 kurtaran diplomasi hamlesini yapm\u0131\u015f ancak v\u00fccudu bir kat daha yorgun d\u00fc\u015fm\u00fc\u015ft\u00fc.\n\u015e\u00fcphesiz o b\u00fcy\u00fck bir komutan, e\u015fsiz bir liderdi\u2026Bayram\u0131m\u0131z kutlu olsun!",
    "article_html": "",
    "meta_description": "Bug\u00fcn 19 May\u0131s...\"Atat\u00fcrk'\u00fc Anma, Gen\u00e7lik ve Spor Bayram\u0131\"...\n1919 y\u0131l\u0131nda Atat\u00fcrk'\u00fcn ba\u011f\u0131ms\u0131zl\u0131k ve kurtulu\u015f m\u00fccadelesini ba\u015flatmak i\u00e7in Samsun'a ayak bast\u0131\u011f\u0131 g\u00fcn...\nAyn\u0131 zamanda 19 May\u0131s i\u00e7in Atat\u00fcrk'\u00fcn ''do\u011fum g\u00fcn\u00fcm'' dedi\u011fi ileri s\u00fcr\u00fcl\u00fcr. Nitekim 1936 y\u0131l\u0131nda Cumhurba\u015fkanl\u0131\u011f\u0131 Umumi K\u00e2tibi Hasan R\u0131za Soyak, getirdi\u011fi evrakta bunu sormu\u015f ve ald\u0131\u011f\u0131 cevap \u00fczerine D\u0131\u015fi\u015fleri Bakanl\u0131\u011f\u0131'na \u015fu resmi yaz\u0131y\u0131 g\u00f6ndermi\u015ftir: \"Reisicumhur Atat\u00fcrk'\u00fcn 19 May\u0131s 1881 tarihinde do\u011fmu\u015f olduklar\u0131n\u0131 arz ederim.\"\n\nBu, asl\u0131nda Samsun'a ula\u015ft\u0131\u011f\u0131 o g\u00fcne verdi\u011fi \u00f6nemi g\u00f6stermektedir. \u00c7ok a\u00e7\u0131k ki Atat\u00fcrk ve arkada\u015flar\u0131 Samsun'a \u00e7\u0131kmasayd\u0131 bug\u00fcn T\u00fcrkiye Cumhuriyeti...",
    "meta_lang": "tr"
}