{
    "article_id": "dc23d873edd5c17998a20867318b1c6b.1589925744.3888865",
    "title": "Son dakika haberler! \u0130zmir'de de art\u0131k zorunlu!",
    "authors": [
        "Isvalid",
        "Yazarlar",
        "Data",
        "Name",
        "Mail",
        "Title",
        "Di\u0307\u011fer Yazarlar"
    ],
    "canonical_link": "https://www.haberturk.com/son-dakika-haberler-izmir-de-de-artik-zorunlu-2684659",
    "url": "http://haberturk.com/son-dakika-haberler-izmir-de-de-artik-zorunlu-2684659",
    "top_img": "https://im.haberturk.com/2020/05/19/ver1589889032/2684659_1200x627.jpg",
    "meta_img": "https://im.haberturk.com/2020/05/19/ver1589889032/2684659_1200x627.jpg",
    "movies": [],
    "text": "DHA\n\n\u0130zmir'de, \u0130l Umumi H\u0131fz\u0131ss\u0131hha Kurulu taraf\u0131ndan al\u0131nan kararla il geneli ve 30 il\u00e7ede maske kullan\u0131m\u0131 zorunlu hale getirildi.\n\n\u0130zmir \u0130l Umumi H\u0131fz\u0131ss\u0131hha Kurulu, koronavir\u00fcs tedbirleri kapsam\u0131nda ald\u0131\u011f\u0131 kararla maske kullan\u0131m\u0131n\u0131 il genelinde zorunlu hale getirdi. \u0130zmir Valili\u011fi'nden yap\u0131lan a\u00e7\u0131klamada \u015f\u00f6yle denildi: \"\u0130limiz \u0130l H\u0131fz\u0131ss\u0131hha Kurulu,1593 say\u0131l\u0131 \"Umumi H\u0131fz\u0131ss\u0131hha Kanunun 23. Maddesinde toplanarak; \u0130l \u0130daresi Kanunu'nun 11/C maddesi ile Umumi H\u0131fz\u0131ss\u0131hha Kanununun 27 ve 72'nci maddeleri uyar\u0131nca a\u015fa\u011f\u0131daki ek kararlar al\u0131nm\u0131\u015ft\u0131r. \u0130limizin t\u00fcm il\u00e7elerinde, koronavir\u00fcs salg\u0131n\u0131n\u0131n toplum sa\u011fl\u0131\u011f\u0131 a\u00e7\u0131s\u0131ndan olu\u015fturdu\u011fu riski y\u00f6netebilmek, sosyal hareketlili\u011fi ve insanlar aras\u0131 temas\u0131 azaltarak sosyal izolasyonu tesis etmek amac\u0131yla daha \u00f6nce al\u0131nm\u0131\u015f kararlara ilave olarak ekte bulunan cadde ve alanlarda a\u011fz\u0131 ve burnu kapatacak \u015fekilde t\u0131bbi/bez maske kullan\u0131m\u0131n\u0131n zorunlu hale getirilmesine, uygulamada herhangi bir aksakl\u0131\u011fa meydan verilmemesi ve ma\u011fduriyete neden olunmamas\u0131, al\u0131nan kararlara uymayan vatanda\u015flara Umumi H\u0131fz\u0131ss\u0131hha Kanununun 282'nci maddesi gere\u011fince idari para cezas\u0131 verilmesi ba\u015fta olmak \u00fczere ayk\u0131r\u0131l\u0131\u011f\u0131n durumuna g\u00f6re Kanunun ilgili maddeleri gere\u011fince i\u015flem yap\u0131lmas\u0131na, konusu su\u00e7 te\u015fkil eden davran\u0131\u015flara ili\u015fkin T\u00fcrk Ceza Kanunu'nun 195 inci maddesi kapsam\u0131nda gerekli adli i\u015flemlerin ba\u015flat\u0131laca\u011f\u0131 hususu kamuoyuna sayg\u0131 ile duyurulur.\"\n\nKORONAV\u0130R\u00dcS SON DAK\u0130KA HABERLER\u0130 \u0130\u00c7\u0130N TIKLAYINIZ!",
    "keywords": [
        "son",
        "i\u0307zmirde",
        "sosyal",
        "kanununun",
        "i\u0307l",
        "haberler",
        "maske",
        "zorunlu",
        "ve",
        "umumi",
        "art\u0131k",
        "maddesi",
        "hale",
        "h\u0131fz\u0131ss\u0131hha",
        "dakika"
    ],
    "meta_keywords": [
        ""
    ],
    "publish_date": {
        "$date": 1589889032000
    },
    "summary": "DHA\u0130zmir'de, \u0130l Umumi H\u0131fz\u0131ss\u0131hha Kurulu taraf\u0131ndan al\u0131nan kararla il geneli ve 30 il\u00e7ede maske kullan\u0131m\u0131 zorunlu hale getirildi.\n\u0130zmir \u0130l Umumi H\u0131fz\u0131ss\u0131hha Kurulu, koronavir\u00fcs tedbirleri kapsam\u0131nda ald\u0131\u011f\u0131 kararla maske kullan\u0131m\u0131n\u0131 il genelinde zorunlu hale getirdi.\n\u0130zmir Valili\u011fi'nden yap\u0131lan a\u00e7\u0131klamada \u015f\u00f6yle denildi: \"\u0130limiz \u0130l H\u0131fz\u0131ss\u0131hha Kurulu,1593 say\u0131l\u0131 \"Umumi H\u0131fz\u0131ss\u0131hha Kanunun 23.\nMaddesinde toplanarak; \u0130l \u0130daresi Kanunu'nun 11/C maddesi ile Umumi H\u0131fz\u0131ss\u0131hha Kanununun 27 ve 72'nci maddeleri uyar\u0131nca a\u015fa\u011f\u0131daki ek kararlar al\u0131nm\u0131\u015ft\u0131r.\n\u0130limizin t\u00fcm il\u00e7elerinde, koronavir\u00fcs salg\u0131n\u0131n\u0131n toplum sa\u011fl\u0131\u011f\u0131 a\u00e7\u0131s\u0131ndan olu\u015fturdu\u011fu riski y\u00f6netebilmek, sosyal hareketlili\u011fi ve insanlar aras\u0131 temas\u0131 azaltarak sosyal izolasyonu tesis etmek amac\u0131yla daha \u00f6nce al\u0131nm\u0131\u015f kararlara ilave olarak ekte bulunan cadde ve alanlarda a\u011fz\u0131 ve burnu kapatacak \u015fekilde t\u0131bbi/bez maske kullan\u0131m\u0131n\u0131n zorunlu hale getirilmesine, uygulamada herhangi bir aksakl\u0131\u011fa meydan verilmemesi ve ma\u011fduriyete neden olunmamas\u0131, al\u0131nan kararlara uymayan vatanda\u015flara Umumi H\u0131fz\u0131ss\u0131hha Kanununun 282'nci maddesi gere\u011fince idari para cezas\u0131 verilmesi ba\u015fta olmak \u00fczere ayk\u0131r\u0131l\u0131\u011f\u0131n durumuna g\u00f6re Kanunun ilgili maddeleri gere\u011fince i\u015flem yap\u0131lmas\u0131na, konusu su\u00e7 te\u015fkil eden davran\u0131\u015flara ili\u015fkin T\u00fcrk Ceza Kanunu'nun 195 inci maddesi kapsam\u0131nda gerekli adli i\u015flemlerin ba\u015flat\u0131laca\u011f\u0131 hususu kamuoyuna sayg\u0131 ile duyurulur.\"\nKORONAV\u0130R\u00dcS SON DAK\u0130KA HABERLER\u0130 \u0130\u00c7\u0130N TIKLAYINIZ!",
    "article_html": "",
    "meta_description": "Son dakika haberi... \u0130zmir'de, \u0130l Umumi H\u0131fz\u0131ss\u0131hha Kurulu taraf\u0131ndan al\u0131nan kararla il geneli ve 30 il\u00e7ede maske kullan\u0131m\u0131 zorunlu hale getirildi. \u0130zmir Valili\u011fi'nden yap\u0131lan a\u00e7\u0131klamaya g\u00f6re,al\u0131nan kararlara uymayan vatanda\u015flara Umumi H\u0131fz\u0131ss\u0131hha Kanununun 282'nci maddesi gere\u011fince idari para cezas\u0131 verilmesi ba\u015fta olmak \u00fczere ayk\u0131r\u0131l\u0131\u011f\u0131n durumuna g\u00f6re kanunun ilgili maddeleri gere\u011fince i\u015flem yap\u0131lacak",
    "meta_lang": "tr"
}