{
    "article_id": "e33f21c014f25ff06c693165feabe28c.1589925747.0132337",
    "title": "600 metrede T\u00fcrk bayra\u011f\u0131n\u0131 b\u00f6yle dalgaland\u0131rd\u0131lar",
    "authors": [
        "Isvalid",
        "Yazarlar",
        "Data",
        "Name",
        "Mail",
        "Title",
        "Di\u0307\u011fer Yazarlar"
    ],
    "canonical_link": "https://www.haberturk.com/600-metrede-turk-bayragini-boyle-dalgalandirdilar-2684521",
    "url": "http://haberturk.com/600-metrede-turk-bayragini-boyle-dalgalandirdilar-2684521",
    "top_img": "https://im.haberturk.com/2020/05/19/ver1589883122/2684521_1200x627.jpg",
    "meta_img": "https://im.haberturk.com/2020/05/19/ver1589883122/2684521_1200x627.jpg",
    "movies": [],
    "text": "HABERTURK.COM\n\nMustafa Uc'un haberine g\u00f6re, Elaz\u0131\u011f Sportif Havac\u0131l\u0131k Kul\u00fcb\u00fc Yama\u00e7 Para\u015f\u00fct\u00fc pilotlar\u0131, '19 May\u0131s Atat\u00fcrk'\u00fc Anma, Gen\u00e7lik ve Spor Bayram\u0131'n\u0131 kutlamak i\u00e7in Malatya Beyda\u011f\u0131 b\u00f6lgesinde u\u00e7u\u015f etkinli\u011fi ger\u00e7ekle\u015ftirdi. Pilotlar, 600 metre irtifadan u\u00e7arak T\u00fcrk Bayra\u011f\u0131'n\u0131 dalgaland\u0131rd\u0131.\n\nElaz\u0131\u011f Sportif Havac\u0131l\u0131k Kul\u00fcb\u00fc Yama\u00e7 Para\u015f\u00fct\u00fc Pilotu Fatih Aydo\u011fan, yapt\u0131\u011f\u0131 a\u00e7\u0131klamada, \"19 May\u0131s Gen\u00e7lik ve Spor Bayram\u0131n\u0131 kutlamak i\u00e7in \u00f6ncelikle Sivrice il\u00e7esindeki Hazarbaba Da\u011f\u0131na \u00e7\u0131kt\u0131k. 400 metre irtifadan u\u00e7may\u0131 hedefliyorduk. Ancak hava elveri\u015fli de\u011fildi. Orada u\u00e7amay\u0131nca Malatya'n\u0131n Beyda\u011f\u0131 b\u00f6lgesine gittik. Burada hava g\u00fczeldi. U\u00e7u\u015fa uygundu\" dedi.\n\nU\u00e7u\u015fu 600 metreden ger\u00e7ekle\u015ftirdiklerini anlatan Aydo\u011fan, \"Bayra\u011f\u0131m\u0131z\u0131 a\u00e7t\u0131k. 19 May\u0131s Gen\u00e7lik ve Spor Bayram\u0131n\u0131 bu \u015fekilde kutlam\u0131\u015f olduk. B\u00fct\u00fcn T\u00fcrkiye'nin bayram\u0131 kutlu olsun\" dedi.",
    "keywords": [
        "may\u0131s",
        "para\u015f\u00fct\u00fc",
        "bayram\u0131n\u0131",
        "metrede",
        "19",
        "metre",
        "gen\u00e7lik",
        "600",
        "b\u00f6yle",
        "t\u00fcrk",
        "dalgaland\u0131rd\u0131lar",
        "ve",
        "spor",
        "sportif",
        "bayra\u011f\u0131n\u0131",
        "yama\u00e7"
    ],
    "meta_keywords": [
        ""
    ],
    "publish_date": {
        "$date": 1589883122000
    },
    "summary": "HABERTURK.COMMustafa Uc'un haberine g\u00f6re, Elaz\u0131\u011f Sportif Havac\u0131l\u0131k Kul\u00fcb\u00fc Yama\u00e7 Para\u015f\u00fct\u00fc pilotlar\u0131, '19 May\u0131s Atat\u00fcrk'\u00fc Anma, Gen\u00e7lik ve Spor Bayram\u0131'n\u0131 kutlamak i\u00e7in Malatya Beyda\u011f\u0131 b\u00f6lgesinde u\u00e7u\u015f etkinli\u011fi ger\u00e7ekle\u015ftirdi.\nPilotlar, 600 metre irtifadan u\u00e7arak T\u00fcrk Bayra\u011f\u0131'n\u0131 dalgaland\u0131rd\u0131.\nElaz\u0131\u011f Sportif Havac\u0131l\u0131k Kul\u00fcb\u00fc Yama\u00e7 Para\u015f\u00fct\u00fc Pilotu Fatih Aydo\u011fan, yapt\u0131\u011f\u0131 a\u00e7\u0131klamada, \"19 May\u0131s Gen\u00e7lik ve Spor Bayram\u0131n\u0131 kutlamak i\u00e7in \u00f6ncelikle Sivrice il\u00e7esindeki Hazarbaba Da\u011f\u0131na \u00e7\u0131kt\u0131k.\n400 metre irtifadan u\u00e7may\u0131 hedefliyorduk.\nAncak hava elveri\u015fli de\u011fildi.\nOrada u\u00e7amay\u0131nca Malatya'n\u0131n Beyda\u011f\u0131 b\u00f6lgesine gittik.\nBurada hava g\u00fczeldi.\nU\u00e7u\u015fa uygundu\" dedi.\nU\u00e7u\u015fu 600 metreden ger\u00e7ekle\u015ftirdiklerini anlatan Aydo\u011fan, \"Bayra\u011f\u0131m\u0131z\u0131 a\u00e7t\u0131k.\n19 May\u0131s Gen\u00e7lik ve Spor Bayram\u0131n\u0131 bu \u015fekilde kutlam\u0131\u015f olduk.\nB\u00fct\u00fcn T\u00fcrkiye'nin bayram\u0131 kutlu olsun\" dedi.",
    "article_html": "",
    "meta_description": "Yama\u00e7 para\u015f\u00fct\u00fc pilotlar\u0131 600 metre y\u00fckseklikte T\u00fcrk Bayra\u011f\u0131 a\u00e7arak, '19 May\u0131s Atat\u00fcrk'\u00fc Anma, Gen\u00e7lik ve Spor Bayram\u0131'n\u0131 kutlad\u0131",
    "meta_lang": "tr"
}