{
    "article_id": "ecd8a3eb3670331fd4a9192c24797762.1589925760.8861947",
    "title": "Son dakika haberleri! \u0130\u015fte Cumhurba\u015fkanl\u0131\u011f\u0131 K\u00fclliyesi'ndeki o g\u00f6r\u00fc\u015fmenin detaylar\u0131!",
    "authors": [
        "Isvalid",
        "Yazarlar",
        "Data",
        "Name",
        "Mail",
        "Title",
        "Di\u0307\u011fer Yazarlar"
    ],
    "canonical_link": "https://www.haberturk.com/son-dakika-haberi-yargida-birlik-kulliye-de-iste-gorusmenin-perde-arkasi-2593957",
    "url": "http://haberturk.com/son-dakika-haberi-yargida-birlik-kulliye-de-iste-gorusmenin-perde-arkasi-2593957",
    "top_img": "https://im.haberturk.com/2020/02/24/ver1582569510/2593957_1200x627.jpg",
    "meta_img": "https://im.haberturk.com/2020/02/24/ver1582569510/2593957_1200x627.jpg",
    "movies": [],
    "text": "Fevzi \u00c7ak\u0131r fcakir@haberturk.com\n\nHABERT\u00dcRK'\u00fcn edindi\u011fi bilgiye g\u00f6re, g\u00f6r\u00fc\u015fmede Yarg\u0131da Birlik Derne\u011fi Ba\u015fkan\u0131 ve Yarg\u0131tay \u00dcyesi Ali Nevzat A\u00e7\u0131kg\u00f6z Cumhurba\u015fkan\u0131 Erdo\u011fan'a yarg\u0131n\u0131n sorunlar\u0131 ve \u00e7\u00f6z\u00fcm \u00f6nerilerine ili\u015fkin kapsaml\u0131 bir sunum yapt\u0131. Di\u011fer dernek y\u00f6neticileri de ya\u015fanan sorunlara de\u011findi.\n\nYIPRANMA HAKKI TALEB\u0130\n\nBu kapsamda, hakim savc\u0131lara y\u0131pranma hakk\u0131 tan\u0131nmas\u0131, havalimanlar\u0131nda hakim ve savc\u0131lara y\u00f6nelik detayl\u0131 arama gibi olumsuz uygulamalara son verilmesi gibi sorunlar dile getirildi. Ayr\u0131ca hakim ve savc\u0131lar\u0131n kamuda \u00e7al\u0131\u015fan e\u015flerinin tayinleri ile ilgili yasaya h\u00fck\u00fcm konulmas\u0131 talebinde bulunuldu. E\u015flerin ayn\u0131 yerde g\u00f6rev yapmalar\u0131na imkan tan\u0131nmas\u0131 talep edildi.\n\nCO\u011eRAF\u0130 TEM\u0130NAT\n\n\u00d6zellikle yarg\u0131da s\u0131k s\u0131k ya\u015fanan yer de\u011fi\u015ftirme konusu da toplant\u0131da g\u00fcndeme getirildi. Dernek \u00fcyeleri hakim ve savc\u0131lar\u0131n co\u011frafi teminatlar\u0131n\u0131n sa\u011flanmas\u0131na d\u00f6n\u00fck ad\u0131m at\u0131lmas\u0131n\u0131 istedi. Dernek y\u00f6neticilerinin Hakimler ve Savc\u0131lar Kurulu\u2019nun baz\u0131 atama tercihlerine ili\u015fkin ele\u015ftirileri de dile getirdikleri \u00f6\u011frenildi.\n\nYARGI REFORMU BELGES\u0130\n\nToplant\u0131da bir s\u00fcredir g\u00fcndemde olan yarg\u0131 reformu strateji belgesi de konu\u015fuldu. Belgede yer verilen d\u00fczenlemelerin hayata ge\u00e7irilmesi y\u00f6n\u00fcnde kararl\u0131l\u0131k vurgusu yap\u0131ld\u0131.\n\nCUMHURBA\u015eKANI NOT ALDI\n\nG\u00f6r\u00fc\u015fme talebinin Yarg\u0131da Birlik Derne\u011fi'nden geldi\u011fi belirtilirken, kabul s\u0131ras\u0131nda Cumhurba\u015fkan\u0131 Erdo\u011fan'\u0131n da Dernek y\u00f6neticilerinden gelen talepleri not ald\u0131\u011f\u0131 kaydedildi. G\u00f6r\u00fc\u015fmede Adalet Bakan\u0131 Abdulhamit G\u00fcl ile Adalet Bakan Yard\u0131mc\u0131s\u0131 Cengiz \u00d6ner de haz\u0131r bulundu.\n\nG\u00f6r\u00fc\u015fmeye ili\u015fkin Yarg\u0131da Birlik Derne\u011fi\u2019nden yap\u0131lan a\u00e7\u0131klamada \u015fu ifadelere yer verildi:\n\n24 \u015eubat 2020 Pazartesi g\u00fcn\u00fc Say\u0131n Cumhurba\u015fkan\u0131m\u0131z Recep Tayyip Erdo\u011fan, Yarg\u0131da Birlik Derne\u011fi Y\u00f6netim Kurulu \u00fcyelerini Cumhurba\u015fkanl\u0131\u011f\u0131 K\u00fclliyesi'nde kabul etmi\u015flerdir.\n\nYakla\u015f\u0131k 1.5 saat s\u00fcren toplant\u0131ya Adalet Bakan\u0131m\u0131z sn. Abdulhamit G\u00fcl'\u00fcn yan\u0131s\u0131ra, Cumhurba\u015fkanl\u0131\u011f\u0131 \u0130dari \u0130\u015fler Ba\u015fkan\u0131 sn. Metin K\u0131ratl\u0131, Cumhurba\u015fkan\u0131 Ba\u015fdan\u0131\u015fman\u0131 ve Hukuk Politikalar\u0131 Kurulu Ba\u015fkan vekili Sn. Mehmet U\u00e7um, Cumhurba\u015fkan\u0131 Ba\u015fdan\u0131\u015fman\u0131 Sn. Ahmet Karayi\u011fit de kat\u0131lm\u0131\u015flard\u0131r.\n\nSay\u0131n Cumhurba\u015fkan\u0131m\u0131z, Adalet te\u015fkilat\u0131 i\u00e7erisinde FET\u00d6 ter\u00f6r \u00f6rg\u00fct\u00fc ba\u015fta olmak \u00fczere ter\u00f6r \u00f6rg\u00fctlerinin yol a\u00e7t\u0131\u011f\u0131 tahribat\u0131n hukuk zemininde \u00f6n\u00fcne ge\u00e7ilmesinde tarihi bir misyon \u00fcstlenen Yarg\u0131da Birlik Derne\u011fi'nin, \u00e7o\u011fulcu ve geni\u015f tabanl\u0131 bir hareketin ba\u015far\u0131l\u0131 temsilcisi oldu\u011funa \u00f6zellikle vurgu yaparak, kanun \u00e7\u0131karman\u0131n tek ba\u015f\u0131na yeterli olmad\u0131\u011f\u0131n\u0131, kanunlar\u0131n ancak tarafs\u0131z ve ba\u011f\u0131ms\u0131z iyi uygulay\u0131c\u0131lar elinde hukuka ve adalete d\u00f6n\u00fc\u015ft\u00fc\u011f\u00fcn\u00fc ifade etmi\u015flerdir.\n\nDernek y\u00f6netim kurulu \u00fcyelerinin tek tek s\u00f6z ald\u0131\u011f\u0131 toplant\u0131da yarg\u0131n\u0131n t\u00fcm sorunlar\u0131, \u00e7\u00f6z\u00fcm \u00f6nerileri ile birlikte dile getirilmi\u015f, Dernek ba\u015fkan\u0131m\u0131z sn. Ali Nevzat A\u00e7\u0131kg\u00f6z ise; hakim ve Cumhuriyet savc\u0131lar\u0131na y\u0131pranma hakk\u0131n\u0131n tan\u0131nmas\u0131, havalimanlar\u0131nda meslek mensuplar\u0131n\u0131n g\u00fcvenliklerini esas alan ve meslek onurunu zedeleyen uygulamalardan ka\u00e7\u0131n\u0131lmas\u0131, Adalet Bakanl\u0131\u011f\u0131n\u0131n \u00f6nc\u00fcl\u00fck yapt\u0131\u011f\u0131 HSK\u2019n\u0131n co\u011frafi teminat\u0131n sa\u011flanmas\u0131 ile atamalarda k\u0131dem ve Liyakat \u00f6l\u00e7\u00fclerini esas alan b\u00f6lge sisteminin yenilenmesine ili\u015fkin \u00e7al\u0131\u015fmas\u0131n\u0131n desteklenmesi, 17-25 Aral\u0131k ve 15 Temmuz hain darbe giri\u015fimleri kar\u015f\u0131s\u0131nda duru\u015f g\u00f6sterip, \u00f6zveriyle \u00e7al\u0131\u015fan hakim ve savc\u0131lar\u0131m\u0131zdan arzu etmedikleri tayinlerle kar\u015f\u0131 kar\u015f\u0131ya kalanlar\u0131n ma\u011fduriyetlerinin \u00f6ncelikle giderilmesi, yarg\u0131da birlik ruhuna uygun g\u00f6revlendirmeler yap\u0131lmas\u0131, Hakim ve Cumhuriyet savc\u0131lar\u0131n\u0131n kamuda \u00e7al\u0131\u015fan e\u015flerine hakim ve cumhuriyet savc\u0131lar\u0131n\u0131n atanmalar\u0131na ba\u011fl\u0131 olarak do\u011frudan tayin imkan\u0131 tan\u0131nmas\u0131 gibi temel ba\u015fl\u0131klar alt\u0131nda yapt\u0131\u011f\u0131 kapsaml\u0131 sunumdan sonra sunum dosyas\u0131n\u0131 Sn. Cumhurba\u015fkan\u0131m\u0131za takdim etmi\u015flerdir.\n\nYarg\u0131da Birlik Derne\u011fi Ailesi olarak h\u00fcsn-\u00fc kabullerinden dolay\u0131 Say\u0131n Cumhurba\u015fkan\u0131m\u0131za \u015f\u00fckranlar\u0131m\u0131z\u0131 sunar\u0131z.\n\nYARGIDA B\u0130RL\u0130K PLATFORMU NED\u0130R?\n\nYarg\u0131da Birlik Platformu\u2019nu, Fetullah\u00e7\u0131 Ter\u00f6r \u00d6rg\u00fct\u00fc'n\u00fcn yarg\u0131daki etkisini k\u0131rmak ve Hakimler ve Savc\u0131lar Y\u00fcksek Kurulu \u00fcyeli\u011fi se\u00e7imlerinde ba\u015far\u0131l\u0131 olmak amac\u0131yla 2014'te farkl\u0131 g\u00f6r\u00fc\u015ften hakim ve savc\u0131lar\u0131n bir araya gelerek olu\u015fturdu. Platform Ekim 2014 HSYK se\u00e7imlerinde FET\u00d6 adaylar\u0131na kar\u015f\u0131 zafer elde etti. Bu ba\u015far\u0131 sonras\u0131 d\u00f6nemin HSYK\u2019s\u0131 FET\u00d6\u2019n\u00fcn yarg\u0131 i\u00e7indeki etkinli\u011fini k\u0131rmak i\u00e7in \u00f6nemli ad\u0131mlar att\u0131. Bug\u00fcn 10 bini a\u015fk\u0131n \u00fcyesi bulunan Yarg\u0131da Birlik Platformu, 2015 y\u0131l\u0131nda Yarg\u0131da Birlik Derne\u011fi\u2019ne ad\u0131yla \u00f6rg\u00fctlendi. Dernek ba\u015fkanl\u0131\u011f\u0131 Yarg\u0131tay Savc\u0131s\u0131 Dr. Birol K\u0131rmaz, Yarg\u0131tay \u00dcyesi Ali Nevzat A\u00e7\u0131kg\u00f6z ve Yarg\u0131tay \u00dcyesi \u00d6mer Faruk Ayd\u0131ner aras\u0131nda d\u00f6n\u00fc\u015f\u00fcml\u00fc olarak s\u00fcrd\u00fcr\u00fcl\u00fcyor.",
    "keywords": [
        "detaylar\u0131",
        "i\u0307\u015fte",
        "sn",
        "son",
        "bir",
        "haberleri",
        "k\u00fclliyesindeki",
        "yarg\u0131da",
        "\u00fcyesi",
        "g\u00f6r\u00fc\u015fmenin",
        "cumhurba\u015fkanl\u0131\u011f\u0131",
        "ve",
        "adalet",
        "birlik",
        "yarg\u0131tay",
        "dernek",
        "hakim",
        "dakika"
    ],
    "meta_keywords": [
        ""
    ],
    "publish_date": {
        "$date": 1582569510000
    },
    "summary": "Fevzi \u00c7ak\u0131r fcakir@haberturk.comHABERT\u00dcRK'\u00fcn edindi\u011fi bilgiye g\u00f6re, g\u00f6r\u00fc\u015fmede Yarg\u0131da Birlik Derne\u011fi Ba\u015fkan\u0131 ve Yarg\u0131tay \u00dcyesi Ali Nevzat A\u00e7\u0131kg\u00f6z Cumhurba\u015fkan\u0131 Erdo\u011fan'a yarg\u0131n\u0131n sorunlar\u0131 ve \u00e7\u00f6z\u00fcm \u00f6nerilerine ili\u015fkin kapsaml\u0131 bir sunum yapt\u0131.\nDi\u011fer dernek y\u00f6neticileri de ya\u015fanan sorunlara de\u011findi.\nYIPRANMA HAKKI TALEB\u0130Bu kapsamda, hakim savc\u0131lara y\u0131pranma hakk\u0131 tan\u0131nmas\u0131, havalimanlar\u0131nda hakim ve savc\u0131lara y\u00f6nelik detayl\u0131 arama gibi olumsuz uygulamalara son verilmesi gibi sorunlar dile getirildi.\nAyr\u0131ca hakim ve savc\u0131lar\u0131n kamuda \u00e7al\u0131\u015fan e\u015flerinin tayinleri ile ilgili yasaya h\u00fck\u00fcm konulmas\u0131 talebinde bulunuldu.\nE\u015flerin ayn\u0131 yerde g\u00f6rev yapmalar\u0131na imkan tan\u0131nmas\u0131 talep edildi.\nCO\u011eRAF\u0130 TEM\u0130NAT\u00d6zellikle yarg\u0131da s\u0131k s\u0131k ya\u015fanan yer de\u011fi\u015ftirme konusu da toplant\u0131da g\u00fcndeme getirildi.\nDernek \u00fcyeleri hakim ve savc\u0131lar\u0131n co\u011frafi teminatlar\u0131n\u0131n sa\u011flanmas\u0131na d\u00f6n\u00fck ad\u0131m at\u0131lmas\u0131n\u0131 istedi.\nDernek y\u00f6neticilerinin Hakimler ve Savc\u0131lar Kurulu\u2019nun baz\u0131 atama tercihlerine ili\u015fkin ele\u015ftirileri de dile getirdikleri \u00f6\u011frenildi.\nYARGI REFORMU BELGES\u0130Toplant\u0131da bir s\u00fcredir g\u00fcndemde olan yarg\u0131 reformu strateji belgesi de konu\u015fuldu.\nBelgede yer verilen d\u00fczenlemelerin hayata ge\u00e7irilmesi y\u00f6n\u00fcnde kararl\u0131l\u0131k vurgusu yap\u0131ld\u0131.\nCUMHURBA\u015eKANI NOT ALDIG\u00f6r\u00fc\u015fme talebinin Yarg\u0131da Birlik Derne\u011fi'nden geldi\u011fi belirtilirken, kabul s\u0131ras\u0131nda Cumhurba\u015fkan\u0131 Erdo\u011fan'\u0131n da Dernek y\u00f6neticilerinden gelen talepleri not ald\u0131\u011f\u0131 kaydedildi.\nG\u00f6r\u00fc\u015fmede Adalet Bakan\u0131 Abdulhamit G\u00fcl ile Adalet Bakan Yard\u0131mc\u0131s\u0131 Cengiz \u00d6ner de haz\u0131r bulundu.\nG\u00f6r\u00fc\u015fmeye ili\u015fkin Yarg\u0131da Birlik Derne\u011fi\u2019nden yap\u0131lan a\u00e7\u0131klamada \u015fu ifadelere yer verildi:24 \u015eubat 2020 Pazartesi g\u00fcn\u00fc Say\u0131n Cumhurba\u015fkan\u0131m\u0131z Recep Tayyip Erdo\u011fan, Yarg\u0131da Birlik Derne\u011fi Y\u00f6netim Kurulu \u00fcyelerini Cumhurba\u015fkanl\u0131\u011f\u0131 K\u00fclliyesi'nde kabul etmi\u015flerdir.\nYakla\u015f\u0131k 1.5 saat s\u00fcren toplant\u0131ya Adalet Bakan\u0131m\u0131z sn.\nAbdulhamit G\u00fcl'\u00fcn yan\u0131s\u0131ra, Cumhurba\u015fkanl\u0131\u011f\u0131 \u0130dari \u0130\u015fler Ba\u015fkan\u0131 sn.\nMetin K\u0131ratl\u0131, Cumhurba\u015fkan\u0131 Ba\u015fdan\u0131\u015fman\u0131 ve Hukuk Politikalar\u0131 Kurulu Ba\u015fkan vekili Sn.\nMehmet U\u00e7um, Cumhurba\u015fkan\u0131 Ba\u015fdan\u0131\u015fman\u0131 Sn.\nAhmet Karayi\u011fit de kat\u0131lm\u0131\u015flard\u0131r.\nSay\u0131n Cumhurba\u015fkan\u0131m\u0131z, Adalet te\u015fkilat\u0131 i\u00e7erisinde FET\u00d6 ter\u00f6r \u00f6rg\u00fct\u00fc ba\u015fta olmak \u00fczere ter\u00f6r \u00f6rg\u00fctlerinin yol a\u00e7t\u0131\u011f\u0131 tahribat\u0131n hukuk zemininde \u00f6n\u00fcne ge\u00e7ilmesinde tarihi bir misyon \u00fcstlenen Yarg\u0131da Birlik Derne\u011fi'nin, \u00e7o\u011fulcu ve geni\u015f tabanl\u0131 bir hareketin ba\u015far\u0131l\u0131 temsilcisi oldu\u011funa \u00f6zellikle vurgu yaparak, kanun \u00e7\u0131karman\u0131n tek ba\u015f\u0131na yeterli olmad\u0131\u011f\u0131n\u0131, kanunlar\u0131n ancak tarafs\u0131z ve ba\u011f\u0131ms\u0131z iyi uygulay\u0131c\u0131lar elinde hukuka ve adalete d\u00f6n\u00fc\u015ft\u00fc\u011f\u00fcn\u00fc ifade etmi\u015flerdir.\nDernek y\u00f6netim kurulu \u00fcyelerinin tek tek s\u00f6z ald\u0131\u011f\u0131 toplant\u0131da yarg\u0131n\u0131n t\u00fcm sorunlar\u0131, \u00e7\u00f6z\u00fcm \u00f6nerileri ile birlikte dile getirilmi\u015f, Dernek ba\u015fkan\u0131m\u0131z sn.\nAli Nevzat A\u00e7\u0131kg\u00f6z ise; hakim ve Cumhuriyet savc\u0131lar\u0131na y\u0131pranma hakk\u0131n\u0131n tan\u0131nmas\u0131, havalimanlar\u0131nda meslek mensuplar\u0131n\u0131n g\u00fcvenliklerini esas alan ve meslek onurunu zedeleyen uygulamalardan ka\u00e7\u0131n\u0131lmas\u0131, Adalet Bakanl\u0131\u011f\u0131n\u0131n \u00f6nc\u00fcl\u00fck yapt\u0131\u011f\u0131 HSK\u2019n\u0131n co\u011frafi teminat\u0131n sa\u011flanmas\u0131 ile atamalarda k\u0131dem ve Liyakat \u00f6l\u00e7\u00fclerini esas alan b\u00f6lge sisteminin yenilenmesine ili\u015fkin \u00e7al\u0131\u015fmas\u0131n\u0131n desteklenmesi, 17-25 Aral\u0131k ve 15 Temmuz hain darbe giri\u015fimleri kar\u015f\u0131s\u0131nda duru\u015f g\u00f6sterip, \u00f6zveriyle \u00e7al\u0131\u015fan hakim ve savc\u0131lar\u0131m\u0131zdan arzu etmedikleri tayinlerle kar\u015f\u0131 kar\u015f\u0131ya kalanlar\u0131n ma\u011fduriyetlerinin \u00f6ncelikle giderilmesi, yarg\u0131da birlik ruhuna uygun g\u00f6revlendirmeler yap\u0131lmas\u0131, Hakim ve Cumhuriyet savc\u0131lar\u0131n\u0131n kamuda \u00e7al\u0131\u015fan e\u015flerine hakim ve cumhuriyet savc\u0131lar\u0131n\u0131n atanmalar\u0131na ba\u011fl\u0131 olarak do\u011frudan tayin imkan\u0131 tan\u0131nmas\u0131 gibi temel ba\u015fl\u0131klar alt\u0131nda yapt\u0131\u011f\u0131 kapsaml\u0131 sunumdan sonra sunum dosyas\u0131n\u0131 Sn.\nCumhurba\u015fkan\u0131m\u0131za takdim etmi\u015flerdir.\nYarg\u0131da Birlik Derne\u011fi Ailesi olarak h\u00fcsn-\u00fc kabullerinden dolay\u0131 Say\u0131n Cumhurba\u015fkan\u0131m\u0131za \u015f\u00fckranlar\u0131m\u0131z\u0131 sunar\u0131z.\nYARGIDA B\u0130RL\u0130K PLATFORMU NED\u0130R?\nYarg\u0131da Birlik Platformu\u2019nu, Fetullah\u00e7\u0131 Ter\u00f6r \u00d6rg\u00fct\u00fc'n\u00fcn yarg\u0131daki etkisini k\u0131rmak ve Hakimler ve Savc\u0131lar Y\u00fcksek Kurulu \u00fcyeli\u011fi se\u00e7imlerinde ba\u015far\u0131l\u0131 olmak amac\u0131yla 2014'te farkl\u0131 g\u00f6r\u00fc\u015ften hakim ve savc\u0131lar\u0131n bir araya gelerek olu\u015fturdu.\nPlatform Ekim 2014 HSYK se\u00e7imlerinde FET\u00d6 adaylar\u0131na kar\u015f\u0131 zafer elde etti.\nBu ba\u015far\u0131 sonras\u0131 d\u00f6nemin HSYK\u2019s\u0131 FET\u00d6\u2019n\u00fcn yarg\u0131 i\u00e7indeki etkinli\u011fini k\u0131rmak i\u00e7in \u00f6nemli ad\u0131mlar att\u0131.\nBug\u00fcn 10 bini a\u015fk\u0131n \u00fcyesi bulunan Yarg\u0131da Birlik Platformu, 2015 y\u0131l\u0131nda Yarg\u0131da Birlik Derne\u011fi\u2019ne ad\u0131yla \u00f6rg\u00fctlendi.\nDernek ba\u015fkanl\u0131\u011f\u0131 Yarg\u0131tay Savc\u0131s\u0131 Dr. Birol K\u0131rmaz, Yarg\u0131tay \u00dcyesi Ali Nevzat A\u00e7\u0131kg\u00f6z ve Yarg\u0131tay \u00dcyesi \u00d6mer Faruk Ayd\u0131ner aras\u0131nda d\u00f6n\u00fc\u015f\u00fcml\u00fc olarak s\u00fcrd\u00fcr\u00fcl\u00fcyor.",
    "article_html": "",
    "meta_description": "Son dakika haberine g\u00f6re Cumhurba\u015fkanl\u0131\u011f\u0131 K\u00fclliyesi'nde bir bu\u00e7uk saat s\u00fcren g\u00f6r\u00fc\u015fmenin perde arkas\u0131na HABERT\u00dcRK ula\u015ft\u0131! Cumhurba\u015fkan\u0131 Recep Tayyip Erdo\u011fan Yarg\u0131da Birlik Derne\u011fi \u00fcyelerini kabul etti.",
    "meta_lang": "tr"
}