{
    "article_id": "14f84414c8f09588ab93d3a20d9879a1.1589925519.5047035",
    "title": "Covid-19 ve en temiz havalimanlar\u0131",
    "authors": [
        "Yazarin T\u00fcm Yazilarini G\u00f6rmek \u0130\u00e7i\u0307n Tiklayin",
        "Isvalid",
        "Yazarlar",
        "Data",
        "Name",
        "Mail",
        "Title",
        "Di\u0307\u011fer Yazarlar"
    ],
    "canonical_link": "https://www.haberturk.com/yazarlar/guntay-simsek-1019/2682639-covid-19-ve-en-temiz-havalimanlari",
    "url": "http://haberturk.com/yazarlar/guntay-simsek-1019/2682639-covid-19-ve-en-temiz-havalimanlari",
    "top_img": "https://im.haberturk.com/yazarlar/HTGazete/guntay-simsek-1019-600x314.jpg?v=1478010561",
    "meta_img": "https://im.haberturk.com/yazarlar/HTGazete/guntay-simsek-1019-600x314.jpg?v=1478010561",
    "movies": [],
    "text": "Koronavir\u00fcs hayat\u0131m\u0131za girdi\u011finden beri en \u00e7ok \u00f6nemsedi\u011fimiz \u015fey temizlik, hijyen veya dezenfeksiyon. Havayoluyla seyahatte yeni normallerin tart\u0131\u015f\u0131ld\u0131\u011f\u0131 \u015fu g\u00fcnlerde bir numaral\u0131 konu da havaliman\u0131nda ve u\u00e7akta hijyenin nas\u0131l sa\u011flanaca\u011f\u0131 hususu. Koronavir\u00fcsten kendimizi korumak i\u00e7in \u00e7e\u015fitli \u00f6nlemler al\u0131n\u0131yor, \u00e7e\u015fitli fikirler konu\u015fuluyor. Temizlikde bu d\u00f6nemde daha fazla \u00f6n plana \u00e7\u0131k\u0131yor.\n\nGe\u00e7ti\u011fimiz y\u0131llar en temiz havalimanlar\u0131na dikkat \u00e7eker, listeye T\u00fcrkiye\u2019den herhangi bir havaliman\u0131n girmedi\u011fine de vurgu yapard\u0131m. Ancak koronavir\u00fcsle birlikte temizli\u011fe \u00e7ok daha fazla dikkat etmemiz gerekiyor. Bu durumda T\u00fcrkiye\u2019den bir havaliman\u0131m\u0131z\u0131n \u201cd\u00fcnyan\u0131n en temiz havalimanlar\u0131\u201d listesinde yer almas\u0131n\u0131n \u00f6nemli oldu\u011funu ifade edeyim.\n\n\u015eimdi gelelim as\u0131l meselemize. \u0130ngiltere merkezli derecelendirme kurulu\u015fu Skytrax, 2000 y\u0131l\u0131ndan beri geleneksel olarak d\u00fcnya \u00e7ap\u0131nda, havalimanlar\u0131n\u0131 ve havayollar\u0131n\u0131 \u00f6d\u00fcllendiriyor. Skytrax \u00f6d\u00fclleri de sekt\u00f6rde en fazla dikkat \u00e7eken, itibar edilen konumda. Di\u011fer bir ifadeyle \u00f6nemli ara\u015ft\u0131rmalar aras\u0131nda yer al\u0131yor.\n\nGe\u00e7en hafta son bir y\u0131ll\u0131k de\u011ferlendirme neticesinde d\u00fcnyan\u0131n en iyi havalimanlar\u0131 a\u00e7\u0131kland\u0131. T\u00fcrkiye\u2019den herhangi bir havaliman\u0131m\u0131z en iyi olarak \u00f6n s\u0131ralarda listeye giremedi. En b\u00fcy\u00fck hayallerimden birisi T\u00fcrkiye\u2019den bir meydan\u0131 en iyi olarak ilk 5 aras\u0131nda g\u00f6rmek. En temiz havalimanlar\u0131 aras\u0131nda bir meydan\u0131m\u0131z\u0131n an\u0131lmas\u0131 inan\u0131n T\u00fcrkiye\u2019ye \u00e7ok \u015fey kazand\u0131r\u0131r. \u015eunu net s\u00f6yleyebilirim havalimanlar\u0131m\u0131z temiz de\u011fil. Hakl\u0131 olarak ismimiz an\u0131lm\u0131yor.\n\nMesela \u0130stanbul Havaliman\u0131 hizmete girdi\u011fi zaman Skytrax \u00f6d\u00fcllerinde kendisine \u00fcst s\u0131ralarda yer bulabilece\u011fi merak konusu olmu\u015ftu. Ancak bu y\u0131lki en iyi 100 havaliman\u0131 aras\u0131nda maalesef \u0130stanbul Havaliman\u0131 kendisine yer bulamad\u0131. Sadece 50-60 milyon yolcu kategorisinde 7'nci olarak listeye girebildi. Evet Skytrax'\u0131n \u00f6d\u00fcllerini nas\u0131l verdi\u011fi konusunda T\u00fcrk Hava Yollar\u0131n\u0131n tecr\u00fcbe etti\u011fi tart\u0131\u015fmalar oldu. Fakat zirveyi zorlayan birini hangi g\u00fc\u00e7 en gerilere itebilir. Birinci olmaz ikinci olursunuz, en iyi olmaz ikinci en iyi olabilirsiniz. En temiz havalimanlar\u0131 aras\u0131nda ilk 5\u2019te hadi olmad\u0131 ilk 10\u2019da bir tane T\u00fcrkiye\u2019den olmas\u0131 gerekir.\n\nEn Temizler Japonya\u2019da\n\nSkytrax bu y\u0131l en iyi havalimanlar\u0131n\u0131 farkl\u0131 kategorilerde verdi\u011fi \u00f6d\u00fcllerle a\u00e7\u0131klad\u0131. Koronavir\u00fcsl\u00fc yeni d\u00f6nemde hijyen \u00f6ne \u00e7\u0131kt\u0131\u011f\u0131ndan benim dikkatimi \u00e7eken d\u00fcnyan\u0131n en temiz havalimanlar\u0131 oldu. En temiz havalimanlar\u0131 da havayollar\u0131 da Asya Pasifik b\u00f6lgesinde bulunuyor. Japonlar\u0131n ise son y\u0131llarda en temiz \u00f6d\u00fcllerini topluyorlar. Son 2 y\u0131ld\u0131r Tokyo Haneda Havaliman\u0131, \u201cWorld\u2019s Cleanest Airports\u201d yani \u201cD\u00fcnya\u2019n\u0131n En Temiz Havaliman\u0131\u201d se\u00e7iliyor. Bu havaliman\u0131n\u0131n 7\u2019nci kez \u00fcst \u00fcste kazand\u0131\u011f\u0131 bir \u00f6d\u00fcl. \u00d6te yandan Singapur Changi Havaliman\u0131 da 11 kez \u00fcst \u00fcste en iyi havaliman\u0131 se\u00e7iliyor ve temizlikte de listenin 3\u2019\u00fcnc\u00fc s\u0131ras\u0131nda yer al\u0131yor.\n\nEn temizler listesinin ilk 10\u2019unda 4 tane Japon havaliman\u0131 yer al\u0131yor. Bu sene listeye 10\u2019ncu s\u0131radan giren M\u00fcnih Havaliman\u0131 dikkat \u00e7ekiyor. \u0130lk 10\u2019da kal\u0131c\u0131 olaca\u011f\u0131na kesin g\u00f6zle bak\u0131yorum. \u0130lk 10\u2019da Seul Incheon ve Z\u00fcrih havalimanlar\u0131 da yer al\u0131yor. Koronavir\u00fcs s\u00fcrecinde Seul Incheon Havaliman\u0131\u2019da vermi\u015f oldu\u011fu m\u00fccadele ve ba\u015far\u0131l\u0131 uygulamalar\u0131yla di\u011fer havalimanlar\u0131na \u00f6rnek olmu\u015ftu.\n\nNas\u0131l temiz havaliman\u0131 olunur?\n\nHavalimanlar\u0131n\u0131n temizli\u011fi baz\u0131 kategoriler birle\u015ftirilerek toplanan puanlar sonras\u0131nda belirleniyor. Bu kategoriler \u015f\u00f6yle; Katlar\u0131n temizli\u011fi, temiz alanlar, temiz tuvaletler, temiz oturma alanlar\u0131, yolcular\u0131n en \u00e7ok dokundu\u011fu yerlerin temizli\u011fi, yemek ve al\u0131\u015fveri\u015f alanlar\u0131n\u0131n temizli\u011fi, \u00e7al\u0131\u015fan personel, temizlik standartlar\u0131nda tutarl\u0131l\u0131k, at\u0131k kutular\u0131n\u0131n temizli\u011fi ve geri d\u00f6n\u00fc\u015f\u00fcm se\u00e7enekleri...\n\nD\u00fcnyan\u0131n her hangi bir yerinden Tokyo Haneda Havaliman\u0131\u2019na u\u00e7u\u015f yapt\u0131n\u0131z. Bagaj\u0131n\u0131z\u0131 almak i\u00e7in bagaj konvey\u00f6rlerinin oldu\u011fu alana gittiniz. \u0130\u015fte ilk temizlik burada ba\u015fl\u0131yor. U\u00e7u\u015f boyunca tozlanm\u0131\u015f, kirlenmi\u015f bagajlar\u0131n\u0131z ekiplerce temizleniyor. Terminalde insanlar\u0131n en \u00e7ok dokunduklar\u0131 yerler g\u00fcn boyunca temizleniyor. Asans\u00f6rler, y\u00fcr\u00fcyen merdivenler ve tuvaletler her dakika temizleniyor.\n\nHavaliman\u0131nda \u00e7al\u0131\u015fan personelin mutlu olmas\u0131 da temizli\u011fin \u00f6nemli bir par\u00e7as\u0131. Mutlu olmayan temizlik personelinin veya ucuz fiyatlarla ta\u015feron havale edilen temizlik i\u015flerinin nas\u0131l bir tablo ortaya koydu\u011fu merak edenler T\u00fcrkiye havalimanlar\u0131na bu g\u00f6zle bakabilirler. Mutlu \u00e7al\u0131\u015fan\u0131n temizledi\u011fi mekan\u0131 kullanan yolcular\u0131nda titiz davrand\u0131klar\u0131, etraf\u0131 temiz tuttuklar\u0131 bilinen bir durum. Sadece temizlik i\u00e7in de\u011fil Japon havalimanlar\u0131nda \u00e7al\u0131\u015fan personel misafirlerine yani yolculara nas\u0131l davranacaklar\u0131n\u0131 da alm\u0131\u015f olduklar\u0131 e\u011fitimlerle \u00f6\u011freniyorlar. Haneda Havaliman\u0131\u2019nda g\u00fcn\u00fcn yo\u011fun saatlerinde g\u00fcnde 200 ki\u015fi g\u00f6rev yap\u0131yor Bu rakam u\u00e7u\u015fun az oldu\u011fu saatlerde 120 ki\u015fiye d\u00fc\u015f\u00fcyor ve ortaya d\u00fcnyan\u0131n en temiz havaliman\u0131 \u00e7\u0131k\u0131yor. Di\u011fer havalimanlar\u0131 ise \u015f\u00f6yle;\n\nD\u00fcnyan\u0131n en temiz havalimanlar\u0131 (2020)\n\n1-Tokyo Haneda Havaliman\u0131 (Japonya)\n\n2-Seul Incheon Havaliman\u0131 (G\u00fcney Kore)\n\n3-Singapur Changi Havaliman\u0131 (Singapur)\n\n4-Tokyo Narita Havaliman\u0131 (Japonya)\n\n5-Doha Hamad (Katar)\n\n6-Chubu Centrair Nagoya (Japonya)\n\n7-Hong Kong Havaliman\u0131 (\u00c7in)\n\n8-Zurich Havaliman\u0131 (\u0130svi\u00e7re)\n\n9-Kansai Havaliman\u0131 (Japonya)\n\n10-Munich Havaliman\u0131 (Almanya)",
    "keywords": [
        "havalimanlar\u0131",
        "havaliman\u0131",
        "bir",
        "covid19",
        "iyi",
        "temiz",
        "ve",
        "en",
        "da",
        "yer",
        "bu"
    ],
    "meta_keywords": [
        ""
    ],
    "publish_date": {
        "$date": 1589746945000
    },
    "summary": "Koronavir\u00fcs hayat\u0131m\u0131za girdi\u011finden beri en \u00e7ok \u00f6nemsedi\u011fimiz \u015fey temizlik, hijyen veya dezenfeksiyon.\nHavayoluyla seyahatte yeni normallerin tart\u0131\u015f\u0131ld\u0131\u011f\u0131 \u015fu g\u00fcnlerde bir numaral\u0131 konu da havaliman\u0131nda ve u\u00e7akta hijyenin nas\u0131l sa\u011flanaca\u011f\u0131 hususu.\nKoronavir\u00fcsten kendimizi korumak i\u00e7in \u00e7e\u015fitli \u00f6nlemler al\u0131n\u0131yor, \u00e7e\u015fitli fikirler konu\u015fuluyor.\nTemizlikde bu d\u00f6nemde daha fazla \u00f6n plana \u00e7\u0131k\u0131yor.\nGe\u00e7ti\u011fimiz y\u0131llar en temiz havalimanlar\u0131na dikkat \u00e7eker, listeye T\u00fcrkiye\u2019den herhangi bir havaliman\u0131n girmedi\u011fine de vurgu yapard\u0131m.\nAncak koronavir\u00fcsle birlikte temizli\u011fe \u00e7ok daha fazla dikkat etmemiz gerekiyor.\nBu durumda T\u00fcrkiye\u2019den bir havaliman\u0131m\u0131z\u0131n \u201cd\u00fcnyan\u0131n en temiz havalimanlar\u0131\u201d listesinde yer almas\u0131n\u0131n \u00f6nemli oldu\u011funu ifade edeyim.\n\u015eimdi gelelim as\u0131l meselemize.\n\u0130ngiltere merkezli derecelendirme kurulu\u015fu Skytrax, 2000 y\u0131l\u0131ndan beri geleneksel olarak d\u00fcnya \u00e7ap\u0131nda, havalimanlar\u0131n\u0131 ve havayollar\u0131n\u0131 \u00f6d\u00fcllendiriyor.\nSkytrax \u00f6d\u00fclleri de sekt\u00f6rde en fazla dikkat \u00e7eken, itibar edilen konumda.\nDi\u011fer bir ifadeyle \u00f6nemli ara\u015ft\u0131rmalar aras\u0131nda yer al\u0131yor.\nGe\u00e7en hafta son bir y\u0131ll\u0131k de\u011ferlendirme neticesinde d\u00fcnyan\u0131n en iyi havalimanlar\u0131 a\u00e7\u0131kland\u0131.\nT\u00fcrkiye\u2019den herhangi bir havaliman\u0131m\u0131z en iyi olarak \u00f6n s\u0131ralarda listeye giremedi.\nEn b\u00fcy\u00fck hayallerimden birisi T\u00fcrkiye\u2019den bir meydan\u0131 en iyi olarak ilk 5 aras\u0131nda g\u00f6rmek.\nEn temiz havalimanlar\u0131 aras\u0131nda bir meydan\u0131m\u0131z\u0131n an\u0131lmas\u0131 inan\u0131n T\u00fcrkiye\u2019ye \u00e7ok \u015fey kazand\u0131r\u0131r.\n\u015eunu net s\u00f6yleyebilirim havalimanlar\u0131m\u0131z temiz de\u011fil.\nHakl\u0131 olarak ismimiz an\u0131lm\u0131yor.\nMesela \u0130stanbul Havaliman\u0131 hizmete girdi\u011fi zaman Skytrax \u00f6d\u00fcllerinde kendisine \u00fcst s\u0131ralarda yer bulabilece\u011fi merak konusu olmu\u015ftu.\nAncak bu y\u0131lki en iyi 100 havaliman\u0131 aras\u0131nda maalesef \u0130stanbul Havaliman\u0131 kendisine yer bulamad\u0131.\nSadece 50-60 milyon yolcu kategorisinde 7'nci olarak listeye girebildi.\nEvet Skytrax'\u0131n \u00f6d\u00fcllerini nas\u0131l verdi\u011fi konusunda T\u00fcrk Hava Yollar\u0131n\u0131n tecr\u00fcbe etti\u011fi tart\u0131\u015fmalar oldu.\nFakat zirveyi zorlayan birini hangi g\u00fc\u00e7 en gerilere itebilir.\nBirinci olmaz ikinci olursunuz, en iyi olmaz ikinci en iyi olabilirsiniz.\nEn temiz havalimanlar\u0131 aras\u0131nda ilk 5\u2019te hadi olmad\u0131 ilk 10\u2019da bir tane T\u00fcrkiye\u2019den olmas\u0131 gerekir.\nEn Temizler Japonya\u2019daSkytrax bu y\u0131l en iyi havalimanlar\u0131n\u0131 farkl\u0131 kategorilerde verdi\u011fi \u00f6d\u00fcllerle a\u00e7\u0131klad\u0131.\nKoronavir\u00fcsl\u00fc yeni d\u00f6nemde hijyen \u00f6ne \u00e7\u0131kt\u0131\u011f\u0131ndan benim dikkatimi \u00e7eken d\u00fcnyan\u0131n en temiz havalimanlar\u0131 oldu.\nEn temiz havalimanlar\u0131 da havayollar\u0131 da Asya Pasifik b\u00f6lgesinde bulunuyor.\nJaponlar\u0131n ise son y\u0131llarda en temiz \u00f6d\u00fcllerini topluyorlar.\nSon 2 y\u0131ld\u0131r Tokyo Haneda Havaliman\u0131, \u201cWorld\u2019s Cleanest Airports\u201d yani \u201cD\u00fcnya\u2019n\u0131n En Temiz Havaliman\u0131\u201d se\u00e7iliyor.\nBu havaliman\u0131n\u0131n 7\u2019nci kez \u00fcst \u00fcste kazand\u0131\u011f\u0131 bir \u00f6d\u00fcl.\n\u00d6te yandan Singapur Changi Havaliman\u0131 da 11 kez \u00fcst \u00fcste en iyi havaliman\u0131 se\u00e7iliyor ve temizlikte de listenin 3\u2019\u00fcnc\u00fc s\u0131ras\u0131nda yer al\u0131yor.\nEn temizler listesinin ilk 10\u2019unda 4 tane Japon havaliman\u0131 yer al\u0131yor.\nBu sene listeye 10\u2019ncu s\u0131radan giren M\u00fcnih Havaliman\u0131 dikkat \u00e7ekiyor.\n\u0130lk 10\u2019da kal\u0131c\u0131 olaca\u011f\u0131na kesin g\u00f6zle bak\u0131yorum.\n\u0130lk 10\u2019da Seul Incheon ve Z\u00fcrih havalimanlar\u0131 da yer al\u0131yor.\nKoronavir\u00fcs s\u00fcrecinde Seul Incheon Havaliman\u0131\u2019da vermi\u015f oldu\u011fu m\u00fccadele ve ba\u015far\u0131l\u0131 uygulamalar\u0131yla di\u011fer havalimanlar\u0131na \u00f6rnek olmu\u015ftu.\nNas\u0131l temiz havaliman\u0131 olunur?\nHavalimanlar\u0131n\u0131n temizli\u011fi baz\u0131 kategoriler birle\u015ftirilerek toplanan puanlar sonras\u0131nda belirleniyor.\nBu kategoriler \u015f\u00f6yle; Katlar\u0131n temizli\u011fi, temiz alanlar, temiz tuvaletler, temiz oturma alanlar\u0131, yolcular\u0131n en \u00e7ok dokundu\u011fu yerlerin temizli\u011fi, yemek ve al\u0131\u015fveri\u015f alanlar\u0131n\u0131n temizli\u011fi, \u00e7al\u0131\u015fan personel, temizlik standartlar\u0131nda tutarl\u0131l\u0131k, at\u0131k kutular\u0131n\u0131n temizli\u011fi ve geri d\u00f6n\u00fc\u015f\u00fcm se\u00e7enekleri...D\u00fcnyan\u0131n her hangi bir yerinden Tokyo Haneda Havaliman\u0131\u2019na u\u00e7u\u015f yapt\u0131n\u0131z.\nBagaj\u0131n\u0131z\u0131 almak i\u00e7in bagaj konvey\u00f6rlerinin oldu\u011fu alana gittiniz.\n\u0130\u015fte ilk temizlik burada ba\u015fl\u0131yor.\nU\u00e7u\u015f boyunca tozlanm\u0131\u015f, kirlenmi\u015f bagajlar\u0131n\u0131z ekiplerce temizleniyor.\nTerminalde insanlar\u0131n en \u00e7ok dokunduklar\u0131 yerler g\u00fcn boyunca temizleniyor.\nAsans\u00f6rler, y\u00fcr\u00fcyen merdivenler ve tuvaletler her dakika temizleniyor.\nHavaliman\u0131nda \u00e7al\u0131\u015fan personelin mutlu olmas\u0131 da temizli\u011fin \u00f6nemli bir par\u00e7as\u0131.\nMutlu olmayan temizlik personelinin veya ucuz fiyatlarla ta\u015feron havale edilen temizlik i\u015flerinin nas\u0131l bir tablo ortaya koydu\u011fu merak edenler T\u00fcrkiye havalimanlar\u0131na bu g\u00f6zle bakabilirler.\nMutlu \u00e7al\u0131\u015fan\u0131n temizledi\u011fi mekan\u0131 kullanan yolcular\u0131nda titiz davrand\u0131klar\u0131, etraf\u0131 temiz tuttuklar\u0131 bilinen bir durum.\nSadece temizlik i\u00e7in de\u011fil Japon havalimanlar\u0131nda \u00e7al\u0131\u015fan personel misafirlerine yani yolculara nas\u0131l davranacaklar\u0131n\u0131 da alm\u0131\u015f olduklar\u0131 e\u011fitimlerle \u00f6\u011freniyorlar.\nHaneda Havaliman\u0131\u2019nda g\u00fcn\u00fcn yo\u011fun saatlerinde g\u00fcnde 200 ki\u015fi g\u00f6rev yap\u0131yor Bu rakam u\u00e7u\u015fun az oldu\u011fu saatlerde 120 ki\u015fiye d\u00fc\u015f\u00fcyor ve ortaya d\u00fcnyan\u0131n en temiz havaliman\u0131 \u00e7\u0131k\u0131yor.\nDi\u011fer havalimanlar\u0131 ise \u015f\u00f6yle;D\u00fcnyan\u0131n en temiz havalimanlar\u0131 (2020)1-Tokyo Haneda Havaliman\u0131 (Japonya)2-Seul Incheon Havaliman\u0131 (G\u00fcney Kore)3-Singapur Changi Havaliman\u0131 (Singapur)4-Tokyo Narita Havaliman\u0131 (Japonya)5-Doha Hamad (Katar)6-Chubu Centrair Nagoya (Japonya)7-Hong Kong Havaliman\u0131 (\u00c7in)8-Zurich Havaliman\u0131 (\u0130svi\u00e7re)9-Kansai Havaliman\u0131 (Japonya)10-Munich Havaliman\u0131 (Almanya)",
    "article_html": "",
    "meta_description": "Koronavir\u00fcs hayat\u0131m\u0131za girdi\u011finden beri en \u00e7ok \u00f6nemsedi\u011fimiz \u015fey temizlik, hijyen veya dezenfeksiyon. Havayoluyla seyahatte yeni normallerin tart\u0131\u015f\u0131ld\u0131\u011f\u0131 \u015fu g\u00fcnlerde bir numaral\u0131 konu da havaliman\u0131nda ve u\u00e7akta hijyenin nas\u0131l sa\u011flanaca\u011f\u0131 hususu. Koronavir\u00fcsten kendimizi korumak i\u00e7in \u00e7e\u015fitli \u00f6nlemler al\u0131n\u0131yor, \u00e7e\u015fitli fikirler konu\u015fuluyor. Temizlikde bu d\u00f6nemde daha fazla \u00f6n plana \u00e7\u0131k\u0131yor.\nGe\u00e7ti\u011fimiz y\u0131llar en temiz havalimanlar\u0131na dikkat \u00e7eker, listeye T\u00fcrkiye'den herhangi bir havaliman\u0131n girmedi\u011fine de vurgu yapard\u0131m. Ancak koronavir\u00fcsle birlikte temizli\u011fe \u00e7ok daha fazla dikkat etmemiz gerekiyor. Bu durumda T\u00fcrkiye'den bir havaliman\u0131m\u0131z\u0131n...",
    "meta_lang": "tr"
}