{
    "article_id": "ab99c82b0475f03f9193de35d92991e6.1589925762.709163",
    "title": "Ali Ko\u00e7'tan 19 May\u0131s mesaj\u0131",
    "authors": [
        "Isvalid",
        "Yazarlar",
        "Data",
        "Name",
        "Mail",
        "Title",
        "Di\u0307\u011fer Yazarlar"
    ],
    "canonical_link": "https://www.haberturk.com/ali-koc-tan-19-mayis-mesaji-2684598-spor",
    "url": "http://haberturk.com/ali-koc-tan-19-mayis-mesaji-2684598-spor",
    "top_img": "https://im.haberturk.com/2020/05/19/ver1589886505/2684598_1200x627.jpg",
    "meta_img": "https://im.haberturk.com/2020/05/19/ver1589886505/2684598_1200x627.jpg",
    "movies": [],
    "text": "Ulu \u00d6nderimiz Mustafa Kemal Atat\u00fcrk\u2019\u00fcn 19 May\u0131s 1919\u2019da Samsun\u2019a \u00e7\u0131karak milletimizin ba\u011f\u0131ms\u0131zl\u0131k m\u00fccadelesi olan Kurtulu\u015f Sava\u015f\u0131\u2019n\u0131n ate\u015fini yakmas\u0131n\u0131n 101\u2019inci y\u0131l\u0131n\u0131 anmak i\u00e7in Fenerbah\u00e7e Televizyonu'nda ger\u00e7ekle\u015ftirilen \u201919 May\u0131s \u00d6zel\u2019 program\u0131na kat\u0131lan Fenerbah\u00e7e Ba\u015fkan\u0131 Ali Ko\u00e7, \u015fu ifadeleri kulland\u0131:\n\n\n\n\u201cBizi takip eden herkesi sevgi ve sayg\u0131yla selaml\u0131yorum. T\u00fcm de\u011ferli \u00fcyelerimizi, taraftarlar\u0131m\u0131z, Fenerbah\u00e7e TV ekranlar\u0131nda bizleri takip eden herkesi sevgi ve sayg\u0131yla selaml\u0131yorum. Ba\u015fta seni ve Fenerbah\u00e7e TV\u2019de bu \u00f6zel g\u00fcn\u00fcm\u00fcz\u00fc kutlamak i\u00e7in haz\u0131rlad\u0131\u011f\u0131n\u0131z programdan dolay\u0131, fedakarca \u00e7al\u0131\u015fmalar\u0131n\u0131zdan dolay\u0131 te\u015fekk\u00fcr ediyorum. 23 Nisan da b\u00f6yle bir g\u00fcne rastlam\u0131\u015ft\u0131, yine soka\u011fa \u00e7\u0131kam\u0131yorduk ama sizler \u00f6zveriyle o g\u00fcn\u00fc de bug\u00fcn\u00fc de kutlamak i\u00e7in elinizden geleni yapt\u0131n\u0131z. Bug\u00fcn de yine \u00fclkemizin, ulusumuzun gurur duyulas\u0131 tarihinden bizlere arma\u011fan olan \u00e7ok \u00f6zel bir g\u00fcn\u00fcn bir y\u0131l d\u00f6n\u00fcm\u00fcn\u00fc daha kutluyoruz. \u00d6ncelikle bayram\u0131m\u0131z kutlu olsun diyelim. Kat\u0131lan herkese te\u015fekk\u00fcr ediyorum. Zahmet ettiler, vakit ay\u0131rd\u0131lar ama bizim kanal\u0131m\u0131z\u0131 renklendirdiler, daha da \u00f6nemlisi \u00e7ok de\u011ferli tarihi bilgileri payla\u015ft\u0131lar. Bilenlere bir kez daha hat\u0131rlatt\u0131lar, bilmeyenler i\u00e7in de onlar\u0131 yeni bilgilerle donatt\u0131lar.\n\nEvet, bildi\u011finiz gibi 19 May\u0131s ilk defa 1926 y\u0131l\u0131nda Gazi G\u00fcn\u00fc alt\u0131nda Samsun\u2019da kutlanmas\u0131n\u0131n ard\u0131ndan 24 May\u0131s 1935\u2019te yap\u0131lan ilk kutlama, k\u0131ymetli rakibimiz Be\u015fikta\u015f\u2019\u0131n da giri\u015fimleriyle bizim stad\u0131m\u0131zda, az \u00f6nce de anlat\u0131ld\u0131\u011f\u0131 gibi Fenerbah\u00e7emizin \u00e7at\u0131s\u0131 alt\u0131nda ger\u00e7ekle\u015fti. Fenerbah\u00e7eli, Be\u015fikta\u015fl\u0131 ve Galatasarayl\u0131 y\u00fczlerce sporcunun kat\u0131l\u0131m\u0131yla kutlanm\u0131\u015f, o g\u00fcn Atat\u00fcrk G\u00fcn\u00fc olarak ilan edilmi\u015f ve bir spor g\u00fcn\u00fc haline gelmi\u015ftir. Her ad\u0131mda g\u00f6r\u00fcyoruz ki Fenerbah\u00e7e\u2019nin gurur duydu\u011fumuz tarihi, Atam\u0131zdan izlerle doludur. G\u00f6n\u00fcl \u00e7ok isterdi ki bu tarihte de bu devirde de benzer bir kutlamay\u0131 b\u00fcy\u00fck kul\u00fcpler olarak birimizin stad\u0131nda beraber o eski g\u00fcnleri, karde\u015fli\u011fi, dostlu\u011fu da an\u0131msayarak tekrar ger\u00e7ekle\u015ftirelim. Bakars\u0131n\u0131z 2021 y\u0131l\u0131nda 19 May\u0131s b\u00f6yle bir g\u00fcn olabilir. Ben, Fenerbah\u00e7e Spor Kul\u00fcb\u00fc Ba\u015fkan\u0131 olarak b\u00f6yle bir giri\u015fimi her t\u00fcrl\u00fc destekleyece\u011fimizi, her t\u00fcrl\u00fc i\u015f birli\u011fine a\u00e7\u0131k oldu\u011fumuzu da buradan yeri gelmi\u015fken ifade etmek isterim.\n\nUlu \u00d6nderimiz Mustafa Kemal Atat\u00fcrk\u2019\u00fcn, Samsun\u2019da yakt\u0131\u011f\u0131 kurtulu\u015f me\u015falesinin t\u00fcm yurtta sahiplenilmesinin, T\u00fcrk devletinin kurtulu\u015f ve kurulu\u015funun ba\u015flang\u0131c\u0131 olan 19 May\u0131s, az \u00f6nce Burak Bey\u2019in de ifade etti\u011fi gibi Atam\u0131z\u0131n do\u011fum g\u00fcn\u00fc olarak se\u00e7ece\u011fi kadar \u00f6zel bir g\u00fcn. Bug\u00fcn, gen\u00e7lere arma\u011fan edilerek, T\u00fcrk gen\u00e7lerinin \u00fclkemizin istiklali ve Cumhuriyetimizin, bug\u00fcn ve yar\u0131nlar\u0131n en b\u00fcy\u00fck g\u00fcvencesi oldu\u011fu vurgulanm\u0131\u015ft\u0131r. Atam\u0131z\u0131n \u015fu s\u00f6zlerine \u00e7ok \u00f6nem veriyorum, Atam\u0131z T\u00fcrk gen\u00e7lerine \u015fu mesaj\u0131 vermi\u015ftir: \u2018Sizler, yeni T\u00fcrkiye\u2019nin gen\u00e7 evlatlar\u0131, yorulsan\u0131z dahi beni takip edeceksiniz. Dinlenmemek \u00fczere y\u00fcr\u00fcmeye karar verenler asla ve asla yorulmazlar.\u2019 Bu ba\u011flamda, bu pencereden bakt\u0131\u011f\u0131m\u0131zda t\u00fcm gen\u00e7lere, biz b\u00fcy\u00fcklere k\u0131saca bu milletin t\u00fcm evlatlar\u0131na \u00e7ok ama \u00e7ok \u00f6nemli g\u00f6revler d\u00fc\u015fmektedir. Niye d\u00fc\u015fmektedir? \u00c7\u00fcnk\u00fc biz destans\u0131 bir hikayeyle ilmek ilmek dokumu\u015f bir tarihi, canlar\u0131n\u0131 feda ederek kazan\u0131lm\u0131\u015f bir vatan\u0131 miras ald\u0131k. Binlerce \u015fehit vererek bunu ger\u00e7ekle\u015ftirdik.\n\n\u00c7ok b\u00fcy\u00fck s\u0131k\u0131nt\u0131 ve yokluklar i\u00e7inde, b\u00fcy\u00fck \u00f6zverilerle kurulan T\u00fcrkiye Cumhuriyeti de bu milletin her bir vatanda\u015f\u0131yla birlikte asl\u0131nda gen\u00e7lere emanettir. Bu de\u011ferli emaneti ya\u015fatmak, sonsuza kadar korumak ve gelecek ku\u015faklara en iyi \u015fekilde aktarmak en ba\u015fta gelen tek ve yegane sorumlulu\u011fumuzdur. Bu ciddi sorumlulu\u011fumuz do\u011frultusunda yapmam\u0131z gereken ise; idealleri olan, hedefleri bulunan, d\u00fc\u015f\u00fcnen, ara\u015ft\u0131ran, \u00e7al\u0131\u015fan, \u00fcreten, fark\u0131nda olan, donan\u0131ml\u0131, k\u00fclt\u00fcrl\u00fc ve bilime inanan \u00e7a\u011fda\u015f nesiller yeti\u015ftirmektir. T\u00fcm bilincimiz, t\u00fcm oda\u011f\u0131m\u0131z ve t\u00fcm dikkatimiz bunun \u00fczerine olmal\u0131d\u0131r. Zaten bir \u00fclkenin refah\u0131, geli\u015fmi\u015fli\u011fi ve gelece\u011fi de o \u00fclkenin insan sermayesinin ve insan kayna\u011f\u0131n\u0131n kalitesiyle paraleldir. Bizim de Fenerbah\u00e7e Spor Kul\u00fcb\u00fc olarak g\u00f6revimiz, bu \u00e7at\u0131 alt\u0131nda spor yapan her bir \u00e7ocu\u011fumuzun, her bir gencimizin, her bir ferdimizin de\u011ferlerine sahip, Atas\u0131na sayg\u0131l\u0131 birer birey olarak yeti\u015fmesi i\u00e7in elimizden geleni yapmakt\u0131r. Hi\u00e7bir \u00e7ocu\u011fu, hi\u00e7bir genci kaybetme l\u00fcks\u00fcm\u00fcz yoktur.\n\n\u00c7ocu\u011fun e\u011fitim ailede ba\u015flar; okulda devam eder. Ancak \u00e7ocuklar ve gen\u00e7lerle yolu kesi\u015fen her bir marka, her bir kurum onlar\u0131n geli\u015fimine olumlu anlamda katk\u0131da bulunmay\u0131 g\u00f6rev edinmelidir. Tabii ki yar\u0131nlar\u0131m\u0131z\u0131 el birli\u011fiyle b\u00fcy\u00fctece\u011fiz. \u00dclkemizi ve cumhuriyetimizi p\u0131r\u0131l p\u0131r\u0131l gen\u00e7lere arma\u011fan etmek de bizlerin elindedir. Bu sorumluluk hepimizin vatanda\u015fl\u0131k bilincinde olmal\u0131d\u0131r. Bu vesileyle 101. y\u0131l\u0131n\u0131 kutlad\u0131\u011f\u0131m\u0131z 19 May\u0131s Atat\u00fcrk\u2019\u00fc Anma, Gen\u00e7lik ve Spor Bayram\u0131m\u0131z kutlu olsun. \u0130n\u015fallah sa\u011fl\u0131k ve huzur i\u00e7erisinde daha nice bayramlar\u0131 hep beraber kutlar\u0131z. Umuyorum ki salg\u0131n s\u00fcreci sona erdi\u011finde bundan sonraki ilk milli bayram\u0131m\u0131zda An\u0131tkabir\u2019de bulu\u015farak bug\u00fcnlerde evlerimizde ya\u015fad\u0131\u011f\u0131m\u0131z bayram co\u015fkusunu Atam\u0131z\u0131n huzurunda da ya\u015far\u0131z.\n\n23 Nisan\u2019da Kul\u00fcpler Birli\u011fi olarak bir etkinli\u011fe imza atm\u0131\u015ft\u0131k. Aram\u0131zda geli\u015ftirdi\u011fimiz bir fikirle t\u00fcm statlar\u0131m\u0131zda ayn\u0131 anda \u0130stiklal Mar\u015f\u0131\u2019n\u0131 okumu\u015ftuk. Bu ak\u015fam da mabedimizde saat 19.19\u2019da bu sefer Cumhurba\u015fkan\u0131m\u0131z\u0131n yapt\u0131\u011f\u0131 \u00e7a\u011fr\u0131 do\u011frultusunda, t\u00fcm yurtta, t\u00fcm spor salonlar\u0131nda, t\u00fcm statlarda milli mar\u015f\u0131m\u0131z okunacak. 23 Nisan\u2019da bunu tecr\u00fcbe etti\u011fimiz zaman mahalle halk\u0131ndan, Moda\u2019dan, stad\u0131m\u0131za yak\u0131n oturanlardan \u00e7ok fazla te\u015fekk\u00fcr ve tebrik maili ald\u0131k. Kul\u00fcpler Birli\u011fi\u2019nin 23 Nisan\u2019da ba\u015flatm\u0131\u015f oldu\u011fu bu fikir belki de gelenek haline gelir ve her sene bu \u015fekilde devam eder. Bug\u00fcn Kadir Gecesi. \u00c7ok m\u00fcbarek bir g\u00fcn. Kadir Gecemizi de kutluyorum. Birka\u00e7 g\u00fcn sonra kucaklayaca\u011f\u0131m\u0131z Ramazan Bayram\u0131m\u0131z\u0131 da kutluyorum. \u0130n\u015fallah t\u00fcm bayramlar\u0131m\u0131z\u0131 m\u00fcmk\u00fcn olan en normal \u015fekilde, en k\u0131sa zamanda hep beraber kutluyor oluruz. K\u00fc\u00e7\u00fcklerimizin g\u00f6zlerinden, b\u00fcy\u00fcklerimizin ellerinden \u00f6p\u00fcyorum. Hepinizi sevgi ve sayg\u0131yla kucakl\u0131yorum. Sa\u011f olun, var olun.\u201d",
    "keywords": [
        "ko\u00e7tan",
        "bir",
        "olarak",
        "olan",
        "19",
        "\u00e7ok",
        "mesaj\u0131",
        "ve",
        "bu",
        "t\u00fcm",
        "may\u0131s",
        "da",
        "spor",
        "ali"
    ],
    "meta_keywords": [
        ""
    ],
    "publish_date": {
        "$date": 1589886505000
    },
    "summary": "Ulu \u00d6nderimiz Mustafa Kemal Atat\u00fcrk\u2019\u00fcn 19 May\u0131s 1919\u2019da Samsun\u2019a \u00e7\u0131karak milletimizin ba\u011f\u0131ms\u0131zl\u0131k m\u00fccadelesi olan Kurtulu\u015f Sava\u015f\u0131\u2019n\u0131n ate\u015fini yakmas\u0131n\u0131n 101\u2019inci y\u0131l\u0131n\u0131 anmak i\u00e7in Fenerbah\u00e7e Televizyonu'nda ger\u00e7ekle\u015ftirilen \u201919 May\u0131s \u00d6zel\u2019 program\u0131na kat\u0131lan Fenerbah\u00e7e Ba\u015fkan\u0131 Ali Ko\u00e7, \u015fu ifadeleri kulland\u0131:\u201cBizi takip eden herkesi sevgi ve sayg\u0131yla selaml\u0131yorum.\nT\u00fcm de\u011ferli \u00fcyelerimizi, taraftarlar\u0131m\u0131z, Fenerbah\u00e7e TV ekranlar\u0131nda bizleri takip eden herkesi sevgi ve sayg\u0131yla selaml\u0131yorum.\nBa\u015fta seni ve Fenerbah\u00e7e TV\u2019de bu \u00f6zel g\u00fcn\u00fcm\u00fcz\u00fc kutlamak i\u00e7in haz\u0131rlad\u0131\u011f\u0131n\u0131z programdan dolay\u0131, fedakarca \u00e7al\u0131\u015fmalar\u0131n\u0131zdan dolay\u0131 te\u015fekk\u00fcr ediyorum.\n23 Nisan da b\u00f6yle bir g\u00fcne rastlam\u0131\u015ft\u0131, yine soka\u011fa \u00e7\u0131kam\u0131yorduk ama sizler \u00f6zveriyle o g\u00fcn\u00fc de bug\u00fcn\u00fc de kutlamak i\u00e7in elinizden geleni yapt\u0131n\u0131z.\nBug\u00fcn de yine \u00fclkemizin, ulusumuzun gurur duyulas\u0131 tarihinden bizlere arma\u011fan olan \u00e7ok \u00f6zel bir g\u00fcn\u00fcn bir y\u0131l d\u00f6n\u00fcm\u00fcn\u00fc daha kutluyoruz.\n\u00d6ncelikle bayram\u0131m\u0131z kutlu olsun diyelim.\nKat\u0131lan herkese te\u015fekk\u00fcr ediyorum.\nZahmet ettiler, vakit ay\u0131rd\u0131lar ama bizim kanal\u0131m\u0131z\u0131 renklendirdiler, daha da \u00f6nemlisi \u00e7ok de\u011ferli tarihi bilgileri payla\u015ft\u0131lar.\nBilenlere bir kez daha hat\u0131rlatt\u0131lar, bilmeyenler i\u00e7in de onlar\u0131 yeni bilgilerle donatt\u0131lar.\nEvet, bildi\u011finiz gibi 19 May\u0131s ilk defa 1926 y\u0131l\u0131nda Gazi G\u00fcn\u00fc alt\u0131nda Samsun\u2019da kutlanmas\u0131n\u0131n ard\u0131ndan 24 May\u0131s 1935\u2019te yap\u0131lan ilk kutlama, k\u0131ymetli rakibimiz Be\u015fikta\u015f\u2019\u0131n da giri\u015fimleriyle bizim stad\u0131m\u0131zda, az \u00f6nce de anlat\u0131ld\u0131\u011f\u0131 gibi Fenerbah\u00e7emizin \u00e7at\u0131s\u0131 alt\u0131nda ger\u00e7ekle\u015fti.\nFenerbah\u00e7eli, Be\u015fikta\u015fl\u0131 ve Galatasarayl\u0131 y\u00fczlerce sporcunun kat\u0131l\u0131m\u0131yla kutlanm\u0131\u015f, o g\u00fcn Atat\u00fcrk G\u00fcn\u00fc olarak ilan edilmi\u015f ve bir spor g\u00fcn\u00fc haline gelmi\u015ftir.\nHer ad\u0131mda g\u00f6r\u00fcyoruz ki Fenerbah\u00e7e\u2019nin gurur duydu\u011fumuz tarihi, Atam\u0131zdan izlerle doludur.\nG\u00f6n\u00fcl \u00e7ok isterdi ki bu tarihte de bu devirde de benzer bir kutlamay\u0131 b\u00fcy\u00fck kul\u00fcpler olarak birimizin stad\u0131nda beraber o eski g\u00fcnleri, karde\u015fli\u011fi, dostlu\u011fu da an\u0131msayarak tekrar ger\u00e7ekle\u015ftirelim.\nBakars\u0131n\u0131z 2021 y\u0131l\u0131nda 19 May\u0131s b\u00f6yle bir g\u00fcn olabilir.\nBen, Fenerbah\u00e7e Spor Kul\u00fcb\u00fc Ba\u015fkan\u0131 olarak b\u00f6yle bir giri\u015fimi her t\u00fcrl\u00fc destekleyece\u011fimizi, her t\u00fcrl\u00fc i\u015f birli\u011fine a\u00e7\u0131k oldu\u011fumuzu da buradan yeri gelmi\u015fken ifade etmek isterim.\nUlu \u00d6nderimiz Mustafa Kemal Atat\u00fcrk\u2019\u00fcn, Samsun\u2019da yakt\u0131\u011f\u0131 kurtulu\u015f me\u015falesinin t\u00fcm yurtta sahiplenilmesinin, T\u00fcrk devletinin kurtulu\u015f ve kurulu\u015funun ba\u015flang\u0131c\u0131 olan 19 May\u0131s, az \u00f6nce Burak Bey\u2019in de ifade etti\u011fi gibi Atam\u0131z\u0131n do\u011fum g\u00fcn\u00fc olarak se\u00e7ece\u011fi kadar \u00f6zel bir g\u00fcn.\nBug\u00fcn, gen\u00e7lere arma\u011fan edilerek, T\u00fcrk gen\u00e7lerinin \u00fclkemizin istiklali ve Cumhuriyetimizin, bug\u00fcn ve yar\u0131nlar\u0131n en b\u00fcy\u00fck g\u00fcvencesi oldu\u011fu vurgulanm\u0131\u015ft\u0131r.\nAtam\u0131z\u0131n \u015fu s\u00f6zlerine \u00e7ok \u00f6nem veriyorum, Atam\u0131z T\u00fcrk gen\u00e7lerine \u015fu mesaj\u0131 vermi\u015ftir: \u2018Sizler, yeni T\u00fcrkiye\u2019nin gen\u00e7 evlatlar\u0131, yorulsan\u0131z dahi beni takip edeceksiniz.\nDinlenmemek \u00fczere y\u00fcr\u00fcmeye karar verenler asla ve asla yorulmazlar.\u2019 Bu ba\u011flamda, bu pencereden bakt\u0131\u011f\u0131m\u0131zda t\u00fcm gen\u00e7lere, biz b\u00fcy\u00fcklere k\u0131saca bu milletin t\u00fcm evlatlar\u0131na \u00e7ok ama \u00e7ok \u00f6nemli g\u00f6revler d\u00fc\u015fmektedir.\nNiye d\u00fc\u015fmektedir?\n\u00c7\u00fcnk\u00fc biz destans\u0131 bir hikayeyle ilmek ilmek dokumu\u015f bir tarihi, canlar\u0131n\u0131 feda ederek kazan\u0131lm\u0131\u015f bir vatan\u0131 miras ald\u0131k.\nBinlerce \u015fehit vererek bunu ger\u00e7ekle\u015ftirdik.\n\u00c7ok b\u00fcy\u00fck s\u0131k\u0131nt\u0131 ve yokluklar i\u00e7inde, b\u00fcy\u00fck \u00f6zverilerle kurulan T\u00fcrkiye Cumhuriyeti de bu milletin her bir vatanda\u015f\u0131yla birlikte asl\u0131nda gen\u00e7lere emanettir.\nBu de\u011ferli emaneti ya\u015fatmak, sonsuza kadar korumak ve gelecek ku\u015faklara en iyi \u015fekilde aktarmak en ba\u015fta gelen tek ve yegane sorumlulu\u011fumuzdur.\nBu ciddi sorumlulu\u011fumuz do\u011frultusunda yapmam\u0131z gereken ise; idealleri olan, hedefleri bulunan, d\u00fc\u015f\u00fcnen, ara\u015ft\u0131ran, \u00e7al\u0131\u015fan, \u00fcreten, fark\u0131nda olan, donan\u0131ml\u0131, k\u00fclt\u00fcrl\u00fc ve bilime inanan \u00e7a\u011fda\u015f nesiller yeti\u015ftirmektir.\nT\u00fcm bilincimiz, t\u00fcm oda\u011f\u0131m\u0131z ve t\u00fcm dikkatimiz bunun \u00fczerine olmal\u0131d\u0131r.\nZaten bir \u00fclkenin refah\u0131, geli\u015fmi\u015fli\u011fi ve gelece\u011fi de o \u00fclkenin insan sermayesinin ve insan kayna\u011f\u0131n\u0131n kalitesiyle paraleldir.\nBizim de Fenerbah\u00e7e Spor Kul\u00fcb\u00fc olarak g\u00f6revimiz, bu \u00e7at\u0131 alt\u0131nda spor yapan her bir \u00e7ocu\u011fumuzun, her bir gencimizin, her bir ferdimizin de\u011ferlerine sahip, Atas\u0131na sayg\u0131l\u0131 birer birey olarak yeti\u015fmesi i\u00e7in elimizden geleni yapmakt\u0131r.\nHi\u00e7bir \u00e7ocu\u011fu, hi\u00e7bir genci kaybetme l\u00fcks\u00fcm\u00fcz yoktur.\n\u00c7ocu\u011fun e\u011fitim ailede ba\u015flar; okulda devam eder.\nAncak \u00e7ocuklar ve gen\u00e7lerle yolu kesi\u015fen her bir marka, her bir kurum onlar\u0131n geli\u015fimine olumlu anlamda katk\u0131da bulunmay\u0131 g\u00f6rev edinmelidir.\nTabii ki yar\u0131nlar\u0131m\u0131z\u0131 el birli\u011fiyle b\u00fcy\u00fctece\u011fiz.\n\u00dclkemizi ve cumhuriyetimizi p\u0131r\u0131l p\u0131r\u0131l gen\u00e7lere arma\u011fan etmek de bizlerin elindedir.\nBu sorumluluk hepimizin vatanda\u015fl\u0131k bilincinde olmal\u0131d\u0131r.\nBu vesileyle 101. y\u0131l\u0131n\u0131 kutlad\u0131\u011f\u0131m\u0131z 19 May\u0131s Atat\u00fcrk\u2019\u00fc Anma, Gen\u00e7lik ve Spor Bayram\u0131m\u0131z kutlu olsun.\n\u0130n\u015fallah sa\u011fl\u0131k ve huzur i\u00e7erisinde daha nice bayramlar\u0131 hep beraber kutlar\u0131z.\nUmuyorum ki salg\u0131n s\u00fcreci sona erdi\u011finde bundan sonraki ilk milli bayram\u0131m\u0131zda An\u0131tkabir\u2019de bulu\u015farak bug\u00fcnlerde evlerimizde ya\u015fad\u0131\u011f\u0131m\u0131z bayram co\u015fkusunu Atam\u0131z\u0131n huzurunda da ya\u015far\u0131z.\n23 Nisan\u2019da Kul\u00fcpler Birli\u011fi olarak bir etkinli\u011fe imza atm\u0131\u015ft\u0131k.\nAram\u0131zda geli\u015ftirdi\u011fimiz bir fikirle t\u00fcm statlar\u0131m\u0131zda ayn\u0131 anda \u0130stiklal Mar\u015f\u0131\u2019n\u0131 okumu\u015ftuk.\nBu ak\u015fam da mabedimizde saat 19.19\u2019da bu sefer Cumhurba\u015fkan\u0131m\u0131z\u0131n yapt\u0131\u011f\u0131 \u00e7a\u011fr\u0131 do\u011frultusunda, t\u00fcm yurtta, t\u00fcm spor salonlar\u0131nda, t\u00fcm statlarda milli mar\u015f\u0131m\u0131z okunacak.\n23 Nisan\u2019da bunu tecr\u00fcbe etti\u011fimiz zaman mahalle halk\u0131ndan, Moda\u2019dan, stad\u0131m\u0131za yak\u0131n oturanlardan \u00e7ok fazla te\u015fekk\u00fcr ve tebrik maili ald\u0131k.\nKul\u00fcpler Birli\u011fi\u2019nin 23 Nisan\u2019da ba\u015flatm\u0131\u015f oldu\u011fu bu fikir belki de gelenek haline gelir ve her sene bu \u015fekilde devam eder.\nBug\u00fcn Kadir Gecesi.\n\u00c7ok m\u00fcbarek bir g\u00fcn.\nKadir Gecemizi de kutluyorum.\nBirka\u00e7 g\u00fcn sonra kucaklayaca\u011f\u0131m\u0131z Ramazan Bayram\u0131m\u0131z\u0131 da kutluyorum.\n\u0130n\u015fallah t\u00fcm bayramlar\u0131m\u0131z\u0131 m\u00fcmk\u00fcn olan en normal \u015fekilde, en k\u0131sa zamanda hep beraber kutluyor oluruz.\nK\u00fc\u00e7\u00fcklerimizin g\u00f6zlerinden, b\u00fcy\u00fcklerimizin ellerinden \u00f6p\u00fcyorum.\nHepinizi sevgi ve sayg\u0131yla kucakl\u0131yorum.\nSa\u011f olun, var olun.\u201d",
    "article_html": "",
    "meta_description": "Fenerbah\u00e7e Ba\u015fkan\u0131 Ali Ko\u00e7, 19 May\u0131s Atat\u00fcrk'\u00fc Anma, Gen\u00e7lik ve Spor Bayram\u0131 dolay\u0131s\u0131yla FB TV'de a\u00e7\u0131klamalarda bulundu",
    "meta_lang": "tr"
}