{
    "article_id": "8545db1c5d4a13a1d7e59ea21d8f8198.1589925766.0903533",
    "title": "Hasan Ali'ye Bundesliga'dan 2 talip var",
    "authors": [
        "Isvalid",
        "Yazarlar",
        "Data",
        "Name",
        "Mail",
        "Title",
        "Di\u0307\u011fer Yazarlar"
    ],
    "canonical_link": "https://www.haberturk.com/hasan-ali-ye-bundesliga-dan-2-talip-var-2684194-spor",
    "url": "http://haberturk.com/hasan-ali-ye-bundesliga-dan-2-talip-var-2684194-spor",
    "top_img": "https://im.haberturk.com/2020/05/19/ver1589872676/2684194_1200x627.jpg",
    "meta_img": "https://im.haberturk.com/2020/05/19/ver1589872676/2684194_1200x627.jpg",
    "movies": [],
    "text": "D\u00fcnyay\u0131 etkisi alt\u0131na alan yeni tip koronavir\u00fcs salg\u0131n\u0131 sebebiyle liglere verilen arada \u00e7al\u0131\u015fmalar\u0131n\u0131 aral\u0131ks\u0131z s\u00fcrd\u00fcren Hasan Ali Kald\u0131r\u0131m'\u0131n Fenerbah\u00e7e'deki gelece\u011fi netlik kazanmad\u0131. Kul\u00fcb\u00fcn verdi\u011fi idman program\u0131n\u0131n haricinde bireysel olarak da \u00e7al\u0131\u015fmalar ger\u00e7ekle\u015ftiren tecr\u00fcbeli futbolcu, S\u00fcper Lig'deki kul\u00fcplerin haricinde yurt d\u0131\u015f\u0131ndan da takip ediliyor. 2012 y\u0131l\u0131ndan bu yana sar\u0131-lacivertli formay\u0131 terleten Hasan Ali Kald\u0131r\u0131m, Almanya Bundesliga'n\u0131n \u00fcst d\u00fczey 2 tak\u0131m\u0131ndan teklif almas\u0131na kar\u015f\u0131n Fenerbah\u00e7e Kul\u00fcb\u00fc'n\u00fcn kendisine yapaca\u011f\u0131 teklifi bekliyor. Fenerbah\u00e7e'de h\u0131rs\u0131 ve disiplini ile de b\u00fcy\u00fck be\u011feni toplayan Hasan Ali'nin menajerli\u011fini karde\u015fi Cem Kald\u0131r\u0131m yap\u0131yor. Hasan Ali'nin uzun y\u0131llard\u0131r hizmet etti\u011fi sar\u0131-lacivertli kul\u00fcple yeni s\u00f6zle\u015fmeye imza atmak istedi\u011fi ve ilk tercihinin bu oldu\u011fu bilinirken, iki taraf i\u00e7in de \u015fartlar\u0131n uygun olmas\u0131 \u00f6nemli detay. Hasan Ali'nin Almanya'da yak\u0131ndan takip edildi\u011fi belirtilirken g\u00f6r\u00fc\u015fmeleri Cem Kald\u0131r\u0131m s\u00fcrd\u00fcr\u00fcyor.",
    "keywords": [
        "sar\u0131lacivertli",
        "var",
        "hasan",
        "aliye",
        "yeni",
        "alinin",
        "talip",
        "ve",
        "da",
        "takip",
        "cem",
        "bundesligadan",
        "kald\u0131r\u0131m",
        "haricinde"
    ],
    "meta_keywords": [
        ""
    ],
    "publish_date": {
        "$date": 1589872676000
    },
    "summary": "D\u00fcnyay\u0131 etkisi alt\u0131na alan yeni tip koronavir\u00fcs salg\u0131n\u0131 sebebiyle liglere verilen arada \u00e7al\u0131\u015fmalar\u0131n\u0131 aral\u0131ks\u0131z s\u00fcrd\u00fcren Hasan Ali Kald\u0131r\u0131m'\u0131n Fenerbah\u00e7e'deki gelece\u011fi netlik kazanmad\u0131.\nKul\u00fcb\u00fcn verdi\u011fi idman program\u0131n\u0131n haricinde bireysel olarak da \u00e7al\u0131\u015fmalar ger\u00e7ekle\u015ftiren tecr\u00fcbeli futbolcu, S\u00fcper Lig'deki kul\u00fcplerin haricinde yurt d\u0131\u015f\u0131ndan da takip ediliyor.\n2012 y\u0131l\u0131ndan bu yana sar\u0131-lacivertli formay\u0131 terleten Hasan Ali Kald\u0131r\u0131m, Almanya Bundesliga'n\u0131n \u00fcst d\u00fczey 2 tak\u0131m\u0131ndan teklif almas\u0131na kar\u015f\u0131n Fenerbah\u00e7e Kul\u00fcb\u00fc'n\u00fcn kendisine yapaca\u011f\u0131 teklifi bekliyor.\nFenerbah\u00e7e'de h\u0131rs\u0131 ve disiplini ile de b\u00fcy\u00fck be\u011feni toplayan Hasan Ali'nin menajerli\u011fini karde\u015fi Cem Kald\u0131r\u0131m yap\u0131yor.\nHasan Ali'nin uzun y\u0131llard\u0131r hizmet etti\u011fi sar\u0131-lacivertli kul\u00fcple yeni s\u00f6zle\u015fmeye imza atmak istedi\u011fi ve ilk tercihinin bu oldu\u011fu bilinirken, iki taraf i\u00e7in de \u015fartlar\u0131n uygun olmas\u0131 \u00f6nemli detay.\nHasan Ali'nin Almanya'da yak\u0131ndan takip edildi\u011fi belirtilirken g\u00f6r\u00fc\u015fmeleri Cem Kald\u0131r\u0131m s\u00fcrd\u00fcr\u00fcyor.",
    "article_html": "",
    "meta_description": "Yeni sezonda Fenerbah\u00e7e ile s\u00f6zle\u015fmesi sona erecek olan Hasan Ali Kald\u0131r\u0131m'a Bundesliga'dan 2 talip var",
    "meta_lang": "tr"
}