{
    "article_id": "b01630a01671b3758f9086de5de4b9fc.1589925788.1282358",
    "title": "Son dakika haberi Mustafa Cengiz ameliyata al\u0131nd\u0131!",
    "authors": [
        "Isvalid",
        "Yazarlar",
        "Data",
        "Name",
        "Mail",
        "Title",
        "Di\u0307\u011fer Yazarlar"
    ],
    "canonical_link": "https://www.haberturk.com/son-dakika-haberi-mustafa-cengiz-ameliyata-alindi-2683388-spor",
    "url": "http://haberturk.com/son-dakika-haberi-mustafa-cengiz-ameliyata-alindi-2683388-spor",
    "top_img": "https://im.haberturk.com/2020/05/18/ver1589810271/2683388_1200x627.jpg",
    "meta_img": "https://im.haberturk.com/2020/05/18/ver1589810271/2683388_1200x627.jpg",
    "movies": [],
    "text": "DHA / HABERTURK.COM\n\nGalatasaray Kul\u00fcb\u00fc Ba\u015fkan\u0131 Mustafa Cengiz'in mide ameliyat\u0131 ge\u00e7irdi\u011fi bildirildi.\n\nSar\u0131-k\u0131rm\u0131z\u0131l\u0131 kul\u00fcpten yap\u0131lan a\u00e7\u0131klamada, \"Ba\u015fkan\u0131m\u0131z Say\u0131n Mustafa Cengiz\u2019in, daha \u00f6nce planlanan ve tedavi s\u00fcrecinin bir par\u00e7as\u0131 olan mide ameliyat\u0131 Prof. Dr. Say\u0131n Dursun Bu\u011fra taraf\u0131ndan ba\u015far\u0131l\u0131 bir \u015fekilde ger\u00e7ekle\u015ftirilmi\u015ftir.\" denildi. A\u00e7\u0131klamada Cengiz'in genel sa\u011fl\u0131k durumunun iyi oldu\u011fu, takip ve tedavisine devam edildi\u011fi belirtilerek, \"Kendisine tekrar ge\u00e7mi\u015f olsun dileklerimizi iletir, acil \u015fifalar dileriz.\" ifadesi kullan\u0131ld\u0131.\n\nHalsizlik ve kilo kayb\u0131 \u015fikayetiyle nisan ay\u0131n\u0131n sonunda hastaneye kald\u0131r\u0131lan Cengiz, 7 May\u0131s'ta da beyin ameliyat\u0131 ge\u00e7irmi\u015fti. Cuma g\u00fcn\u00fc hastaneden taburcu olan Mustafa Cengiz, d\u00fcn gece rahats\u0131zlan\u0131nca yeniden hastaneye kald\u0131r\u0131lm\u0131\u015ft\u0131. Mide kanamas\u0131 ge\u00e7irdi\u011fi \u00f6\u011frenilen Cengiz, sabah saatlerinde ameliyata al\u0131nm\u0131\u015ft\u0131. \u00d6te yandan Cengiz'in hastaneye kald\u0131r\u0131ld\u0131\u011f\u0131n\u0131 \u00f6\u011frenen Fenerbah\u00e7e Kul\u00fcb\u00fc Ba\u015fkan\u0131 Ali Ko\u00e7'un olay\u0131 duyunca kendisini ilk ziyaret edenler aras\u0131nda oldu\u011fu belirtildi.\n\nGE\u00c7M\u0130\u015e OLSUN MESAJLARI\n\n* T\u00fcrkiye Futbol Federasyonu, Galatasaray Ba\u015fkan\u0131 Mustafa Cengiz i\u00e7in 'ge\u00e7mi\u015f olsun' mesaj\u0131 yay\u0131mlad\u0131. TFF'nin internet sitesinden yay\u0131mlanan mesajda, \"Say\u0131n Mustafa Cengiz'in en k\u0131sa zamanda sa\u011fl\u0131\u011f\u0131na kavu\u015fmas\u0131n\u0131 temenni ediyor, Ba\u015fkan Cengiz ve Galatasaray camias\u0131na ge\u00e7mi\u015f olsun dileklerimizi iletiyoruz\" denildi.\n\n* T\u00fcrkiye Basketbol Federasyonu (TBF),ameliyata al\u0131nan Galatasaray Kul\u00fcb\u00fc Ba\u015fkan\u0131 Mustafa Cengiz i\u00e7in ge\u00e7mi\u015f olsun mesaj\u0131 yay\u0131mlad\u0131. TBF'nin sosyal medya hesab\u0131ndan yap\u0131lan payla\u015f\u0131mda, \"Galatasaray Spor Kul\u00fcb\u00fc Ba\u015fkan\u0131 Say\u0131n Mustafa Cengiz'e ge\u00e7mi\u015f olsun dileklerimizi iletiyor, bir an \u00f6nce sa\u011fl\u0131\u011f\u0131na kavu\u015fmas\u0131n\u0131 temenni ediyoruz.\" denildi.\n\n* Fenerbah\u00e7e Kul\u00fcb\u00fc, mide ameliyat\u0131 ge\u00e7iren Galatasaray Ba\u015fkan\u0131 Mustafa Cengiz i\u00e7in ge\u00e7mi\u015f olsun mesaj\u0131 yay\u0131mlad\u0131. Sar\u0131-lacivertli kul\u00fcb\u00fcn internet sitesinden yay\u0131mlanan mesajda, \"Bug\u00fcn mide ameliyat\u0131 ge\u00e7irdi\u011fini \u00f6\u011frendi\u011fimiz Galatasaray Spor Kul\u00fcb\u00fc Ba\u015fkan\u0131 Mustafa Cengiz'e ge\u00e7mi\u015f olsun dileklerimizi iletiyor, bir an \u00f6nce sa\u011fl\u0131\u011f\u0131na kavu\u015fmas\u0131 temennilerimizle acil \u015fifalar diliyoruz.\" ifadeleri kullan\u0131ld\u0131.\n\n* Gaziantep Futbol Kul\u00fcb\u00fc, mide ameliyat\u0131 ge\u00e7iren Galatasaray Kul\u00fcb\u00fc Ba\u015fkan\u0131 Mustafa Cengiz i\u00e7in ge\u00e7mi\u015f olsun mesaj\u0131 yay\u0131mlad\u0131. K\u0131rm\u0131z\u0131-siyahl\u0131 kul\u00fcb\u00fcn resmi sosyal medya hesab\u0131ndan yap\u0131lan payla\u015f\u0131mda, \"Galatasaray Spor Kul\u00fcb\u00fc Ba\u015fkan\u0131 Say\u0131n Mustafa Cengiz\u2019e ge\u00e7mi\u015f olsun dileklerimizi iletiyor, en k\u0131sa s\u00fcrede sa\u011fl\u0131\u011f\u0131na kavu\u015fmas\u0131n\u0131 temenni ediyoruz.\" denildi.\n\n* Trabzonspor Kul\u00fcb\u00fc Ba\u015fkan\u0131 Ahmet A\u011fao\u011flu, mide ameliyat\u0131 ge\u00e7iren Galatasaray Kul\u00fcb\u00fc Ba\u015fkan\u0131 Mustafa Cengiz i\u00e7in ge\u00e7mi\u015f olsun mesaj\u0131 yay\u0131mlad\u0131. Ahmet A\u011fao\u011flu, bordo-mavili kul\u00fcb\u00fcn sosyal medya hesab\u0131nda yer alan mesaj\u0131nda, \"Mide kanamas\u0131 te\u015fhisiyle ameliyata al\u0131nan ve ba\u015far\u0131l\u0131 bir operasyon ge\u00e7iren Galatasaray Kul\u00fcb\u00fc Ba\u015fkan\u0131 Say\u0131n Mustafa Cengiz'e ge\u00e7mi\u015f olsun dileklerimi iletiyor, en k\u0131sa s\u00fcrede sa\u011fl\u0131\u011f\u0131na kavu\u015fmas\u0131n\u0131 temenni ediyorum.\" ifadelerini kulland\u0131.",
    "keywords": [
        "ba\u015fkan\u0131",
        "son",
        "say\u0131n",
        "kul\u00fcb\u00fc",
        "ameliyata",
        "ge\u00e7mi\u015f",
        "mustafa",
        "ameliyat\u0131",
        "haberi",
        "al\u0131nd\u0131",
        "mide",
        "galatasaray",
        "olsun",
        "cengiz",
        "dakika"
    ],
    "meta_keywords": [
        ""
    ],
    "publish_date": {
        "$date": 1589810271000
    },
    "summary": "DHA / HABERTURK.COMGalatasaray Kul\u00fcb\u00fc Ba\u015fkan\u0131 Mustafa Cengiz'in mide ameliyat\u0131 ge\u00e7irdi\u011fi bildirildi.\nSar\u0131-k\u0131rm\u0131z\u0131l\u0131 kul\u00fcpten yap\u0131lan a\u00e7\u0131klamada, \"Ba\u015fkan\u0131m\u0131z Say\u0131n Mustafa Cengiz\u2019in, daha \u00f6nce planlanan ve tedavi s\u00fcrecinin bir par\u00e7as\u0131 olan mide ameliyat\u0131 Prof. Dr. Say\u0131n Dursun Bu\u011fra taraf\u0131ndan ba\u015far\u0131l\u0131 bir \u015fekilde ger\u00e7ekle\u015ftirilmi\u015ftir.\"\nA\u00e7\u0131klamada Cengiz'in genel sa\u011fl\u0131k durumunun iyi oldu\u011fu, takip ve tedavisine devam edildi\u011fi belirtilerek, \"Kendisine tekrar ge\u00e7mi\u015f olsun dileklerimizi iletir, acil \u015fifalar dileriz.\"\nifadesi kullan\u0131ld\u0131.\nHalsizlik ve kilo kayb\u0131 \u015fikayetiyle nisan ay\u0131n\u0131n sonunda hastaneye kald\u0131r\u0131lan Cengiz, 7 May\u0131s'ta da beyin ameliyat\u0131 ge\u00e7irmi\u015fti.\nCuma g\u00fcn\u00fc hastaneden taburcu olan Mustafa Cengiz, d\u00fcn gece rahats\u0131zlan\u0131nca yeniden hastaneye kald\u0131r\u0131lm\u0131\u015ft\u0131.\nMide kanamas\u0131 ge\u00e7irdi\u011fi \u00f6\u011frenilen Cengiz, sabah saatlerinde ameliyata al\u0131nm\u0131\u015ft\u0131.\n\u00d6te yandan Cengiz'in hastaneye kald\u0131r\u0131ld\u0131\u011f\u0131n\u0131 \u00f6\u011frenen Fenerbah\u00e7e Kul\u00fcb\u00fc Ba\u015fkan\u0131 Ali Ko\u00e7'un olay\u0131 duyunca kendisini ilk ziyaret edenler aras\u0131nda oldu\u011fu belirtildi.\nGE\u00c7M\u0130\u015e OLSUN MESAJLARI* T\u00fcrkiye Futbol Federasyonu, Galatasaray Ba\u015fkan\u0131 Mustafa Cengiz i\u00e7in 'ge\u00e7mi\u015f olsun' mesaj\u0131 yay\u0131mlad\u0131.\nTFF'nin internet sitesinden yay\u0131mlanan mesajda, \"Say\u0131n Mustafa Cengiz'in en k\u0131sa zamanda sa\u011fl\u0131\u011f\u0131na kavu\u015fmas\u0131n\u0131 temenni ediyor, Ba\u015fkan Cengiz ve Galatasaray camias\u0131na ge\u00e7mi\u015f olsun dileklerimizi iletiyoruz\" denildi.\n* T\u00fcrkiye Basketbol Federasyonu (TBF),ameliyata al\u0131nan Galatasaray Kul\u00fcb\u00fc Ba\u015fkan\u0131 Mustafa Cengiz i\u00e7in ge\u00e7mi\u015f olsun mesaj\u0131 yay\u0131mlad\u0131.\nTBF'nin sosyal medya hesab\u0131ndan yap\u0131lan payla\u015f\u0131mda, \"Galatasaray Spor Kul\u00fcb\u00fc Ba\u015fkan\u0131 Say\u0131n Mustafa Cengiz'e ge\u00e7mi\u015f olsun dileklerimizi iletiyor, bir an \u00f6nce sa\u011fl\u0131\u011f\u0131na kavu\u015fmas\u0131n\u0131 temenni ediyoruz.\"\n* Fenerbah\u00e7e Kul\u00fcb\u00fc, mide ameliyat\u0131 ge\u00e7iren Galatasaray Ba\u015fkan\u0131 Mustafa Cengiz i\u00e7in ge\u00e7mi\u015f olsun mesaj\u0131 yay\u0131mlad\u0131.\nSar\u0131-lacivertli kul\u00fcb\u00fcn internet sitesinden yay\u0131mlanan mesajda, \"Bug\u00fcn mide ameliyat\u0131 ge\u00e7irdi\u011fini \u00f6\u011frendi\u011fimiz Galatasaray Spor Kul\u00fcb\u00fc Ba\u015fkan\u0131 Mustafa Cengiz'e ge\u00e7mi\u015f olsun dileklerimizi iletiyor, bir an \u00f6nce sa\u011fl\u0131\u011f\u0131na kavu\u015fmas\u0131 temennilerimizle acil \u015fifalar diliyoruz.\"\nifadeleri kullan\u0131ld\u0131.\n* Gaziantep Futbol Kul\u00fcb\u00fc, mide ameliyat\u0131 ge\u00e7iren Galatasaray Kul\u00fcb\u00fc Ba\u015fkan\u0131 Mustafa Cengiz i\u00e7in ge\u00e7mi\u015f olsun mesaj\u0131 yay\u0131mlad\u0131.\nK\u0131rm\u0131z\u0131-siyahl\u0131 kul\u00fcb\u00fcn resmi sosyal medya hesab\u0131ndan yap\u0131lan payla\u015f\u0131mda, \"Galatasaray Spor Kul\u00fcb\u00fc Ba\u015fkan\u0131 Say\u0131n Mustafa Cengiz\u2019e ge\u00e7mi\u015f olsun dileklerimizi iletiyor, en k\u0131sa s\u00fcrede sa\u011fl\u0131\u011f\u0131na kavu\u015fmas\u0131n\u0131 temenni ediyoruz.\"\n* Trabzonspor Kul\u00fcb\u00fc Ba\u015fkan\u0131 Ahmet A\u011fao\u011flu, mide ameliyat\u0131 ge\u00e7iren Galatasaray Kul\u00fcb\u00fc Ba\u015fkan\u0131 Mustafa Cengiz i\u00e7in ge\u00e7mi\u015f olsun mesaj\u0131 yay\u0131mlad\u0131.\nAhmet A\u011fao\u011flu, bordo-mavili kul\u00fcb\u00fcn sosyal medya hesab\u0131nda yer alan mesaj\u0131nda, \"Mide kanamas\u0131 te\u015fhisiyle ameliyata al\u0131nan ve ba\u015far\u0131l\u0131 bir operasyon ge\u00e7iren Galatasaray Kul\u00fcb\u00fc Ba\u015fkan\u0131 Say\u0131n Mustafa Cengiz'e ge\u00e7mi\u015f olsun dileklerimi iletiyor, en k\u0131sa s\u00fcrede sa\u011fl\u0131\u011f\u0131na kavu\u015fmas\u0131n\u0131 temenni ediyorum.\"\nifadelerini kulland\u0131.",
    "article_html": "",
    "meta_description": "Cuma g\u00fcn\u00fc hastaneden taburcu olan Galatasaray Kul\u00fcb\u00fc Ba\u015fkan\u0131 Mustafa Cengiz rahats\u0131zlan\u0131nca d\u00fcn gece yeniden hastaneye kald\u0131r\u0131ld\u0131. Cengiz'in bu sabah ameliyata girdi\u011fi ve operasyonun devam etti\u011fi kaydedildi. Fenerbah\u00e7e Kul\u00fcb\u00fc Ba\u015fkan\u0131 Ali Ko\u00e7'un da olay\u0131 duyunca kendisini ilk ziyaret edenler aras\u0131nda oldu\u011fu belirtildi",
    "meta_lang": "tr"
}