{
    "article_id": "ca31eea97d6c9c251fe0a2c1757920c2.1589925849.284248",
    "title": "Almanya'da istihdam ilk \u00e7eyrekte son 10 y\u0131l\u0131n en d\u00fc\u015f\u00fck art\u0131\u015f\u0131n\u0131 g\u00f6sterdi",
    "authors": [
        "Isvalid",
        "Yazarlar",
        "Data",
        "Name",
        "Mail",
        "Title",
        "Di\u0307\u011fer Yazarlar"
    ],
    "canonical_link": "https://www.haberturk.com/almanya-da-istihdam-ilk-ceyrekte-son-10-yilin-en-dusuk-artisini-gosterdi-2684671-ekonomi",
    "url": "http://haberturk.com/almanya-da-istihdam-ilk-ceyrekte-son-10-yilin-en-dusuk-artisini-gosterdi-2684671-ekonomi",
    "top_img": "https://im.haberturk.com/2020/05/19/ver1589889143/2684671_1200x627.jpg",
    "meta_img": "https://im.haberturk.com/2020/05/19/ver1589889143/2684671_1200x627.jpg",
    "movies": [],
    "text": "AA\n\nAlmanya Federal \u0130statistik Ofisi'nin (Destatis) a\u00e7\u0131klad\u0131\u011f\u0131 ge\u00e7ici verilere g\u00f6re, y\u0131l\u0131n birinci \u00e7eyre\u011finde \u00fclkede istihdam, 2019'un ayn\u0131 \u00e7eyre\u011fine k\u0131yasla y\u00fczde 0,3 art\u0131\u015f kaydetti.\n\n\u0130lk \u00e7eyrekte istihdama kat\u0131lan ki\u015fi say\u0131s\u0131 147 bin artarken, toplam istihdam 45 milyon 36 bin olarak ger\u00e7ekle\u015fti.\n\nDestatis a\u00e7\u0131klamas\u0131nda, \"\u0130stihdamdaki y\u0131ll\u0131k art\u0131\u015f, bu y\u0131l\u0131n ba\u015f\u0131nda da devam etse de belirgin bir \u015fekilde yava\u015flad\u0131. Bu tarz d\u00fc\u015f\u00fck art\u0131\u015f 2010'un ikinci \u00e7eyre\u011finde y\u00fczde 0,3 ile kaydedildi.\" ifadesine yer verildi.\n\nA\u00e7\u0131klamada, 2019\u2019un ilk \u00e7eyre\u011finde istihdam art\u0131\u015f\u0131n\u0131n y\u00fczde 1,1, ikinci \u00e7eyrekte y\u00fczde 1, \u00fc\u00e7\u00fcnc\u00fc \u00e7eyrekte y\u00fczde 0,7 ve son \u00e7eyrekte y\u00fczde 0,6 oldu\u011fu hat\u0131rlat\u0131ld\u0131.\n\nGe\u00e7en y\u0131l\u0131n son \u00e7eyre\u011fi ile k\u0131yasland\u0131\u011f\u0131nda ilk \u00e7eyrekte toplam istihdam y\u00fczde 1'lik (467 bin) d\u00fc\u015f\u00fc\u015f g\u00f6sterdi.\n\nDestatis, mart ay\u0131n\u0131n ikinci yar\u0131s\u0131ndaki Kovid-19 salg\u0131n\u0131n\u0131n yay\u0131lmas\u0131n\u0131 \u00f6nlemek i\u00e7in al\u0131nan tedbirlerin istihdam tahminlerinde artan belirsizli\u011fe yol a\u00e7t\u0131\u011f\u0131n\u0131 belirterek, istihdam istatisti\u011fi hesaplamas\u0131nda, k\u0131sa s\u00fcreli \u00e7al\u0131\u015fanlar\u0131n i\u015fsizden ziyade \u00e7al\u0131\u015fan ki\u015filer olarak say\u0131ld\u0131\u011f\u0131ndan mart\u0131n ikinci yar\u0131s\u0131ndan itibaren k\u0131sa s\u00fcreli \u00e7al\u0131\u015fanlar\u0131n artmas\u0131 istihdam edilen ki\u015fi say\u0131s\u0131n\u0131 etkilemedi\u011fini kaydetti.\n\n\u0130stihdama en b\u00fcy\u00fck katk\u0131 y\u00fczde 1,9'luk art\u0131\u015fla (212 bin) e\u011fitim ve sa\u011fl\u0131k gibi kamu hizmet sekt\u00f6r\u00fcnden geldi. Ticaret, lojistik ve ileti\u015fim teknolojilerinde istihdam art\u0131\u015f\u0131 y\u00fczde 2,7 (37 bin) ve ticaret, ula\u015f\u0131m, konaklama ve g\u0131da hizmetlerin art\u0131\u015f\u0131 da y\u00fczde 0,1 (15 bin) oldu.\n\n\u00d6te yandan, in\u015faat hari\u00e7, imalat sekt\u00f6r\u00fcnde istihdamda d\u00fc\u015f\u00fc\u015f birinci \u00e7eyrekte devam etti. Sekt\u00f6r\u00fcn istihdam etti\u011fi ki\u015fi say\u0131s\u0131 y\u0131l\u0131n ilk \u00e7eyre\u011finde 2019\u2019un ayn\u0131 \u00e7eyre\u011fine g\u00f6re y\u00fczde 1'lik (82 bin ki\u015fi) azalarak 8 milyon 270 bine geriledi.",
    "keywords": [
        "g\u00f6sterdi",
        "y\u00fczde",
        "y\u0131l\u0131n",
        "son",
        "almanyada",
        "ki\u015fi",
        "art\u0131\u015f\u0131n\u0131",
        "bin",
        "ve",
        "en",
        "\u00e7eyre\u011finde",
        "d\u00fc\u015f\u00fck",
        "istihdam",
        "ikinci",
        "ilk",
        "\u00e7eyrekte"
    ],
    "meta_keywords": [
        ""
    ],
    "publish_date": {
        "$date": 1589889143000
    },
    "summary": "AAAlmanya Federal \u0130statistik Ofisi'nin (Destatis) a\u00e7\u0131klad\u0131\u011f\u0131 ge\u00e7ici verilere g\u00f6re, y\u0131l\u0131n birinci \u00e7eyre\u011finde \u00fclkede istihdam, 2019'un ayn\u0131 \u00e7eyre\u011fine k\u0131yasla y\u00fczde 0,3 art\u0131\u015f kaydetti.\n\u0130lk \u00e7eyrekte istihdama kat\u0131lan ki\u015fi say\u0131s\u0131 147 bin artarken, toplam istihdam 45 milyon 36 bin olarak ger\u00e7ekle\u015fti.\nDestatis a\u00e7\u0131klamas\u0131nda, \"\u0130stihdamdaki y\u0131ll\u0131k art\u0131\u015f, bu y\u0131l\u0131n ba\u015f\u0131nda da devam etse de belirgin bir \u015fekilde yava\u015flad\u0131.\nBu tarz d\u00fc\u015f\u00fck art\u0131\u015f 2010'un ikinci \u00e7eyre\u011finde y\u00fczde 0,3 ile kaydedildi.\"\nifadesine yer verildi.\nA\u00e7\u0131klamada, 2019\u2019un ilk \u00e7eyre\u011finde istihdam art\u0131\u015f\u0131n\u0131n y\u00fczde 1,1, ikinci \u00e7eyrekte y\u00fczde 1, \u00fc\u00e7\u00fcnc\u00fc \u00e7eyrekte y\u00fczde 0,7 ve son \u00e7eyrekte y\u00fczde 0,6 oldu\u011fu hat\u0131rlat\u0131ld\u0131.\nGe\u00e7en y\u0131l\u0131n son \u00e7eyre\u011fi ile k\u0131yasland\u0131\u011f\u0131nda ilk \u00e7eyrekte toplam istihdam y\u00fczde 1'lik (467 bin) d\u00fc\u015f\u00fc\u015f g\u00f6sterdi.\nDestatis, mart ay\u0131n\u0131n ikinci yar\u0131s\u0131ndaki Kovid-19 salg\u0131n\u0131n\u0131n yay\u0131lmas\u0131n\u0131 \u00f6nlemek i\u00e7in al\u0131nan tedbirlerin istihdam tahminlerinde artan belirsizli\u011fe yol a\u00e7t\u0131\u011f\u0131n\u0131 belirterek, istihdam istatisti\u011fi hesaplamas\u0131nda, k\u0131sa s\u00fcreli \u00e7al\u0131\u015fanlar\u0131n i\u015fsizden ziyade \u00e7al\u0131\u015fan ki\u015filer olarak say\u0131ld\u0131\u011f\u0131ndan mart\u0131n ikinci yar\u0131s\u0131ndan itibaren k\u0131sa s\u00fcreli \u00e7al\u0131\u015fanlar\u0131n artmas\u0131 istihdam edilen ki\u015fi say\u0131s\u0131n\u0131 etkilemedi\u011fini kaydetti.\n\u0130stihdama en b\u00fcy\u00fck katk\u0131 y\u00fczde 1,9'luk art\u0131\u015fla (212 bin) e\u011fitim ve sa\u011fl\u0131k gibi kamu hizmet sekt\u00f6r\u00fcnden geldi.\nTicaret, lojistik ve ileti\u015fim teknolojilerinde istihdam art\u0131\u015f\u0131 y\u00fczde 2,7 (37 bin) ve ticaret, ula\u015f\u0131m, konaklama ve g\u0131da hizmetlerin art\u0131\u015f\u0131 da y\u00fczde 0,1 (15 bin) oldu.\n\u00d6te yandan, in\u015faat hari\u00e7, imalat sekt\u00f6r\u00fcnde istihdamda d\u00fc\u015f\u00fc\u015f birinci \u00e7eyrekte devam etti.\nSekt\u00f6r\u00fcn istihdam etti\u011fi ki\u015fi say\u0131s\u0131 y\u0131l\u0131n ilk \u00e7eyre\u011finde 2019\u2019un ayn\u0131 \u00e7eyre\u011fine g\u00f6re y\u00fczde 1'lik (82 bin ki\u015fi) azalarak 8 milyon 270 bine geriledi.",
    "article_html": "",
    "meta_description": "Almanya'da toplam istihdam, 2010\u2019dan beri ilk defa en d\u00fc\u015f\u00fck oranda artarak, bu y\u0131l\u0131n ilk \u00e7eyre\u011finde y\u00fczde 0,3 y\u00fckseli\u015fle 45 milyon 36 bin ki\u015fiye ula\u015ft\u0131.",
    "meta_lang": "tr"
}