{
    "article_id": "5687a4ca98e54aae73a5f57dad442fed.1589925854.5235152",
    "title": "Brent petrol\u00fcn varili 35,17 dolar",
    "authors": [
        "Isvalid",
        "Yazarlar",
        "Data",
        "Name",
        "Mail",
        "Title",
        "Di\u0307\u011fer Yazarlar"
    ],
    "canonical_link": "https://www.haberturk.com/brent-petrolun-varili-35-17-dolar-2684149-ekonomi",
    "url": "http://haberturk.com/brent-petrolun-varili-35-17-dolar-2684149-ekonomi",
    "top_img": "https://im.haberturk.com/2020/05/19/ver1589870182/2684149_1200x627.jpg",
    "meta_img": "https://im.haberturk.com/2020/05/19/ver1589870182/2684149_1200x627.jpg",
    "movies": [],
    "text": "AA\n\nD\u00fcn 35,72 dolara kadar \u00e7\u0131kan Brent petrol\u00fcn varil fiyat\u0131, g\u00fcn\u00fc 34,81 dolar seviyesinde tamamlad\u0131. Brent petrol\u00fcn varili bug\u00fcn saat 09.20 itibar\u0131yla kapan\u0131\u015fa g\u00f6re y\u00fczde 1,03 art\u0131\u015fla 35,17 dolardan i\u015flem g\u00f6rd\u00fc. Ayn\u0131 dakikalarda Bat\u0131 Teksas t\u00fcr\u00fc (WTI) ham petrol\u00fcn varili 32,13 dolardan al\u0131c\u0131 buldu.\n\nK\u00fcresel petrol fiyatlar\u0131, yeni tip koronavir\u00fcs (Kovid-19) salg\u0131n\u0131n\u0131n etkisiyle gerileyen petrol talebinin yeniden artmas\u0131 ve \u00fcretici \u00fclkelerin petrol k\u0131s\u0131nt\u0131 kararlar\u0131n\u0131 uygulad\u0131klar\u0131 haberleri nedeniyle art\u0131\u015f g\u00f6steriyor.\n\nK\u00fcresel piyasalarda, salg\u0131na ili\u015fkin geli\u015fmeler, ABD ile \u00c7in aras\u0131ndaki ekonomik geli\u015fmeler ve k\u00fcresel anlamda petrol arz-talep haberleri takip edilecek.\n\nBrent petrolde teknik olarak 36,13 ile 39,16 dolar aral\u0131\u011f\u0131n\u0131n diren\u00e7, 33,10 ile 30,17 dolar aral\u0131\u011f\u0131n\u0131n ise destek b\u00f6lgesi olarak izlenebilece\u011fi ifade ediliyor.",
    "keywords": [
        "3517",
        "olarak",
        "petrol\u00fcn",
        "haberleri",
        "geli\u015fmeler",
        "dolardan",
        "brent",
        "dolar",
        "varili",
        "ve",
        "petrol",
        "ile"
    ],
    "meta_keywords": [
        ""
    ],
    "publish_date": {
        "$date": 1589870182000
    },
    "summary": "AAD\u00fcn 35,72 dolara kadar \u00e7\u0131kan Brent petrol\u00fcn varil fiyat\u0131, g\u00fcn\u00fc 34,81 dolar seviyesinde tamamlad\u0131.\nBrent petrol\u00fcn varili bug\u00fcn saat 09.20 itibar\u0131yla kapan\u0131\u015fa g\u00f6re y\u00fczde 1,03 art\u0131\u015fla 35,17 dolardan i\u015flem g\u00f6rd\u00fc.\nAyn\u0131 dakikalarda Bat\u0131 Teksas t\u00fcr\u00fc (WTI) ham petrol\u00fcn varili 32,13 dolardan al\u0131c\u0131 buldu.\nK\u00fcresel petrol fiyatlar\u0131, yeni tip koronavir\u00fcs (Kovid-19) salg\u0131n\u0131n\u0131n etkisiyle gerileyen petrol talebinin yeniden artmas\u0131 ve \u00fcretici \u00fclkelerin petrol k\u0131s\u0131nt\u0131 kararlar\u0131n\u0131 uygulad\u0131klar\u0131 haberleri nedeniyle art\u0131\u015f g\u00f6steriyor.\nK\u00fcresel piyasalarda, salg\u0131na ili\u015fkin geli\u015fmeler, ABD ile \u00c7in aras\u0131ndaki ekonomik geli\u015fmeler ve k\u00fcresel anlamda petrol arz-talep haberleri takip edilecek.\nBrent petrolde teknik olarak 36,13 ile 39,16 dolar aral\u0131\u011f\u0131n\u0131n diren\u00e7, 33,10 ile 30,17 dolar aral\u0131\u011f\u0131n\u0131n ise destek b\u00f6lgesi olarak izlenebilece\u011fi ifade ediliyor.",
    "article_html": "",
    "meta_description": "Brent petrol\u00fcn varili uluslararas\u0131 piyasalarda 35,17 dolardan i\u015flem g\u00f6r\u00fcyor.",
    "meta_lang": "tr"
}