{
    "article_id": "cbbb59f3dae99ed931313a37444b2c4d.1589925855.189338",
    "title": "Do\u011fu Akdeniz'den ya\u015f sebze meyve ihracat\u0131 artt\u0131",
    "authors": [
        "Isvalid",
        "Yazarlar",
        "Data",
        "Name",
        "Mail",
        "Title",
        "Di\u0307\u011fer Yazarlar"
    ],
    "canonical_link": "https://www.haberturk.com/dogu-akdeniz-den-yas-sebze-meyve-ihracati-artti-2684356-ekonomi",
    "url": "http://haberturk.com/dogu-akdeniz-den-yas-sebze-meyve-ihracati-artti-2684356-ekonomi",
    "top_img": "https://im.haberturk.com/2020/05/19/ver1589877221/2684356_1200x627.jpg",
    "meta_img": "https://im.haberturk.com/2020/05/19/ver1589877221/2684356_1200x627.jpg",
    "movies": [],
    "text": "AA\n\nT\u00fcrkiye'nin ya\u015f sebze meyve ihracat\u0131n\u0131n yar\u0131s\u0131ndan fazlas\u0131n\u0131n ger\u00e7ekle\u015ftirildi\u011fi Mersin, Hatay ve Adana'dan ocak-nisan d\u00f6neminde 381 milyon 330 bin dolarl\u0131k d\u0131\u015f sat\u0131ma imza at\u0131ld\u0131.\n\nMersin, Hatay ve Adana'dan bu d\u00f6nemde yap\u0131lan ya\u015f meyve sebze ihracat\u0131 ge\u00e7en y\u0131l\u0131n ayn\u0131 d\u00f6nemine k\u0131yasla y\u00fczde 18,38 art\u0131\u015f g\u00f6sterdi. Bu illerden ge\u00e7en y\u0131l\u0131n ayn\u0131 d\u00f6neminde 322 milyon 107 bin dolarl\u0131k \u00fcr\u00fcn yurt d\u0131\u015f\u0131na sat\u0131lm\u0131\u015ft\u0131.\n\nOcak-nisan d\u00f6neminde T\u00fcrkiye'nin toplam ya\u015f sebze meyve ihracat\u0131n\u0131n 756 milyon 77 bin 192 dolar seviyesinde ger\u00e7ekle\u015fti\u011fi dikkate al\u0131n\u0131rsa, bu sat\u0131\u015f\u0131n yar\u0131s\u0131ndan fazlas\u0131 s\u00f6z konusu 3 il taraf\u0131ndan yap\u0131ld\u0131.\n\nBu d\u00f6nemde Mersin'den 199 milyon 607 bin, Hatay'dan 142 milyon 498 bin ve Adana'dan 39 milyon 225 bin dolarl\u0131k ya\u015f sebze meyve ihracat\u0131 yap\u0131ld\u0131.\n\n\"\u0130HRACATIMIZ KES\u0130NT\u0130S\u0130Z DEVAM ETT\u0130\"\n\nAkdeniz Ya\u015f Meyve Sebze \u0130hracat\u00e7\u0131lar\u0131 Birli\u011fi Ba\u015fkan\u0131 Nejdat Sin, AA muhabirine yapt\u0131\u011f\u0131 a\u00e7\u0131klamada, T\u00fcrk \u00fcreticisinin yeni tip koronavir\u00fcs (Kovid-19) salg\u0131n\u0131ndan en asgari d\u00fczeyde etkilenmesi i\u00e7in yo\u011fun \u00e7aba g\u00f6sterdiklerini s\u00f6yledi.\n\nT\u00fcrk ihracat\u00e7\u0131lar\u0131n bu s\u00fcre\u00e7te de d\u00fcnya pazarlar\u0131nda yer almaya devam ettiklerini belirten Sin, \u015funlar\u0131 kaydetti:\n\n\"Devletimizin bu s\u00fcre\u00e7te alm\u0131\u015f oldu\u011fu h\u0131zl\u0131 ve etkili kararlar sayesinde ya\u015f meyve sebze ihracat\u0131m\u0131z kesintisiz devam etti. Salg\u0131na ra\u011fmen y\u0131l\u0131n ilk 4 ay\u0131nda ihracat\u0131m\u0131z artt\u0131 ve b\u00f6lge olarak ba\u015far\u0131l\u0131 bir d\u00f6nem ge\u00e7irdik. Bu art\u0131\u015f\u0131m\u0131z\u0131 y\u0131l sonuna kadar s\u00fcrd\u00fcrmeyi ama\u00e7l\u0131yoruz.\"\n\nOcak-nisan d\u00f6neminde en fazla ya\u015f meyve sebze ihra\u00e7 edilen 5 kent \u015f\u00f6yle:",
    "keywords": [
        "sebze",
        "ya\u015f",
        "milyon",
        "meyve",
        "d\u00f6neminde",
        "dolarl\u0131k",
        "artt\u0131",
        "bin",
        "ve",
        "akdenizden",
        "y\u0131l\u0131n",
        "ihracat\u0131",
        "do\u011fu",
        "bu"
    ],
    "meta_keywords": [
        ""
    ],
    "publish_date": {
        "$date": 1589877221000
    },
    "summary": "AAT\u00fcrkiye'nin ya\u015f sebze meyve ihracat\u0131n\u0131n yar\u0131s\u0131ndan fazlas\u0131n\u0131n ger\u00e7ekle\u015ftirildi\u011fi Mersin, Hatay ve Adana'dan ocak-nisan d\u00f6neminde 381 milyon 330 bin dolarl\u0131k d\u0131\u015f sat\u0131ma imza at\u0131ld\u0131.\nMersin, Hatay ve Adana'dan bu d\u00f6nemde yap\u0131lan ya\u015f meyve sebze ihracat\u0131 ge\u00e7en y\u0131l\u0131n ayn\u0131 d\u00f6nemine k\u0131yasla y\u00fczde 18,38 art\u0131\u015f g\u00f6sterdi.\nBu illerden ge\u00e7en y\u0131l\u0131n ayn\u0131 d\u00f6neminde 322 milyon 107 bin dolarl\u0131k \u00fcr\u00fcn yurt d\u0131\u015f\u0131na sat\u0131lm\u0131\u015ft\u0131.\nOcak-nisan d\u00f6neminde T\u00fcrkiye'nin toplam ya\u015f sebze meyve ihracat\u0131n\u0131n 756 milyon 77 bin 192 dolar seviyesinde ger\u00e7ekle\u015fti\u011fi dikkate al\u0131n\u0131rsa, bu sat\u0131\u015f\u0131n yar\u0131s\u0131ndan fazlas\u0131 s\u00f6z konusu 3 il taraf\u0131ndan yap\u0131ld\u0131.\nBu d\u00f6nemde Mersin'den 199 milyon 607 bin, Hatay'dan 142 milyon 498 bin ve Adana'dan 39 milyon 225 bin dolarl\u0131k ya\u015f sebze meyve ihracat\u0131 yap\u0131ld\u0131.\n\"\u0130HRACATIMIZ KES\u0130NT\u0130S\u0130Z DEVAM ETT\u0130\"Akdeniz Ya\u015f Meyve Sebze \u0130hracat\u00e7\u0131lar\u0131 Birli\u011fi Ba\u015fkan\u0131 Nejdat Sin, AA muhabirine yapt\u0131\u011f\u0131 a\u00e7\u0131klamada, T\u00fcrk \u00fcreticisinin yeni tip koronavir\u00fcs (Kovid-19) salg\u0131n\u0131ndan en asgari d\u00fczeyde etkilenmesi i\u00e7in yo\u011fun \u00e7aba g\u00f6sterdiklerini s\u00f6yledi.\nT\u00fcrk ihracat\u00e7\u0131lar\u0131n bu s\u00fcre\u00e7te de d\u00fcnya pazarlar\u0131nda yer almaya devam ettiklerini belirten Sin, \u015funlar\u0131 kaydetti:\"Devletimizin bu s\u00fcre\u00e7te alm\u0131\u015f oldu\u011fu h\u0131zl\u0131 ve etkili kararlar sayesinde ya\u015f meyve sebze ihracat\u0131m\u0131z kesintisiz devam etti.\nSalg\u0131na ra\u011fmen y\u0131l\u0131n ilk 4 ay\u0131nda ihracat\u0131m\u0131z artt\u0131 ve b\u00f6lge olarak ba\u015far\u0131l\u0131 bir d\u00f6nem ge\u00e7irdik.\nBu art\u0131\u015f\u0131m\u0131z\u0131 y\u0131l sonuna kadar s\u00fcrd\u00fcrmeyi ama\u00e7l\u0131yoruz.\"\nOcak-nisan d\u00f6neminde en fazla ya\u015f meyve sebze ihra\u00e7 edilen 5 kent \u015f\u00f6yle:",
    "article_html": "",
    "meta_description": "Mersin, Hatay ve Adana'dan ocak-nisan d\u00f6neminde 381 milyon 330 bin dolarl\u0131k ya\u015f sebze meyve ihra\u00e7 edildi. Akdeniz Ya\u015f Meyve Sebze \u0130hracat\u00e7\u0131lar\u0131 Birli\u011fi Ba\u015fkan\u0131 Nejdat Sin,\u00a0\"Koronavir\u00fcs salg\u0131n\u0131na ra\u011fmen y\u0131l\u0131n ilk 4 ay\u0131nda ihracat\u0131m\u0131z artt\u0131 ve b\u00f6lge olarak ba\u015far\u0131l\u0131 bir d\u00f6nem ge\u00e7irdik. Bu art\u0131\u015f\u0131m\u0131z\u0131 y\u0131l sonuna kadar s\u00fcrd\u00fcrmeyi ama\u00e7l\u0131yoruz\" dedi",
    "meta_lang": "tr"
}