{
    "article_id": "32fb66233dc3743ecec055efa39a9ff1.1589925521.266031",
    "title": "Cihat Yayc\u0131'n\u0131n istifas\u0131na Cumhurba\u015fkan\u0131 ne diyor?",
    "authors": [
        "Yazarin T\u00fcm Yazilarini G\u00f6rmek \u0130\u00e7i\u0307n Tiklayin"
    ],
    "canonical_link": "https://www.haberturk.com/yazarlar/kubra-par-2561/2683836-cihat-yaycinin-istifasina-cumhurbaskani-ne-diyor",
    "url": "http://haberturk.com/yazarlar/kubra-par-2561/2683836-cihat-yaycinin-istifasina-cumhurbaskani-ne-diyor",
    "top_img": "https://im.haberturk.com/yazarlar/HTGazete/kubra-par-2561-600x314.jpg?v=1588661086",
    "meta_img": "https://im.haberturk.com/yazarlar/HTGazete/kubra-par-2561-600x314.jpg?v=1588661086",
    "movies": [],
    "text": "\n\nDeniz Kuvvetleri Komutanl\u0131\u011f\u0131 Kurmay Ba\u015fkanl\u0131\u011f\u0131 g\u00f6revinden al\u0131n\u0131p, Genelkurmay Ba\u015fkanl\u0131\u011f\u0131 emrine verilen T\u00fcmamiral Cihat Yayc\u0131\u2019n\u0131n istifas\u0131 konu\u015fuluyor iki g\u00fcnd\u00fcr.\n\nHem Fet\u00f6metre hem de Libya ile deniz yetki s\u0131n\u0131rland\u0131rma anla\u015fmas\u0131n\u0131n mimar\u0131 olmas\u0131 nedeniyle kamuoyunun Yayc\u0131\u2019ya sempatisi b\u00fcy\u00fck.\n\n\u201cDo\u011fu Akdeniz\u2019in Payla\u015f\u0131m M\u00fccadelesi ve T\u00fcrkiye\u201d isimli kitab\u0131 ger\u00e7ekten de kritik bilgiler i\u00e7eriyordu.\n\nG\u00f6revden al\u0131nmas\u0131n\u0131n haks\u0131zl\u0131k oldu\u011funa dair genel bir kanaat olu\u015ftu.\n\nKimileri daha ileri gitti, FET\u00d6 ve kumpas imas\u0131nda bulundular.\n\nPeki ne oldu da Milli Savunma Bakan\u0131 Hulusi Akar b\u00f6yle bir de\u011fi\u015fiklik istedi?\n\nHulusi Akar\u2019\u0131n, bir s\u00fcredir Yayc\u0131\u2019ya dair memnuniyetsizli\u011fi s\u0131r de\u011fil.\n\n\u00dcstelik Hulusi Akar di\u011fer r\u00fctbeli askerlerin de Yayc\u0131\u2019dan rahats\u0131z oldu\u011fundan s\u00f6z ediyormu\u015f.\n\nAs\u0131l dikkat \u00e7ekici olan Cumhurba\u015fkan\u0131 Erdo\u011fan\u2019\u0131n bir d\u00f6nem \u00f6vg\u00fcyle s\u00f6z etti\u011fi Yayc\u0131\u2019n\u0131n g\u00f6rev de\u011fi\u015fikli\u011fini onaylamas\u0131.\n\nBelli ki Cihat Yayc\u0131 ile Cumhurba\u015fkan\u0131 Erdo\u011fan aras\u0131nda bir gerilim s\u00f6z konusu de\u011fildi. Zaten Yayc\u0131 da Mehmet Metiner\u2019e yapt\u0131\u011f\u0131 a\u00e7\u0131klamada \u201c\u0130stifam asla Cumhurba\u015fkan\u0131m\u0131za tepki de\u011fildir. Ona olan sadakatim \u00f6mr\u00fcm boyunca devam edecektir\u201d diyor.\n\nO halde Cumhurba\u015fkan\u0131 Erdo\u011fan neden Hulusi Akar\u2019\u0131n atama karar\u0131n\u0131 onaylad\u0131, bu mesele y\u00fcz\u00fcnden Milli Savunma Bakan\u0131\u2019n\u0131 kar\u015f\u0131s\u0131na almad\u0131?\n\nDuydu\u011fuma g\u00f6re Cumhurba\u015fkan\u0131 Yayc\u0131\u2019y\u0131 korumad\u0131 \u00e7\u00fcnk\u00fc meseleye askeri disiplin ve hiyerar\u015fi \u00e7er\u00e7evesinden bak\u0131yor.\n\nCihat Yayc\u0131\u2019n\u0131n vatanperver bir insan oldu\u011fu konusunda ku\u015fku yok, fakat son d\u00f6nemde kendini \u00f6ne \u00e7\u0131karmak i\u00e7in att\u0131\u011f\u0131 kimi ad\u0131mlar\u0131n askeri disiplini zorlad\u0131\u011f\u0131 d\u00fc\u015f\u00fcn\u00fcl\u00fcyor. G\u00f6rev de\u011fi\u015fikli\u011finin ard\u0131ndan baz\u0131 gazetecilere bilgi s\u0131zd\u0131rmas\u0131 ve yaz\u0131lar yazd\u0131rmas\u0131 da ciddi bir memnuniyetsizlik yaratm\u0131\u015f.\n\nYAYCI\u2019YA DOKUNULMAZLIK PAYES\u0130 VERMEK YANLI\u015e\n\nAsl\u0131na bakarsan\u0131z bu mesele yorumlan\u0131rken ilkesel anlamda yayg\u0131n bir hata yap\u0131l\u0131yor.\n\nCihat Yayc\u0131\u2019n\u0131n g\u00f6rev de\u011fi\u015fikli\u011fine k\u0131r\u0131l\u0131p istifa etmesi normal.\n\nFakat unutmayal\u0131m ki se\u00e7ilmi\u015f siyasi iradenin yasalar \u00e7er\u00e7evesinde gerekli g\u00f6rd\u00fc\u011f\u00fc askeri atamay\u0131 yapmas\u0131 da son derece normal.\n\nBir g\u00fcvenlik b\u00fcrokrat\u0131na siyasi iradeye kar\u015f\u0131 dokunulmazl\u0131k payesi verilemez.\n\nHi\u00e7bir asker bu durumdan muaf olamaz.\n\nBunun d\u0131\u015f\u0131ndaki tart\u0131\u015fmalar askeri vesayet d\u00f6nemlerini hat\u0131rlat\u0131r. Anti-demokratiktir.\n\nTRUMP DA AYNISINI YAPTI\n\nYak\u0131n zamanda benzer bir \u00f6rnek ABD\u2019de de ya\u015fand\u0131.\n\nHaberi g\u00f6rmeyenler i\u00e7in anlatay\u0131m.\n\n'USS Theodore Roosevelt' adl\u0131 u\u00e7ak gemisinin kaptan\u0131 Brett Crozier, m\u00fcrettebat\u0131 korona vir\u00fcse yakalan\u0131nca ABD donanmas\u0131na bir mektup yollad\u0131.\n\nMektubunda gemide bulunan personelin 14 g\u00fcnl\u00fck karantina ve sosyal mesafe kurallar\u0131n\u0131 uygulamas\u0131n\u0131n m\u00fcmk\u00fcn olmad\u0131\u011f\u0131n\u0131 gemideki herkesin karada karantinaya al\u0131nmas\u0131n\u0131 istiyordu.\n\nFakat bu mektubu bas\u0131na ve komuta zincirinin d\u0131\u015f\u0131ndaki ki\u015filere de g\u00f6nderdi\u011fi anla\u015f\u0131l\u0131nca g\u00f6revden al\u0131nd\u0131.\n\nKaptan\u0131 g\u00f6revden alan ABD Deniz Kuvvetleri Genel Sekreteri Thomas Modly \"Ya\u015fad\u0131\u011f\u0131m\u0131z bilgi \u00e7a\u011f\u0131nda g\u00f6nderdi\u011fi bu e-mailin kamuoyuna s\u0131zd\u0131r\u0131laca\u011f\u0131n\u0131 d\u00fc\u015f\u00fcnmemi\u015fse bana g\u00f6re bu gemiye kaptanl\u0131k etmek i\u00e7in ya \u00e7ok naif veya \u00e7ok aptald\u0131r\u201d deyince k\u0131yamet koptu.\n\nM\u00fcrettebat\u0131n\u0131 korumaya \u00e7al\u0131\u015fan bir kaptana \u2018aptal\u2019 demesi kamuoyunun b\u00fcy\u00fck tepkisini \u00e7ekti.\n\nModly \u00f6nce \u00f6z\u00fcr diledi. Tepkiler dinmeyince de istifa etti.\n\nBa\u015fkan Trump, Modly i\u00e7in \u201cBa\u015far\u0131l\u0131 bir kariyeri var. K\u00f6t\u00fc bir g\u00fcn ge\u00e7irdi diye cezaland\u0131r\u0131lmas\u0131n\u0131 istemem\u201d dedi ama yine de ABD Savunma Bakan\u0131 Mark Esper\u2019in karar\u0131na uyumlu davranarak Modly'nin yerine James McPherson'\u0131 atanmas\u0131na onay verdi.\n\n\u00d6zetlemek gerekirse, geminin kaptan\u0131 Crozier, m\u00fcrettebat\u0131 korumak i\u00e7in mektup yazmakta hakl\u0131yd\u0131 ama mektubu bas\u0131na s\u0131zd\u0131rmas\u0131 askeri disipline tersti.\n\nAyn\u0131 \u015fekilde Deniz Kuvvetleri Genel Sekreteri Moldly, kaptan\u0131 ele\u015ftirmekte hakl\u0131yd\u0131 ama ona \u2018aptal\u2019 demesi askeri disipline ayk\u0131r\u0131yd\u0131.\n\nSonu\u00e7 itibar\u0131yla siyasi iradeyi temsil eden Ba\u015fkan Trump, ba\u015far\u0131l\u0131 bir kariyeri oldu\u011funu d\u00fc\u015f\u00fcnmesine ra\u011fmen Moldly\u2019nin istifas\u0131n\u0131 kabul etti.\n\n\u015eimdi Cumhurba\u015fkan\u0131 Erdo\u011fan\u2019\u0131n Cihat Yayc\u0131\u2019n\u0131n g\u00f6rev de\u011fi\u015fikli\u011fini onaylamas\u0131na ve istifas\u0131na ses \u00e7\u0131karmamas\u0131na bir de bu g\u00f6zle bak\u0131n.",
    "keywords": [
        "diyor",
        "ne",
        "i\u00e7in",
        "cihat",
        "yayc\u0131n\u0131n",
        "bir",
        "deniz",
        "cumhurba\u015fkan\u0131",
        "askeri",
        "ve",
        "bu",
        "da",
        "g\u00f6rev",
        "istifas\u0131na"
    ],
    "meta_keywords": [
        ""
    ],
    "publish_date": {
        "$date": 1589820908000
    },
    "summary": "Deniz Kuvvetleri Komutanl\u0131\u011f\u0131 Kurmay Ba\u015fkanl\u0131\u011f\u0131 g\u00f6revinden al\u0131n\u0131p, Genelkurmay Ba\u015fkanl\u0131\u011f\u0131 emrine verilen T\u00fcmamiral Cihat Yayc\u0131\u2019n\u0131n istifas\u0131 konu\u015fuluyor iki g\u00fcnd\u00fcr.\nHem Fet\u00f6metre hem de Libya ile deniz yetki s\u0131n\u0131rland\u0131rma anla\u015fmas\u0131n\u0131n mimar\u0131 olmas\u0131 nedeniyle kamuoyunun Yayc\u0131\u2019ya sempatisi b\u00fcy\u00fck.\n\u201cDo\u011fu Akdeniz\u2019in Payla\u015f\u0131m M\u00fccadelesi ve T\u00fcrkiye\u201d isimli kitab\u0131 ger\u00e7ekten de kritik bilgiler i\u00e7eriyordu.\nG\u00f6revden al\u0131nmas\u0131n\u0131n haks\u0131zl\u0131k oldu\u011funa dair genel bir kanaat olu\u015ftu.\nKimileri daha ileri gitti, FET\u00d6 ve kumpas imas\u0131nda bulundular.\nPeki ne oldu da Milli Savunma Bakan\u0131 Hulusi Akar b\u00f6yle bir de\u011fi\u015fiklik istedi?\nHulusi Akar\u2019\u0131n, bir s\u00fcredir Yayc\u0131\u2019ya dair memnuniyetsizli\u011fi s\u0131r de\u011fil.\n\u00dcstelik Hulusi Akar di\u011fer r\u00fctbeli askerlerin de Yayc\u0131\u2019dan rahats\u0131z oldu\u011fundan s\u00f6z ediyormu\u015f.\nAs\u0131l dikkat \u00e7ekici olan Cumhurba\u015fkan\u0131 Erdo\u011fan\u2019\u0131n bir d\u00f6nem \u00f6vg\u00fcyle s\u00f6z etti\u011fi Yayc\u0131\u2019n\u0131n g\u00f6rev de\u011fi\u015fikli\u011fini onaylamas\u0131.\nBelli ki Cihat Yayc\u0131 ile Cumhurba\u015fkan\u0131 Erdo\u011fan aras\u0131nda bir gerilim s\u00f6z konusu de\u011fildi.\nZaten Yayc\u0131 da Mehmet Metiner\u2019e yapt\u0131\u011f\u0131 a\u00e7\u0131klamada \u201c\u0130stifam asla Cumhurba\u015fkan\u0131m\u0131za tepki de\u011fildir.\nOna olan sadakatim \u00f6mr\u00fcm boyunca devam edecektir\u201d diyor.\nO halde Cumhurba\u015fkan\u0131 Erdo\u011fan neden Hulusi Akar\u2019\u0131n atama karar\u0131n\u0131 onaylad\u0131, bu mesele y\u00fcz\u00fcnden Milli Savunma Bakan\u0131\u2019n\u0131 kar\u015f\u0131s\u0131na almad\u0131?\nDuydu\u011fuma g\u00f6re Cumhurba\u015fkan\u0131 Yayc\u0131\u2019y\u0131 korumad\u0131 \u00e7\u00fcnk\u00fc meseleye askeri disiplin ve hiyerar\u015fi \u00e7er\u00e7evesinden bak\u0131yor.\nCihat Yayc\u0131\u2019n\u0131n vatanperver bir insan oldu\u011fu konusunda ku\u015fku yok, fakat son d\u00f6nemde kendini \u00f6ne \u00e7\u0131karmak i\u00e7in att\u0131\u011f\u0131 kimi ad\u0131mlar\u0131n askeri disiplini zorlad\u0131\u011f\u0131 d\u00fc\u015f\u00fcn\u00fcl\u00fcyor.\nG\u00f6rev de\u011fi\u015fikli\u011finin ard\u0131ndan baz\u0131 gazetecilere bilgi s\u0131zd\u0131rmas\u0131 ve yaz\u0131lar yazd\u0131rmas\u0131 da ciddi bir memnuniyetsizlik yaratm\u0131\u015f.\nYAYCI\u2019YA DOKUNULMAZLIK PAYES\u0130 VERMEK YANLI\u015eAsl\u0131na bakarsan\u0131z bu mesele yorumlan\u0131rken ilkesel anlamda yayg\u0131n bir hata yap\u0131l\u0131yor.\nCihat Yayc\u0131\u2019n\u0131n g\u00f6rev de\u011fi\u015fikli\u011fine k\u0131r\u0131l\u0131p istifa etmesi normal.\nFakat unutmayal\u0131m ki se\u00e7ilmi\u015f siyasi iradenin yasalar \u00e7er\u00e7evesinde gerekli g\u00f6rd\u00fc\u011f\u00fc askeri atamay\u0131 yapmas\u0131 da son derece normal.\nBir g\u00fcvenlik b\u00fcrokrat\u0131na siyasi iradeye kar\u015f\u0131 dokunulmazl\u0131k payesi verilemez.\nHi\u00e7bir asker bu durumdan muaf olamaz.\nBunun d\u0131\u015f\u0131ndaki tart\u0131\u015fmalar askeri vesayet d\u00f6nemlerini hat\u0131rlat\u0131r.\nAnti-demokratiktir.\nTRUMP DA AYNISINI YAPTIYak\u0131n zamanda benzer bir \u00f6rnek ABD\u2019de de ya\u015fand\u0131.\nHaberi g\u00f6rmeyenler i\u00e7in anlatay\u0131m.\n'USS Theodore Roosevelt' adl\u0131 u\u00e7ak gemisinin kaptan\u0131 Brett Crozier, m\u00fcrettebat\u0131 korona vir\u00fcse yakalan\u0131nca ABD donanmas\u0131na bir mektup yollad\u0131.\nMektubunda gemide bulunan personelin 14 g\u00fcnl\u00fck karantina ve sosyal mesafe kurallar\u0131n\u0131 uygulamas\u0131n\u0131n m\u00fcmk\u00fcn olmad\u0131\u011f\u0131n\u0131 gemideki herkesin karada karantinaya al\u0131nmas\u0131n\u0131 istiyordu.\nFakat bu mektubu bas\u0131na ve komuta zincirinin d\u0131\u015f\u0131ndaki ki\u015filere de g\u00f6nderdi\u011fi anla\u015f\u0131l\u0131nca g\u00f6revden al\u0131nd\u0131.\nKaptan\u0131 g\u00f6revden alan ABD Deniz Kuvvetleri Genel Sekreteri Thomas Modly \"Ya\u015fad\u0131\u011f\u0131m\u0131z bilgi \u00e7a\u011f\u0131nda g\u00f6nderdi\u011fi bu e-mailin kamuoyuna s\u0131zd\u0131r\u0131laca\u011f\u0131n\u0131 d\u00fc\u015f\u00fcnmemi\u015fse bana g\u00f6re bu gemiye kaptanl\u0131k etmek i\u00e7in ya \u00e7ok naif veya \u00e7ok aptald\u0131r\u201d deyince k\u0131yamet koptu.\nM\u00fcrettebat\u0131n\u0131 korumaya \u00e7al\u0131\u015fan bir kaptana \u2018aptal\u2019 demesi kamuoyunun b\u00fcy\u00fck tepkisini \u00e7ekti.\nModly \u00f6nce \u00f6z\u00fcr diledi.\nTepkiler dinmeyince de istifa etti.\nBa\u015fkan Trump, Modly i\u00e7in \u201cBa\u015far\u0131l\u0131 bir kariyeri var.\nK\u00f6t\u00fc bir g\u00fcn ge\u00e7irdi diye cezaland\u0131r\u0131lmas\u0131n\u0131 istemem\u201d dedi ama yine de ABD Savunma Bakan\u0131 Mark Esper\u2019in karar\u0131na uyumlu davranarak Modly'nin yerine James McPherson'\u0131 atanmas\u0131na onay verdi.\n\u00d6zetlemek gerekirse, geminin kaptan\u0131 Crozier, m\u00fcrettebat\u0131 korumak i\u00e7in mektup yazmakta hakl\u0131yd\u0131 ama mektubu bas\u0131na s\u0131zd\u0131rmas\u0131 askeri disipline tersti.\nAyn\u0131 \u015fekilde Deniz Kuvvetleri Genel Sekreteri Moldly, kaptan\u0131 ele\u015ftirmekte hakl\u0131yd\u0131 ama ona \u2018aptal\u2019 demesi askeri disipline ayk\u0131r\u0131yd\u0131.\nSonu\u00e7 itibar\u0131yla siyasi iradeyi temsil eden Ba\u015fkan Trump, ba\u015far\u0131l\u0131 bir kariyeri oldu\u011funu d\u00fc\u015f\u00fcnmesine ra\u011fmen Moldly\u2019nin istifas\u0131n\u0131 kabul etti.\n\u015eimdi Cumhurba\u015fkan\u0131 Erdo\u011fan\u2019\u0131n Cihat Yayc\u0131\u2019n\u0131n g\u00f6rev de\u011fi\u015fikli\u011fini onaylamas\u0131na ve istifas\u0131na ses \u00e7\u0131karmamas\u0131na bir de bu g\u00f6zle bak\u0131n.",
    "article_html": "",
    "meta_description": "Deniz Kuvvetleri Komutanl\u0131\u011f\u0131 Kurmay Ba\u015fkanl\u0131\u011f\u0131 g\u00f6revinden al\u0131n\u0131p, Genelkurmay Ba\u015fkanl\u0131\u011f\u0131 emrine verilen T\u00fcmamiral Cihat Yayc\u0131'n\u0131n istifas\u0131 konu\u015fuluyor iki g\u00fcnd\u00fcr.\nHem Fet\u00f6metre hem de Libya ile deniz yetki s\u0131n\u0131rland\u0131rma anla\u015fmas\u0131n\u0131n mimar\u0131 olmas\u0131 nedeniyle kamuoyunun Yayc\u0131'ya sempatisi b\u00fcy\u00fck.\n\"Do\u011fu Akdeniz'in Payla\u015f\u0131m M\u00fccadelesi ve T\u00fcrkiye\" isimli kitab\u0131 ger\u00e7ekten de kritik bilgiler i\u00e7eriyordu.\nG\u00f6revden al\u0131nmas\u0131n\u0131n haks\u0131zl\u0131k oldu\u011funa dair genel bir kanaat olu\u015ftu.\nKimileri daha ileri gitti, FET\u00d6 ve kumpas imas\u0131nda bulundular.\nPeki ne oldu da Milli Savunma Bakan\u0131 Hulusi Akar b\u00f6yle bir de\u011fi\u015fiklik istedi?\nHulusi Akar'\u0131n, bir s\u00fcredir Yayc\u0131'ya...",
    "meta_lang": "tr"
}