{
    "article_id": "0cffb3acf7ed0713525ef8fc2d93ff8e.1589925856.613697",
    "title": "Son dakika haberler: T\u00fcrkiye ucuz LNG'de rekora ko\u015fuyor",
    "authors": [
        "Isvalid",
        "Yazarlar",
        "Data",
        "Name",
        "Mail",
        "Title",
        "Di\u0307\u011fer Yazarlar"
    ],
    "canonical_link": "https://www.haberturk.com/son-dakika-haberler-turkiye-ucuz-lng-de-rekora-kosuyor-2682008-ekonomi",
    "url": "http://haberturk.com/son-dakika-haberler-turkiye-ucuz-lng-de-rekora-kosuyor-2682008-ekonomi",
    "top_img": "https://im.haberturk.com/2020/05/16/ver1589809406/2682008_1200x627.jpg",
    "meta_img": "https://im.haberturk.com/2020/05/16/ver1589809406/2682008_1200x627.jpg",
    "movies": [],
    "text": "Olcay Aydilek oaydilek@haberturk.com\n\nKoronavir\u00fcs salg\u0131n\u0131 sonras\u0131nda d\u00fcnyada emtia fiyatlar\u0131 h\u0131zla d\u00fc\u015ft\u00fc. Petrol ve \u00f6zellikle spot piyasada do\u011fal gaz fiyatlar\u0131nda ya\u015fanan d\u00fc\u015f\u00fc\u015f, \u201ctarihi\u201d olarak nitelenen de\u011ferlendirmelere yol a\u00e7t\u0131.\n\nT\u00fcrkiye, do\u011fal gaz ve petrol ithal eden \u00fclke olarak pozisyonunu ald\u0131. \u201cUcuz\u201d petrol ve akaryak\u0131tla (\u00f6zellikle motorin) depolar\u0131n\u0131 doldurdu; stoklar\u0131n\u0131 art\u0131rd\u0131.\n\nT\u00fcrkiye\u2019nin ham petrol ve akaryak\u0131t, toplam stok kapasitesi 15.8 milyon metrek\u00fcp. LPG stok kapasitesi de 924 bin metrek\u00fcp. Bu kapasitenin y\u00fczde 90\u2019\u0131 dolduruldu.,\n\nBORU GAZI YER\u0130NE LNG\n\nDo\u011fal gazda da konjonkt\u00fcr\u00fcn sundu\u011fu f\u0131rsatlara g\u00f6re ad\u0131m at\u0131ld\u0131. Daha pahal\u0131 olan boru gaz\u0131 ithalat\u0131nda frene bas\u0131ld\u0131. Fiyat\u0131, boru gaz\u0131n\u0131n yar\u0131s\u0131n\u0131n alt\u0131nda olan LNG ithalat\u0131na a\u011f\u0131rl\u0131k verildi. Rusya\u2019dan ithal edilen do\u011fal gaz\u0131n her 1000 metrek\u00fcp fiyat\u0131 230 dolar, buna kar\u015f\u0131l\u0131k LNG 80-100 dolar band\u0131nda seyrediyor.\n\n\n\n2019\u2019da, y\u0131ll\u0131k 45 milyar metrek\u00fcp gaz ithal edildi. Bunun, y\u00fczde 29-30\u2019unu, e\u015f deyi\u015fle 13-14 milyar metrek\u00fcp\u00fcn\u00fc LNG olu\u015fturdu. ABD, LNG ithalat\u0131nda \u00f6nemli bir partner olarak \u00f6ne \u00e7\u0131kt\u0131.\n\nLNG ithalat\u0131, bu y\u0131l daha da artacak. Toplam gaz ithalat\u0131nda LNG\u2019nin pay\u0131n\u0131n y\u00fczde 29-30\u2019dan, y\u00fczde 35\u2019e (belki biraz daha fazlas\u0131na) \u00e7\u0131kart\u0131lmas\u0131 hedefleniyor.\n\nYILIN \u0130LK YARISINDA TAM GAZ\n\n2020 y\u0131l\u0131n\u0131n ilk yar\u0131s\u0131nda olabildi\u011fince LNG ithalat\u0131na a\u011f\u0131rl\u0131k verilecek. Ba\u015fta ABD olmak \u00fczere de\u011fi\u015fik \u00fclkelerden maksimum d\u00fczeyde \u201cucuz\u201d LNG ithal edilecek.\n\n\u0130thalat, daha sonra kademeli olarak azalt\u0131lacak. \u00dc\u00e7\u00fcnc\u00fc ve \u00f6zellikle son \u00e7eyrekte, \u201cal ya da \u00f6de\u201d yapt\u0131r\u0131m\u0131n\u0131 a\u015fmak i\u00e7in Rusya, \u0130ran ve Azerbaycan\u2019dan boru gaz\u0131 ithalat\u0131 art\u0131r\u0131lacak. Son \u00e7eyrek, k\u0131\u015f mevsimine denk geliyor. Gaz t\u00fcketimi artacak. B\u00f6ylece, \u201cal ya da \u00f6de\u201dye girmeden (veya en az miktarla) taahh\u00fct edilen gaz\u0131n ilgili tedarik\u00e7i \u00fclkelerden \u00e7ekilmesi hedefleniyor.",
    "keywords": [
        "lngde",
        "lng",
        "y\u00fczde",
        "son",
        "olarak",
        "ucuz",
        "daha",
        "haberler",
        "ithal",
        "ko\u015fuyor",
        "ve",
        "da",
        "petrol",
        "t\u00fcrkiye",
        "gaz",
        "metrek\u00fcp",
        "rekora",
        "dakika"
    ],
    "meta_keywords": [
        ""
    ],
    "publish_date": {
        "$date": 1589809406000
    },
    "summary": "Olcay Aydilek oaydilek@haberturk.comKoronavir\u00fcs salg\u0131n\u0131 sonras\u0131nda d\u00fcnyada emtia fiyatlar\u0131 h\u0131zla d\u00fc\u015ft\u00fc.\nPetrol ve \u00f6zellikle spot piyasada do\u011fal gaz fiyatlar\u0131nda ya\u015fanan d\u00fc\u015f\u00fc\u015f, \u201ctarihi\u201d olarak nitelenen de\u011ferlendirmelere yol a\u00e7t\u0131.\nT\u00fcrkiye, do\u011fal gaz ve petrol ithal eden \u00fclke olarak pozisyonunu ald\u0131.\n\u201cUcuz\u201d petrol ve akaryak\u0131tla (\u00f6zellikle motorin) depolar\u0131n\u0131 doldurdu; stoklar\u0131n\u0131 art\u0131rd\u0131.\nT\u00fcrkiye\u2019nin ham petrol ve akaryak\u0131t, toplam stok kapasitesi 15.8 milyon metrek\u00fcp.\nLPG stok kapasitesi de 924 bin metrek\u00fcp.\nBu kapasitenin y\u00fczde 90\u2019\u0131 dolduruldu.,BORU GAZI YER\u0130NE LNGDo\u011fal gazda da konjonkt\u00fcr\u00fcn sundu\u011fu f\u0131rsatlara g\u00f6re ad\u0131m at\u0131ld\u0131.\nDaha pahal\u0131 olan boru gaz\u0131 ithalat\u0131nda frene bas\u0131ld\u0131.\nFiyat\u0131, boru gaz\u0131n\u0131n yar\u0131s\u0131n\u0131n alt\u0131nda olan LNG ithalat\u0131na a\u011f\u0131rl\u0131k verildi.\nRusya\u2019dan ithal edilen do\u011fal gaz\u0131n her 1000 metrek\u00fcp fiyat\u0131 230 dolar, buna kar\u015f\u0131l\u0131k LNG 80-100 dolar band\u0131nda seyrediyor.\n2019\u2019da, y\u0131ll\u0131k 45 milyar metrek\u00fcp gaz ithal edildi.\nBunun, y\u00fczde 29-30\u2019unu, e\u015f deyi\u015fle 13-14 milyar metrek\u00fcp\u00fcn\u00fc LNG olu\u015fturdu.\nABD, LNG ithalat\u0131nda \u00f6nemli bir partner olarak \u00f6ne \u00e7\u0131kt\u0131.\nLNG ithalat\u0131, bu y\u0131l daha da artacak.\nToplam gaz ithalat\u0131nda LNG\u2019nin pay\u0131n\u0131n y\u00fczde 29-30\u2019dan, y\u00fczde 35\u2019e (belki biraz daha fazlas\u0131na) \u00e7\u0131kart\u0131lmas\u0131 hedefleniyor.\nYILIN \u0130LK YARISINDA TAM GAZ2020 y\u0131l\u0131n\u0131n ilk yar\u0131s\u0131nda olabildi\u011fince LNG ithalat\u0131na a\u011f\u0131rl\u0131k verilecek.\nBa\u015fta ABD olmak \u00fczere de\u011fi\u015fik \u00fclkelerden maksimum d\u00fczeyde \u201cucuz\u201d LNG ithal edilecek.\n\u0130thalat, daha sonra kademeli olarak azalt\u0131lacak.\n\u00dc\u00e7\u00fcnc\u00fc ve \u00f6zellikle son \u00e7eyrekte, \u201cal ya da \u00f6de\u201d yapt\u0131r\u0131m\u0131n\u0131 a\u015fmak i\u00e7in Rusya, \u0130ran ve Azerbaycan\u2019dan boru gaz\u0131 ithalat\u0131 art\u0131r\u0131lacak.\nSon \u00e7eyrek, k\u0131\u015f mevsimine denk geliyor.\nGaz t\u00fcketimi artacak.\nB\u00f6ylece, \u201cal ya da \u00f6de\u201dye girmeden (veya en az miktarla) taahh\u00fct edilen gaz\u0131n ilgili tedarik\u00e7i \u00fclkelerden \u00e7ekilmesi hedefleniyor.",
    "article_html": "",
    "meta_description": "BOTA\u015e; Rusya, \u0130ran ve Azerbaycan\u2019dan sat\u0131n ald\u0131\u011f\u0131 boru gaz\u0131na g\u00f6re \u00e7ok daha \u201cucuz\u201d olan s\u0131v\u0131la\u015ft\u0131r\u0131lm\u0131\u015f do\u011fal gaz (LNG) ithalat\u0131nda rekora ko\u015fuyor. 2019 y\u0131l\u0131nda LNG\u2019nin toplam do\u011fal gaz ithalat\u0131 i\u00e7indeki pay\u0131 y\u00fczde 29-30 oldu. 2020 y\u0131l\u0131n\u0131n ilk yar\u0131s\u0131nda olabildi\u011fince LNG ithalat\u0131na a\u011f\u0131rl\u0131k verilecek. Ba\u015fta ABD olmak \u00fczere de\u011fi\u015fik \u00fclkelerden maksimum d\u00fczeyde \u201cucuz\u201d LNG ithal edilecek. Y\u0131ll\u0131k LNG ithalat oran\u0131n\u0131n (ilk yar\u0131da daha y\u00fcksek) y\u00fczde 35\u2019i a\u015fmas\u0131 hedefleniyor. \u0130thalat, daha sonra kademeli olarak azalt\u0131lacak. \u00dc\u00e7\u00fcnc\u00fc ve \u00f6zellikle son \u00e7eyrekte, \u201cal ya da \u00f6de\u201d (tedarik\u00e7i \u00fclkelere taahh\u00fct etti\u011fin ve \u00e7ekmedi\u011fin gaz\u0131n paras\u0131n\u0131n \u00f6denmesi)...",
    "meta_lang": "tr"
}