{
    "article_id": "a1655ea92b96480f93fbf76f688ce9c1.1589925860.745327",
    "title": "Evde bak\u0131m paras\u0131 hangi illerde yat\u0131r\u0131ld\u0131? Evde bak\u0131m ayl\u0131\u011f\u0131 yatan iller 15 May\u0131s listesi",
    "authors": [
        "Isvalid",
        "Yazarlar",
        "Data",
        "Name",
        "Mail",
        "Title",
        "Di\u0307\u011fer Yazarlar"
    ],
    "canonical_link": "https://www.haberturk.com/evde-bakim-parasi-hangi-illerde-yatirildi-evde-bakim-ayligi-yatan-iller-15-mayis-listesi-2679948-ekonomi",
    "url": "http://haberturk.com/evde-bakim-parasi-hangi-illerde-yatirildi-evde-bakim-ayligi-yatan-iller-15-mayis-listesi-2679948-ekonomi",
    "top_img": "https://im.haberturk.com/2020/05/15/ver1589522021/2679948_1200x627.jpg",
    "meta_img": "https://im.haberturk.com/2020/05/15/ver1589522021/2679948_1200x627.jpg",
    "movies": [],
    "text": "Evde bak\u0131m maa\u015f\u0131 \u00f6denmeye ba\u015flad\u0131 m\u0131? Sorusu evde bak\u0131m maa\u015f\u0131 alan i\u015f\u00e7iler ve aileler taraf\u0131ndan soruluyor. Aile, \u00c7al\u0131\u015fma ve Sosyal Hizmetler Bakanl\u0131\u011f\u0131 taraf\u0131ndan yat\u0131r\u0131lan evde bak\u0131m maa\u015f\u0131 ba\u015fvurular\u0131 nas\u0131l yap\u0131l\u0131r? Peki, yap\u0131lan zam ile evde bak\u0131m maa\u015f\u0131 ne kadar oldu? Maa\u015f alanlar sorgulama i\u015flemi nas\u0131l yap\u0131l\u0131yor? \u0130\u015fte, evde bak\u0131m maa\u015f\u0131na dair detaylar...\n\nEVDE BAKIM MAA\u015eI SORGULAMA 2020\n\nEvde Bak\u0131m ayl\u0131\u011f\u0131 \u00f6demelerini E Devlet \u00fczerinden sorgulayabilirsiniz. TC kimlik numaran\u0131z ile E Devlet \u015fifrenizi kullanarak giri\u015f yapt\u0131ktan sonra arama \u00e7ubu\u011funa \"Engelli Evde Bak\u0131m \u00d6deme Bilgileri Sorgulama\" yaz\u0131n ve t\u0131klay\u0131n. A\u00e7\u0131lan sayfada maa\u015f \u00f6demesi ile ilgili detayalar ula\u015fabilirsiniz. Engelli Evde Bak\u0131m \u00d6deme Bilgileri Sorgulama \u00f6zelli\u011fi Aile ve Sosyal Politikalar Bakanl\u0131\u011f\u0131 sekmesinin alt\u0131nda bulunur.\n\nE-DEVLET \u00dcZER\u0130NDEN EVDE BAKIM PARASI SORGULAMA \u0130\u015eLEM\u0130 \u0130\u00c7\u0130N TIKLAYIN\n\nSMS \u0130LE EVDE BAKIM AYLI\u011eI SORGULAMA\n\nEvde bak\u0131m ayl\u0131\u011f\u0131 alanlar sorgulama yapmak i\u00e7in telefonlar\u0131n\u0131n SMS \u00f6zelli\u011fini de kullanabilir. Ziraat Kat\u0131l\u0131m Bankas\u0131 arac\u0131l\u0131\u011f\u0131 ile alanlar, cep telefonlar\u0131n\u0131n mesaj b\u00f6l\u00fcm\u00fcne BAKIYE yaz\u0131p, 4747\u2019e SMS atarak bakiye takibi yapabilirler. Mesaj g\u00f6ndermeniz dahilinde 1 SMS \u00fccreti operat\u00f6r\u00fcn\u00fcz taraf\u0131ndan tahsil edilir.\n\nEVDE BAKIM PARASI YATAN \u0130LLER 15 MAYIS 2020\n\nEvde bak\u0131m maa\u015flar\u0131, Bakanl\u0131k taraf\u0131ndan il il yat\u0131r\u0131l\u0131yor. 15 May\u0131s 2020 tarihi itibar\u0131yla 36 ilde evde bak\u0131m maa\u015flar\u0131 yat\u0131r\u0131ld\u0131. Di\u011fer illerde ise \u00f6demelerin \u00f6n\u00fcm\u00fczdeki g\u00fcnlerde yap\u0131lmas\u0131 bekleniyor. \u0130\u015fte evde bak\u0131m maa\u015f\u0131 yat\u0131r\u0131lan illerin listesi:\n\n1- Amasya 2- K\u0131r\u0131kkale 3- Karab\u00fck 4- Sakarya 5- Tokat 6- Samsun 7- K\u0131r\u015fehir 8- K\u0131rklareli 9- Edirne 10- Aksaray 11- Isparta 12- Zonguldak 13- Malatya 14- Ankara 15- Diyarbak\u0131r 16- Tekirda\u011f 17- Afyonkarahisar 18- \u0130stanbul 19- Mu\u011fla 20- Konya 21- Bilecik 22- Manisa 23- Hatay 24- Denizli 25- \u015eanl\u0131urfa 26- Ordu 27- Mersin 28- Antalya 29- Sivas 30- Giresun 31- \u0130zmir 32- Bal\u0131kesir 33- U\u015fak 34- \u00c7anakkale 35- Osmaniye 36- Bursa\n\nEVDE BAKIM MAA\u015eI 2020 YILINDA NE KADAR OLDU?\n\nYeni y\u0131lda, memur maa\u015f katsay\u0131s\u0131na ba\u011fl\u0131 olarak 65 ya\u015f ayl\u0131\u011f\u0131, engelli yard\u0131m\u0131, engelliler i\u00e7in evde bak\u0131m paras\u0131 ba\u015fta olmak \u00fczere t\u00fcm sosyal yard\u0131mlar zamland\u0131. Sosyal yard\u0131mlarda y\u00fczde 5.49 oran\u0131nda art\u0131\u015f yap\u0131ld\u0131.\n\n2020 y\u0131l\u0131nda evde bak\u0131m maa\u015flar\u0131na zam geldi. 2019 y\u0131l\u0131nda 1.384 lira tutar\u0131ndaki evde bak\u0131m deste\u011fi, 2020 y\u0131l\u0131nda 1.460 liraya y\u00fckseltildi.\n\nEVDE BAKIM MAA\u015eI BA\u015eVURUSU NASIL YAPILIR?\n\nEvde bak\u0131m maa\u015f\u0131 alabilmek i\u00e7in a\u015fa\u011f\u0131daki 3 \u015fart\u0131n bulunmas\u0131 gerekiyor:\n\n1) Gelir kriterlerinin uygun olmas\u0131,\n\n2) Bak\u0131ma muhta\u00e7l\u0131k kriteri,\n\n3) A\u011f\u0131r engelli oldu\u011funu belirten sa\u011fl\u0131k kurulu raporu.\n\nEvde bak\u0131m paras\u0131 almak i\u00e7in hane halk\u0131n\u0131n t\u00fcm net geliri toplan\u0131yor ve hane halk\u0131 say\u0131s\u0131na b\u00f6l\u00fcn\u00fcyor. Buna engelli ki\u015fi de dahil. Evde bak\u0131m maa\u015f\u0131 almak i\u00e7in engelli ki\u015finin ikametgah\u0131n\u0131n bulundu\u011fu yerdeki Aile ve Sosyal Politikalar \u0130l veya varsa \u2018\u0130l\u00e7e M\u00fcd\u00fcrl\u00fcklerine\u2019 ba\u015fvuru yap\u0131l\u0131yor.",
    "keywords": [
        "yatan",
        "paras\u0131",
        "illerde",
        "may\u0131s",
        "engelli",
        "i\u00e7in",
        "taraf\u0131ndan",
        "sorgulama",
        "bak\u0131m",
        "sosyal",
        "maa\u015f\u0131",
        "yat\u0131r\u0131ld\u0131",
        "iller",
        "ve",
        "evde",
        "hangi",
        "bakim",
        "listesi"
    ],
    "meta_keywords": [
        ""
    ],
    "publish_date": {
        "$date": 1589522021000
    },
    "summary": "Evde bak\u0131m maa\u015f\u0131 \u00f6denmeye ba\u015flad\u0131 m\u0131?\nSorusu evde bak\u0131m maa\u015f\u0131 alan i\u015f\u00e7iler ve aileler taraf\u0131ndan soruluyor.\nAile, \u00c7al\u0131\u015fma ve Sosyal Hizmetler Bakanl\u0131\u011f\u0131 taraf\u0131ndan yat\u0131r\u0131lan evde bak\u0131m maa\u015f\u0131 ba\u015fvurular\u0131 nas\u0131l yap\u0131l\u0131r?\nPeki, yap\u0131lan zam ile evde bak\u0131m maa\u015f\u0131 ne kadar oldu?\nMaa\u015f alanlar sorgulama i\u015flemi nas\u0131l yap\u0131l\u0131yor?\n\u0130\u015fte, evde bak\u0131m maa\u015f\u0131na dair detaylar...EVDE BAKIM MAA\u015eI SORGULAMA 2020Evde Bak\u0131m ayl\u0131\u011f\u0131 \u00f6demelerini E Devlet \u00fczerinden sorgulayabilirsiniz.\nTC kimlik numaran\u0131z ile E Devlet \u015fifrenizi kullanarak giri\u015f yapt\u0131ktan sonra arama \u00e7ubu\u011funa \"Engelli Evde Bak\u0131m \u00d6deme Bilgileri Sorgulama\" yaz\u0131n ve t\u0131klay\u0131n.\nA\u00e7\u0131lan sayfada maa\u015f \u00f6demesi ile ilgili detayalar ula\u015fabilirsiniz.\nEngelli Evde Bak\u0131m \u00d6deme Bilgileri Sorgulama \u00f6zelli\u011fi Aile ve Sosyal Politikalar Bakanl\u0131\u011f\u0131 sekmesinin alt\u0131nda bulunur.\nE-DEVLET \u00dcZER\u0130NDEN EVDE BAKIM PARASI SORGULAMA \u0130\u015eLEM\u0130 \u0130\u00c7\u0130N TIKLAYINSMS \u0130LE EVDE BAKIM AYLI\u011eI SORGULAMAEvde bak\u0131m ayl\u0131\u011f\u0131 alanlar sorgulama yapmak i\u00e7in telefonlar\u0131n\u0131n SMS \u00f6zelli\u011fini de kullanabilir.\nZiraat Kat\u0131l\u0131m Bankas\u0131 arac\u0131l\u0131\u011f\u0131 ile alanlar, cep telefonlar\u0131n\u0131n mesaj b\u00f6l\u00fcm\u00fcne BAKIYE yaz\u0131p, 4747\u2019e SMS atarak bakiye takibi yapabilirler.\nMesaj g\u00f6ndermeniz dahilinde 1 SMS \u00fccreti operat\u00f6r\u00fcn\u00fcz taraf\u0131ndan tahsil edilir.\nEVDE BAKIM PARASI YATAN \u0130LLER 15 MAYIS 2020Evde bak\u0131m maa\u015flar\u0131, Bakanl\u0131k taraf\u0131ndan il il yat\u0131r\u0131l\u0131yor.\n15 May\u0131s 2020 tarihi itibar\u0131yla 36 ilde evde bak\u0131m maa\u015flar\u0131 yat\u0131r\u0131ld\u0131.\nDi\u011fer illerde ise \u00f6demelerin \u00f6n\u00fcm\u00fczdeki g\u00fcnlerde yap\u0131lmas\u0131 bekleniyor.\n\u0130\u015fte evde bak\u0131m maa\u015f\u0131 yat\u0131r\u0131lan illerin listesi:1- Amasya 2- K\u0131r\u0131kkale 3- Karab\u00fck 4- Sakarya 5- Tokat 6- Samsun 7- K\u0131r\u015fehir 8- K\u0131rklareli 9- Edirne 10- Aksaray 11- Isparta 12- Zonguldak 13- Malatya 14- Ankara 15- Diyarbak\u0131r 16- Tekirda\u011f 17- Afyonkarahisar 18- \u0130stanbul 19- Mu\u011fla 20- Konya 21- Bilecik 22- Manisa 23- Hatay 24- Denizli 25- \u015eanl\u0131urfa 26- Ordu 27- Mersin 28- Antalya 29- Sivas 30- Giresun 31- \u0130zmir 32- Bal\u0131kesir 33- U\u015fak 34- \u00c7anakkale 35- Osmaniye 36- BursaEVDE BAKIM MAA\u015eI 2020 YILINDA NE KADAR OLDU?\nYeni y\u0131lda, memur maa\u015f katsay\u0131s\u0131na ba\u011fl\u0131 olarak 65 ya\u015f ayl\u0131\u011f\u0131, engelli yard\u0131m\u0131, engelliler i\u00e7in evde bak\u0131m paras\u0131 ba\u015fta olmak \u00fczere t\u00fcm sosyal yard\u0131mlar zamland\u0131.\nSosyal yard\u0131mlarda y\u00fczde 5.49 oran\u0131nda art\u0131\u015f yap\u0131ld\u0131.\n2020 y\u0131l\u0131nda evde bak\u0131m maa\u015flar\u0131na zam geldi.\n2019 y\u0131l\u0131nda 1.384 lira tutar\u0131ndaki evde bak\u0131m deste\u011fi, 2020 y\u0131l\u0131nda 1.460 liraya y\u00fckseltildi.\nEVDE BAKIM MAA\u015eI BA\u015eVURUSU NASIL YAPILIR?\nEvde bak\u0131m maa\u015f\u0131 alabilmek i\u00e7in a\u015fa\u011f\u0131daki 3 \u015fart\u0131n bulunmas\u0131 gerekiyor:1) Gelir kriterlerinin uygun olmas\u0131,2) Bak\u0131ma muhta\u00e7l\u0131k kriteri,3) A\u011f\u0131r engelli oldu\u011funu belirten sa\u011fl\u0131k kurulu raporu.\nEvde bak\u0131m paras\u0131 almak i\u00e7in hane halk\u0131n\u0131n t\u00fcm net geliri toplan\u0131yor ve hane halk\u0131 say\u0131s\u0131na b\u00f6l\u00fcn\u00fcyor.\nBuna engelli ki\u015fi de dahil.\nEvde bak\u0131m maa\u015f\u0131 almak i\u00e7in engelli ki\u015finin ikametgah\u0131n\u0131n bulundu\u011fu yerdeki Aile ve Sosyal Politikalar \u0130l veya varsa \u2018\u0130l\u00e7e M\u00fcd\u00fcrl\u00fcklerine\u2019 ba\u015fvuru yap\u0131l\u0131yor.",
    "article_html": "",
    "meta_description": "Evde bak\u0131m paras\u0131 yatan iller, may\u0131s ay\u0131n\u0131n en fazla ara\u015ft\u0131r\u0131lan konular\u0131 aras\u0131nda yer al\u0131yor. Evde Bak\u0131m maa\u015f\u0131; Aile, \u00c7al\u0131\u015fma ve Sosyal Hizmetler Bakanl\u0131\u011f\u0131'nca, bak\u0131ma muhta\u00e7 ihtiyac\u0131 olan engelliler ile ya\u015fl\u0131 bireylerin ailelerinden ayr\u0131lmamalar\u0131 amac\u0131yla \u00f6deniyor. Peki, maa\u015flar\u0131n yat\u0131p yatmad\u0131\u011f\u0131 nereden nas\u0131l \u00f6\u011frenilir? \u0130\u015fte, 15 May\u0131s 2020 itibariyle evde bak\u0131m paras\u0131 yatan iller listesi",
    "meta_lang": "tr"
}