{
    "article_id": "d227a501f3f87850c85e9c2b0ac016eb.1589925889.2918634",
    "title": "Hepsiburada'dan haz\u0131r giyime destek",
    "authors": [
        "Isvalid",
        "Yazarlar",
        "Data",
        "Name",
        "Mail",
        "Title",
        "Di\u0307\u011fer Yazarlar"
    ],
    "canonical_link": "https://www.haberturk.com/hepsiburada-dan-hazir-giyime-destek-haberler-2684223-ekonomi",
    "url": "http://haberturk.com/hepsiburada-dan-hazir-giyime-destek-haberler-2684223-ekonomi",
    "top_img": "https://im.haberturk.com/2020/05/19/ver1589875079/2684223_1200x627.jpg",
    "meta_img": "https://im.haberturk.com/2020/05/19/ver1589875079/2684223_1200x627.jpg",
    "movies": [],
    "text": "HABERTURK.COM\n\nE-ticaret platformu Hepsiburada, COVID-19 salg\u0131n\u0131yla birlikte t\u00fcketicilere ula\u015fmakta zor g\u00fcnler ge\u00e7iren haz\u0131r giyim markalar\u0131 i\u00e7in Birle\u015fmi\u015f Markalar Derne\u011fi (BMD) i\u015f birli\u011fiyle \"Perakende Dayan\u0131\u015fma Hareketi\"ni hayata ge\u00e7irdi\u011fini duyurdu.\n\nDayan\u0131\u015fma Hareketi kapsam\u0131nda, Hepsiburada'da yer alan BMD \u00fcyesi markalara 3 ay s\u00fcreyle ilave ticari te\u015fviklerin sa\u011flanaca\u011f\u0131 bildirildi.\n\nMarkalar\u0131n, \u00fcr\u00fcnlerini m\u00fc\u015fterileriyle en h\u0131zl\u0131 \u015fekilde bulu\u015fturabilmek i\u00e7in Hepsiburada'n\u0131n lojistik i\u015ftiraki Hepsijet'in hizmetlerinden de faydalanabilecekleri bilgisi verilirken, finansal ve lojistik desteklerin yan\u0131 s\u0131ra Hepsiburada'n\u0131n online ve offline pazarlama faaliyetlerinde kendilerine yer bulacaklar\u0131 aktar\u0131ld\u0131.\n\nHepsiburada'n\u0131n, BMD \u00fcyesi markalara e-ihracat hizmeti de sunaca\u011f\u0131 da belirtildi. Bu kapsamda, yurtd\u0131\u015f\u0131 pazarlara \u00fcr\u00fcn sat\u0131\u015f\u0131n\u0131 kolayla\u015ft\u0131rmak i\u00e7in \u00fcr\u00fcn geli\u015ftirilmesi, \u00fcr\u00fcnlerin e-ticaret platformunda do\u011fru konumland\u0131r\u0131lmas\u0131, pazarlama faaliyetleri, lojistik ve g\u00fcmr\u00fck hizmetleri, yerel dil deste\u011fi, yerel tahsilat ve \u00f6deme \u00e7\u00f6z\u00fcmleri dahil bir\u00e7ok konuda altyap\u0131 deste\u011fi sunulaca\u011f\u0131 kaydedildi.\n\nHepsiburada Ticari Grup Ba\u015fkan\u0131 Mutlu Erturan dayan\u0131\u015fma hareketiyle ilgili, \"Perakende Dayan\u0131\u015fma Hareketi'yle markalar kazanacak, ekonomi canlanacak, m\u00fc\u015fteriler her t\u00fcrl\u00fc giyim ihtiya\u00e7lar\u0131na uygun fiyatlarla evlerinin konforunda ula\u015facak\" dedi.\n\nBMD Ba\u015fkan\u0131 Sinan \u00d6ncel ise, \"Hedefimiz daima, kazan-kazan modeli \u00fczerine in\u015fa etti\u011fimiz yap\u0131c\u0131 i\u015f modelimizle perakendeyle el ele b\u00fcy\u00fcmek. Bu sebeple Hepsiburada ile ba\u015flatt\u0131\u011f\u0131m\u0131z bu i\u015f birli\u011fini \u00e7ok \u00f6nemsiyoruz. Proje orta\u011f\u0131m\u0131z Hepsiburada teknoloji, ticaret, pazarlama, lojistik ve ihracat g\u00fcc\u00fcyle haz\u0131r giyim markalar\u0131n\u0131n yan\u0131nday\u0131z. Bu zorlu s\u00fcreci hep birlikte a\u015faca\u011f\u0131z\" dedi.\n\nKORONAV\u0130R\u00dcS SON DAK\u0130KA HABERLER\u0130 \u0130\u00c7\u0130N TIKLAYINIZ!",
    "keywords": [
        "destek",
        "i\u00e7in",
        "hepsiburadadan",
        "pazarlama",
        "giyim",
        "i\u015f",
        "lojistik",
        "giyime",
        "haz\u0131r",
        "ve",
        "bmd",
        "dayan\u0131\u015fma",
        "hepsiburada",
        "bu"
    ],
    "meta_keywords": [
        ""
    ],
    "publish_date": {
        "$date": 1589875079000
    },
    "summary": "HABERTURK.COME-ticaret platformu Hepsiburada, COVID-19 salg\u0131n\u0131yla birlikte t\u00fcketicilere ula\u015fmakta zor g\u00fcnler ge\u00e7iren haz\u0131r giyim markalar\u0131 i\u00e7in Birle\u015fmi\u015f Markalar Derne\u011fi (BMD) i\u015f birli\u011fiyle \"Perakende Dayan\u0131\u015fma Hareketi\"ni hayata ge\u00e7irdi\u011fini duyurdu.\nDayan\u0131\u015fma Hareketi kapsam\u0131nda, Hepsiburada'da yer alan BMD \u00fcyesi markalara 3 ay s\u00fcreyle ilave ticari te\u015fviklerin sa\u011flanaca\u011f\u0131 bildirildi.\nMarkalar\u0131n, \u00fcr\u00fcnlerini m\u00fc\u015fterileriyle en h\u0131zl\u0131 \u015fekilde bulu\u015fturabilmek i\u00e7in Hepsiburada'n\u0131n lojistik i\u015ftiraki Hepsijet'in hizmetlerinden de faydalanabilecekleri bilgisi verilirken, finansal ve lojistik desteklerin yan\u0131 s\u0131ra Hepsiburada'n\u0131n online ve offline pazarlama faaliyetlerinde kendilerine yer bulacaklar\u0131 aktar\u0131ld\u0131.\nHepsiburada'n\u0131n, BMD \u00fcyesi markalara e-ihracat hizmeti de sunaca\u011f\u0131 da belirtildi.\nBu kapsamda, yurtd\u0131\u015f\u0131 pazarlara \u00fcr\u00fcn sat\u0131\u015f\u0131n\u0131 kolayla\u015ft\u0131rmak i\u00e7in \u00fcr\u00fcn geli\u015ftirilmesi, \u00fcr\u00fcnlerin e-ticaret platformunda do\u011fru konumland\u0131r\u0131lmas\u0131, pazarlama faaliyetleri, lojistik ve g\u00fcmr\u00fck hizmetleri, yerel dil deste\u011fi, yerel tahsilat ve \u00f6deme \u00e7\u00f6z\u00fcmleri dahil bir\u00e7ok konuda altyap\u0131 deste\u011fi sunulaca\u011f\u0131 kaydedildi.\nHepsiburada Ticari Grup Ba\u015fkan\u0131 Mutlu Erturan dayan\u0131\u015fma hareketiyle ilgili, \"Perakende Dayan\u0131\u015fma Hareketi'yle markalar kazanacak, ekonomi canlanacak, m\u00fc\u015fteriler her t\u00fcrl\u00fc giyim ihtiya\u00e7lar\u0131na uygun fiyatlarla evlerinin konforunda ula\u015facak\" dedi.\nBMD Ba\u015fkan\u0131 Sinan \u00d6ncel ise, \"Hedefimiz daima, kazan-kazan modeli \u00fczerine in\u015fa etti\u011fimiz yap\u0131c\u0131 i\u015f modelimizle perakendeyle el ele b\u00fcy\u00fcmek.\nBu sebeple Hepsiburada ile ba\u015flatt\u0131\u011f\u0131m\u0131z bu i\u015f birli\u011fini \u00e7ok \u00f6nemsiyoruz.\nProje orta\u011f\u0131m\u0131z Hepsiburada teknoloji, ticaret, pazarlama, lojistik ve ihracat g\u00fcc\u00fcyle haz\u0131r giyim markalar\u0131n\u0131n yan\u0131nday\u0131z.\nBu zorlu s\u00fcreci hep birlikte a\u015faca\u011f\u0131z\" dedi.\nKORONAV\u0130R\u00dcS SON DAK\u0130KA HABERLER\u0130 \u0130\u00c7\u0130N TIKLAYINIZ!",
    "article_html": "",
    "meta_description": "E-ticaret platformu Hepsiburada, COVID-19 salg\u0131n\u0131 nedeniyle t\u00fcketicilere ula\u015fmakta zorluk \u00e7eken haz\u0131r giyim markalar\u0131na y\u00f6nelik bir proje ba\u015flatt\u0131\u011f\u0131n\u0131 duyurdu. Birle\u015fmi\u015f Markalar Derne\u011fi (BMD) ile birlikte \"Perakende Dayan\u0131\u015fma Hareketi\"ni ba\u015flatan Hepsiburada'n\u0131n, platformda yer alan haz\u0131r giyim markalar\u0131na finansal deste\u011fin yan\u0131 s\u0131ra pazarlama, lojistik ve e-ihracat deste\u011fi de verece\u011fi bildirildi",
    "meta_lang": "tr"
}