{
    "article_id": "4e722060930ee471a81fa7d15de5ae58.1589925889.9429905",
    "title": "Bo\u011fazi\u00e7i Ventures\u2019ta \u00fcst d\u00fczey atama",
    "authors": [
        "Isvalid",
        "Yazarlar",
        "Data",
        "Name",
        "Mail",
        "Title",
        "Di\u0307\u011fer Yazarlar"
    ],
    "canonical_link": "https://www.haberturk.com/bogazici-venturesta-ust-duzey-atama-haberler-2683740-ekonomi",
    "url": "http://haberturk.com/bogazici-venturesta-ust-duzey-atama-haberler-2683740-ekonomi",
    "top_img": "https://im.haberturk.com/2020/05/18/ver1589814099/2683740_1200x627.jpg",
    "meta_img": "https://im.haberturk.com/2020/05/18/ver1589814099/2683740_1200x627.jpg",
    "movies": [],
    "text": "HABERTURK.COM\n\nTeknoloji giri\u015fimlerini desteklemek, yerli teknoloji \u015firketlerine yat\u0131r\u0131mlar yapmak \u00fczere kurulan Bo\u011fazi\u00e7i Ventures\u2019\u0131n Y\u00f6netim Kurulu Ba\u015fkan\u0131, i\u015f d\u00fcnyas\u0131n\u0131n deneyimli \u00fcst d\u00fczey y\u00f6netici isimlerinden Agah U\u011fur oldu. Agah U\u011fur ayn\u0131 zamanda Bo\u011fazi\u00e7i Ventures yat\u0131r\u0131mc\u0131lar\u0131ndan biri olarak \u015firketin ortaklar\u0131 aras\u0131na kat\u0131ld\u0131.\n\n\u0130ngiliz Erkek Lisesi ve Birmingham \u00dcniversitesi End\u00fcstri M\u00fchendisli\u011fi\u2019nden mezun olan Agah U\u011fur, profesyonel hayat\u0131na uluslararas\u0131 denetim ve dan\u0131\u015fmanl\u0131k firmas\u0131 Touche Ross\u2019un (\u015fimdiki ad\u0131yla Deloitte) Birmingham, Londra ve Jersey ofislerinde ba\u015flad\u0131. T\u00fcrkiye\u2019de ise Arthur Andersen ve Emlak Bankas\u0131\u2019nda \u00e7al\u0131\u015ft\u0131ktan sonra 1989 y\u0131l\u0131nda Borusan Holding\u2019de Mali \u0130\u015fler Ba\u015fkan\u0131 (Chief Financial Officer) olarak g\u00f6reve ba\u015flad\u0131.\n\n1995 y\u0131l\u0131nda Borusan Holding Genel M\u00fcd\u00fcrl\u00fc\u011f\u00fc g\u00f6revini \u00fcstlenmi\u015f, ard\u0131ndan 2001\u20132018 y\u0131llar\u0131 aras\u0131nda Borusan Grubu\u2019nun CEO\u2019luk g\u00f6revini y\u00fcr\u00fctm\u00fc\u015ft\u00fcr. Agah U\u011fur halen Borusan Holding y\u00f6netim Kurulu \u00fcyesi olarak \u00e7al\u0131\u015fmalar\u0131n\u0131 s\u00fcrd\u00fcr\u00fcyor. Ayr\u0131ca Pegasus Havayollar\u0131 ve Do\u011fan Holding A.\u015e. Y\u00f6netim Kurulu \u00dcyesi olarak \u00e7al\u0131\u015fmaktad\u0131r.\n\nAgah U\u011fur, profesyonel kariyerini noktalad\u0131ktan sonra yerli ve yabanc\u0131 teknoloji giri\u015fimlerine yat\u0131r\u0131m yapmaya ba\u015flad\u0131. Agah U\u011fur evli ve iki k\u0131z \u00e7ocuk babas\u0131d\u0131r.\n\nKORONAV\u0130R\u00dcS SON DAK\u0130KA HABERLER\u0130 \u0130\u00c7\u0130N TIKLAYINIZ!",
    "keywords": [
        "u\u011fur",
        "borusan",
        "y\u0131l\u0131nda",
        "holding",
        "bo\u011fazi\u00e7i",
        "olarak",
        "\u00fcyesi",
        "atama",
        "y\u00f6netim",
        "venturesta",
        "kurulu",
        "ve",
        "\u00fcst",
        "agah",
        "d\u00fczey"
    ],
    "meta_keywords": [
        ""
    ],
    "publish_date": {
        "$date": 1589814099000
    },
    "summary": "HABERTURK.COMTeknoloji giri\u015fimlerini desteklemek, yerli teknoloji \u015firketlerine yat\u0131r\u0131mlar yapmak \u00fczere kurulan Bo\u011fazi\u00e7i Ventures\u2019\u0131n Y\u00f6netim Kurulu Ba\u015fkan\u0131, i\u015f d\u00fcnyas\u0131n\u0131n deneyimli \u00fcst d\u00fczey y\u00f6netici isimlerinden Agah U\u011fur oldu.\nAgah U\u011fur ayn\u0131 zamanda Bo\u011fazi\u00e7i Ventures yat\u0131r\u0131mc\u0131lar\u0131ndan biri olarak \u015firketin ortaklar\u0131 aras\u0131na kat\u0131ld\u0131.\n\u0130ngiliz Erkek Lisesi ve Birmingham \u00dcniversitesi End\u00fcstri M\u00fchendisli\u011fi\u2019nden mezun olan Agah U\u011fur, profesyonel hayat\u0131na uluslararas\u0131 denetim ve dan\u0131\u015fmanl\u0131k firmas\u0131 Touche Ross\u2019un (\u015fimdiki ad\u0131yla Deloitte) Birmingham, Londra ve Jersey ofislerinde ba\u015flad\u0131.\nT\u00fcrkiye\u2019de ise Arthur Andersen ve Emlak Bankas\u0131\u2019nda \u00e7al\u0131\u015ft\u0131ktan sonra 1989 y\u0131l\u0131nda Borusan Holding\u2019de Mali \u0130\u015fler Ba\u015fkan\u0131 (Chief Financial Officer) olarak g\u00f6reve ba\u015flad\u0131.\n1995 y\u0131l\u0131nda Borusan Holding Genel M\u00fcd\u00fcrl\u00fc\u011f\u00fc g\u00f6revini \u00fcstlenmi\u015f, ard\u0131ndan 2001\u20132018 y\u0131llar\u0131 aras\u0131nda Borusan Grubu\u2019nun CEO\u2019luk g\u00f6revini y\u00fcr\u00fctm\u00fc\u015ft\u00fcr.\nAgah U\u011fur halen Borusan Holding y\u00f6netim Kurulu \u00fcyesi olarak \u00e7al\u0131\u015fmalar\u0131n\u0131 s\u00fcrd\u00fcr\u00fcyor.\nAyr\u0131ca Pegasus Havayollar\u0131 ve Do\u011fan Holding A.\u015e.\nY\u00f6netim Kurulu \u00dcyesi olarak \u00e7al\u0131\u015fmaktad\u0131r.\nAgah U\u011fur, profesyonel kariyerini noktalad\u0131ktan sonra yerli ve yabanc\u0131 teknoloji giri\u015fimlerine yat\u0131r\u0131m yapmaya ba\u015flad\u0131.\nAgah U\u011fur evli ve iki k\u0131z \u00e7ocuk babas\u0131d\u0131r.\nKORONAV\u0130R\u00dcS SON DAK\u0130KA HABERLER\u0130 \u0130\u00c7\u0130N TIKLAYINIZ!",
    "article_html": "",
    "meta_description": "Bo\u011fazi\u00e7i Ventures\u2019\u0131n Y\u00f6netim Kurulu Ba\u015fkan\u0131, i\u015f d\u00fcnyas\u0131n\u0131n deneyimli \u00fcst d\u00fczey y\u00f6netici isimlerinden Agah U\u011fur oldu. Agah U\u011fur'un, teknoloji giri\u015fimlerini desteklemek, yerli teknoloji \u015firketlerine yat\u0131r\u0131mlar yapmak \u00fczere kurulan Bo\u011fazi\u00e7i Ventures'\u0131n yat\u0131r\u0131mc\u0131lar\u0131ndan biri olarak \u015firketin ortaklar\u0131 aras\u0131na kat\u0131ld\u0131\u011f\u0131 da a\u00e7\u0131kland\u0131",
    "meta_lang": "tr"
}