{
    "article_id": "baf38471f504ed093d4fb8a1f3a7b806.1589925890.488698",
    "title": "Merkez Bankas\u0131 2019'a ili\u015fkin Y\u0131ll\u0131k Faaliyet Raporu'nu yay\u0131mlad\u0131",
    "authors": [
        "Isvalid",
        "Yazarlar",
        "Data",
        "Name",
        "Mail",
        "Title",
        "Di\u0307\u011fer Yazarlar"
    ],
    "canonical_link": "https://www.haberturk.com/merkez-bankasi-2019-a-iliskin-yillik-faaliyet-raporu-nu-yayimladi-2683728-ekonomi",
    "url": "http://haberturk.com/merkez-bankasi-2019-a-iliskin-yillik-faaliyet-raporu-nu-yayimladi-2683728-ekonomi",
    "top_img": "https://im.haberturk.com/2020/05/18/ver1589817452/2683728_1200x627.jpg",
    "meta_img": "https://im.haberturk.com/2020/05/18/ver1589817452/2683728_1200x627.jpg",
    "movies": [],
    "text": "AA\n\nT\u00fcrkiye Cumhuriyet Merkez Bankas\u0131 (TCMB) Ba\u015fkan\u0131 Murat Uysal, Yeni Ekonomik Program\u0131n olu\u015fturulmas\u0131 s\u00fcrecinde h\u00fckumet ile var\u0131lan mutabakatla uyumlu olarak 2020-2022 d\u00f6nemi i\u00e7in enflasyonun 2022'ye do\u011fru y\u00fczde 5 d\u00fczeyine yak\u0131nsamas\u0131n\u0131n hedeflendi\u011fini belirterek, bankan\u0131n bu hedefe ula\u015fmak i\u00e7in elindeki t\u00fcm politika ara\u00e7lar\u0131n\u0131 etkin \u015fekilde kullanmaya devam edece\u011fini vurgulad\u0131.\n\nTCMB'nin 2019'a ili\u015fkin y\u0131ll\u0131k faaliyet raporu, bankan\u0131n resmi sitesinde yay\u0131mland\u0131.\n\n\"Genel Bilgiler\", \"Faaliyetler ve \u00d6nemli Geli\u015fmeler\" ve \"Finansal Tablolar\" olmak \u00fczere 3 b\u00f6l\u00fcmden olu\u015fan raporda, Ba\u015fkan Uysal da \u00f6ns\u00f6z kaleme ald\u0131.\n\nUysal, iktisadi faaliyetin 2018'in ikinci yar\u0131s\u0131ndaki yava\u015flaman\u0131n ard\u0131ndan, 2019'da politika ad\u0131mlar\u0131n\u0131n ve al\u0131nan tedbirlerin deste\u011fiyle y\u0131l\u0131n ilk \u00e7eyre\u011finden ba\u015flayarak \u0131l\u0131ml\u0131 bir toparlanma e\u011filimine girdi\u011fini belirterek, d\u0131\u015f talepteki yava\u015flamaya ra\u011fmen rekabet g\u00fcc\u00fc kazan\u0131mlar\u0131yla mal ve hizmet ihracat\u0131n\u0131n g\u00fcc\u00fcn\u00fc koruyarak b\u00fcy\u00fcmeyi desteklemeye devam etti\u011fini kaydetti.\n\nDi\u011fer taraftan, yurt i\u00e7i talebin \u0131l\u0131ml\u0131 seyri ve reel kur seviyesinin ithalat\u0131 s\u0131n\u0131rlad\u0131\u011f\u0131na i\u015faret eden Uysal, \"Bu g\u00f6r\u00fcn\u00fcm alt\u0131nda cari i\u015flemler dengesi belirgin bir iyile\u015fme kaydederek 2002'den itibaren ilk kez pozitif de\u011fer alm\u0131\u015ft\u0131r. B\u00f6ylelikle d\u0131\u015f finansman ihtiyac\u0131 azal\u0131rken, reel kesim bor\u00e7 eritme s\u00fcrecine girmi\u015ftir. TCMB de fiyat istikrar\u0131n\u0131 sa\u011flama ve finansal istikrar\u0131 destekleme ama\u00e7lar\u0131 do\u011frultusunda politika ara\u00e7lar\u0131n\u0131 uygun bir kompozisyonla ve \u00f6ng\u00f6r\u00fclebilirli\u011fi destekleyecek \u015fekilde kullanarak bu s\u00fcrece katk\u0131da bulunmu\u015ftur.\" de\u011ferlendirmelerini yapt\u0131.\n\nUysal, d\u00f6viz kuru geli\u015fmeleri ve fiyatlama davran\u0131\u015flar\u0131ndaki bozulmaya ba\u011fl\u0131 olarak 2018 sonunda y\u00fczde 20,3 d\u00fczeyinde ger\u00e7ekle\u015fen t\u00fcketici enflasyonunun, uygulanan politikalar sonucunda ge\u00e7en y\u0131l 8,5 puan gerileyerek 2019'u y\u00fczde 11,8 d\u00fczeyinde tamamlad\u0131\u011f\u0131n\u0131 an\u0131msatarak, \u015funlar\u0131 ifade etti:\n\n\"2019'da T\u00fcrk liras\u0131ndaki de\u011fer kayb\u0131n\u0131n birikimli etkilerinin zay\u0131flamas\u0131 enflasyona d\u00fc\u015f\u00fc\u015f y\u00f6nl\u00fc en b\u00fcy\u00fck katk\u0131y\u0131 verirken, \u0131l\u0131ml\u0131 seyreden talep ko\u015fullar\u0131 ve ithalat fiyatlar\u0131 da enflasyondaki d\u00fc\u015f\u00fc\u015f\u00fc desteklemi\u015ftir. Di\u011fer taraftan, reel birim i\u015f g\u00fcc\u00fc maliyetleri ile vergi ve y\u00f6netilen fiyat ayarlamalar\u0131n\u0131n 2019 y\u0131l\u0131 enflasyonundaki d\u00fc\u015f\u00fc\u015f\u00fc s\u0131n\u0131rlad\u0131\u011f\u0131 g\u00f6r\u00fclm\u00fc\u015ft\u00fcr. Y\u0131l boyunca enflasyon beklentileri ve fiyatlama davran\u0131\u015flar\u0131nda g\u00f6zlenen iyile\u015fmeye ba\u011fl\u0131 olarak enflasyonun ana e\u011filiminde de kayda de\u011fer bir iyile\u015fme g\u00f6zlenmi\u015ftir.\n\n2019'da politika duru\u015fu, enflasyondaki d\u00fc\u015f\u00fc\u015f s\u00fcrecinin devam\u0131n\u0131 sa\u011flayacak \u015fekilde belirlenirken, finansal istikrara y\u00f6nelik makro ihtiyati ara\u00e7lar da etkin bir \u015fekilde kullan\u0131lm\u0131\u015ft\u0131r. Enflasyonu d\u00fc\u015f\u00fcrmeye odakl\u0131 s\u0131k\u0131 para politikas\u0131 duru\u015fu ile g\u00fc\u00e7l\u00fc politika koordinasyonu neticesinde T\u00fcrk liras\u0131nda istikrar sa\u011flanm\u0131\u015ft\u0131r. B\u00f6ylelikle, birikimli d\u00f6viz kuru etkilerinin azalmas\u0131 ve i\u00e7 talebin \u0131l\u0131ml\u0131 seyri ile enflasyon dinamiklerinde belirgin bir iyile\u015fme sa\u011flanm\u0131\u015ft\u0131r. Enflasyon g\u00f6r\u00fcn\u00fcm\u00fcndeki iyile\u015fmeyle birlikte Temmuz ay\u0131ndan ba\u015flayarak politika faizi 2019 y\u0131l\u0131 sonunda y\u00fczde 12 seviyesine d\u00fc\u015f\u00fcr\u00fclm\u00fc\u015ft\u00fcr.\"\n\n\"TCMB, EKONOM\u0130N\u0130N DENGEL\u0130 VE S\u00dcRD\u00dcR\u00dcLEB\u0130L\u0130R B\u00dcY\u00dcME S\u00dcREC\u0130N\u0130 DESTEKLEMEKTED\u0130R\"\n\nMurat Uysal, TCMB'nin finansal istikrar\u0131 desteklemek amac\u0131yla 2019'da politika faizi ve likidite politikalar\u0131 d\u0131\u015f\u0131nda sahip oldu\u011fu ara\u00e7 setini geni\u015fleterek kullanmay\u0131 s\u00fcrd\u00fcrd\u00fc\u011f\u00fcn\u00fc vurgulad\u0131.\n\nBu kapsamda, zorunlu kar\u015f\u0131l\u0131klar\u0131n temel politika arac\u0131n\u0131n yan\u0131nda finansal istikrar\u0131 destekleyici, d\u00f6ng\u00fc kar\u015f\u0131t\u0131 makro ihtiyati bir ara\u00e7 olarak daha esnek ve etkin kullan\u0131lmas\u0131na y\u00f6nelik d\u00fczenlemeler yap\u0131ld\u0131\u011f\u0131n\u0131 aktaran Uysal, 2019'da uygulanan politikalar\u0131n etkinli\u011fini g\u00fc\u00e7lendirerek fiyat ve finansal istikrara y\u00f6nelik fark\u0131ndal\u0131\u011f\u0131 art\u0131rmak amac\u0131yla bankan\u0131n ileti\u015fim kanallar\u0131n\u0131 aktif \u015fekilde kullanmaya devam etti\u011fini belirtti.\n\nUysal, ba\u015fta TCMB'nin genel a\u011f sitesi olmak \u00fczere t\u00fcm platformlar\u0131n ileti\u015fim politikas\u0131 kapsam\u0131nda etkin kullan\u0131ld\u0131\u011f\u0131na dikkati \u00e7ekerek, \u015fu ifadeleri kulland\u0131:\n\n\"Ayr\u0131ca, hem sekt\u00f6r temsilcileriyle hem de yerli ve yabanc\u0131 yat\u0131r\u0131mc\u0131 ve analistlerle d\u00fczenli olarak g\u00f6r\u00fc\u015fmeler ger\u00e7ekle\u015ftirilerek uygulanan politikalar\u0131n daha geni\u015f kesimlere ula\u015ft\u0131r\u0131lmas\u0131 sa\u011flanm\u0131\u015ft\u0131r. Kanunla kendisine verilen g\u00f6revler \u00e7er\u00e7evesinde fiyat istikrar\u0131n\u0131 sa\u011flayarak ve finansal istikrar\u0131 destekleyerek toplumsal refaha katk\u0131 sa\u011flama misyonuyla hareket eden TCMB, ba\u011f\u0131ms\u0131zl\u0131\u011f\u0131, g\u00fcvenilirli\u011fi, g\u00fc\u00e7l\u00fc organizasyon yap\u0131s\u0131, yetkin insan kayna\u011f\u0131, yenilik\u00e7i yakla\u015f\u0131m\u0131, etkin ileti\u015fimi ve \u00fcst\u00fcn teknolojik altyap\u0131s\u0131yla d\u00fcnyan\u0131n \u00f6nde gelen merkez bankalar\u0131 aras\u0131nda yer alma vizyonuyla T\u00fcrkiye ekonomisinin dengeli ve s\u00fcrd\u00fcr\u00fclebilir b\u00fcy\u00fcme s\u00fcrecini desteklemektedir. Yeni Ekonomik Program\u0131n olu\u015fturulmas\u0131 s\u00fcrecinde H\u00fck\u00fcmet ile var\u0131lan mutabakatla uyumlu olarak, 2020-2022 d\u00f6nemi i\u00e7in enflasyonun 2022\u2019ye do\u011fru y\u00fczde 5 d\u00fczeyine yak\u0131nsamas\u0131 hedeflenmektedir. Bu do\u011frultuda TCMB, bu hedefe ula\u015fmak i\u00e7in elindeki t\u00fcm politika ara\u00e7lar\u0131n\u0131 etkin \u015fekilde kullanmaya devam edecektir.\"\n\nBANKANIN \u00c7ALI\u015eAN SAYISI GE\u00c7EN YIL 3 B\u0130N 874 OLDU\n\nBu arada raporda verilen bilgilere g\u00f6re, TCMB'nin ge\u00e7en y\u0131l itibar\u0131yla \u00e7al\u0131\u015fan say\u0131s\u0131 3 bin 874 oldu.\n\nGe\u00e7en y\u0131l emisyon hacmi 153,4 milyar lira, dola\u015f\u0131mdaki banknot say\u0131s\u0131 2,1 milyar d\u00fczeyinde ger\u00e7ekle\u015firken, alt\u0131n mevcutlar\u0131 556 ton ve alt\u0131n varl\u0131klar\u0131n\u0131n rezervler i\u00e7indeki pay\u0131 y\u00fczde 25,7 d\u00fczeyinde ger\u00e7ekle\u015fti.\n\nTCMB \u00f6deme sistemlerinden ge\u00e7en y\u0131l toplam 73 trilyon liral\u0131k \u00f6deme yap\u0131ld\u0131. Bu d\u00f6nemde 1 adet mutabakat zapt\u0131 imzaland\u0131. Reel sekt\u00f6r \u00e7al\u0131\u015fmalar\u0131 kapsam\u0131nda ise 1919 firmayla g\u00f6r\u00fc\u015f\u00fcld\u00fc. Bankan\u0131n 52 bas\u0131n duyurusu yay\u0131mlad\u0131\u011f\u0131 2019'da, 418 yat\u0131r\u0131mc\u0131, analist ve ekonomistle toplant\u0131 yap\u0131ld\u0131. Merkezin G\u00fcncesi'nde yay\u0131nlanan yeni analiz say\u0131s\u0131 ise 19 oldu.\n\nAyn\u0131 d\u00f6nemde, \u00dcniversite Bulu\u015fmalar\u0131'na 1500 \u00f6\u011frenci kat\u0131l\u0131rken, e\u011fitim bursundan 112 \u00f6\u011frenci yararland\u0131 ve banka tan\u0131t\u0131m\u0131/staj programlar\u0131na 559 \u00f6\u011frenci i\u015ftirak etti.\n\nRaporun finansal tablolar\u0131na g\u00f6re ise TCMB'nin 2018 sonunda 56 milyar 279 milyon 555 bin 434 lira olan net d\u00f6nem kar\u0131, 2019 itibar\u0131yla 44 milyar 732 milyon 806 bin 743 lira d\u00fczeyinde ger\u00e7ekle\u015fti.",
    "keywords": [
        "faaliyet",
        "finansal",
        "raporunu",
        "y\u00fczde",
        "y\u0131ll\u0131k",
        "merkez",
        "bir",
        "ili\u015fkin",
        "olarak",
        "yay\u0131mlad\u0131",
        "2019a",
        "ve",
        "\u015fekilde",
        "etkin",
        "politika",
        "y\u0131l",
        "bankas\u0131",
        "bu"
    ],
    "meta_keywords": [
        ""
    ],
    "publish_date": {
        "$date": 1589817452000
    },
    "summary": "AAT\u00fcrkiye Cumhuriyet Merkez Bankas\u0131 (TCMB) Ba\u015fkan\u0131 Murat Uysal, Yeni Ekonomik Program\u0131n olu\u015fturulmas\u0131 s\u00fcrecinde h\u00fckumet ile var\u0131lan mutabakatla uyumlu olarak 2020-2022 d\u00f6nemi i\u00e7in enflasyonun 2022'ye do\u011fru y\u00fczde 5 d\u00fczeyine yak\u0131nsamas\u0131n\u0131n hedeflendi\u011fini belirterek, bankan\u0131n bu hedefe ula\u015fmak i\u00e7in elindeki t\u00fcm politika ara\u00e7lar\u0131n\u0131 etkin \u015fekilde kullanmaya devam edece\u011fini vurgulad\u0131.\nTCMB'nin 2019'a ili\u015fkin y\u0131ll\u0131k faaliyet raporu, bankan\u0131n resmi sitesinde yay\u0131mland\u0131.\n\"Genel Bilgiler\", \"Faaliyetler ve \u00d6nemli Geli\u015fmeler\" ve \"Finansal Tablolar\" olmak \u00fczere 3 b\u00f6l\u00fcmden olu\u015fan raporda, Ba\u015fkan Uysal da \u00f6ns\u00f6z kaleme ald\u0131.\nUysal, iktisadi faaliyetin 2018'in ikinci yar\u0131s\u0131ndaki yava\u015flaman\u0131n ard\u0131ndan, 2019'da politika ad\u0131mlar\u0131n\u0131n ve al\u0131nan tedbirlerin deste\u011fiyle y\u0131l\u0131n ilk \u00e7eyre\u011finden ba\u015flayarak \u0131l\u0131ml\u0131 bir toparlanma e\u011filimine girdi\u011fini belirterek, d\u0131\u015f talepteki yava\u015flamaya ra\u011fmen rekabet g\u00fcc\u00fc kazan\u0131mlar\u0131yla mal ve hizmet ihracat\u0131n\u0131n g\u00fcc\u00fcn\u00fc koruyarak b\u00fcy\u00fcmeyi desteklemeye devam etti\u011fini kaydetti.\nDi\u011fer taraftan, yurt i\u00e7i talebin \u0131l\u0131ml\u0131 seyri ve reel kur seviyesinin ithalat\u0131 s\u0131n\u0131rlad\u0131\u011f\u0131na i\u015faret eden Uysal, \"Bu g\u00f6r\u00fcn\u00fcm alt\u0131nda cari i\u015flemler dengesi belirgin bir iyile\u015fme kaydederek 2002'den itibaren ilk kez pozitif de\u011fer alm\u0131\u015ft\u0131r.\nB\u00f6ylelikle d\u0131\u015f finansman ihtiyac\u0131 azal\u0131rken, reel kesim bor\u00e7 eritme s\u00fcrecine girmi\u015ftir.\nTCMB de fiyat istikrar\u0131n\u0131 sa\u011flama ve finansal istikrar\u0131 destekleme ama\u00e7lar\u0131 do\u011frultusunda politika ara\u00e7lar\u0131n\u0131 uygun bir kompozisyonla ve \u00f6ng\u00f6r\u00fclebilirli\u011fi destekleyecek \u015fekilde kullanarak bu s\u00fcrece katk\u0131da bulunmu\u015ftur.\"\nde\u011ferlendirmelerini yapt\u0131.\nUysal, d\u00f6viz kuru geli\u015fmeleri ve fiyatlama davran\u0131\u015flar\u0131ndaki bozulmaya ba\u011fl\u0131 olarak 2018 sonunda y\u00fczde 20,3 d\u00fczeyinde ger\u00e7ekle\u015fen t\u00fcketici enflasyonunun, uygulanan politikalar sonucunda ge\u00e7en y\u0131l 8,5 puan gerileyerek 2019'u y\u00fczde 11,8 d\u00fczeyinde tamamlad\u0131\u011f\u0131n\u0131 an\u0131msatarak, \u015funlar\u0131 ifade etti:\"2019'da T\u00fcrk liras\u0131ndaki de\u011fer kayb\u0131n\u0131n birikimli etkilerinin zay\u0131flamas\u0131 enflasyona d\u00fc\u015f\u00fc\u015f y\u00f6nl\u00fc en b\u00fcy\u00fck katk\u0131y\u0131 verirken, \u0131l\u0131ml\u0131 seyreden talep ko\u015fullar\u0131 ve ithalat fiyatlar\u0131 da enflasyondaki d\u00fc\u015f\u00fc\u015f\u00fc desteklemi\u015ftir.\nDi\u011fer taraftan, reel birim i\u015f g\u00fcc\u00fc maliyetleri ile vergi ve y\u00f6netilen fiyat ayarlamalar\u0131n\u0131n 2019 y\u0131l\u0131 enflasyonundaki d\u00fc\u015f\u00fc\u015f\u00fc s\u0131n\u0131rlad\u0131\u011f\u0131 g\u00f6r\u00fclm\u00fc\u015ft\u00fcr.\nY\u0131l boyunca enflasyon beklentileri ve fiyatlama davran\u0131\u015flar\u0131nda g\u00f6zlenen iyile\u015fmeye ba\u011fl\u0131 olarak enflasyonun ana e\u011filiminde de kayda de\u011fer bir iyile\u015fme g\u00f6zlenmi\u015ftir.\n2019'da politika duru\u015fu, enflasyondaki d\u00fc\u015f\u00fc\u015f s\u00fcrecinin devam\u0131n\u0131 sa\u011flayacak \u015fekilde belirlenirken, finansal istikrara y\u00f6nelik makro ihtiyati ara\u00e7lar da etkin bir \u015fekilde kullan\u0131lm\u0131\u015ft\u0131r.\nEnflasyonu d\u00fc\u015f\u00fcrmeye odakl\u0131 s\u0131k\u0131 para politikas\u0131 duru\u015fu ile g\u00fc\u00e7l\u00fc politika koordinasyonu neticesinde T\u00fcrk liras\u0131nda istikrar sa\u011flanm\u0131\u015ft\u0131r.\nB\u00f6ylelikle, birikimli d\u00f6viz kuru etkilerinin azalmas\u0131 ve i\u00e7 talebin \u0131l\u0131ml\u0131 seyri ile enflasyon dinamiklerinde belirgin bir iyile\u015fme sa\u011flanm\u0131\u015ft\u0131r.\nEnflasyon g\u00f6r\u00fcn\u00fcm\u00fcndeki iyile\u015fmeyle birlikte Temmuz ay\u0131ndan ba\u015flayarak politika faizi 2019 y\u0131l\u0131 sonunda y\u00fczde 12 seviyesine d\u00fc\u015f\u00fcr\u00fclm\u00fc\u015ft\u00fcr.\"\n\"TCMB, EKONOM\u0130N\u0130N DENGEL\u0130 VE S\u00dcRD\u00dcR\u00dcLEB\u0130L\u0130R B\u00dcY\u00dcME S\u00dcREC\u0130N\u0130 DESTEKLEMEKTED\u0130R\"Murat Uysal, TCMB'nin finansal istikrar\u0131 desteklemek amac\u0131yla 2019'da politika faizi ve likidite politikalar\u0131 d\u0131\u015f\u0131nda sahip oldu\u011fu ara\u00e7 setini geni\u015fleterek kullanmay\u0131 s\u00fcrd\u00fcrd\u00fc\u011f\u00fcn\u00fc vurgulad\u0131.\nBu kapsamda, zorunlu kar\u015f\u0131l\u0131klar\u0131n temel politika arac\u0131n\u0131n yan\u0131nda finansal istikrar\u0131 destekleyici, d\u00f6ng\u00fc kar\u015f\u0131t\u0131 makro ihtiyati bir ara\u00e7 olarak daha esnek ve etkin kullan\u0131lmas\u0131na y\u00f6nelik d\u00fczenlemeler yap\u0131ld\u0131\u011f\u0131n\u0131 aktaran Uysal, 2019'da uygulanan politikalar\u0131n etkinli\u011fini g\u00fc\u00e7lendirerek fiyat ve finansal istikrara y\u00f6nelik fark\u0131ndal\u0131\u011f\u0131 art\u0131rmak amac\u0131yla bankan\u0131n ileti\u015fim kanallar\u0131n\u0131 aktif \u015fekilde kullanmaya devam etti\u011fini belirtti.\nUysal, ba\u015fta TCMB'nin genel a\u011f sitesi olmak \u00fczere t\u00fcm platformlar\u0131n ileti\u015fim politikas\u0131 kapsam\u0131nda etkin kullan\u0131ld\u0131\u011f\u0131na dikkati \u00e7ekerek, \u015fu ifadeleri kulland\u0131:\"Ayr\u0131ca, hem sekt\u00f6r temsilcileriyle hem de yerli ve yabanc\u0131 yat\u0131r\u0131mc\u0131 ve analistlerle d\u00fczenli olarak g\u00f6r\u00fc\u015fmeler ger\u00e7ekle\u015ftirilerek uygulanan politikalar\u0131n daha geni\u015f kesimlere ula\u015ft\u0131r\u0131lmas\u0131 sa\u011flanm\u0131\u015ft\u0131r.\nKanunla kendisine verilen g\u00f6revler \u00e7er\u00e7evesinde fiyat istikrar\u0131n\u0131 sa\u011flayarak ve finansal istikrar\u0131 destekleyerek toplumsal refaha katk\u0131 sa\u011flama misyonuyla hareket eden TCMB, ba\u011f\u0131ms\u0131zl\u0131\u011f\u0131, g\u00fcvenilirli\u011fi, g\u00fc\u00e7l\u00fc organizasyon yap\u0131s\u0131, yetkin insan kayna\u011f\u0131, yenilik\u00e7i yakla\u015f\u0131m\u0131, etkin ileti\u015fimi ve \u00fcst\u00fcn teknolojik altyap\u0131s\u0131yla d\u00fcnyan\u0131n \u00f6nde gelen merkez bankalar\u0131 aras\u0131nda yer alma vizyonuyla T\u00fcrkiye ekonomisinin dengeli ve s\u00fcrd\u00fcr\u00fclebilir b\u00fcy\u00fcme s\u00fcrecini desteklemektedir.\nYeni Ekonomik Program\u0131n olu\u015fturulmas\u0131 s\u00fcrecinde H\u00fck\u00fcmet ile var\u0131lan mutabakatla uyumlu olarak, 2020-2022 d\u00f6nemi i\u00e7in enflasyonun 2022\u2019ye do\u011fru y\u00fczde 5 d\u00fczeyine yak\u0131nsamas\u0131 hedeflenmektedir.\nBu do\u011frultuda TCMB, bu hedefe ula\u015fmak i\u00e7in elindeki t\u00fcm politika ara\u00e7lar\u0131n\u0131 etkin \u015fekilde kullanmaya devam edecektir.\"\nBANKANIN \u00c7ALI\u015eAN SAYISI GE\u00c7EN YIL 3 B\u0130N 874 OLDUBu arada raporda verilen bilgilere g\u00f6re, TCMB'nin ge\u00e7en y\u0131l itibar\u0131yla \u00e7al\u0131\u015fan say\u0131s\u0131 3 bin 874 oldu.\nGe\u00e7en y\u0131l emisyon hacmi 153,4 milyar lira, dola\u015f\u0131mdaki banknot say\u0131s\u0131 2,1 milyar d\u00fczeyinde ger\u00e7ekle\u015firken, alt\u0131n mevcutlar\u0131 556 ton ve alt\u0131n varl\u0131klar\u0131n\u0131n rezervler i\u00e7indeki pay\u0131 y\u00fczde 25,7 d\u00fczeyinde ger\u00e7ekle\u015fti.\nTCMB \u00f6deme sistemlerinden ge\u00e7en y\u0131l toplam 73 trilyon liral\u0131k \u00f6deme yap\u0131ld\u0131.\nBu d\u00f6nemde 1 adet mutabakat zapt\u0131 imzaland\u0131.\nReel sekt\u00f6r \u00e7al\u0131\u015fmalar\u0131 kapsam\u0131nda ise 1919 firmayla g\u00f6r\u00fc\u015f\u00fcld\u00fc.\nBankan\u0131n 52 bas\u0131n duyurusu yay\u0131mlad\u0131\u011f\u0131 2019'da, 418 yat\u0131r\u0131mc\u0131, analist ve ekonomistle toplant\u0131 yap\u0131ld\u0131.\nMerkezin G\u00fcncesi'nde yay\u0131nlanan yeni analiz say\u0131s\u0131 ise 19 oldu.\nAyn\u0131 d\u00f6nemde, \u00dcniversite Bulu\u015fmalar\u0131'na 1500 \u00f6\u011frenci kat\u0131l\u0131rken, e\u011fitim bursundan 112 \u00f6\u011frenci yararland\u0131 ve banka tan\u0131t\u0131m\u0131/staj programlar\u0131na 559 \u00f6\u011frenci i\u015ftirak etti.\nRaporun finansal tablolar\u0131na g\u00f6re ise TCMB'nin 2018 sonunda 56 milyar 279 milyon 555 bin 434 lira olan net d\u00f6nem kar\u0131, 2019 itibar\u0131yla 44 milyar 732 milyon 806 bin 743 lira d\u00fczeyinde ger\u00e7ekle\u015fti.",
    "article_html": "",
    "meta_description": "TCMB Ba\u015fkan\u0131 Uysal, \"Yeni Ekonomik Program\u0131n olu\u015fturulmas\u0131 s\u00fcrecinde h\u00fckumet ile var\u0131lan mutabakatla uyumlu olarak 2020-2022 d\u00f6nemi i\u00e7in enflasyonun 2022\u2019ye do\u011fru y\u00fczde 5 d\u00fczeyine yak\u0131nsamas\u0131 hedeflenmektedir.\" de\u011ferlendirmesinde bulundu",
    "meta_lang": "tr"
}