{
    "article_id": "3beb0d23ed1143ca43beace71a457ee2.1589925891.1968563",
    "title": "Avrupa'n\u0131n en genci T\u00fcrkiye",
    "authors": [
        "Isvalid",
        "Yazarlar",
        "Data",
        "Name",
        "Mail",
        "Title",
        "Di\u0307\u011fer Yazarlar"
    ],
    "canonical_link": "https://www.haberturk.com/avrupa-nin-en-genci-turkiye-2683435-ekonomi",
    "url": "http://haberturk.com/avrupa-nin-en-genci-turkiye-2683435-ekonomi",
    "top_img": "https://im.haberturk.com/2020/05/18/ver1589800009/2683435_1200x627.jpg",
    "meta_img": "https://im.haberturk.com/2020/05/18/ver1589800009/2683435_1200x627.jpg",
    "movies": [],
    "text": "AA\n\nT\u00fcrkiye 13 milyona yakla\u015fan gen\u00e7 n\u00fcfusuyla Avrupa Birli\u011fi (AB) \u00fcyesi 20 \u00fclkenin n\u00fcfusunu geride b\u0131rakt\u0131.\n\nAvrupa \u0130statistik Ofisi (Eurostat) ve T\u00fcrkiye \u0130statistik Kurumu (T\u00dc\u0130K) verilerinden derlenen bilgilere g\u00f6re, ge\u00e7en y\u0131l itibar\u0131yla 15-24 ya\u015f grubundaki gen\u00e7 n\u00fcfus 12 milyon 955 bin 672 ki\u015fi olarak hesapland\u0131. Bu, T\u00fcrkiye'nin toplam n\u00fcfusunun y\u00fczde 15,6's\u0131na kar\u015f\u0131l\u0131k geldi.\n\nT\u00fcrkiye gen\u00e7 n\u00fcfusuyla Bel\u00e7ika'dan Yunanistan'a, \u0130sve\u00e7'ten Macaristan'a AB \u00fcyesi 20 \u00fclkenin n\u00fcfusunu geride b\u0131rakt\u0131.\n\nBu y\u0131l\u0131n \u015fubat ay\u0131nda AB'den ayr\u0131lan, 7 milyon 832 bin 236 gence sahip Birle\u015fik Krall\u0131k, birli\u011fin bu gruptaki toplam n\u00fcfusunun 47 milyon 350 bin 474'e gerilemesine neden oldu. Avrupa'n\u0131n en y\u00fcksek gen\u00e7 n\u00fcfus oran\u0131na sahip 5. \u00fclkesi konumunda olan Birle\u015fik Krall\u0131k'\u0131n, birlikten ayr\u0131lmas\u0131n\u0131n ard\u0131ndan, AB'nin y\u00fczde 10,7 olan gen\u00e7 n\u00fcfus oran\u0131 y\u00fczde 10,6 geriledi.\n\nHem gen\u00e7 say\u0131s\u0131 hem de toplam n\u00fcfusa oran\u0131 a\u00e7\u0131s\u0131ndan Avrupa'n\u0131n zirvesinde yer alan T\u00fcrkiye'yi, gen\u00e7 n\u00fcfus oran\u0131 a\u00e7\u0131s\u0131ndan y\u00fczde 12,8 ile G\u00fcney K\u0131br\u0131s Rum Y\u00f6netimi, y\u00fczde 12,63 ile Danimarka, y\u00fczde 12,55 ile \u0130rlanda ve y\u00fczde 12,34 ile Hollanda izledi. Bu oran Fransa'da y\u00fczde 11,75, Almanya'da y\u00fczde 10,37 ve \u0130talya'da y\u00fczde 9,75 olarak hesapland\u0131.\n\nAB \u00fclkeleri aras\u0131nda en d\u00fc\u015f\u00fck gen\u00e7 n\u00fcfusa oran\u0131na sahip \u00fclke ise y\u00fczde 8,90 ile Bulgaristan oldu. Bu \u00fclkeyi y\u00fczde 9,07 ile \u00c7ekya, y\u00fczde 9,17 ile Letonya takip etti.\n\nAlmanya'n\u0131n AB\u2019de 15-24 ya\u015f grubunda en \u00e7ok n\u00fcfusa sahip \u00fclke oldu\u011fu g\u00f6r\u00fcld\u00fc. Bu ya\u015f grubunda 8 milyon 610 bin 749 n\u00fcfusa sahip olan Almanya'y\u0131, 7 milyon 872 bin 388 ile Fransa, 5 milyon 887 bin 386 ile \u0130talya izledi.\n\nBu y\u0131l\u0131n \u015fubat ay\u0131nda AB'den ayr\u0131lan Birle\u015fik Krall\u0131k'\u0131n bu ya\u015f grubundaki n\u00fcfusu 7 milyon 832 bin 236 olarak hesapland\u0131.\n\nAB'ye \u00fcye 27 \u00fclke ve T\u00fcrkiye'nin toplam n\u00fcfusu, gen\u00e7 n\u00fcfusu ve gen\u00e7 n\u00fcfus oranlar\u0131 \u015f\u00f6yle :",
    "keywords": [
        "avrupan\u0131n",
        "gen\u00e7",
        "sahip",
        "y\u00fczde",
        "ya\u015f",
        "genci",
        "n\u00fcfus",
        "bin",
        "ve",
        "en",
        "t\u00fcrkiye",
        "ile",
        "milyon",
        "bu"
    ],
    "meta_keywords": [
        ""
    ],
    "publish_date": {
        "$date": 1589800009000
    },
    "summary": "AAT\u00fcrkiye 13 milyona yakla\u015fan gen\u00e7 n\u00fcfusuyla Avrupa Birli\u011fi (AB) \u00fcyesi 20 \u00fclkenin n\u00fcfusunu geride b\u0131rakt\u0131.\nAvrupa \u0130statistik Ofisi (Eurostat) ve T\u00fcrkiye \u0130statistik Kurumu (T\u00dc\u0130K) verilerinden derlenen bilgilere g\u00f6re, ge\u00e7en y\u0131l itibar\u0131yla 15-24 ya\u015f grubundaki gen\u00e7 n\u00fcfus 12 milyon 955 bin 672 ki\u015fi olarak hesapland\u0131.\nBu, T\u00fcrkiye'nin toplam n\u00fcfusunun y\u00fczde 15,6's\u0131na kar\u015f\u0131l\u0131k geldi.\nT\u00fcrkiye gen\u00e7 n\u00fcfusuyla Bel\u00e7ika'dan Yunanistan'a, \u0130sve\u00e7'ten Macaristan'a AB \u00fcyesi 20 \u00fclkenin n\u00fcfusunu geride b\u0131rakt\u0131.\nBu y\u0131l\u0131n \u015fubat ay\u0131nda AB'den ayr\u0131lan, 7 milyon 832 bin 236 gence sahip Birle\u015fik Krall\u0131k, birli\u011fin bu gruptaki toplam n\u00fcfusunun 47 milyon 350 bin 474'e gerilemesine neden oldu.\nAvrupa'n\u0131n en y\u00fcksek gen\u00e7 n\u00fcfus oran\u0131na sahip 5. \u00fclkesi konumunda olan Birle\u015fik Krall\u0131k'\u0131n, birlikten ayr\u0131lmas\u0131n\u0131n ard\u0131ndan, AB'nin y\u00fczde 10,7 olan gen\u00e7 n\u00fcfus oran\u0131 y\u00fczde 10,6 geriledi.\nHem gen\u00e7 say\u0131s\u0131 hem de toplam n\u00fcfusa oran\u0131 a\u00e7\u0131s\u0131ndan Avrupa'n\u0131n zirvesinde yer alan T\u00fcrkiye'yi, gen\u00e7 n\u00fcfus oran\u0131 a\u00e7\u0131s\u0131ndan y\u00fczde 12,8 ile G\u00fcney K\u0131br\u0131s Rum Y\u00f6netimi, y\u00fczde 12,63 ile Danimarka, y\u00fczde 12,55 ile \u0130rlanda ve y\u00fczde 12,34 ile Hollanda izledi.\nBu oran Fransa'da y\u00fczde 11,75, Almanya'da y\u00fczde 10,37 ve \u0130talya'da y\u00fczde 9,75 olarak hesapland\u0131.\nAB \u00fclkeleri aras\u0131nda en d\u00fc\u015f\u00fck gen\u00e7 n\u00fcfusa oran\u0131na sahip \u00fclke ise y\u00fczde 8,90 ile Bulgaristan oldu.\nBu \u00fclkeyi y\u00fczde 9,07 ile \u00c7ekya, y\u00fczde 9,17 ile Letonya takip etti.\nAlmanya'n\u0131n AB\u2019de 15-24 ya\u015f grubunda en \u00e7ok n\u00fcfusa sahip \u00fclke oldu\u011fu g\u00f6r\u00fcld\u00fc.\nBu ya\u015f grubunda 8 milyon 610 bin 749 n\u00fcfusa sahip olan Almanya'y\u0131, 7 milyon 872 bin 388 ile Fransa, 5 milyon 887 bin 386 ile \u0130talya izledi.\nBu y\u0131l\u0131n \u015fubat ay\u0131nda AB'den ayr\u0131lan Birle\u015fik Krall\u0131k'\u0131n bu ya\u015f grubundaki n\u00fcfusu 7 milyon 832 bin 236 olarak hesapland\u0131.\nAB'ye \u00fcye 27 \u00fclke ve T\u00fcrkiye'nin toplam n\u00fcfusu, gen\u00e7 n\u00fcfusu ve gen\u00e7 n\u00fcfus oranlar\u0131 \u015f\u00f6yle :",
    "article_html": "",
    "meta_description": "T\u00fcrkiye 13 milyona ula\u015fan gen\u00e7 n\u00fcfusuyla Bel\u00e7ika'dan Yunanistan'a, \u0130sve\u00e7'ten Macaristan'a AB \u00fcyesi 20 \u00fclkenin n\u00fcfusunu geride b\u0131rakt\u0131. T\u00fcrkiye'de 15-24 ya\u015f grubundaki gen\u00e7 n\u00fcfus, toplam n\u00fcfusun y\u00fczde 15,6's\u0131n\u0131 olu\u015ftururken, AB ortalamas\u0131 y\u00fczde 10,6 olarak ger\u00e7ekle\u015fti. Birle\u015fik Krall\u0131k'\u0131n AB'den ayr\u0131lmas\u0131 AB'nin gen\u00e7 n\u00fcfus oran\u0131nda d\u00fc\u015f\u00fc\u015fe neden oldu",
    "meta_lang": "tr"
}