{
    "article_id": "6bda8119a0aca3e5ea09c4d96a1cd05e.1589925892.2538164",
    "title": "Elektrik t\u00fcketiminde alt-\u00fcst fark\u0131 a\u00e7\u0131ld\u0131",
    "authors": [
        "Isvalid",
        "Yazarlar",
        "Data",
        "Name",
        "Mail",
        "Title",
        "Di\u0307\u011fer Yazarlar"
    ],
    "canonical_link": "https://www.haberturk.com/elektrik-tuketiminde-alt-ust-farki-acildi-haberler-2683014-ekonomi",
    "url": "http://haberturk.com/elektrik-tuketiminde-alt-ust-farki-acildi-haberler-2683014-ekonomi",
    "top_img": "https://im.haberturk.com/2020/05/18/ver1589788324/2683014_1200x627.jpg",
    "meta_img": "https://im.haberturk.com/2020/05/18/ver1589788324/2683014_1200x627.jpg",
    "movies": [],
    "text": "Olcay Aydilek oaydilek@haberturk.com\n\nT\u00fcrkiye\u2019de, 21 elektrik da\u011f\u0131t\u0131m b\u00f6lgesi bulunuyor. Devlet, elektrik da\u011f\u0131t\u0131m b\u00f6lgelerini \u00f6zelle\u015ftirdi ve bu alandan t\u00fcm\u00fcyle \u00e7\u0131kt\u0131. Bu hizmeti, \u00f6zel sekt\u00f6r\u00fcn kontrol\u00fcndeki elektrik da\u011f\u0131t\u0131m \u015firketleri (ve karde\u015f kurulu\u015flar\u0131 perakende, e\u015f deyi\u015fle g\u00f6revli tedarik \u015firketleri) veriyor.\n\nT\u00fcrkiye\u2019nin, abone say\u0131s\u0131 a\u00e7\u0131s\u0131ndan \u00f6ne \u00e7\u0131kan elektrik da\u011f\u0131t\u0131m b\u00f6lgelerinden biri, \u0130stanbul\u2019un Avrupa Yakas\u0131\u2026 Bu b\u00f6lgenin da\u011f\u0131t\u0131m hizmetlerini, CK Enerji Bo\u011fazi\u00e7i Elektrik yerine getiriyor. \u0130stanbul Avrupa Yakas\u0131'n\u0131n g\u00f6revli tedarik \u015firketinin Genel M\u00fcd\u00fcr Halit Bakal, konutlarda mart ve nisan aylar\u0131 \u201ckar\u015f\u0131la\u015ft\u0131rmal\u0131\u201d elektrik t\u00fcketimlerine ili\u015fkin bir \u00e7al\u0131\u015fma yapt\u0131.\n\n\u0130\u015eTE VER\u0130LER\n\n\u0130\u015fte, bu \u00e7al\u0131\u015fmadan \u00e7\u0131kan veriler:\n\n- Y\u00dcZDE 16\u2019NIN T\u00dcKET\u0130M\u0130 D\u00dc\u015eT\u00dc: \u0130stanbul Avrupa Yakas\u0131\u2019ndaki konutu abonelerinin y\u00fczde 16\u2019s\u0131n\u0131n mart ay\u0131na g\u00f6re nisanda, elektrik t\u00fcketimleri d\u00fc\u015ft\u00fc. Bu t\u00fcketici grubunun, ailelerinin yan\u0131na giden \u00f6\u011frenciler, tek ya\u015fayan yeti\u015fkinler ya da ya\u015fl\u0131lar ve yazl\u0131klar\u0131na gidenler oldu\u011fu tahmin ediliyor. Bu grubun tasarruf \u00f6nlemlerine ba\u011fl\u0131 kald\u0131\u011f\u0131 \u00f6ng\u00f6r\u00fcl\u00fcyor.\n\n- Y\u00dcZDE 34\u2019TE Y\u00dcZDE 20 ARTI\u015e: Abonenin, y\u00fczde 34\u2019l\u00fck b\u00f6l\u00fcm\u00fcn\u00fcn nisan ay\u0131ndaki t\u00fcketimi, marta g\u00f6re y\u00fczde 1 ile y\u00fczde 20 aras\u0131nda artt\u0131. Daha \u00e7ok \u00e7ekirdek aile ve yaln\u0131z ya\u015fayanlar\u0131n bu d\u00f6nemde daha fazla evde kalmas\u0131ndan kaynaklanan bir t\u00fcketim art\u0131\u015f\u0131 oldu\u011fu tespitinde bulunuluyor.\n\n\n\n- Y\u00dcZDE 40\u2019TA Y\u00dcZDE 50\u2019YE: Konut aboneleri i\u00e7inde y\u00fczde 40\u2019l\u0131k paya sahip olan gruptaki elektrik t\u00fcketimi, nisan ay\u0131nda marta g\u00f6re y\u00fczde 20 ile y\u00fczde 50 aras\u0131nda artt\u0131. Evden \u00e7al\u0131\u015fmaya ve e\u011fitim s\u00fcrecine ge\u00e7en geni\u015f ailelerin bu grupta oldu\u011fu tahmin ediliyor.\n\n- Y\u00dcZDE 10\u2019UN Y\u00dcZDE 50\u2019N\u0130N \u00dcZER\u0130NDE ARTTI: Konut aboneleri i\u00e7inde y\u00fczde 10\u2019luk kesimde nisan ay\u0131nda marta g\u00f6re elektrik t\u00fcketimi, y\u00fczde 50 y\u00fckseldi. Hafta i\u00e7i i\u015f nedeni ile ev d\u0131\u015f\u0131nda bulunan ve verimli kullan\u0131m prati\u011fi bulunmayan t\u00fcketicilerin bu grupta yer ald\u0131klar\u0131 de\u011ferlendiriliyor.\n\nKORONAV\u0130R\u00dcS SON DAK\u0130KA HABERLER\u0130 \u0130\u00c7\u0130N TIKLAYINIZ!",
    "keywords": [
        "t\u00fcketiminde",
        "y\u00fczde",
        "da\u011f\u0131t\u0131m",
        "nisan",
        "g\u00f6re",
        "oldu\u011fu",
        "marta",
        "fark\u0131",
        "ve",
        "a\u00e7\u0131ld\u0131",
        "elektrik",
        "alt\u00fcst",
        "t\u00fcketimi",
        "bu"
    ],
    "meta_keywords": [
        ""
    ],
    "publish_date": {
        "$date": 1589788324000
    },
    "summary": "Olcay Aydilek oaydilek@haberturk.comT\u00fcrkiye\u2019de, 21 elektrik da\u011f\u0131t\u0131m b\u00f6lgesi bulunuyor.\nDevlet, elektrik da\u011f\u0131t\u0131m b\u00f6lgelerini \u00f6zelle\u015ftirdi ve bu alandan t\u00fcm\u00fcyle \u00e7\u0131kt\u0131.\nBu hizmeti, \u00f6zel sekt\u00f6r\u00fcn kontrol\u00fcndeki elektrik da\u011f\u0131t\u0131m \u015firketleri (ve karde\u015f kurulu\u015flar\u0131 perakende, e\u015f deyi\u015fle g\u00f6revli tedarik \u015firketleri) veriyor.\nT\u00fcrkiye\u2019nin, abone say\u0131s\u0131 a\u00e7\u0131s\u0131ndan \u00f6ne \u00e7\u0131kan elektrik da\u011f\u0131t\u0131m b\u00f6lgelerinden biri, \u0130stanbul\u2019un Avrupa Yakas\u0131\u2026 Bu b\u00f6lgenin da\u011f\u0131t\u0131m hizmetlerini, CK Enerji Bo\u011fazi\u00e7i Elektrik yerine getiriyor.\n\u0130stanbul Avrupa Yakas\u0131'n\u0131n g\u00f6revli tedarik \u015firketinin Genel M\u00fcd\u00fcr Halit Bakal, konutlarda mart ve nisan aylar\u0131 \u201ckar\u015f\u0131la\u015ft\u0131rmal\u0131\u201d elektrik t\u00fcketimlerine ili\u015fkin bir \u00e7al\u0131\u015fma yapt\u0131.\n\u0130\u015eTE VER\u0130LER\u0130\u015fte, bu \u00e7al\u0131\u015fmadan \u00e7\u0131kan veriler:- Y\u00dcZDE 16\u2019NIN T\u00dcKET\u0130M\u0130 D\u00dc\u015eT\u00dc: \u0130stanbul Avrupa Yakas\u0131\u2019ndaki konutu abonelerinin y\u00fczde 16\u2019s\u0131n\u0131n mart ay\u0131na g\u00f6re nisanda, elektrik t\u00fcketimleri d\u00fc\u015ft\u00fc.\nBu t\u00fcketici grubunun, ailelerinin yan\u0131na giden \u00f6\u011frenciler, tek ya\u015fayan yeti\u015fkinler ya da ya\u015fl\u0131lar ve yazl\u0131klar\u0131na gidenler oldu\u011fu tahmin ediliyor.\nBu grubun tasarruf \u00f6nlemlerine ba\u011fl\u0131 kald\u0131\u011f\u0131 \u00f6ng\u00f6r\u00fcl\u00fcyor.\n- Y\u00dcZDE 34\u2019TE Y\u00dcZDE 20 ARTI\u015e: Abonenin, y\u00fczde 34\u2019l\u00fck b\u00f6l\u00fcm\u00fcn\u00fcn nisan ay\u0131ndaki t\u00fcketimi, marta g\u00f6re y\u00fczde 1 ile y\u00fczde 20 aras\u0131nda artt\u0131.\nDaha \u00e7ok \u00e7ekirdek aile ve yaln\u0131z ya\u015fayanlar\u0131n bu d\u00f6nemde daha fazla evde kalmas\u0131ndan kaynaklanan bir t\u00fcketim art\u0131\u015f\u0131 oldu\u011fu tespitinde bulunuluyor.\n- Y\u00dcZDE 40\u2019TA Y\u00dcZDE 50\u2019YE: Konut aboneleri i\u00e7inde y\u00fczde 40\u2019l\u0131k paya sahip olan gruptaki elektrik t\u00fcketimi, nisan ay\u0131nda marta g\u00f6re y\u00fczde 20 ile y\u00fczde 50 aras\u0131nda artt\u0131.\nEvden \u00e7al\u0131\u015fmaya ve e\u011fitim s\u00fcrecine ge\u00e7en geni\u015f ailelerin bu grupta oldu\u011fu tahmin ediliyor.\n- Y\u00dcZDE 10\u2019UN Y\u00dcZDE 50\u2019N\u0130N \u00dcZER\u0130NDE ARTTI: Konut aboneleri i\u00e7inde y\u00fczde 10\u2019luk kesimde nisan ay\u0131nda marta g\u00f6re elektrik t\u00fcketimi, y\u00fczde 50 y\u00fckseldi.\nHafta i\u00e7i i\u015f nedeni ile ev d\u0131\u015f\u0131nda bulunan ve verimli kullan\u0131m prati\u011fi bulunmayan t\u00fcketicilerin bu grupta yer ald\u0131klar\u0131 de\u011ferlendiriliyor.\nKORONAV\u0130R\u00dcS SON DAK\u0130KA HABERLER\u0130 \u0130\u00c7\u0130N TIKLAYINIZ!",
    "article_html": "",
    "meta_description": "Koronavir\u00fcs d\u00f6neminde elektrik t\u00fcketimi, son derece \u201c\u00e7arp\u0131c\u0131\u201d bir geli\u015fme g\u00f6sterdi. \u0130stanbul\u2019un Avrupa yakas\u0131nda, salg\u0131n\u0131n ba\u015flad\u0131\u011f\u0131 mart ay\u0131na g\u00f6re nisanda konut abonelerinin y\u00fczde 16\u2019s\u0131 elektrik t\u00fcketimini k\u0131st\u0131; tasarruf \u00f6nlemleri uygulad\u0131. Abonelerin, y\u00fczde 34\u2019\u00fcn\u00fcn nisan t\u00fcketimi, marta g\u00f6re y\u00fczde 1 ile y\u00fczde 20 aras\u0131nda artt\u0131. Konut aboneleri i\u00e7inde y\u00fczde 40\u2019l\u0131k paya sahip olan gruptaki elektrik t\u00fcketimi, nisan ay\u0131nda bir \u00f6nceki aya g\u00f6re y\u00fczde 20 ile y\u00fczde 50 aras\u0131nda art\u0131\u015f kaydetti. Y\u00fczde 10\u2019luk b\u00f6l\u00fcm\u00fc olu\u015fturan abonenin t\u00fcketimi, y\u00fczde 50\u2019nin \u00fczerinde y\u00fckseldi.",
    "meta_lang": "tr"
}