{
    "article_id": "662363cef2dfc8500796c74c73e95883.1589925892.905166",
    "title": "Vak\u0131fBank, Katar'da bankac\u0131l\u0131k lisans\u0131 ald\u0131",
    "authors": [
        "Isvalid",
        "Yazarlar",
        "Data",
        "Name",
        "Mail",
        "Title",
        "Di\u0307\u011fer Yazarlar"
    ],
    "canonical_link": "https://www.haberturk.com/vakifbank-katar-da-bankacilik-lisansi-aldi-2683416-ekonomi",
    "url": "http://haberturk.com/vakifbank-katar-da-bankacilik-lisansi-aldi-2683416-ekonomi",
    "top_img": "https://im.haberturk.com/2020/05/18/ver1589799577/2683416_1200x627.jpg",
    "meta_img": "https://im.haberturk.com/2020/05/18/ver1589799577/2683416_1200x627.jpg",
    "movies": [],
    "text": "AA\n\nVak\u0131fBank'tan yap\u0131lan a\u00e7\u0131klamaya g\u00f6re, banka, b\u00f6lgesinde her ge\u00e7en g\u00fcn daha g\u00fc\u00e7l\u00fc bir finans merkezi olma yolunda ilerleyen Katar'da bankac\u0131l\u0131k lisans\u0131na sahip ilk ve tek T\u00fcrk bankas\u0131 oldu.\n\nA\u00e7\u0131klamada g\u00f6r\u00fc\u015flerine yer verilen Vak\u0131fBank Genel M\u00fcd\u00fcr\u00fc Abdi Serdar \u00dcst\u00fcnsalih, banka y\u00f6netim kurulunun ald\u0131\u011f\u0131 kararlar \u00e7er\u00e7evesinde, yurt d\u0131\u015f\u0131 faaliyetlerinin geni\u015fletilmesini ama\u00e7lad\u0131klar\u0131n\u0131 ifade etti.\n\nBu karar do\u011frultusunda daha \u00f6nce \u00c7in ve Katar'da temsilcilik ofisi a\u00e7may\u0131 planlad\u0131klar\u0131n\u0131 duyurduklar\u0131n\u0131 an\u0131msatan \u00dcst\u00fcnsalih, \"Katar'da temsilcilik a\u00e7\u0131lmas\u0131yla ilgili gerek \u00fclkemizde gerekse Katar'da yap\u0131lan t\u00fcm ba\u015fvurular olumlu sonu\u00e7lanm\u0131\u015f ve bankam\u0131z Katar'da bankac\u0131l\u0131k lisans\u0131na sahip ilk ve tek T\u00fcrk bankas\u0131 olmu\u015ftur. Amac\u0131m\u0131z pandemi sonras\u0131 \u00c7in'de de gerekli ba\u015fvurular\u0131 h\u0131zland\u0131rmak ve en k\u0131sa s\u00fcrede orada da faaliyete ge\u00e7mektir.\" de\u011ferlendirmelerini yapt\u0131.\n\n\u00dcst\u00fcnsalih, yurt d\u0131\u015f\u0131 \u015fube a\u011f\u0131nda New York, Erbil ve Bahreyn \u015fubeleri arac\u0131l\u0131\u011f\u0131yla hizmet verdiklerine i\u015faret ederek, bu \u015fubelere ek olarak genel m\u00fcd\u00fcrl\u00fc\u011f\u00fc Viyana'da bulunan \"Vak\u0131fBank International AG\" isimli ayr\u0131 bir i\u015ftiraklerinin de bulundu\u011funu aktard\u0131.\n\nBu i\u015ftiraklerinin de Almanya ve Avusturya'daki \u015fubeleri arac\u0131l\u0131\u011f\u0131yla hizmet verdi\u011fini belirten \u00dcst\u00fcnsalih, \u015funlar\u0131 kaydetti:\n\n\"\u00dclkemizin milli menfaatleriyle uyumlu bir \u015fekilde yurt d\u0131\u015f\u0131nda faaliyet g\u00f6steren T\u00fcrk m\u00fcte\u015febbisinin ve i\u015f adam\u0131n\u0131n yan\u0131ndaki g\u00fc\u00e7 olarak yurt d\u0131\u015f\u0131 faaliyetlerimizi art\u0131r\u0131yoruz. Katar temsilcili\u011fimiz bu zincirin d\u00f6rd\u00fcnc\u00fc halkas\u0131 olmu\u015ftur. K\u0131sa bir s\u00fcre i\u00e7inde \u00c7in temsilcili\u011fimizin de a\u00e7\u0131lmas\u0131yla zincire bir halka daha eklenecektir. Gerek uluslararas\u0131 sermaye piyasalar\u0131nda ger\u00e7ekle\u015ftirdi\u011fimiz i\u015flemlerle gerekse b\u00fcy\u00fcyen yurt d\u0131\u015f\u0131 organizasyonumuzla Vak\u0131fBank marka de\u011ferinin k\u00fcresel seviyede y\u00fckselece\u011fine y\u00fcrekten inan\u0131yorum.\"",
    "keywords": [
        "ald\u0131",
        "d\u0131\u015f\u0131",
        "bir",
        "daha",
        "yurt",
        "\u00fcst\u00fcnsalih",
        "ve",
        "t\u00fcrk",
        "katarda",
        "lisans\u0131",
        "bankac\u0131l\u0131k",
        "\u015fubeleri",
        "vak\u0131fbank"
    ],
    "meta_keywords": [
        ""
    ],
    "publish_date": {
        "$date": 1589799577000
    },
    "summary": "AAVak\u0131fBank'tan yap\u0131lan a\u00e7\u0131klamaya g\u00f6re, banka, b\u00f6lgesinde her ge\u00e7en g\u00fcn daha g\u00fc\u00e7l\u00fc bir finans merkezi olma yolunda ilerleyen Katar'da bankac\u0131l\u0131k lisans\u0131na sahip ilk ve tek T\u00fcrk bankas\u0131 oldu.\nA\u00e7\u0131klamada g\u00f6r\u00fc\u015flerine yer verilen Vak\u0131fBank Genel M\u00fcd\u00fcr\u00fc Abdi Serdar \u00dcst\u00fcnsalih, banka y\u00f6netim kurulunun ald\u0131\u011f\u0131 kararlar \u00e7er\u00e7evesinde, yurt d\u0131\u015f\u0131 faaliyetlerinin geni\u015fletilmesini ama\u00e7lad\u0131klar\u0131n\u0131 ifade etti.\nBu karar do\u011frultusunda daha \u00f6nce \u00c7in ve Katar'da temsilcilik ofisi a\u00e7may\u0131 planlad\u0131klar\u0131n\u0131 duyurduklar\u0131n\u0131 an\u0131msatan \u00dcst\u00fcnsalih, \"Katar'da temsilcilik a\u00e7\u0131lmas\u0131yla ilgili gerek \u00fclkemizde gerekse Katar'da yap\u0131lan t\u00fcm ba\u015fvurular olumlu sonu\u00e7lanm\u0131\u015f ve bankam\u0131z Katar'da bankac\u0131l\u0131k lisans\u0131na sahip ilk ve tek T\u00fcrk bankas\u0131 olmu\u015ftur.\nAmac\u0131m\u0131z pandemi sonras\u0131 \u00c7in'de de gerekli ba\u015fvurular\u0131 h\u0131zland\u0131rmak ve en k\u0131sa s\u00fcrede orada da faaliyete ge\u00e7mektir.\"\nde\u011ferlendirmelerini yapt\u0131.\n\u00dcst\u00fcnsalih, yurt d\u0131\u015f\u0131 \u015fube a\u011f\u0131nda New York, Erbil ve Bahreyn \u015fubeleri arac\u0131l\u0131\u011f\u0131yla hizmet verdiklerine i\u015faret ederek, bu \u015fubelere ek olarak genel m\u00fcd\u00fcrl\u00fc\u011f\u00fc Viyana'da bulunan \"Vak\u0131fBank International AG\" isimli ayr\u0131 bir i\u015ftiraklerinin de bulundu\u011funu aktard\u0131.\nBu i\u015ftiraklerinin de Almanya ve Avusturya'daki \u015fubeleri arac\u0131l\u0131\u011f\u0131yla hizmet verdi\u011fini belirten \u00dcst\u00fcnsalih, \u015funlar\u0131 kaydetti:\"\u00dclkemizin milli menfaatleriyle uyumlu bir \u015fekilde yurt d\u0131\u015f\u0131nda faaliyet g\u00f6steren T\u00fcrk m\u00fcte\u015febbisinin ve i\u015f adam\u0131n\u0131n yan\u0131ndaki g\u00fc\u00e7 olarak yurt d\u0131\u015f\u0131 faaliyetlerimizi art\u0131r\u0131yoruz.\nKatar temsilcili\u011fimiz bu zincirin d\u00f6rd\u00fcnc\u00fc halkas\u0131 olmu\u015ftur.\nK\u0131sa bir s\u00fcre i\u00e7inde \u00c7in temsilcili\u011fimizin de a\u00e7\u0131lmas\u0131yla zincire bir halka daha eklenecektir.\nGerek uluslararas\u0131 sermaye piyasalar\u0131nda ger\u00e7ekle\u015ftirdi\u011fimiz i\u015flemlerle gerekse b\u00fcy\u00fcyen yurt d\u0131\u015f\u0131 organizasyonumuzla Vak\u0131fBank marka de\u011ferinin k\u00fcresel seviyede y\u00fckselece\u011fine y\u00fcrekten inan\u0131yorum.\"",
    "article_html": "",
    "meta_description": "Vak\u0131fBank'\u0131n bankac\u0131l\u0131k faaliyetleri y\u00fcr\u00fctmek \u00fczere Katar Finans Merkezi D\u00fczenleyici Otoritesi'ne (QFCRA) yapt\u0131\u011f\u0131 lisans ba\u015fvurusu onayland\u0131.",
    "meta_lang": "tr"
}