{
    "article_id": "d536188b6d65111ed5ca9e231629e6e8.1589925894.4351323",
    "title": "Fiat Chrysler \u00fcretime ba\u015flamak i\u00e7in 6.3 milyar euro istiyor",
    "authors": [
        "Isvalid",
        "Yazarlar",
        "Data",
        "Name",
        "Mail",
        "Title",
        "Di\u0307\u011fer Yazarlar"
    ],
    "canonical_link": "https://www.haberturk.com/fiat-chrysler-uretime-baslamak-icin-63-milyar-euro-istiyor-haberler-2683171-ekonomi",
    "url": "http://haberturk.com/fiat-chrysler-uretime-baslamak-icin-63-milyar-euro-istiyor-haberler-2683171-ekonomi",
    "top_img": "https://im.haberturk.com/2020/05/18/ver1589790637/2683171_1200x627.jpg",
    "meta_img": "https://im.haberturk.com/2020/05/18/ver1589790637/2683171_1200x627.jpg",
    "movies": [],
    "text": "Fiat Chrysler \u00fcretime ba\u015flamak i\u00e7in 6.3 milyar euro istiyor - haberler\n\nHABERTURK.COM / Reuters\n\nKoronavir\u00fcs salg\u0131n\u0131n\u0131n en \u00e7ok vurdu\u011fu \u00fclkelerden \u0130talya'da, bir aydan fazlad\u0131r otomotiv \u00fcretimi ger\u00e7ekle\u015ftirilemezken, pazarda da y\u00fczde 90'\u0131n \u00fcst\u00fcnde daralma ya\u015fanm\u0131\u015ft\u0131.\n\nBu kapsamda, \u00fclkedeki faaliyetlerine devam etmek isteyen Fiat Chrysler (FCA),6.3 milyar euroluk devlet destekli kredi hatt\u0131 istedi\u011fini bildirdi.\n\n\u015eimdiye kadar Avrupa'da bir otomobil \u00fcreticisinin talep etti\u011fi en y\u00fcksek pandemi ba\u011flant\u0131l\u0131 finansman olarak dikkat \u00e7eken bu rakam\u0131n, \u00fclkedeki 10 bin tedarik\u00e7iyi destekleyece\u011fi kaydedildi.\n\nYap\u0131lan a\u00e7\u0131klamada, otomobil \u00fcreticisinin \u0130talya biriminin Intesa Sanpaolo SpA ile g\u00f6r\u00fc\u015fme i\u00e7erisinde oldu\u011fu ve \u00fc\u00e7 y\u0131ll\u0131k bir kredi imkan\u0131 i\u00e7in g\u00f6r\u00fc\u015f\u00fcld\u00fc\u011f\u00fc a\u00e7\u0131kland\u0131.\n\nA\u00e7\u0131klamaya g\u00f6re, \"FCA'n\u0131n sadece \u0130talya'daki faaliyetlerinin finansman\u0131na\" ayr\u0131lacak olan kredi hatt\u0131, \u0130talya'da otomotiv tedarik zincirindeki 10 bin i\u015fletmeyi destekleyecek.\n\nFiat Chrysler'in kredisi Avrupa'da bir otomobil \u00fcreticisi i\u00e7in pandemiye ba\u011fl\u0131 olarak al\u0131nan en y\u00fcksek kamu garantili finansman olacak. Renault SA ge\u00e7en ay 5 milyar euroluk bir anla\u015fmaya varm\u0131\u015ft\u0131.\n\nKORONAV\u0130R\u00dcS SON DAK\u0130KA HABERLER\u0130 \u0130\u00c7\u0130N TIKLAYINIZ!",
    "keywords": [
        "ba\u015flamak",
        "i\u00e7in",
        "\u00fcretime",
        "milyar",
        "fiat",
        "euro",
        "chrysler",
        "63",
        "bir",
        "\u00fclkedeki",
        "\u00fcreticisinin",
        "otomotiv",
        "kredi",
        "y\u00fcksek",
        "en",
        "otomobil",
        "istiyor"
    ],
    "meta_keywords": [
        ""
    ],
    "publish_date": {
        "$date": 1589790637000
    },
    "summary": "Fiat Chrysler \u00fcretime ba\u015flamak i\u00e7in 6.3 milyar euro istiyor - haberlerHABERTURK.COM / ReutersKoronavir\u00fcs salg\u0131n\u0131n\u0131n en \u00e7ok vurdu\u011fu \u00fclkelerden \u0130talya'da, bir aydan fazlad\u0131r otomotiv \u00fcretimi ger\u00e7ekle\u015ftirilemezken, pazarda da y\u00fczde 90'\u0131n \u00fcst\u00fcnde daralma ya\u015fanm\u0131\u015ft\u0131.\nBu kapsamda, \u00fclkedeki faaliyetlerine devam etmek isteyen Fiat Chrysler (FCA),6.3 milyar euroluk devlet destekli kredi hatt\u0131 istedi\u011fini bildirdi.\n\u015eimdiye kadar Avrupa'da bir otomobil \u00fcreticisinin talep etti\u011fi en y\u00fcksek pandemi ba\u011flant\u0131l\u0131 finansman olarak dikkat \u00e7eken bu rakam\u0131n, \u00fclkedeki 10 bin tedarik\u00e7iyi destekleyece\u011fi kaydedildi.\nYap\u0131lan a\u00e7\u0131klamada, otomobil \u00fcreticisinin \u0130talya biriminin Intesa Sanpaolo SpA ile g\u00f6r\u00fc\u015fme i\u00e7erisinde oldu\u011fu ve \u00fc\u00e7 y\u0131ll\u0131k bir kredi imkan\u0131 i\u00e7in g\u00f6r\u00fc\u015f\u00fcld\u00fc\u011f\u00fc a\u00e7\u0131kland\u0131.\nA\u00e7\u0131klamaya g\u00f6re, \"FCA'n\u0131n sadece \u0130talya'daki faaliyetlerinin finansman\u0131na\" ayr\u0131lacak olan kredi hatt\u0131, \u0130talya'da otomotiv tedarik zincirindeki 10 bin i\u015fletmeyi destekleyecek.\nFiat Chrysler'in kredisi Avrupa'da bir otomobil \u00fcreticisi i\u00e7in pandemiye ba\u011fl\u0131 olarak al\u0131nan en y\u00fcksek kamu garantili finansman olacak.\nRenault SA ge\u00e7en ay 5 milyar euroluk bir anla\u015fmaya varm\u0131\u015ft\u0131.\nKORONAV\u0130R\u00dcS SON DAK\u0130KA HABERLER\u0130 \u0130\u00c7\u0130N TIKLAYINIZ!",
    "article_html": "",
    "meta_description": "Fiat Chrysler Automobiles (FCA),\u0130talya'da 6.3 milyar euroluk (6.8 milyar dolar) devlet destekli kredi hatt\u0131 almak i\u00e7in g\u00f6r\u00fc\u015fmeler yapt\u0131\u011f\u0131n\u0131 a\u00e7\u0131klad\u0131. A\u00e7\u0131klamaya g\u00f6re, FCA'n\u0131n sadece \u0130talya'daki faaliyetlerinin finansman\u0131na ayr\u0131lacak olan kredi hatt\u0131, \u0130talya'da otomotiv tedarik zincirindeki 10 bin i\u015fletmeyi destekleyecek. Fiat Chrysler'in kredisi Avrupa'da bir otomobil \u00fcreticisi i\u00e7in pandemiye ba\u011fl\u0131 olarak al\u0131nan en y\u00fcksek kamu garantili finansman olarak dikkat \u00e7ekiyor. Daha \u00f6nce, Fras\u0131z otomotiv \u00fcreticisi Renault da 5 milyar euroluk bir anla\u015fmaya varm\u0131\u015ft\u0131",
    "meta_lang": "tr"
}