{
    "article_id": "dc847e200e13c4fa784c467154897baf.1589925898.6121826",
    "title": "Son dakika! Sigaraya zam geliyor: Ucuz sigara 2 TL zamlanacak",
    "authors": [
        "Isvalid",
        "Yazarlar",
        "Data",
        "Name",
        "Mail",
        "Title",
        "Di\u0307\u011fer Yazarlar"
    ],
    "canonical_link": "https://www.haberturk.com/son-dakika-haberler-ucuz-sigara-2-tl-zamlanacak-2677669-ekonomi",
    "url": "http://haberturk.com/son-dakika-haberler-ucuz-sigara-2-tl-zamlanacak-2677669-ekonomi",
    "top_img": "https://im.haberturk.com/2020/05/13/ver1589363110/2677669_1200x627.jpg",
    "meta_img": "https://im.haberturk.com/2020/05/13/ver1589363110/2677669_1200x627.jpg",
    "movies": [],
    "text": "Rahim Ak rak@cyh.com.tr\n\nSigara ve baz\u0131 t\u00fct\u00fcn \u00fcr\u00fcnlerinde asgari maktu \u00f6zel t\u00fcketim vergisi (\u00d6TV) tutarlar\u0131 y\u00fckseltildi. Sigaradan al\u0131nan asgari maktu vergi tutar\u0131ndaki art\u0131\u015fa ili\u015fkin Cumhurba\u015fkanl\u0131\u011f\u0131 karar\u0131 Resmi Gazete'de yay\u0131mland\u0131. Sigarada 0,3899 lira olan asgari maktu vergi y\u00fczde 17,18 art\u0131\u015fla 0.4569'a \u00e7\u0131kt\u0131. B\u00f6ylece 1 paket yani 20 adet sigarada vergi 7,79 liradan 9,13 TL'ye y\u00fckseldi.\n\nSigarada asgari maktu vergiye ek olarak 0,4539 lira maktu vergi al\u0131n\u0131yor. Bunlar\u0131n \u00fcst\u00fcne bir de KDV al\u0131n\u0131yor. KDV ise perakende sat\u0131\u015f fiyat\u0131 \u00fczerinden al\u0131nd\u0131\u011f\u0131 i\u00e7in \u00d6TV toplam\u0131n\u0131n y\u00fczde 15.25 ile \u00e7arp\u0131m\u0131 sonucu elde ediliyor. B\u00f6ylece 11.6 lira taban fiyat\u0131 olan en d\u00fc\u015f\u00fck fiyata sat\u0131lan sigarada taban fiyat 13.6 lira olacak. Yeni d\u00fczenleme sonucu bir paket sigaran\u0131n 2 lira zamlanarak en az 14 liradan sat\u0131lmas\u0131 bekleniyor.\n\nUcuz sigaralar toplam pazar\u0131n y\u00fczde 25'ine kadar y\u00fckselmi\u015fti. Bu art\u0131r\u0131m ile Maliye'nin 1 y\u0131lda 1 milyar liral\u0131k vergi art\u0131\u015f\u0131 sa\u011flayabilece\u011fi hesapland\u0131. 13.6 liran\u0131n alt\u0131nda sat\u0131lan sigaralarda \u00fcretici veya pazarlama \u015firketi o kadar miktar\u0131 cebinden kar\u015f\u0131lam\u0131\u015f olacak.",
    "keywords": [
        "sigaraya",
        "geliyor",
        "zam",
        "sonucu",
        "y\u00fczde",
        "son",
        "maktu",
        "ucuz",
        "sigarada",
        "taban",
        "tl",
        "sigara",
        "lira",
        "sat\u0131lan",
        "zamlanacak",
        "vergi",
        "asgari",
        "\u00f6tv",
        "dakika"
    ],
    "meta_keywords": [
        ""
    ],
    "publish_date": {
        "$date": 1589363110000
    },
    "summary": "Rahim Ak rak@cyh.com.trSigara ve baz\u0131 t\u00fct\u00fcn \u00fcr\u00fcnlerinde asgari maktu \u00f6zel t\u00fcketim vergisi (\u00d6TV) tutarlar\u0131 y\u00fckseltildi.\nSigaradan al\u0131nan asgari maktu vergi tutar\u0131ndaki art\u0131\u015fa ili\u015fkin Cumhurba\u015fkanl\u0131\u011f\u0131 karar\u0131 Resmi Gazete'de yay\u0131mland\u0131.\nSigarada 0,3899 lira olan asgari maktu vergi y\u00fczde 17,18 art\u0131\u015fla 0.4569'a \u00e7\u0131kt\u0131.\nB\u00f6ylece 1 paket yani 20 adet sigarada vergi 7,79 liradan 9,13 TL'ye y\u00fckseldi.\nSigarada asgari maktu vergiye ek olarak 0,4539 lira maktu vergi al\u0131n\u0131yor.\nBunlar\u0131n \u00fcst\u00fcne bir de KDV al\u0131n\u0131yor.\nKDV ise perakende sat\u0131\u015f fiyat\u0131 \u00fczerinden al\u0131nd\u0131\u011f\u0131 i\u00e7in \u00d6TV toplam\u0131n\u0131n y\u00fczde 15.25 ile \u00e7arp\u0131m\u0131 sonucu elde ediliyor.\nB\u00f6ylece 11.6 lira taban fiyat\u0131 olan en d\u00fc\u015f\u00fck fiyata sat\u0131lan sigarada taban fiyat 13.6 lira olacak.\nYeni d\u00fczenleme sonucu bir paket sigaran\u0131n 2 lira zamlanarak en az 14 liradan sat\u0131lmas\u0131 bekleniyor.\nUcuz sigaralar toplam pazar\u0131n y\u00fczde 25'ine kadar y\u00fckselmi\u015fti.\nBu art\u0131r\u0131m ile Maliye'nin 1 y\u0131lda 1 milyar liral\u0131k vergi art\u0131\u015f\u0131 sa\u011flayabilece\u011fi hesapland\u0131.\n13.6 liran\u0131n alt\u0131nda sat\u0131lan sigaralarda \u00fcretici veya pazarlama \u015firketi o kadar miktar\u0131 cebinden kar\u015f\u0131lam\u0131\u015f olacak.",
    "article_html": "",
    "meta_description": "Sigarada vergi tutarlar\u0131 art\u0131r\u0131ld\u0131. Sigarada 0,3899 lira olan asgari maktu vergi Resmi Gazete'de yay\u0131mlanan kararla 0.4569'a \u00e7\u0131kt\u0131. B\u00f6ylece 1 paket sigaradaki vergi 7.79 liradan 9.13 liraya \u00e7\u0131kt\u0131. Sigarada vergi sat\u0131\u015f fiyat\u0131 \u00fczerinden al\u0131nd\u0131\u011f\u0131 i\u00e7in hem bu verginin \u00fcst\u00fcne eklenecek olan KDV hem y\u00fczde 67'lik nispi vergiyle 1 paket sigarada en d\u00fc\u015f\u00fck fiyat 11.6 liradan 13.6 liraya \u00e7\u0131kacak. Bu art\u0131r\u0131mla Maliye y\u0131lda 1 milyar liral\u0131k vergi alabilecek.",
    "meta_lang": "tr"
}