{
    "article_id": "30327928d588d7cc11f92a8e253932ce.1589925900.0287426",
    "title": "70 hissede 2 ayda y\u00fczde 100'\u00fcn \u00fcst\u00fcnde getiri",
    "authors": [
        "Isvalid",
        "Yazarlar",
        "Data",
        "Name",
        "Mail",
        "Title",
        "Di\u0307\u011fer Yazarlar"
    ],
    "canonical_link": "https://www.haberturk.com/70-hissede-2-ayda-yuzde-100-un-ustunde-getiri-haberler-2677350-ekonomi",
    "url": "http://haberturk.com/70-hissede-2-ayda-yuzde-100-un-ustunde-getiri-haberler-2677350-ekonomi",
    "top_img": "https://im.haberturk.com/2020/05/13/ver1589363476/2677350_1200x627.jpg",
    "meta_img": "https://im.haberturk.com/2020/05/13/ver1589363476/2677350_1200x627.jpg",
    "movies": [],
    "text": "Rahim Ak rak@cyh.com.tr\n\nBorsa \u0130stanbul'da 2 ayda ya\u015fananlar ak\u0131l al\u0131r cinsten de\u011fil. Borsada i\u015flem g\u00f6ren 410 \u015firketten 70'i daha iki ay dolmadan y\u00fczde 100'\u00fcn \u00fczerinde de\u011fer kazand\u0131. Borsa \u0130stanbul 100 endeksinin son d\u00f6nemlerdeki dip noktas\u0131n\u0131 g\u00f6rd\u00fc\u011f\u00fc 17 Mart'tan bug\u00fcne kadar baz\u0131 hisseler 4-5 g\u00fcn arka arkaya tavan fiyattan i\u015flem g\u00f6rd\u00fc. Ekiz Ya\u011f hisseleri y\u00fczde 2 bin 200 de\u011fer kazanabildi, G\u00fcler Yat\u0131r\u0131m ve RTA Laboratuvar'da hisse fiyat\u0131n\u0131n t\u0131rman\u0131\u015f\u0131 y\u00fczde bini ge\u00e7ti. RTA Laboratuvar koronavir\u00fcs tan\u0131s\u0131 i\u00e7in test kiti \u00fcretmesi ile tan\u0131n\u0131yor. Ancak fiyatlar\u0131 ola\u011fan\u00fcst\u00fc y\u00fckselen hisselerin hemen t\u00fcm\u00fc k\u00fc\u00e7\u00fck \u015firketlerden olu\u015fuyor.\n\nFAAL\u0130YET ALANINDAN \u00c7IKAN \u015e\u0130RKETLER VAR\n\nFiyat\u0131 y\u00fczde 100'\u00fcn \u00fcst\u00fcnde y\u00fckselen \u015firketlerin i\u00e7inde bu y\u0131l \u00e7ok k\u00f6t\u00fc ge\u00e7mesi beklenen turizm \u015firketlerinin, yat\u0131r\u0131m ortakl\u0131klar\u0131n\u0131n olmas\u0131 dikkat \u00e7ekiyor. Ayr\u0131ca ad\u0131 daha \u00f6nce defalarca faaliyet alan\u0131ndaki \u00fcretimini durdurdu\u011fu \u015feklinde haberlere konu olan bir \u00e7ok \u015firket de bulunuyor. Y\u00fczde 100'\u00fcn \u00fczerinde de\u011fer kazanan hisselerden g\u00f6ze \u00e7arpan, tan\u0131d\u0131k say\u0131lacak olanlar y\u00fczde 246'l\u0131k y\u00fckseli\u015f ile K\u00fctahya Porselen ve y\u00fczde 150'nin \u00fczerinde fiyat art\u0131\u015f\u0131 ya\u015fayan P\u0131nar Su ve P\u0131nar Et ile \u00c7imenta\u015f. Bu d\u00f6nemde y\u00fczde 50'nin \u00fcst\u00fcnde de\u011fer kazanan \u015firket say\u0131s\u0131 da 256'y\u0131 buluyor.\n\nAM\u0130RAL GEM\u0130LER KAYBETT\u0130RD\u0130\n\n\u0130lgin\u00e7 olan ise Borsa \u0130stanbul 100 Endeksi'nin y\u00fczde 14.7 y\u00fckseldi\u011fi 2 ayl\u0131k s\u00fcre\u00e7te eskiden borsay\u0131 ta\u015f\u0131yan amirel gemiler Garanti, Akbank, \u0130\u015f Bankas\u0131 C hisselerinin y\u00fczde 6 ile 8 de\u011fer yitirmesi, Sabanc\u0131 Holding'in y\u00fczde 7 Ko\u00e7 Holding ise y\u00fczde 11 de\u011fer kazanabilmesi. Yine Erdemir hissesi y\u00fczde 7, Ar\u00e7elik y\u00fczde 6 ve Turkcell ise y\u00fczde 5 de\u011fer kazanabildi. Peki bu durum nas\u0131l a\u00e7\u0131klan\u0131yor? \u00d6zellikle derinli\u011fi az ve kolay hareket ettirilebilecek hisselerde astronomik y\u00fckseli\u015f olurken derinli\u011fi fazla olan Endeks 100 hisselerindeki durgunluk k\u00fc\u00e7\u00fck yat\u0131r\u0131mc\u0131lar a\u00e7\u0131s\u0131ndan riskli bir durum olarak de\u011ferlendiriliyor. Bu hisselerde k\u00fc\u00e7\u00fck miktarlarda para ile hisseyi yukar\u0131 veya a\u015fa\u011f\u0131 hareket ettirmek m\u00fcmk\u00fcn.\n\n250 B\u0130N YEN\u0130 YATIRIMCININ CANI YANAB\u0130L\u0130R\n\nAncak yukar\u0131da sayd\u0131\u011f\u0131m\u0131z b\u00fcy\u00fck \u015firketlerin hisselerinde ayn\u0131 hareketleri yapabilmek i\u00e7in on milyarlarca lira gerekiyor. Di\u011fer yandan b\u00fcy\u00fck hisselerde endeksteki y\u00fckseli\u015fe ra\u011fmen de\u011fer kayb\u0131n\u0131n bir nedeni de bu hisselerin yabanc\u0131lar\u0131n elinde olmas\u0131 ve son d\u00f6nemde yabanc\u0131 fonlar\u0131n geli\u015fmekte olan \u00fclkelerin t\u00fcm\u00fcnde oldu\u011fu gibi T\u00fcrk hisse senetlerinden de \u00e7\u0131k\u0131\u015f e\u011filiminde olmalar\u0131. Ancak uzmanlar koronavir\u00fcs \u00f6nlemleri \u00e7er\u00e7evesinde \u00f6zellikle hisselerde a\u00e7\u0131\u011fa sat\u0131\u015f yap\u0131lamamas\u0131n\u0131n bu k\u00fc\u00e7\u00fck \u015firket hisselerinin s\u00fcrekli y\u00fckseltilerek suni fiyat olu\u015fumu sa\u011flanmas\u0131 i\u00e7in \u00f6nemli bir etken oldu\u011funu belirtiyor.\n\n'KIBRIS VEYA GANYAN YER\u0130NE BORSAYA GELEN VAR'\n\nDi\u011fer yandan ya\u015fanan y\u00fckseli\u015f ve y\u00fckselen hisselerin yap\u0131s\u0131 Borsa \u0130stanbul'a son 7 ayda gelen 251 bin yeni yat\u0131r\u0131mc\u0131yla da ilgili. Hat\u0131rlanaca\u011f\u0131 \u00fczere Ekim 2019'dan bu yana borsaya 250 bin ger\u00e7ek ki\u015fi yat\u0131r\u0131mc\u0131n\u0131n geldi\u011fi ve bunlar\u0131n a\u011f\u0131rl\u0131kl\u0131 olarak k\u00fc\u00e7\u00fck yat\u0131r\u0131mc\u0131lardan olu\u015ftu\u011funu yazm\u0131\u015ft\u0131k. Buna neden olan ise faizlerin enflasyonun alt\u0131na gerilemesinin yan\u0131 s\u0131ra d\u00f6viz ve alt\u0131n fiyatlar\u0131n\u0131n da tarihi zirve noktalar\u0131na ula\u015fmalar\u0131 nedeniyle vatanda\u015flar\u0131n ucuz oldu\u011funu d\u00fc\u015f\u00fcnd\u00fc\u011f\u00fc hisse senetlerini tercih etmesi oldu. Borsac\u0131lar, baz\u0131 spek\u00fclat\u00f6rlerin bu s\u00fcre\u00e7te borsan\u0131n i\u015fleyi\u015finden bihaber olan bu kesimi k\u00fc\u00e7\u00fck \u015firketlere y\u00f6nlendirerek hisse al\u0131m\u0131 yapt\u0131klar\u0131n\u0131 ifade ediyor. Baz\u0131 borsac\u0131lar manip\u00fclat\u00f6rlerin y\u00f6nlendirmesi ile hisse al\u0131m\u0131 yapan k\u00fc\u00e7\u00fck yat\u0131r\u0131mc\u0131lar\u0131n yan\u0131 s\u0131ra \u00f6zellikle riskli hisselerde hareket edenlerin yurtd\u0131\u015f\u0131na \u00e7\u0131kmak imkans\u0131z oldu\u011fu i\u00e7in K\u0131br\u0131s gibi yurtd\u0131\u015f\u0131 kumar merkezlerine gidemeyen ve \u015fu anda yasak oldu\u011fu i\u00e7in ganyan oynayamayan kumarbazlar\u0131n varl\u0131\u011f\u0131n\u0131n da az\u0131msanmayacak derecede oldu\u011funu kaydediyor. Ancak tabii ki bu tip macerec\u0131 yat\u0131r\u0131mc\u0131 say\u0131s\u0131 ve borsadaki bu y\u00fckseli\u015fe ne kadar etki etti\u011fi net de\u011fil.\n\n70 H\u0130SSE Y\u00dcZDE 100'\u00dcN \u00dcZER\u0130NDE DE\u011eER KAZANDI\n\n\u015eirket ad\u0131 11.05.20 17.03.20 De\u011fi\u015fim (%) 1 EK\u0130Z YA\u011e VE SABUN 17,25 0,73 2.263 2 G\u00dcLER YATIRIM HOLD\u0130NG 18,4 1,38 1.233 3 RTA LABORATUVARLARI 39,56 3,3 1.099 4 EGEL\u0130 & CO. TARIM G\u0130R\u0130\u015e\u0130M SRMY. Y.O. 1,24 0,21 490 5 TA\u00c7 TARIM 8,26 1,67 395 6 BOMONT\u0130 ELEKTR\u0130K 5,12 1,07 379 7 ALTINYUNUS \u00c7E\u015eME 25,1 5,33 371 8 ARTI YATIRIM HOLD\u0130NG 2,92 0,64 356 9 \u0130Z HAYVANCILIK TARIM VE GIDA 6,91 1,54 349 10 SERVE F\u0130LM PROD\u00dcKS\u0130YON E\u011eLENCE 5,6 1,29 334 11 ULUSOY UN 10,9 2,63 314 12 DO\u011eAN BURDA RIZZOLI 10,43 2,55 309 13 EGEL\u0130 & CO. YATIRIM HOLD\u0130NG 0,74 0,19 289 14 K\u00dcTAHYA PORSELEN 17,56 5,08 246 15 TAZE KURU GIDA 16 4,8 233 16 ALTINYA\u011e 1,47 0,45 227 17 RAY S\u0130GORTA 7,37 2,26 226 18 PINAR SU VE \u0130\u00c7ECEK 6,25 2 213 19 SODA\u015e SODYUM 12,78 4,11 211 20 EGELI&CO ENERJI YATIRIM 1,16 0,39 197 21 ARD GRUP B\u0130L\u0130\u015e\u0130M TEKNOLOJ\u0130LER\u0130 34,5 11,85 191 22 ULA\u015eLAR TUR\u0130ZM 2,97 1,1 170 23 ESCORT COMPUTER 3,9 1,46 167 24 PINAR ENTEGRE ET VE UN 19,98 7,49 167 25 MEGA POL\u0130ET\u0130LEN K\u00d6P\u00dcK 3,81 1,43 166 26 GED\u0130K YATIRIM HOLD\u0130NG 29,32 11,46 156 27 FORMET \u00c7EL\u0130K KAPI SANAY\u0130 4,45 1,75 154 28 TREND G.M.Y.O. 3,03 1,21 150 29 POL\u0130TEKN\u0130K METAL 139,9 56 150 30 SEL\u00c7UK GIDA 3,39 1,38 146 31 UZERTA\u015e BOYA 4,41 1,8 145 32 YONGA MOB\u0130LYA 20,92 8,54 145 33 \u00c7\u0130MENTA\u015e 21,5 8,98 139 34 FONET BILGI TEKNOLOJILERI 9,93 4,3 131 35 EURO YAT. ORT. 1,68 0,73 130 36 ALK\u0130M KA\u011eIT 10,38 4,53 129 37 \u0130\u015e G\u0130R\u0130\u015e\u0130M SRMY. Y.O. 6,19 2,7 129 38 ERSU GIDA 5,06 2,22 128 39 ET\u0130LER GIDA 3,21 1,42 126 40 KARSU TEKST\u0130L 3,05 1,35 126 41 GLOBAL MENKUL DE\u011e. 2,78 1,24 124 42 PEKER G.M.Y.O. 4,6 2,06 123 43 KAFE\u0130N YAZILIM H\u0130ZMETLER\u0130 16,8 7,55 123 44 DERL\u00dcKS DER\u0130 SANAY\u0130 4,18 1,88 122 45 D\u0130TA\u015e DO\u011eAN 16,59 7,56 119 46 EURO KAP\u0130TAL Y.O. 1,86 0,85 119 47 SMART\u0130KS YAZILIM 9,91 4,55 118 48 KONFURT GIDA 10,36 4,77 117 49 \u00c7\u0130MBETON 53,75 24,94 116 50 DARDANEL 7,5 3,49 115 51 AVRASYA PETROL VE TUR\u0130ST\u0130K TES\u0130SLER 2,14 1 114 52 MMC SANAY\u0130 VE T\u0130CAR\u0130 YATIRIMLAR 1,79 0,84 113 53 B\u0130RKO B\u0130RLE\u015e\u0130K KOYUNLULULAR MENSUCAT 0,49 0,23 113 54 SAFKAR EGE SOGUTMACILIK KLIMA 4,36 2,05 113 55 SARAY MATBAACILIK 2,19 1,03 113 56 \u0130PEK DO\u011eAL ENERJ\u0130 KAYNAKLARI 12,6 6 110 57 METAL GAYR\u0130MENKUL 1,26 0,6 110 58 EURO TREND Y.O. 1,49 0,71 110 59 UFUK YATIRIM 5,03 2,4 110 60 ALK\u0130M K\u0130MYA 14,49 6,91 110 61 ACISELSAN ACIPAYAM SEL\u00dcLOZ 8,33 4,00 108 62 ARENA B\u0130LG\u0130SAYAR 15,13 7,34 106 63 DEVA HOLD\u0130NG 15,84 7,71 106 64 S\u00d6NMEZ PAMUKLU 6,36 3,1 105 65 BAK AMBALAJ 8,47 4,15 104 66 DAG\u0130 G\u0130Y\u0130M 2,97 1,46 103 67 DAG\u0130 YATIRIM HOLD\u0130NG 3,74 1,84 103 68 CASA EMTIA PETROL 15,9 7,84 103 69 FR\u0130GO PAK GIDA 13 6,5 100 70 PAP\u0130LON SAVUNMA 13,95 6,99 100 71 S\u00d6NMEZ F\u0130LAMENT 6,39 3,21 99 72 MARTI G.M.Y.O. 1,25 0,63 98 73 L\u00dcKS KAD\u0130FE 10,73 5,41 98 74 B\u0130Z\u0130M TOPTAN SATI\u015e MA\u011eAZALARI 12,7 6,43 98 75 SAL\u0130X YATIRIM HOLD\u0130NG 7,43 3,77 97 76 UMPA\u015e HOLD\u0130NG 0,67 0,34 97 77 SERVET G.M.Y.O. 16,01 8,14 97 78 Y\u00dcNSA 12,48 6,35 97 79 TEMAPOL POL\u0130MER PLAST\u0130K 5,74 2,94 95 80 VANET GIDA 1,71 0,88 94 81 RODR\u0130GO TEKST\u0130L 2,35 1,22 93 82 COSMOS YATIRIM HOLD\u0130NG 3,37 1,75 93 83 DER\u0130MOD 6,82 3,55 92 84 AKIN TEKST\u0130L 13,72 7,15 92 85 GERSAN ELEKTR\u0130K 3,43 1,79 92 86 KRON TELEKOM\u00dcN\u0130KASYON 22,3 11,65 91 87 PINAR S\u00dcT 15,58 8,14 91 88 ARMADA B\u0130LG\u0130SAYAR 22,4 11,71 91 89 Y\u0130B\u0130TA\u015e YOZGAT \u0130N\u015eAAT MALZEMELER\u0130 6499 3399,6 91 90 MOND\u0130 T\u0130RE KUTSAN 6,68 3,51 90 91 SENKRON G\u00dcVENL\u0130K VE \u0130LET\u0130\u015e\u0130M S\u0130STEMLER\u0130 2,81 1,48 90 92 YAYLA ENERJ\u0130 2,01 1,06 90 93 DENGE YATIRIM HOLD\u0130NG 1,55 0,82 89 94 TRABZONSPOR 5,09 2,7 89 95 SILVERLINE END\u00dcSTR\u0130 VE T\u0130CARET 2,45 1,3 88 96 SEKURO PLAST\u0130K 4,99 2,65 88 97 D\u0130R\u0130TEKS D\u0130R\u0130L\u0130\u015e TEKST\u0130L 1,11 0,59 88 98 GED\u0130K YATIRIM 22,44 11,93 88 99 H\u00dcRR\u0130YET GAZETEC\u0130L\u0130K 1,41 0,75 88 100 L\u0130NK B\u0130LG\u0130SAYAR 25,88 13,77 88 101 AFYON \u00c7\u0130MENTO 2,82 1,51 87 102 L\u0130DER FAKTOR\u0130NG 2,21 1,18 87 103 K\u00d6RFEZ G.M.Y.O. 2,47 1,32 87 104 HALK S\u0130GORTA 3,99 2,14 86 105 \u0130HLAS YAYIN HOLD\u0130NG 1,02 0,55 85 106 HATEKS HATAY TEKST\u0130L 9,23 4,99 85 107 DO\u011eUSAN 2,07 1,12 85 108 KU\u015eTUR KU\u015eADASI TUR\u0130ZM 36,84 20,00 84 109 T\u00dcRK PRYSM\u0130AN KABLO 3,86 2,10 84 110 DESA 4,32 2,35 84 111 OSMANLI YATIRIM MENKUL DE\u011eERLER 7,79 4,25 83 112 BERA HOLD\u0130NG 3,8 2,08 83 113 ALCATEL TELETA\u015e 18,65 10,21 83 114 OST\u0130M END\u00dcSTR\u0130YEL YATIRIMLAR 2,06 1,13 82 115 KR\u0130STAL KOLA 1,8 0,99 82 116 KERVANSARAY YATIRIM HOLD\u0130NG 0,49 0,27 81 117 \u0130DEAL\u0130ST DANI\u015eMANLIK 3,55 1,96 81 118 MER\u0130T TUR\u0130ZM 21,64 12 80 119 ED\u0130P GAYR\u0130MENKUL YATIRIM 1,85 1,03 80 120 G\u00dcNE\u015e S\u0130GORTA 3,01 1,68 79 121 KENT GIDA 254 141,9 79 122 UTOPYA TUR\u0130ZM 5,01 2,8 79 123 AVRASYA G.M.Y.O. 1,82 1,02 78 124 TUKA\u015e 14,6 8,19 78 125 TU\u011e\u00c7EL\u0130K AL\u00dcM\u0130NYUM METAL 4,54 2,55 78 126 AVRUPA YATIRIM HOLD\u0130NG 1,6 0,9 78 127 TEK-ART TUR\u0130ZM 1,26 0,71 77 128 MARKA YATIRIM HOLD\u0130NG 1,33 0,75 77 129 TGS DI\u015e T\u0130CARET 4,4 2,5 76 130 \u0130TT\u0130FAK HOLD\u0130NG 2,7 1,54 75 131 U\u015eAK SERAM\u0130K 1,7 0,97 75 132 T\u00dcRK\u0130YE KALKINMA VE YATIRIM BANKASI 41,74 23,88 75 133 GSD DEN\u0130ZC\u0130L\u0130K 2,46 1,41 74 134 DEM\u0130SA\u015e D\u00d6K\u00dcM 3,8 2,18 74 135 BUR\u00c7EL\u0130K VANA 18,21 10,45 74 136 MARTI OTEL 0,94 0,54 74 137 GSD HOLD\u0130NG 1,6 0,92 74 138 \u0130\u015e YATIRIM 5,51 3,18 73 139 BERKOSAN YALITIM VE TECR\u0130T 3,38 1,95 73 140 EMEK ELEKTR\u0130K 1,85 1,07 73 141 BANTA\u015e BANDIRMA AMBALAJ 3,06 1,77 73 142 AVOD GIDA 2,42 1,4 73 143 RHEA G\u0130R\u0130\u015e\u0130M SRMY. Y.O. 1,97 1,14 73 144 KATMERC\u0130LER ARA\u00c7 \u00dcST\u00dc EK\u0130PMAN 3,45 2 73 145 \u0130ZM\u0130R FIR\u00c7A 2,36 1,38 71 146 SANKO PAZARLAMA 6,71 3,94 70 147 DO\u011eTA\u015e KELEBEK MOB\u0130LYA 1,77 1,04 70 148 M\u0130LPA 3 1,77 69 149 M\u0130GROS 31,6 18,65 69 150 MEPET METRO PETROL 1,76 1,04 69 151 \u00c7EL\u0130K HALAT 9,52 5,63 69 152 EURO YATIRIM HOLD\u0130NG 1,42 0,84 69 153 VAKIF G.M.Y.O. 1,95 1,16 69 154 PERA G.M.Y.O. 0,96 0,57 68 155 BOLU \u00c7\u0130MENTO 4,8 2,86 68 156 BANV\u0130T 24,46 14,59 68 157 KEREV\u0130TA\u015e GIDA 3,97 2,37 68 158 S\u00d6KTA\u015e 2,99 1,79 67 159 MERKO GIDA 1,35 0,81 67 160 HEDEF G\u0130R\u0130\u015e\u0130M SRMY. Y.O. 2,33 1,4 66 161 SASA 8,9 5,35 66 162 NETA\u015e TELEKOM. 12,77 7,68 66 163 NATUREL YEN\u0130LENEB\u0130L\u0130R ENERJ\u0130 17,99 10,88 65 164 \u00dcNYE \u00c7\u0130MENTO 5,17 3,13 65 165 \u0130DEAL\u0130ST G.M.Y.O. 3,32 2,01 65 166 M\u0130STRAL G.M.Y.O 2,13 1,29 65 167 BUR\u00c7EL\u0130K 7,09 4,3 65 168 ALARKO CARRIER 52,95 32,12 65 169 BOSCH FREN S\u0130STEMLER\u0130 264,3 160,4 65 170 ARSAN TEKST\u0130L 3,97 2,41 65 171 EGE G\u00dcBRE 53,15 32,3 65 172 \u00d6ZDER\u0130C\u0130 G.M.Y.O. 1,51 0,92 64 173 ANADOLU CAM 3,97 2,42 64 174 ADANA \u00c7\u0130MENTO (A) 10,17 6,2 64 175 AKSU ENERJ\u0130 9,47 5,78 64 176 QNB F\u0130NANSBANK 49,9 30,5 64 177 TAT GIDA 7,31 4,47 64 178 ADESE 1,47 0,9 63 179 SAY REKLAMCILIK 3,05 1,87 63 180 AYEN ENERJ\u0130 3,21 1,97 63 181 EM\u0130N\u0130\u015e AMBALAJ 2,8 1,72 63 182 EGE PROF\u0130L 13,19 8,11 63 183 KAPLAM\u0130N 6,13 3,78 62 184 \u0130\u015e F\u0130NANSAL K\u0130RALAMA 3,9 2,41 62 185 MENDERES TEKST\u0130L 1,55 0,96 61 186 BEYAZ F\u0130LO OTO K\u0130RALAMA 3,79 2,35 61 187 PEGASUS HAVA TA\u015eIMACILI\u011eI 51 31,64 61 188 \u00c7EMTAS 7,35 4,57 61 189 SAN-EL ELEKTR\u0130K 5,31 3,3 61 190 BATIS\u00d6KE \u00c7\u0130MENTO 1,19 0,74 61 191 TURCAS PETROL 2,62 1,63 61 192 PETROKENT TUR\u0130ZM 159 99 61 193 VAKIF F\u0130N. K\u0130R. 2,15 1,34 60 194 VAKIF MENKUL KIYMET Y.O. 2,15 1,34 60 195 YE\u015e\u0130L YATIRIM HOLD\u0130NG 12,46 7,77 60 196 BOSSA 9,06 5,65 60 197 G\u00d6ZDE G\u0130R\u0130\u015e\u0130M SRMY. Y.O. 3,77 2,36 60 198 YAPRAK S\u00dcT VE BES\u0130 \u00c7\u0130FTL\u0130KLER\u0130 9,34 5,85 60 199 ANADOLU ISUZU 11,33 7,1 60 200 \u00c7ELEB\u0130 88,1 55,3 59 201 K\u0130LER G.M.Y.O. 2,72 1,71 59 202 AYES \u00c7EL\u0130K HASIR 2,64 1,66 59 203 DURAN DO\u011eAN BASIM VE AMBALAJ 17,39 10,94 59 204 ORGE ENERJ\u0130 5,18 3,26 59 205 NET HOLD\u0130NG 1,97 1,24 59 206 DYO BOYA 4,67 2,94 59 207 YAPI KRED\u0130 KORAY G.M.Y.O. 2,7 1,7 59 208 I\u015eIKLAR ENERJ\u0130 VE YAPI HOLD\u0130NG 0,57 0,36 58 209 DATAGATE B\u0130LG\u0130SAYAR 8,28 5,23 58 210 HEKTA\u015e 12,97 8,2 58 211 DEN\u0130Z G.M.Y.O. 4,19 2,65 58 212 ATAKULE G.M.Y.O. 1,58 1 58 213 AKFEN G.M.Y.O. 2,97 1,88 58 214 B\u0130RL\u0130K MENSUCAT 1,5 0,95 58 215 KARDEM\u0130R (A) 2,91 1,85 57 216 BAGFA\u015e 16,2 10,3 57 217 \u015eOK MARKETLER T\u0130CARET 10,61 6,75 57 218 AK ENERJ\u0130 1,02 0,65 57 219 \u00d6ZERDEN PLAST\u0130K SANAY\u0130 2,54 1,62 57 220 \u00c7EMA\u015e D\u00d6K\u00dcM 1,05 0,67 57 221 METRO HOLD\u0130NG 1,33 0,85 56 222 OYAK Y.O. 5,39 3,45 56 223 \u00c7UHADARO\u011eLU METAL 2,92 1,87 56 224 OYLUM SINA\u0130 YATIRIMLAR 3,04 1,95 56 225 YE\u015e\u0130L YAPI 0,53 0,34 56 226 PLAST\u0130K AKILLI KART 9,3 5,97 56 227 TEKNOSA 7,24 4,65 56 228 CEO EVENT MEDYA 3,52 2,26 56 229 T.S.K.B. G.M.Y.O. 1,71 1,1 55 230 GED\u0130Z AMBALAJ 8,25 5,31 55 231 HUB G\u0130R\u0130\u015e\u0130M SERMAYES\u0130 YATIRIM ORTAKLI\u011eI 21,86 14,07 55 232 MARSHALL 48,48 31,22 55 233 AKDEN\u0130Z G\u00dcVENL\u0130K H\u0130ZMETLER\u0130 1,83 1,18 55 234 T\u00dcMOSAN MOTOR VE TRAKT\u00d6R 5,81 3,75 55 235 CARREFOURSA 7,52 4,86 55 236 KARTONSAN 444,3 287,4 55 237 SEY\u0130TLER K\u0130MYA 11,53 7,46 55 238 \u00d6ZBAL \u00c7EL\u0130K BORU 1,75 1,14 54 239 ODA\u015e ELEKTR\u0130K 1,81 1,18 53 240 \u0130\u015e BANKASI KURUCU 390000,3 255000 53 241 MAK\u0130NA TAKIM 1,59 1,04 53 242 KAREL ELEKTRON\u0130K 15,13 9,9 53 243 KONYA \u00c7\u0130MENTO 243,2 159,2 53 244 D\u00d6KTA\u015e D\u00d6K\u00dcMC\u00dcL\u00dcK 24,9 16,32 53 245 GOOD-YEAR 4,57 3 52 246 METEMTUR OTELC\u0130L\u0130K 1,87 1,23 52 247 NUROL G.M.Y.O. 3,48 2,29 52 248 Y\u00dcKSELEN \u00c7EL\u0130K 7,93 5,22 52 249 ECZACIBA\u015eI \u0130LA\u00c7 4,93 3,25 52 250 IHLAS GAYRIMENKUL 1,21 0,80 51 251 EGE SERAM\u0130K 4,35 2,88 51 252 DO\u011eAN HOLD\u0130NG 1,87 1,24 51 253 N\u0130\u011eBA\u015e N\u0130\u011eDE BETON 8,75 5,81 51 254 POL\u0130SAN HOLD\u0130NG 2,44 1,62 50 255 \u0130HLAS HOLD\u0130NG 0,69 0,46 50 256 SUMA\u015e SUN\u0130 TAHTA VE MOB\u0130LYA 11,77 7,87 50 257 GALATASARAY 2,48 1,66 49 258 DO\u011eU\u015e OTOMOT\u0130V 9,14 6,12 49 259 DO\u011eU\u015e G.M.Y.O. 5,1 3,42 49 260 FLAP KONGRE TOPLANTI H\u0130ZMETLER\u0130 3,65 2,45 49 261 \u0130NDEKS B\u0130LG\u0130SAYAR 9,5 6,38 49 262 ALARKO G.M.Y.O. 14,3 9,63 48 263 BURSA \u00c7\u0130MENTO 3,92 2,65 48 264 AKMERKEZ G.M.Y.O. 29,9 20,23 48 265 MENSA SINAI TICAR\u0130 VE MAL\u0130 YATIRIMLAR 0,31 0,21 48 266 KUYUMCUKENT GAYR\u0130MENKUL YATIRIM 1,62 1,1 47 267 REYSA\u015e TA\u015eIMACILIK 6,17 4,19 47 268 DEN\u0130ZL\u0130 CAM 7,35 5 47 269 VERUSATURK G\u0130R\u0130\u015e\u0130M SRMY. Y.O. 4,68 3,2 47 270 DESPEC B\u0130LG\u0130SAYAR 5,42 3,7 46 271 KARSAN OTOMOT\u0130V 1,81 1,2 46 272 BATI \u00c7\u0130MENTO 2,77 1,9 46 273 ICBC TURKEY BANK 4,35 3,0 45 274 F-M \u0130ZM\u0130T P\u0130STON 51,05 35,1 45 275 \u0130\u015e BANKASI (B) 38100,9 26264,8 45 276 JANTSA JANT 57,4 39,6 45 277 MED\u0130CAL PARK SA\u011eLIK H\u0130ZMETLER\u0130 15,72 10,9 45 278 ATLAS Y.O. 1,4 1,0 44 279 LOGO YAZILIM 72,15 50,0 44 280 G\u00d6LTA\u015e \u00c7\u0130MENTO 14,36 10,0 44 281 VAKKO TEKST\u0130L 4,59 3,2 44 282 \u0130\u015eB\u0130R HOLD\u0130NG 550 382,7 44 283 YE\u015e\u0130L G.M.Y.O. 0,53 0,4 43 284 ATLANT\u0130S YATIRIM HOLD\u0130NG 1,5 1,1 43 285 SAN\u0130FOAM S\u00dcNGER 6,11 4,3 42 286 \u0130NTEMA 9,2 6,5 42 287 FENERBAH\u00c7E 10,14 7,2 42 288 KOZA ANADOLU METAL 11,2 7,9 41 289 BORUSAN YAT. PAZ. 60,5 42,9 41 290 VERUSA HOLD\u0130NG 18,95 13,5 40 291 BALATACILAR BALATACILIK 2,44 1,74 40 292 PARK ELEK. MADENC\u0130L\u0130K 3,19 2,28 40 293 AG ANADOLU GRUBU HOLD\u0130NG 16 11,45 40 294 ECZACIBA\u015eI YATIRIM 10,58 7,57 40 295 ADANA \u00c7\u0130MENTO (B) 7,19 5,15 40 296 OLMUKSAN 4,45 3,20 39 297 ANEL ELEKTR\u0130K 3,46 2,49 39 298 \u00d6ZAK G.M.Y.O. 2,86 2,06 39 299 ORMA ORMAN \u00dcR\u00dcNLER\u0130 4,69 3,40 38 300 EGEPLAST 13,2 9,60 38 301 GLOBAL YATIRIM HOLD\u0130NG 3,19 2,33 37 302 ROYAL HALI 1,93 1,41 37 303 HALK G.M.Y.O. 1,45 1,06 37 304 GARANT\u0130 FAKTOR\u0130NG 4,39 3,21 37 305 SEL\u00c7UK ECZA DEPOSU 7,95 5,83 36 306 GARANT\u0130 Y.O. 1,47 1,08 36 307 ZORLU ENERJ\u0130 1,32 0,97 36 308 VESTEL 12,48 9,18 36 309 TORUNLAR G.M.Y.O. 2,35 1,73 36 310 DO & CO AKTIENGESELLSCHAFT 333,2 245,30 36 311 LOKMAN HEK\u0130M 7,08 5,24 35 312 BE\u015e\u0130KTA\u015e FUTBOL YAT. 2,08 1,54 35 313 T\u00dcRK TRAKT\u00d6R 56,8 42,10 35 314 KOZA ALTIN \u0130\u015eLETMELER\u0130 71,1 52,75 35 315 KARDEM\u0130R (B) 2,45 1,82 35 316 PENGUEN GIDA 3,15 2,34 35 317 PERGAMON STATUS 8,05 6,00 34 318 ADEL KALEMC\u0130L\u0130K 11,81 8,82 34 319 RAL YATIRIM HOLDING 9,03 6,75 34 320 V\u0130K\u0130NG KA\u011eIT 4,26 3,19 34 321 BR\u0130SA 8,7 6,53 33 322 T\u00dcRK HAVA YOLLARI 10,62 7,98 33 323 SARKUYSAN 5,4 4,08 32 324 PETK\u0130M 3,74 2,83 32 325 TRABZON L\u0130MAN \u0130\u015eLETMEC\u0130L\u0130\u011e\u0130 10,49 7,95 32 326 BORUSAN BORU 9,25 7,05 31 327 AK\u0130\u015e G.M.Y.O. 3,27 2,50 31 328 NUH \u00c7\u0130MENTO 10,86 8,32 30 329 TRAKYA CAM 3,15 2,42 30 330 \u00c7\u0130MSA 7,5 5,81 29 331 PARSAN 15,28 11,85 29 332 AKS\u0130GORTA 5,78 4,50 28 333 BA\u015eTA\u015e BA\u015eKENT \u00c7\u0130MENTO 3,12 2,43 28 334 AKSA ENERJ\u0130 3,98 3,10 28 335 \u015e\u0130\u015eE CAM 4,76 3,72 28 336 YATA\u015e 6,5 5,11 27 337 \u0130\u015e G.M.Y.O. 1,59 1,25 27 338 \u00dcLKER 22,22 17,48 27 339 PANORA G.M.Y.O. 5,05 3,98 27 340 G\u00dcBRE FABR\u0130KALARI 15,9 12,57 26 341 VESTEL BEYAZ E\u015eYA 18,27 14,45 26 342 S\u0130NPA\u015e G.M.Y.O. 1,02 0,81 26 343 MAZHAR ZORLU HOL. 13,4 10,76 25 344 ALBARAKA T\u00dcRK KATILIM BANKASI 1,29 1,04 24 345 \u015eEKERBANK 1,04 0,84 24 346 KARDEM\u0130R (D) 2,35 1,90 24 347 MARMAR\u0130S ALTINYUNUS 70,15 56,90 23 348 SODA SANAY\u0130\u0130 5,54 4,51 23 349 ASELSAN 26,86 21,98 22 350 AK\u00c7ANSA 7,65 6,28 22 351 MARD\u0130N \u00c7\u0130MENTO 5,58 4,59 22 352 REYSA\u015e G.M.Y.O. 4,76 3,93 21 353 TOFA\u015e OTOMOB\u0130L FAB. 19,1 15,94 20 354 ALARKO HOLD\u0130NG 4,5 3,76 20 355 T\u00dcRK TELEKOM 7,05 5,90 19 356 MAV\u0130 G\u0130Y\u0130M 40,74 34,20 19 357 AYGAZ 9,95 8,36 19 358 \u015eEKER F\u0130N. K\u0130R. 4,84 4,07 19 359 OTOKAR 123 103,58 19 360 KL\u0130MASAN KL\u0130MA 16,16 13,65 18 361 ENERJ\u0130SA ENERJ\u0130 7,48 6,33 18 362 ASLAN \u00c7\u0130MENTO 37,26 31,60 18 363 \u0130SKENDERUN DEM\u0130R VE \u00c7EL\u0130K 6,89 5,85 18 364 EGE END\u00dcSTR\u0130 510,3 435,22 17 365 B\u0130L\u0130C\u0130 YATIRIM 7,28 6,21 17 366 FORD OTOSAN 55,5 47,45 17 367 YEN\u0130 G\u0130MAT G.M.Y.O 12,19 10,49 16 368 T\u00dcPRA\u015e 84,8 73,05 16 369 ERBOSAN 18,06 15,70 15 370 ANADOLU HAYAT EMEK. 6,4 5,58 15 371 ADANA \u00c7\u0130MENTO (C) 1,96 1,71 15 372 AKSA 6,26 5,47 15 373 KORDSA TEKN\u0130K TEKST\u0130L 10,37 9,11 14 374 AV\u0130VASA EMEKL\u0130L\u0130K 12,51 10,99 14 375 T\u00dcRKER PROJE G.M.G. 36,9 32,44 14 376 \u0130ZM\u0130R DEM\u0130R \u00c7EL\u0130K 9,1 8,04 13 377 ENKA \u0130N\u015eAAT 6,25 5,53 13 378 TAV HAVAL\u0130MANLARI 17,08 15,14 13 379 GENTA\u015e 2,05 1,83 12 380 ANADOLU S\u0130GORTA 4,98 4,45 12 381 B\u0130M B\u0130RLE\u015e\u0130K MA\u011eAZALAR 51 45,58 12 382 EMLAK G.M.Y.O. 1,24 1,11 12 383 CREDITWEST FAKTOR\u0130NG 2,32 2,09 11 384 TEKFEN HOLD\u0130NG 13,04 11,76 11 385 KO\u00c7 HOLD\u0130NG 14,9 13,45 11 386 ULUSOY ELEKTR\u0130K 31,1 28,20 10 387 T. TUBORG 13,98 12,83 9 388 T.S.K.B. 1,01 0,93 9 389 ATA G.M.Y.O. 3,55 3,29 8 390 \u0130\u015e Y.O. 2,33 2,16 8 391 SABANCI HOLD\u0130NG 8,11 7,56 7 392 ERE\u011eL\u0130 DEM\u0130R \u00c7EL\u0130K 7,91 7,40 7 393 AR\u00c7EL\u0130K 15,12 14,20 6 394 TURKCELL 13,22 12,56 5 395 PR\u0130ZMA PRES MATBAACILIK 3,78 3,60 5 396 YAPI VE KRED\u0130 BANKASI 2,15 2,05 5 397 COCA COLA \u0130\u00c7ECEK 35,4 34,00 4 398 HALK BANKASI 5,36 5,15 4 399 \u0130HLAS EV ALETLER\u0130 1,91 1,87 2 400 ANADOLU EFES B\u0130RACILIK 17 16,90 1 401 KAP\u0130TAL YATIRIM HOLD\u0130NG 2,69 2,69 0 402 \u0130\u015e BANKASI (A) 380383 380383,00 0 403 T. VAKIFLAR BANKASI 4,57 4,65 -2 404 QNB F\u0130NANS F\u0130NANSAL K\u0130RALAMA 107,9 110,40 -2 405 \u0130\u015e BANKASI (C) 4,87 5,19 -6 406 GARANT\u0130 BANKASI 7,76 8,39 -8 407 AKBANK 5,58 6,09 -8 408 \u0130HLAS GAZETEC\u0130L\u0130K 3,8 4,38 -13 409 \u0130NFO YATIRIM 5,8 8,40 -31 410 METRO YATIRIM ORTAKLI\u011eI 2,07 3,02 -31",
    "keywords": [
        "gmyo",
        "hissede",
        "\u00e7i\u0307mento",
        "y\u00fczde",
        "70",
        "enerji\u0307",
        "holdi\u0307ng",
        "gida",
        "100\u00fcn",
        "getiri",
        "ve",
        "yo",
        "65",
        "\u00fcst\u00fcnde",
        "yatirim",
        "ayda"
    ],
    "meta_keywords": [
        ""
    ],
    "publish_date": {
        "$date": 1589363476000
    },
    "summary": "Rahim Ak rak@cyh.com.trBorsa \u0130stanbul'da 2 ayda ya\u015fananlar ak\u0131l al\u0131r cinsten de\u011fil.\nBorsada i\u015flem g\u00f6ren 410 \u015firketten 70'i daha iki ay dolmadan y\u00fczde 100'\u00fcn \u00fczerinde de\u011fer kazand\u0131.\nBorsa \u0130stanbul 100 endeksinin son d\u00f6nemlerdeki dip noktas\u0131n\u0131 g\u00f6rd\u00fc\u011f\u00fc 17 Mart'tan bug\u00fcne kadar baz\u0131 hisseler 4-5 g\u00fcn arka arkaya tavan fiyattan i\u015flem g\u00f6rd\u00fc.\nEkiz Ya\u011f hisseleri y\u00fczde 2 bin 200 de\u011fer kazanabildi, G\u00fcler Yat\u0131r\u0131m ve RTA Laboratuvar'da hisse fiyat\u0131n\u0131n t\u0131rman\u0131\u015f\u0131 y\u00fczde bini ge\u00e7ti.\nRTA Laboratuvar koronavir\u00fcs tan\u0131s\u0131 i\u00e7in test kiti \u00fcretmesi ile tan\u0131n\u0131yor.\nAncak fiyatlar\u0131 ola\u011fan\u00fcst\u00fc y\u00fckselen hisselerin hemen t\u00fcm\u00fc k\u00fc\u00e7\u00fck \u015firketlerden olu\u015fuyor.\nFAAL\u0130YET ALANINDAN \u00c7IKAN \u015e\u0130RKETLER VARFiyat\u0131 y\u00fczde 100'\u00fcn \u00fcst\u00fcnde y\u00fckselen \u015firketlerin i\u00e7inde bu y\u0131l \u00e7ok k\u00f6t\u00fc ge\u00e7mesi beklenen turizm \u015firketlerinin, yat\u0131r\u0131m ortakl\u0131klar\u0131n\u0131n olmas\u0131 dikkat \u00e7ekiyor.\nAyr\u0131ca ad\u0131 daha \u00f6nce defalarca faaliyet alan\u0131ndaki \u00fcretimini durdurdu\u011fu \u015feklinde haberlere konu olan bir \u00e7ok \u015firket de bulunuyor.\nY\u00fczde 100'\u00fcn \u00fczerinde de\u011fer kazanan hisselerden g\u00f6ze \u00e7arpan, tan\u0131d\u0131k say\u0131lacak olanlar y\u00fczde 246'l\u0131k y\u00fckseli\u015f ile K\u00fctahya Porselen ve y\u00fczde 150'nin \u00fczerinde fiyat art\u0131\u015f\u0131 ya\u015fayan P\u0131nar Su ve P\u0131nar Et ile \u00c7imenta\u015f.\nBu d\u00f6nemde y\u00fczde 50'nin \u00fcst\u00fcnde de\u011fer kazanan \u015firket say\u0131s\u0131 da 256'y\u0131 buluyor.\nAM\u0130RAL GEM\u0130LER KAYBETT\u0130RD\u0130\u0130lgin\u00e7 olan ise Borsa \u0130stanbul 100 Endeksi'nin y\u00fczde 14.7 y\u00fckseldi\u011fi 2 ayl\u0131k s\u00fcre\u00e7te eskiden borsay\u0131 ta\u015f\u0131yan amirel gemiler Garanti, Akbank, \u0130\u015f Bankas\u0131 C hisselerinin y\u00fczde 6 ile 8 de\u011fer yitirmesi, Sabanc\u0131 Holding'in y\u00fczde 7 Ko\u00e7 Holding ise y\u00fczde 11 de\u011fer kazanabilmesi.\nYine Erdemir hissesi y\u00fczde 7, Ar\u00e7elik y\u00fczde 6 ve Turkcell ise y\u00fczde 5 de\u011fer kazanabildi.\n\u00d6zellikle derinli\u011fi az ve kolay hareket ettirilebilecek hisselerde astronomik y\u00fckseli\u015f olurken derinli\u011fi fazla olan Endeks 100 hisselerindeki durgunluk k\u00fc\u00e7\u00fck yat\u0131r\u0131mc\u0131lar a\u00e7\u0131s\u0131ndan riskli bir durum olarak de\u011ferlendiriliyor.\nBu hisselerde k\u00fc\u00e7\u00fck miktarlarda para ile hisseyi yukar\u0131 veya a\u015fa\u011f\u0131 hareket ettirmek m\u00fcmk\u00fcn.\n250 B\u0130N YEN\u0130 YATIRIMCININ CANI YANAB\u0130L\u0130RAncak yukar\u0131da sayd\u0131\u011f\u0131m\u0131z b\u00fcy\u00fck \u015firketlerin hisselerinde ayn\u0131 hareketleri yapabilmek i\u00e7in on milyarlarca lira gerekiyor.\nAncak uzmanlar koronavir\u00fcs \u00f6nlemleri \u00e7er\u00e7evesinde \u00f6zellikle hisselerde a\u00e7\u0131\u011fa sat\u0131\u015f yap\u0131lamamas\u0131n\u0131n bu k\u00fc\u00e7\u00fck \u015firket hisselerinin s\u00fcrekli y\u00fckseltilerek suni fiyat olu\u015fumu sa\u011flanmas\u0131 i\u00e7in \u00f6nemli bir etken oldu\u011funu belirtiyor.\n'KIBRIS VEYA GANYAN YER\u0130NE BORSAYA GELEN VAR'Di\u011fer yandan ya\u015fanan y\u00fckseli\u015f ve y\u00fckselen hisselerin yap\u0131s\u0131 Borsa \u0130stanbul'a son 7 ayda gelen 251 bin yeni yat\u0131r\u0131mc\u0131yla da ilgili.\nHat\u0131rlanaca\u011f\u0131 \u00fczere Ekim 2019'dan bu yana borsaya 250 bin ger\u00e7ek ki\u015fi yat\u0131r\u0131mc\u0131n\u0131n geldi\u011fi ve bunlar\u0131n a\u011f\u0131rl\u0131kl\u0131 olarak k\u00fc\u00e7\u00fck yat\u0131r\u0131mc\u0131lardan olu\u015ftu\u011funu yazm\u0131\u015ft\u0131k.\nBuna neden olan ise faizlerin enflasyonun alt\u0131na gerilemesinin yan\u0131 s\u0131ra d\u00f6viz ve alt\u0131n fiyatlar\u0131n\u0131n da tarihi zirve noktalar\u0131na ula\u015fmalar\u0131 nedeniyle vatanda\u015flar\u0131n ucuz oldu\u011funu d\u00fc\u015f\u00fcnd\u00fc\u011f\u00fc hisse senetlerini tercih etmesi oldu.\nBorsac\u0131lar, baz\u0131 spek\u00fclat\u00f6rlerin bu s\u00fcre\u00e7te borsan\u0131n i\u015fleyi\u015finden bihaber olan bu kesimi k\u00fc\u00e7\u00fck \u015firketlere y\u00f6nlendirerek hisse al\u0131m\u0131 yapt\u0131klar\u0131n\u0131 ifade ediyor.\nAncak tabii ki bu tip macerec\u0131 yat\u0131r\u0131mc\u0131 say\u0131s\u0131 ve borsadaki bu y\u00fckseli\u015fe ne kadar etki etti\u011fi net de\u011fil.\n70 H\u0130SSE Y\u00dcZDE 100'\u00dcN \u00dcZER\u0130NDE DE\u011eER KAZANDI\u015eirket ad\u0131 11.05.20 17.03.20 De\u011fi\u015fim (%) 1 EK\u0130Z YA\u011e VE SABUN 17,25 0,73 2.263 2 G\u00dcLER YATIRIM HOLD\u0130NG 18,4 1,38 1.233 3 RTA LABORATUVARLARI 39,56 3,3 1.099 4 EGEL\u0130 & CO. TARIM G\u0130R\u0130\u015e\u0130M SRMY.\n1,68 0,73 130 36 ALK\u0130M KA\u011eIT 10,38 4,53 129 37 \u0130\u015e G\u0130R\u0130\u015e\u0130M SRMY.\n6,19 2,7 129 38 ERSU GIDA 5,06 2,22 128 39 ET\u0130LER GIDA 3,21 1,42 126 40 KARSU TEKST\u0130L 3,05 1,35 126 41 GLOBAL MENKUL DE\u011e.\n2,78 1,24 124 42 PEKER G.M.Y.O.\n4,6 2,06 123 43 KAFE\u0130N YAZILIM H\u0130ZMETLER\u0130 16,8 7,55 123 44 DERL\u00dcKS DER\u0130 SANAY\u0130 4,18 1,88 122 45 D\u0130TA\u015e DO\u011eAN 16,59 7,56 119 46 EURO KAP\u0130TAL Y.O.\n1,25 0,63 98 73 L\u00dcKS KAD\u0130FE 10,73 5,41 98 74 B\u0130Z\u0130M TOPTAN SATI\u015e MA\u011eAZALARI 12,7 6,43 98 75 SAL\u0130X YATIRIM HOLD\u0130NG 7,43 3,77 97 76 UMPA\u015e HOLD\u0130NG 0,67 0,34 97 77 SERVET G.M.Y.O.\n2,33 1,4 66 161 SASA 8,9 5,35 66 162 NETA\u015e TELEKOM.\n12,77 7,68 66 163 NATUREL YEN\u0130LENEB\u0130L\u0130R ENERJ\u0130 17,99 10,88 65 164 \u00dcNYE \u00c7\u0130MENTO 5,17 3,13 65 165 \u0130DEAL\u0130ST G.M.Y.O.\n3,32 2,01 65 166 M\u0130STRAL G.M.Y.O 2,13 1,29 65 167 BUR\u00c7EL\u0130K 7,09 4,3 65 168 ALARKO CARRIER 52,95 32,12 65 169 BOSCH FREN S\u0130STEMLER\u0130 264,3 160,4 65 170 ARSAN TEKST\u0130L 3,97 2,41 65 171 EGE G\u00dcBRE 53,15 32,3 65 172 \u00d6ZDER\u0130C\u0130 G.M.Y.O.\n2,15 1,34 60 194 VAKIF MENKUL KIYMET Y.O.\n2,15 1,34 60 195 YE\u015e\u0130L YATIRIM HOLD\u0130NG 12,46 7,77 60 196 BOSSA 9,06 5,65 60 197 G\u00d6ZDE G\u0130R\u0130\u015e\u0130M SRMY.\n3,77 2,36 60 198 YAPRAK S\u00dcT VE BES\u0130 \u00c7\u0130FTL\u0130KLER\u0130 9,34 5,85 60 199 ANADOLU ISUZU 11,33 7,1 60 200 \u00c7ELEB\u0130 88,1 55,3 59 201 K\u0130LER G.M.Y.O.\n2,7 1,7 59 208 I\u015eIKLAR ENERJ\u0130 VE YAPI HOLD\u0130NG 0,57 0,36 58 209 DATAGATE B\u0130LG\u0130SAYAR 8,28 5,23 58 210 HEKTA\u015e 12,97 8,2 58 211 DEN\u0130Z G.M.Y.O.\n4,19 2,65 58 212 ATAKULE G.M.Y.O.\n5,1 3,42 49 260 FLAP KONGRE TOPLANTI H\u0130ZMETLER\u0130 3,65 2,45 49 261 \u0130NDEKS B\u0130LG\u0130SAYAR 9,5 6,38 49 262 ALARKO G.M.Y.O.\n14,3 9,63 48 263 BURSA \u00c7\u0130MENTO 3,92 2,65 48 264 AKMERKEZ G.M.Y.O.\n1,4 1,0 44 279 LOGO YAZILIM 72,15 50,0 44 280 G\u00d6LTA\u015e \u00c7\u0130MENTO 14,36 10,0 44 281 VAKKO TEKST\u0130L 4,59 3,2 44 282 \u0130\u015eB\u0130R HOLD\u0130NG 550 382,7 44 283 YE\u015e\u0130L G.M.Y.O.\n0,53 0,4 43 284 ATLANT\u0130S YATIRIM HOLD\u0130NG 1,5 1,1 43 285 SAN\u0130FOAM S\u00dcNGER 6,11 4,3 42 286 \u0130NTEMA 9,2 6,5 42 287 FENERBAH\u00c7E 10,14 7,2 42 288 KOZA ANADOLU METAL 11,2 7,9 41 289 BORUSAN YAT.\n60,5 42,9 41 290 VERUSA HOLD\u0130NG 18,95 13,5 40 291 BALATACILAR BALATACILIK 2,44 1,74 40 292 PARK ELEK.\n2,86 2,06 39 299 ORMA ORMAN \u00dcR\u00dcNLER\u0130 4,69 3,40 38 300 EGEPLAST 13,2 9,60 38 301 GLOBAL YATIRIM HOLD\u0130NG 3,19 2,33 37 302 ROYAL HALI 1,93 1,41 37 303 HALK G.M.Y.O.\n1,45 1,06 37 304 GARANT\u0130 FAKTOR\u0130NG 4,39 3,21 37 305 SEL\u00c7UK ECZA DEPOSU 7,95 5,83 36 306 GARANT\u0130 Y.O.\n1,47 1,08 36 307 ZORLU ENERJ\u0130 1,32 0,97 36 308 VESTEL 12,48 9,18 36 309 TORUNLAR G.M.Y.O.\n2,35 1,73 36 310 DO & CO AKTIENGESELLSCHAFT 333,2 245,30 36 311 LOKMAN HEK\u0130M 7,08 5,24 35 312 BE\u015e\u0130KTA\u015e FUTBOL YAT.\n1,59 1,25 27 338 \u00dcLKER 22,22 17,48 27 339 PANORA G.M.Y.O.\n5,05 3,98 27 340 G\u00dcBRE FABR\u0130KALARI 15,9 12,57 26 341 VESTEL BEYAZ E\u015eYA 18,27 14,45 26 342 S\u0130NPA\u015e G.M.Y.O.\n19,1 15,94 20 354 ALARKO HOLD\u0130NG 4,5 3,76 20 355 T\u00dcRK TELEKOM 7,05 5,90 19 356 MAV\u0130 G\u0130Y\u0130M 40,74 34,20 19 357 AYGAZ 9,95 8,36 19 358 \u015eEKER F\u0130N.\n6,4 5,58 15 371 ADANA \u00c7\u0130MENTO (C) 1,96 1,71 15 372 AKSA 6,26 5,47 15 373 KORDSA TEKN\u0130K TEKST\u0130L 10,37 9,11 14 374 AV\u0130VASA EMEKL\u0130L\u0130K 12,51 10,99 14 375 T\u00dcRKER PROJE G.M.G.\n1,01 0,93 9 389 ATA G.M.Y.O.\n3,55 3,29 8 390 \u0130\u015e Y.O.",
    "article_html": "",
    "meta_description": "Borsa \u0130stanbul'a son 7 ayda 251 bin yeni yat\u0131r\u0131mc\u0131n\u0131n y\u00f6nelmesi ile borsada i\u015flem g\u00f6ren k\u00fc\u00e7\u00fck \u015firketlerin hisseleri u\u00e7u\u015fa ge\u00e7ti. Borsan\u0131n son d\u00f6nemdeki en d\u00fc\u015f\u00fck noktas\u0131 olan 17 Mart'tan bu yana 2 ayl\u0131k s\u00fcre\u00e7te 70 hissenin getirisi y\u00fczde 100'\u00fc a\u015ft\u0131. Ekiz Ya\u011f hisseleri y\u00fczde 2 bin 200, G\u00fcler Yat\u0131r\u0131m ve RTA Laboratuvar'da hisse fiyat\u0131n\u0131n t\u0131rman\u0131\u015f\u0131 y\u00fczde bini ge\u00e7ti.",
    "meta_lang": "tr"
}