{
    "article_id": "4eafca515a24b6d3f7a816112eadb2d4.1589925926.7905476",
    "title": "\u015eok diyet yapmak neden sa\u011fl\u0131ks\u0131z? \u015eok diyetin sa\u011fl\u0131\u011fa zararlar\u0131",
    "authors": [
        "Isvalid",
        "Yazarlar",
        "Data",
        "Name",
        "Mail",
        "Title",
        "Di\u0307\u011fer Yazarlar"
    ],
    "canonical_link": "https://www.haberturk.com/sok-diyet-yapmak-neden-sagliksiz-sok-diyetin-sagliga-zararlari-hbrt-2684125",
    "url": "http://haberturk.com/sok-diyet-yapmak-neden-sagliksiz-sok-diyetin-sagliga-zararlari-hbrt-2684125",
    "top_img": "https://im.haberturk.com/2020/05/19/ver1589867609/2684125_1200x627.jpg",
    "meta_img": "https://im.haberturk.com/2020/05/19/ver1589867609/2684125_1200x627.jpg",
    "movies": [],
    "text": "H\u0131zl\u0131 bir \u015fekilde kilo vermeye \u00e7al\u0131\u015fmak, sadece al\u0131nan kalorinin alt\u0131nda kaloriyle yetinmek yani \u015fok diyet uygulamak olduk\u00e7a sa\u011fl\u0131ks\u0131z bir y\u00f6ntemdir. Bu tarz diyet listeleri de olduk\u00e7a anlams\u0131z ve gereksizdir. Sa\u011fl\u0131ks\u0131z \u015fok diyet yap\u0131lmas\u0131 v\u00fccuda \u00e7ok fazla zarar vererek hastal\u0131klara yer a\u00e7maktad\u0131r.\n\n\u015eok diyet uygulad\u0131\u011f\u0131n\u0131zda birka\u00e7 g\u00fcnde verdi\u011finiz kilolar\u0131, b\u0131rakt\u0131\u011f\u0131n\u0131zda tekrar alman\u0131z ka\u00e7\u0131n\u0131lmazd\u0131r. Hatta daha fazlas\u0131n\u0131 alman\u0131z bile m\u00fcmk\u00fcnd\u00fcr. \u015eok diyetle v\u00fccutta azalan kalorinin yerine kaslarda ve karaci\u011ferde bulunan glikozdan meydana gelen glikojen deposundan kullanmaya ba\u015flar. Bu sayede su kayb\u0131 olu\u015fmaya ba\u015flar ve ya\u011flar erimez, sadece glikojen azal\u0131r.\n\n\u015eok Diyet Sa\u011fl\u0131\u011fa Zararl\u0131 M\u0131d\u0131r?\n\nKaraci\u011ferdeki glikojen kullan\u0131ld\u0131\u011f\u0131 i\u00e7in, \u015fok diyet karaci\u011feri zorlar ve ya\u011flanmaya neden olur. Kalori miktar\u0131 azal\u0131nca metabolizma yava\u015flama ba\u015flar ve bu nedenle daha az kilo vermeye ba\u015flars\u0131n\u0131z. Metabolizma \u015fok diyetle yava\u015flad\u0131\u011f\u0131 i\u00e7in diyet bitiminde bu yava\u015flama devam etti\u011fi i\u00e7in kilo al\u0131m\u0131na a\u00e7\u0131kt\u0131r. Yani kalori yakman\u0131z zorla\u015facakt\u0131r. \u015eok diyet uyguland\u0131\u011f\u0131nda ya\u011f yak\u0131m\u0131 olmaz sadece kas kayb\u0131na u\u011frars\u0131n\u0131z.\n\n\u015eok diyet sonunda k\u00fc\u00e7\u00fclen ve b\u00fcy\u00fcyen mikro dokular tahribata u\u011frarlar. Ayn\u0131 \u015fekilde damarlarda da deformasyon g\u00f6r\u00fcl\u00fcr ve kalp sa\u011fl\u0131\u011f\u0131n\u0131 bozmaya ba\u015flar. Nefeslerde daralma ve kalp \u00e7arp\u0131nt\u0131s\u0131 olu\u015fur.\n\nBunun yan\u0131nda ruhen de etkilemesi ka\u00e7\u0131n\u0131lmazd\u0131r. Halsizlik, sinir stres yapar. Stres nedeniyle de hormonlar g\u0131dalardan gelen ya\u011f\u0131 absorbe eder. Vitaminlerin ve minerallerin eksilmesine yol a\u00e7arak ciddi sa\u011fl\u0131k sorunlar\u0131na neden olmaktad\u0131r.\n\n\u015eok diyet sonucunda metabolizman\u0131n yava\u015flamas\u0131 ki\u015finin daha sa\u011fl\u0131ks\u0131z bir ya\u015fam kalitesine sahip olmas\u0131na neden olacakt\u0131r. \u015eok diyet sonras\u0131nda i\u015ftah\u0131 daha \u00e7ok tetikleyerek kilo alman\u0131z\u0131 h\u0131zland\u0131racakt\u0131r. O nedenle bu tarz diyetlerden uzak durman\u0131z; hem sa\u011fl\u0131\u011f\u0131n\u0131z hem de ya\u015fam kalitenizi kaybetmemeniz a\u00e7\u0131s\u0131ndan \u00f6nem ta\u015f\u0131maktad\u0131r.",
    "keywords": [
        "kilo",
        "\u015fok",
        "sa\u011fl\u0131ks\u0131z",
        "sa\u011fl\u0131\u011fa",
        "ba\u015flar",
        "daha",
        "neden",
        "diyet",
        "yapmak",
        "diyetin",
        "ve",
        "zararlar\u0131",
        "sadece",
        "bu"
    ],
    "meta_keywords": [
        ""
    ],
    "publish_date": {
        "$date": 1589867609000
    },
    "summary": "H\u0131zl\u0131 bir \u015fekilde kilo vermeye \u00e7al\u0131\u015fmak, sadece al\u0131nan kalorinin alt\u0131nda kaloriyle yetinmek yani \u015fok diyet uygulamak olduk\u00e7a sa\u011fl\u0131ks\u0131z bir y\u00f6ntemdir.\nBu tarz diyet listeleri de olduk\u00e7a anlams\u0131z ve gereksizdir.\nSa\u011fl\u0131ks\u0131z \u015fok diyet yap\u0131lmas\u0131 v\u00fccuda \u00e7ok fazla zarar vererek hastal\u0131klara yer a\u00e7maktad\u0131r.\n\u015eok diyet uygulad\u0131\u011f\u0131n\u0131zda birka\u00e7 g\u00fcnde verdi\u011finiz kilolar\u0131, b\u0131rakt\u0131\u011f\u0131n\u0131zda tekrar alman\u0131z ka\u00e7\u0131n\u0131lmazd\u0131r.\nHatta daha fazlas\u0131n\u0131 alman\u0131z bile m\u00fcmk\u00fcnd\u00fcr.\n\u015eok diyetle v\u00fccutta azalan kalorinin yerine kaslarda ve karaci\u011ferde bulunan glikozdan meydana gelen glikojen deposundan kullanmaya ba\u015flar.\nBu sayede su kayb\u0131 olu\u015fmaya ba\u015flar ve ya\u011flar erimez, sadece glikojen azal\u0131r.\n\u015eok Diyet Sa\u011fl\u0131\u011fa Zararl\u0131 M\u0131d\u0131r?\nKaraci\u011ferdeki glikojen kullan\u0131ld\u0131\u011f\u0131 i\u00e7in, \u015fok diyet karaci\u011feri zorlar ve ya\u011flanmaya neden olur.\nKalori miktar\u0131 azal\u0131nca metabolizma yava\u015flama ba\u015flar ve bu nedenle daha az kilo vermeye ba\u015flars\u0131n\u0131z.\nMetabolizma \u015fok diyetle yava\u015flad\u0131\u011f\u0131 i\u00e7in diyet bitiminde bu yava\u015flama devam etti\u011fi i\u00e7in kilo al\u0131m\u0131na a\u00e7\u0131kt\u0131r.\nYani kalori yakman\u0131z zorla\u015facakt\u0131r.\n\u015eok diyet uyguland\u0131\u011f\u0131nda ya\u011f yak\u0131m\u0131 olmaz sadece kas kayb\u0131na u\u011frars\u0131n\u0131z.\n\u015eok diyet sonunda k\u00fc\u00e7\u00fclen ve b\u00fcy\u00fcyen mikro dokular tahribata u\u011frarlar.\nAyn\u0131 \u015fekilde damarlarda da deformasyon g\u00f6r\u00fcl\u00fcr ve kalp sa\u011fl\u0131\u011f\u0131n\u0131 bozmaya ba\u015flar.\nNefeslerde daralma ve kalp \u00e7arp\u0131nt\u0131s\u0131 olu\u015fur.\nBunun yan\u0131nda ruhen de etkilemesi ka\u00e7\u0131n\u0131lmazd\u0131r.\nHalsizlik, sinir stres yapar.\nStres nedeniyle de hormonlar g\u0131dalardan gelen ya\u011f\u0131 absorbe eder.\nVitaminlerin ve minerallerin eksilmesine yol a\u00e7arak ciddi sa\u011fl\u0131k sorunlar\u0131na neden olmaktad\u0131r.\n\u015eok diyet sonucunda metabolizman\u0131n yava\u015flamas\u0131 ki\u015finin daha sa\u011fl\u0131ks\u0131z bir ya\u015fam kalitesine sahip olmas\u0131na neden olacakt\u0131r.\n\u015eok diyet sonras\u0131nda i\u015ftah\u0131 daha \u00e7ok tetikleyerek kilo alman\u0131z\u0131 h\u0131zland\u0131racakt\u0131r.\nO nedenle bu tarz diyetlerden uzak durman\u0131z; hem sa\u011fl\u0131\u011f\u0131n\u0131z hem de ya\u015fam kalitenizi kaybetmemeniz a\u00e7\u0131s\u0131ndan \u00f6nem ta\u015f\u0131maktad\u0131r.",
    "article_html": "",
    "meta_description": "H\u0131zl\u0131 kilo vermek i\u00e7in uygulanan \u015fok diyet y\u00f6ntemleri pek \u00e7ok uzmana g\u00f6re insan sa\u011fl\u0131\u011f\u0131na \u00f6nemli zararlar vermektedir. Bu tarz diyet listeleri \u00e7e\u015fitli hastal\u0131klara yol a\u00e7maktad\u0131r. Peki \u015fok diyet neden sa\u011fl\u0131ks\u0131z? V\u00fccuda verdi\u011fi zararlar nelerdir?",
    "meta_lang": "tr"
}