{
    "article_id": "be7dccf2d09f3cd0fb7e0548428a1def.1589925929.4409492",
    "title": "Bilin\u00e7siz a\u011fr\u0131 kesici kullan\u0131m\u0131 sa\u011fl\u0131\u011f\u0131 tehdit ediyor - Haberler",
    "authors": [
        "Isvalid",
        "Yazarlar",
        "Data",
        "Name",
        "Mail",
        "Title",
        "Di\u0307\u011fer Yazarlar"
    ],
    "canonical_link": "https://www.haberturk.com/bilincsiz-agri-kesici-kullanimi-sagligi-tehdit-ediyor-haberler-2684133",
    "url": "http://haberturk.com/bilincsiz-agri-kesici-kullanimi-sagligi-tehdit-ediyor-haberler-2684133",
    "top_img": "https://im.haberturk.com/2020/05/19/ver1589868424/2684133_1200x627.jpg",
    "meta_img": "https://im.haberturk.com/2020/05/19/ver1589868424/2684133_1200x627.jpg",
    "movies": [],
    "text": "AA\n\nSa\u011fl\u0131k Bilimleri \u00dcniversitesi \u00d6\u011fretim \u00dcyesi Fiziksel T\u0131p ve Rehabilitasyon Uzman\u0131 Do\u00e7. Dr. Serdar Kesikburun, a\u011fr\u0131 kesicilerin do\u011fru kullan\u0131m\u0131na ili\u015fkin yapt\u0131\u011f\u0131 a\u00e7\u0131klamada, bu grup ila\u00e7lar\u0131n kas ve eklemler ba\u015fta olmak \u00fczere v\u00fccudun farkl\u0131 b\u00f6lgelerindeki a\u011fr\u0131lar\u0131 rahatlatmak amac\u0131yla yayg\u0131n kullan\u0131ld\u0131\u011f\u0131n\u0131 s\u00f6yledi.\n\nBu ila\u00e7lar\u0131n \"basit\" oldu\u011fu y\u00f6n\u00fcndeki alg\u0131n\u0131n yanl\u0131\u015f oldu\u011funa dikkati \u00e7eken Kesikburun, \"A\u011fr\u0131 kesicilerin \u00e7ok masum ila\u00e7lar olmad\u0131klar\u0131, bilin\u00e7siz kullan\u0131ld\u0131klar\u0131nda \u00f6nemli yan etkilere neden olabilece\u011fi bilinmelidir. Hastal\u0131\u011fa g\u00f6re uygun ilac\u0131n, uygun s\u00fcre ve dozda kullan\u0131m\u0131 olarak tan\u0131mlanabilecek ak\u0131lc\u0131 ila\u00e7 kullan\u0131m\u0131 ilkelerinin a\u011fr\u0131 kesiciler i\u00e7in uygulanmas\u0131 \u00e7ok \u00f6nemlidir.\" uyar\u0131s\u0131nda bulundu.\n\nKesikburun, birden fazla a\u011fr\u0131 kesici ila\u00e7 grubunun bulundu\u011funu anlatarak \u015fu bilgileri verdi: \"Parasetamol etken maddeli ila\u00e7lar, genelde ilk tercih olarak kullan\u0131lan nispeten g\u00fcvenli bir ila\u00e7 olup etkinli\u011fi di\u011fer a\u011fr\u0131s\u0131 kesicilere g\u00f6re daha azd\u0131r. \u00d6zellikle 75 ya\u015f \u00fcst\u00fc bireylerde di\u011fer a\u011fr\u0131 kesicilerin olumsuz etkilerinin g\u00f6r\u00fclme olas\u0131l\u0131\u011f\u0131 artt\u0131\u011f\u0131 i\u00e7in parasetamol kullan\u0131m\u0131 \u00f6nerilmektedir. Bunun yan\u0131 s\u0131ra bebe\u011fe zararl\u0131 etkilerinden dolay\u0131 gebe kad\u0131nlarda bir\u00e7ok ilac\u0131n kullan\u0131m\u0131 yasaklanm\u0131\u015fken a\u011fr\u0131 durumunda parasetamol\u00fcn al\u0131nmas\u0131 serbesttir. Ancak bu ila\u00e7lar\u0131n da y\u00fcksek dozlarda ve uzun s\u00fcre kullan\u0131m\u0131n\u0131n karaci\u011fere zarar vererek enzim y\u00fcksekliklerine neden olabilece\u011fi unutulmamal\u0131d\u0131r.\"\n\nDOZ VE S\u00dcRE DOKTOR TAVS\u0130YES\u0130YLE BEL\u0130RLENMEL\u0130\n\nParasetamol d\u0131\u015f\u0131nda en yayg\u0131n kullan\u0131lan a\u011fr\u0131 kesici grubunun ise steroid olmayan inflamasyon bask\u0131lay\u0131c\u0131 ila\u00e7lar oldu\u011funu belirten Kesikburun, \"A\u011fr\u0131 kesici etkinli\u011fi daha y\u00fcksek olan bu grupta \u00e7ok say\u0131da farkl\u0131 \u00f6zelliklere sahip ila\u00e7 bulunmaktad\u0131r. Hangi ilac\u0131n, hangi dozda ve ne kadar s\u00fcrede kullan\u0131laca\u011f\u0131 doktor tavsiyesi ile belirlenmelidir. Aksi halde mide \u00fclseri, kalp krizi riskinde art\u0131\u015f ve b\u00f6brek yetmezli\u011fi gibi ciddi istenmeyen etkileri g\u00f6r\u00fclebilir.\" diye konu\u015ftu.\n\nMide \u00fclseri olan ve mide kanama riski olan hastalarda bu grup ila\u00e7lar\u0131n, mide koruyucu ila\u00e7larla birlikte kullan\u0131lmas\u0131 gerekti\u011fine dikkati \u00e7eken Kesikburun, \"Bir ba\u015fka \u00f6nemli husus da kronik a\u011fr\u0131l\u0131 durumlarda bu ila\u00e7lar\u0131n tehlikeli \u015fekilde yan etki olas\u0131l\u0131\u011f\u0131n\u0131 art\u0131rarak uzun s\u00fcreli yanl\u0131\u015f kullan\u0131m\u0131d\u0131r. Genellikle bu ila\u00e7lar belli romatizmal hastal\u0131klar d\u0131\u015f\u0131nda doktorlar taraf\u0131ndan birka\u00e7 haftal\u0131k k\u00fcrler halinde belli s\u00fcreler i\u00e7in re\u00e7ete edilmektedir.\" ifadelerini kulland\u0131.\n\n\u0130LA\u00c7 DI\u015eINDA \u00d6NER\u0130LEN FARKLI TEDAV\u0130 UYGULAMALARI\n\nGereksiz a\u011fr\u0131 kesici kullan\u0131m\u0131n\u0131 \u00f6nlemek i\u00e7in ila\u00e7 d\u0131\u015f\u0131 farkl\u0131 tedavi stratejilerinin uygulanmas\u0131n\u0131n da faydal\u0131 olabilece\u011fini dile getiren Kesikburun, \"\u00d6rne\u011fin, a\u011fr\u0131 kesici merhemler, tablet olarak a\u011f\u0131zdan al\u0131nan a\u011fr\u0131 kesicilere g\u00f6re \u00e7ok daha g\u00fcvenli olup tercih edilebilir. Yeni ba\u015flayan akut a\u011fr\u0131larda so\u011fuk paketler, uzun zamand\u0131r var olan kronik a\u011fr\u0131larda ise s\u0131cak paketler 20 dakika s\u00fcre ile a\u011fr\u0131l\u0131 b\u00f6lge \u00fczerine konarak evde g\u00fcvenle uygulanabilir.\" dedi.\n\nKesikburun, kas ve eklem a\u011fr\u0131lar\u0131nda d\u00fczenli yap\u0131lacak tedavi edici egzersizlerin de ila\u00e7 kullan\u0131m\u0131n\u0131 azaltabildi\u011fine i\u015faret ederek a\u011fr\u0131l\u0131 b\u00f6lgeye \u00f6zel tedavi edici egzersizlerin maliyeti olmayan bir tedavi \u00f6zelli\u011fi ta\u015f\u0131d\u0131\u011f\u0131n\u0131, evde ve ofiste kolayca yap\u0131labildi\u011fini s\u00f6yledi.\n\nDo\u00e7. Dr. Kesikburun, fiziksel t\u0131p ve rehabilitasyon uzman hekimlerinin yapt\u0131\u011f\u0131 \u00e7e\u015fitli kas ve eklem enjeksiyonlar\u0131n\u0131n da a\u011fr\u0131n\u0131n giderilmesinde h\u0131zl\u0131 etki g\u00f6sterdi\u011fini belirtti.",
    "keywords": [
        "sa\u011fl\u0131\u011f\u0131",
        "kesikburun",
        "bilin\u00e7siz",
        "ila\u00e7lar\u0131n",
        "s\u00fcre",
        "ila\u00e7",
        "tedavi",
        "haberler",
        "kesici",
        "tehdit",
        "kullan\u0131m\u0131",
        "\u00e7ok",
        "ve",
        "a\u011fr\u0131",
        "ediyor",
        "bu"
    ],
    "meta_keywords": [
        ""
    ],
    "publish_date": {
        "$date": 1589868424000
    },
    "summary": "AASa\u011fl\u0131k Bilimleri \u00dcniversitesi \u00d6\u011fretim \u00dcyesi Fiziksel T\u0131p ve Rehabilitasyon Uzman\u0131 Do\u00e7.\nDr. Serdar Kesikburun, a\u011fr\u0131 kesicilerin do\u011fru kullan\u0131m\u0131na ili\u015fkin yapt\u0131\u011f\u0131 a\u00e7\u0131klamada, bu grup ila\u00e7lar\u0131n kas ve eklemler ba\u015fta olmak \u00fczere v\u00fccudun farkl\u0131 b\u00f6lgelerindeki a\u011fr\u0131lar\u0131 rahatlatmak amac\u0131yla yayg\u0131n kullan\u0131ld\u0131\u011f\u0131n\u0131 s\u00f6yledi.\nBu ila\u00e7lar\u0131n \"basit\" oldu\u011fu y\u00f6n\u00fcndeki alg\u0131n\u0131n yanl\u0131\u015f oldu\u011funa dikkati \u00e7eken Kesikburun, \"A\u011fr\u0131 kesicilerin \u00e7ok masum ila\u00e7lar olmad\u0131klar\u0131, bilin\u00e7siz kullan\u0131ld\u0131klar\u0131nda \u00f6nemli yan etkilere neden olabilece\u011fi bilinmelidir.\nHastal\u0131\u011fa g\u00f6re uygun ilac\u0131n, uygun s\u00fcre ve dozda kullan\u0131m\u0131 olarak tan\u0131mlanabilecek ak\u0131lc\u0131 ila\u00e7 kullan\u0131m\u0131 ilkelerinin a\u011fr\u0131 kesiciler i\u00e7in uygulanmas\u0131 \u00e7ok \u00f6nemlidir.\"\nuyar\u0131s\u0131nda bulundu.\nKesikburun, birden fazla a\u011fr\u0131 kesici ila\u00e7 grubunun bulundu\u011funu anlatarak \u015fu bilgileri verdi: \"Parasetamol etken maddeli ila\u00e7lar, genelde ilk tercih olarak kullan\u0131lan nispeten g\u00fcvenli bir ila\u00e7 olup etkinli\u011fi di\u011fer a\u011fr\u0131s\u0131 kesicilere g\u00f6re daha azd\u0131r.\n\u00d6zellikle 75 ya\u015f \u00fcst\u00fc bireylerde di\u011fer a\u011fr\u0131 kesicilerin olumsuz etkilerinin g\u00f6r\u00fclme olas\u0131l\u0131\u011f\u0131 artt\u0131\u011f\u0131 i\u00e7in parasetamol kullan\u0131m\u0131 \u00f6nerilmektedir.\nBunun yan\u0131 s\u0131ra bebe\u011fe zararl\u0131 etkilerinden dolay\u0131 gebe kad\u0131nlarda bir\u00e7ok ilac\u0131n kullan\u0131m\u0131 yasaklanm\u0131\u015fken a\u011fr\u0131 durumunda parasetamol\u00fcn al\u0131nmas\u0131 serbesttir.\nAncak bu ila\u00e7lar\u0131n da y\u00fcksek dozlarda ve uzun s\u00fcre kullan\u0131m\u0131n\u0131n karaci\u011fere zarar vererek enzim y\u00fcksekliklerine neden olabilece\u011fi unutulmamal\u0131d\u0131r.\"\nDOZ VE S\u00dcRE DOKTOR TAVS\u0130YES\u0130YLE BEL\u0130RLENMEL\u0130Parasetamol d\u0131\u015f\u0131nda en yayg\u0131n kullan\u0131lan a\u011fr\u0131 kesici grubunun ise steroid olmayan inflamasyon bask\u0131lay\u0131c\u0131 ila\u00e7lar oldu\u011funu belirten Kesikburun, \"A\u011fr\u0131 kesici etkinli\u011fi daha y\u00fcksek olan bu grupta \u00e7ok say\u0131da farkl\u0131 \u00f6zelliklere sahip ila\u00e7 bulunmaktad\u0131r.\nHangi ilac\u0131n, hangi dozda ve ne kadar s\u00fcrede kullan\u0131laca\u011f\u0131 doktor tavsiyesi ile belirlenmelidir.\nAksi halde mide \u00fclseri, kalp krizi riskinde art\u0131\u015f ve b\u00f6brek yetmezli\u011fi gibi ciddi istenmeyen etkileri g\u00f6r\u00fclebilir.\"\ndiye konu\u015ftu.\nMide \u00fclseri olan ve mide kanama riski olan hastalarda bu grup ila\u00e7lar\u0131n, mide koruyucu ila\u00e7larla birlikte kullan\u0131lmas\u0131 gerekti\u011fine dikkati \u00e7eken Kesikburun, \"Bir ba\u015fka \u00f6nemli husus da kronik a\u011fr\u0131l\u0131 durumlarda bu ila\u00e7lar\u0131n tehlikeli \u015fekilde yan etki olas\u0131l\u0131\u011f\u0131n\u0131 art\u0131rarak uzun s\u00fcreli yanl\u0131\u015f kullan\u0131m\u0131d\u0131r.\nGenellikle bu ila\u00e7lar belli romatizmal hastal\u0131klar d\u0131\u015f\u0131nda doktorlar taraf\u0131ndan birka\u00e7 haftal\u0131k k\u00fcrler halinde belli s\u00fcreler i\u00e7in re\u00e7ete edilmektedir.\"\nifadelerini kulland\u0131.\n\u0130LA\u00c7 DI\u015eINDA \u00d6NER\u0130LEN FARKLI TEDAV\u0130 UYGULAMALARIGereksiz a\u011fr\u0131 kesici kullan\u0131m\u0131n\u0131 \u00f6nlemek i\u00e7in ila\u00e7 d\u0131\u015f\u0131 farkl\u0131 tedavi stratejilerinin uygulanmas\u0131n\u0131n da faydal\u0131 olabilece\u011fini dile getiren Kesikburun, \"\u00d6rne\u011fin, a\u011fr\u0131 kesici merhemler, tablet olarak a\u011f\u0131zdan al\u0131nan a\u011fr\u0131 kesicilere g\u00f6re \u00e7ok daha g\u00fcvenli olup tercih edilebilir.\nYeni ba\u015flayan akut a\u011fr\u0131larda so\u011fuk paketler, uzun zamand\u0131r var olan kronik a\u011fr\u0131larda ise s\u0131cak paketler 20 dakika s\u00fcre ile a\u011fr\u0131l\u0131 b\u00f6lge \u00fczerine konarak evde g\u00fcvenle uygulanabilir.\"\nKesikburun, kas ve eklem a\u011fr\u0131lar\u0131nda d\u00fczenli yap\u0131lacak tedavi edici egzersizlerin de ila\u00e7 kullan\u0131m\u0131n\u0131 azaltabildi\u011fine i\u015faret ederek a\u011fr\u0131l\u0131 b\u00f6lgeye \u00f6zel tedavi edici egzersizlerin maliyeti olmayan bir tedavi \u00f6zelli\u011fi ta\u015f\u0131d\u0131\u011f\u0131n\u0131, evde ve ofiste kolayca yap\u0131labildi\u011fini s\u00f6yledi.\nDr. Kesikburun, fiziksel t\u0131p ve rehabilitasyon uzman hekimlerinin yapt\u0131\u011f\u0131 \u00e7e\u015fitli kas ve eklem enjeksiyonlar\u0131n\u0131n da a\u011fr\u0131n\u0131n giderilmesinde h\u0131zl\u0131 etki g\u00f6sterdi\u011fini belirtti.",
    "article_html": "",
    "meta_description": "Do\u00e7. Dr. Serdar Kesikburun, \"A\u011fr\u0131 kesicilerin \u00e7ok masum ila\u00e7lar olmad\u0131klar\u0131, bilin\u00e7siz kullan\u0131ld\u0131klar\u0131nda \u00f6nemli yan etkilere neden olabilece\u011fi bilinmelidir\" dedi",
    "meta_lang": "tr"
}