{
    "article_id": "4caa4adf135d078f73ce6369eb511c9a.1589925931.0077386",
    "title": "Bilim Kurulu \u00dcyesi Tevfik \u00d6zl\u00fc: Tedbirlere uyarsak ikinci dalgay\u0131 uyand\u0131rmay\u0131z - Haberler",
    "authors": [
        "Isvalid",
        "Yazarlar",
        "Data",
        "Name",
        "Mail",
        "Title",
        "Di\u0307\u011fer Yazarlar"
    ],
    "canonical_link": "https://www.haberturk.com/bilim-kurulu-uyesi-ozlu-tedbirlere-uyarsak-ikinci-dalgayi-uyandirmayiz-haberler-2683724",
    "url": "http://haberturk.com/bilim-kurulu-uyesi-ozlu-tedbirlere-uyarsak-ikinci-dalgayi-uyandirmayiz-haberler-2683724",
    "top_img": "https://im.haberturk.com/2020/05/18/ver1589814340/2683724_1200x627.jpg",
    "meta_img": "https://im.haberturk.com/2020/05/18/ver1589814340/2683724_1200x627.jpg",
    "movies": [],
    "text": "DHA\n\nSa\u011fl\u0131k Bakanl\u0131\u011f\u0131 Koronavir\u00fcs Bilim Kurulu \u00dcyesi ve Karadeniz Teknik \u00dcniversitesi Farabi Hastanesi G\u00f6\u011f\u00fcs Hastal\u0131klar\u0131 Uzman\u0131 Prof. Dr. Tevfik \u00d6zl\u00fc, Youtube ve Twitter hesaplar\u0131ndan yapt\u0131\u011f\u0131 videolu payla\u015f\u0131mda, T\u00fcrkiye i\u00e7in \u015fu anda ikinci dalga olas\u0131l\u0131\u011f\u0131ndan ziyade, birinci dalgay\u0131 tam olarak bitirmek \u00fczerine odaklanmak gerekti\u011fini kaydetti.\n\nProf. Dr. \u00d6zl\u00fc, \"\u00c7\u00fcnk\u00fc biz hen\u00fcz birinci dalgay\u0131 atlatm\u0131\u015f de\u011filiz, bitirmek \u00fczereyiz, iyi gidiyor. \u015eu an itibar\u0131yla e\u011fer bir gecikme olmazsa bayram sonras\u0131nda rakamlar\u0131n daha da d\u00fc\u015fece\u011fini ve kontrol\u00fcn artaca\u011f\u0131n\u0131 umuyorum\" dedi.\n\n'TERB\u0130RLER\u0130M\u0130Z\u0130 AKSATMAMALIYIZ'\n\nDHA'n\u0131n haberine g\u00f6re, Ramazan Bayram\u0131 g\u00f6z \u00f6n\u00fcne al\u0131nd\u0131\u011f\u0131nda beklenmedik bir kalabal\u0131kla\u015fman\u0131n olmas\u0131 durumunda s\u00fcrenin uzayabilece\u011fi, tekrar geriye d\u00f6n\u00fc\u015f olabilece\u011fi uyar\u0131s\u0131nda bulunan Prof. Dr. \u00d6zl\u00fc, \"Ama g\u00f6rd\u00fc\u011f\u00fcm kadar\u0131yla bug\u00fcne kadar kontroll\u00fc sosyal ya\u015fama ge\u00e7i\u015f d\u00f6neminde de \u00f6nemli \u00f6l\u00e7\u00fcde bir geriye d\u00f6n\u00fc\u015f olmad\u0131. G\u00fcnl\u00fck dalgalanmalar oldu; ama bunlar makul d\u00fczeyde \u00f6ng\u00f6r\u00fclebilir d\u00fczeyde kald\u0131. Bu da sevindirici. Bence ikinci dalga olas\u0131l\u0131\u011f\u0131 daha sonra ortaya \u00e7\u0131kacak bir risk, \u015fu anda biz birinci dalgan\u0131n bir an \u00f6nce tamamlanmas\u0131 noktas\u0131nda hepimiz gayret ediyor olmal\u0131y\u0131z. Tedbirlerimizi aksatmamal\u0131y\u0131z, bir an \u00f6nce bu s\u00fcreci bitirmeliyiz\" mesaj\u0131n\u0131 verdi.\n\n'\u0130K\u0130NC\u0130 DALGANIN KONTROL\u00dc DAHA KOLAY OLAB\u0130L\u0130R'\n\nProf. Dr. \u00d6zl\u00fc, ikinci dalga olas\u0131l\u0131\u011f\u0131n\u0131n her zaman oldu\u011funu, birinci dalgay\u0131 kontrole al\u0131p bitirmi\u015f \u00c7in, G\u00fcney Kore ve Singapur\u2019da aradan bir s\u00fcre ge\u00e7tikten sonra tekrar vakalar\u0131n g\u00f6r\u00fcld\u00fc\u011f\u00fcn\u00fc hat\u0131rlatarak, \"Ama ikinci dalga konusunda biz birinci dalgaya g\u00f6re daha donan\u0131ml\u0131, daha deneyimliyiz, daha ba\u015far\u0131l\u0131 olaca\u011f\u0131m\u0131za inan\u0131yorum. \u00c7\u00fcnk\u00fc vir\u00fcs\u00fc tan\u0131d\u0131k, onunla ba\u015fa \u00e7\u0131kabilece\u011fimizi biliyoruz, ald\u0131\u011f\u0131m\u0131z tedbirlerin i\u015fe yarad\u0131\u011f\u0131n\u0131 g\u00f6rd\u00fck, vir\u00fcs\u00fc yenebilece\u011fimizi g\u00f6rd\u00fck. Dolay\u0131s\u0131yla ikinci dalga konusunda, elbette b\u00f6yle bir olas\u0131l\u0131k var; ama onun kontrol\u00fc daha kolay olabilecektir diye d\u00fc\u015f\u00fcn\u00fcyorum\" dedi.\n\n'D\u0130KKAT ED\u0130L\u0130RSE \u0130K\u0130NC\u0130 DALGA OLMAYACAKTIR'\n\nT\u00fcrkiye'de kontroll\u00fc sosyal hayata ge\u00e7i\u015fin ikinci dalgay\u0131 ba\u015flatmayacak \u015fekilde planland\u0131\u011f\u0131n\u0131n alt\u0131n\u0131 \u00e7izen Tevfik \u00d6zl\u00fc, \"Bunlara dikkat edilirse ikinci dalga T\u00fcrkiye\u2019de olmayacakt\u0131r, olmamas\u0131 gerekir. 'Kontroll\u00fc sosyal' hayat denmesinin sebebi zaten bu. Yani ikinci dalgaya izin vermeyecek \u015fekilde tedbirler al\u0131narak normalle\u015fmeye ge\u00e7memiz laz\u0131m. Burada en \u00f6nemli \u015fey, vazge\u00e7ilmez olan \u015fey sosyal mesafenin korunmas\u0131. Her yerde her zaman her ortamda herkes i\u00e7in her ko\u015fulda vazge\u00e7ilmez olan \u015fey di\u011fer insanlarla 1-2 metrelik mesafeyi korumak, o \u00e7ok \u00f6nemli. \u0130kinci dalgadan korunmak i\u00e7in en \u00f6nemli korunma tedbiri bu\" ifadelerini kulland\u0131.\n\n'YAZIN BULA\u015eMA HIZI KES\u0130LEB\u0130L\u0130R'\n\nProf. Dr. \u00d6zl\u00fc, kalabal\u0131k alanlarda maske kullanman\u0131n ve evden d\u0131\u015far\u0131 \u00e7\u0131k\u0131\u015flar\u0131 zorunlu hallerle s\u0131n\u0131rlaman\u0131n da \u00f6nemine dikkat \u00e7ekerek, \u015funlar\u0131 s\u00f6yledi: \"Keyif i\u00e7in, e\u011flenmek, vakit ge\u00e7irmek i\u00e7in evden \u00e7\u0131karsak, bu durumda kalabal\u0131k sokaklara, caddelere, AVM\u2019lere, ma\u011fazalara de\u011fil, tenha yerlere, do\u011faya insanlar\u0131n olmad\u0131\u011f\u0131 k\u0131rsal alanlara gidip orada vakit ge\u00e7irmek, do\u011fayla hemhal olmak g\u00fcvenli olacakt\u0131r. Bunu tavsiye ederim. Tabii el hijyeni ve y\u00fczey temizli\u011fi de \u00f6nemli. \u0130yi havaland\u0131r\u0131lmayan, klimal\u0131 kapal\u0131 mekanlardan m\u00fcmk\u00fcn oldu\u011funca uzak kal\u0131nmal\u0131. Bunlar\u0131 yaparsak ikinci dalgay\u0131 uyand\u0131rmadan normal hayat\u0131m\u0131z\u0131 vir\u00fcsten geri alabilece\u011fimize inan\u0131yorum. Tabii bu bir s\u00fcre\u00e7, bizim bu \u00f6ng\u00f6r\u00fclerimiz, varsay\u0131mlar\u0131m\u0131z ko\u015fullara ba\u011fl\u0131d\u0131r. Beklenmedik bir risk ortaya \u00e7\u0131karsa bu s\u00fcre uzayabilir veya daha dikkatli olursak daha da k\u0131salabilir. Umar\u0131m \u00f6n\u00fcm\u00fczdeki g\u00fcnlerde yaz\u0131n da gelmesiyle havalar\u0131n \u0131s\u0131nmas\u0131, nemin azalmas\u0131, g\u00fcne\u015fin bol bol ultraviyolesinin vir\u00fcs\u00fc kontrol etmede etkili olmas\u0131, D vitamini sentezimizin artmas\u0131, dolay\u0131s\u0131yla bula\u015fman\u0131n da h\u0131z\u0131n\u0131n kesilece\u011fini, daha mutlu, daha umutlu g\u00fcnlere varaca\u011f\u0131m\u0131z\u0131 varsay\u0131yorum.\"",
    "keywords": [
        "tevfik",
        "i\u00e7in",
        "dalgay\u0131",
        "bir",
        "\u00fcyesi",
        "daha",
        "\u00f6nemli",
        "uyarsak",
        "haberler",
        "\u00f6zl\u00fc",
        "kurulu",
        "ve",
        "da",
        "tedbirlere",
        "uyand\u0131rmay\u0131z",
        "dalga",
        "ikinci",
        "bu"
    ],
    "meta_keywords": [
        ""
    ],
    "publish_date": {
        "$date": 1589814340000
    },
    "summary": "DHASa\u011fl\u0131k Bakanl\u0131\u011f\u0131 Koronavir\u00fcs Bilim Kurulu \u00dcyesi ve Karadeniz Teknik \u00dcniversitesi Farabi Hastanesi G\u00f6\u011f\u00fcs Hastal\u0131klar\u0131 Uzman\u0131 Prof. Dr. Tevfik \u00d6zl\u00fc, Youtube ve Twitter hesaplar\u0131ndan yapt\u0131\u011f\u0131 videolu payla\u015f\u0131mda, T\u00fcrkiye i\u00e7in \u015fu anda ikinci dalga olas\u0131l\u0131\u011f\u0131ndan ziyade, birinci dalgay\u0131 tam olarak bitirmek \u00fczerine odaklanmak gerekti\u011fini kaydetti.\nProf. Dr. \u00d6zl\u00fc, \"\u00c7\u00fcnk\u00fc biz hen\u00fcz birinci dalgay\u0131 atlatm\u0131\u015f de\u011filiz, bitirmek \u00fczereyiz, iyi gidiyor.\n\u015eu an itibar\u0131yla e\u011fer bir gecikme olmazsa bayram sonras\u0131nda rakamlar\u0131n daha da d\u00fc\u015fece\u011fini ve kontrol\u00fcn artaca\u011f\u0131n\u0131 umuyorum\" dedi.\n'TERB\u0130RLER\u0130M\u0130Z\u0130 AKSATMAMALIYIZ'DHA'n\u0131n haberine g\u00f6re, Ramazan Bayram\u0131 g\u00f6z \u00f6n\u00fcne al\u0131nd\u0131\u011f\u0131nda beklenmedik bir kalabal\u0131kla\u015fman\u0131n olmas\u0131 durumunda s\u00fcrenin uzayabilece\u011fi, tekrar geriye d\u00f6n\u00fc\u015f olabilece\u011fi uyar\u0131s\u0131nda bulunan Prof. Dr. \u00d6zl\u00fc, \"Ama g\u00f6rd\u00fc\u011f\u00fcm kadar\u0131yla bug\u00fcne kadar kontroll\u00fc sosyal ya\u015fama ge\u00e7i\u015f d\u00f6neminde de \u00f6nemli \u00f6l\u00e7\u00fcde bir geriye d\u00f6n\u00fc\u015f olmad\u0131.\nG\u00fcnl\u00fck dalgalanmalar oldu; ama bunlar makul d\u00fczeyde \u00f6ng\u00f6r\u00fclebilir d\u00fczeyde kald\u0131.\nBu da sevindirici.\nBence ikinci dalga olas\u0131l\u0131\u011f\u0131 daha sonra ortaya \u00e7\u0131kacak bir risk, \u015fu anda biz birinci dalgan\u0131n bir an \u00f6nce tamamlanmas\u0131 noktas\u0131nda hepimiz gayret ediyor olmal\u0131y\u0131z.\nTedbirlerimizi aksatmamal\u0131y\u0131z, bir an \u00f6nce bu s\u00fcreci bitirmeliyiz\" mesaj\u0131n\u0131 verdi.\n'\u0130K\u0130NC\u0130 DALGANIN KONTROL\u00dc DAHA KOLAY OLAB\u0130L\u0130R'Prof. Dr. \u00d6zl\u00fc, ikinci dalga olas\u0131l\u0131\u011f\u0131n\u0131n her zaman oldu\u011funu, birinci dalgay\u0131 kontrole al\u0131p bitirmi\u015f \u00c7in, G\u00fcney Kore ve Singapur\u2019da aradan bir s\u00fcre ge\u00e7tikten sonra tekrar vakalar\u0131n g\u00f6r\u00fcld\u00fc\u011f\u00fcn\u00fc hat\u0131rlatarak, \"Ama ikinci dalga konusunda biz birinci dalgaya g\u00f6re daha donan\u0131ml\u0131, daha deneyimliyiz, daha ba\u015far\u0131l\u0131 olaca\u011f\u0131m\u0131za inan\u0131yorum.\n\u00c7\u00fcnk\u00fc vir\u00fcs\u00fc tan\u0131d\u0131k, onunla ba\u015fa \u00e7\u0131kabilece\u011fimizi biliyoruz, ald\u0131\u011f\u0131m\u0131z tedbirlerin i\u015fe yarad\u0131\u011f\u0131n\u0131 g\u00f6rd\u00fck, vir\u00fcs\u00fc yenebilece\u011fimizi g\u00f6rd\u00fck.\nDolay\u0131s\u0131yla ikinci dalga konusunda, elbette b\u00f6yle bir olas\u0131l\u0131k var; ama onun kontrol\u00fc daha kolay olabilecektir diye d\u00fc\u015f\u00fcn\u00fcyorum\" dedi.\n'D\u0130KKAT ED\u0130L\u0130RSE \u0130K\u0130NC\u0130 DALGA OLMAYACAKTIR'T\u00fcrkiye'de kontroll\u00fc sosyal hayata ge\u00e7i\u015fin ikinci dalgay\u0131 ba\u015flatmayacak \u015fekilde planland\u0131\u011f\u0131n\u0131n alt\u0131n\u0131 \u00e7izen Tevfik \u00d6zl\u00fc, \"Bunlara dikkat edilirse ikinci dalga T\u00fcrkiye\u2019de olmayacakt\u0131r, olmamas\u0131 gerekir.\n'Kontroll\u00fc sosyal' hayat denmesinin sebebi zaten bu.\nYani ikinci dalgaya izin vermeyecek \u015fekilde tedbirler al\u0131narak normalle\u015fmeye ge\u00e7memiz laz\u0131m.\nBurada en \u00f6nemli \u015fey, vazge\u00e7ilmez olan \u015fey sosyal mesafenin korunmas\u0131.\nHer yerde her zaman her ortamda herkes i\u00e7in her ko\u015fulda vazge\u00e7ilmez olan \u015fey di\u011fer insanlarla 1-2 metrelik mesafeyi korumak, o \u00e7ok \u00f6nemli.\n\u0130kinci dalgadan korunmak i\u00e7in en \u00f6nemli korunma tedbiri bu\" ifadelerini kulland\u0131.\n'YAZIN BULA\u015eMA HIZI KES\u0130LEB\u0130L\u0130R'Prof. Dr. \u00d6zl\u00fc, kalabal\u0131k alanlarda maske kullanman\u0131n ve evden d\u0131\u015far\u0131 \u00e7\u0131k\u0131\u015flar\u0131 zorunlu hallerle s\u0131n\u0131rlaman\u0131n da \u00f6nemine dikkat \u00e7ekerek, \u015funlar\u0131 s\u00f6yledi: \"Keyif i\u00e7in, e\u011flenmek, vakit ge\u00e7irmek i\u00e7in evden \u00e7\u0131karsak, bu durumda kalabal\u0131k sokaklara, caddelere, AVM\u2019lere, ma\u011fazalara de\u011fil, tenha yerlere, do\u011faya insanlar\u0131n olmad\u0131\u011f\u0131 k\u0131rsal alanlara gidip orada vakit ge\u00e7irmek, do\u011fayla hemhal olmak g\u00fcvenli olacakt\u0131r.\nBunu tavsiye ederim.\nTabii el hijyeni ve y\u00fczey temizli\u011fi de \u00f6nemli.\n\u0130yi havaland\u0131r\u0131lmayan, klimal\u0131 kapal\u0131 mekanlardan m\u00fcmk\u00fcn oldu\u011funca uzak kal\u0131nmal\u0131.\nBunlar\u0131 yaparsak ikinci dalgay\u0131 uyand\u0131rmadan normal hayat\u0131m\u0131z\u0131 vir\u00fcsten geri alabilece\u011fimize inan\u0131yorum.\nTabii bu bir s\u00fcre\u00e7, bizim bu \u00f6ng\u00f6r\u00fclerimiz, varsay\u0131mlar\u0131m\u0131z ko\u015fullara ba\u011fl\u0131d\u0131r.\nBeklenmedik bir risk ortaya \u00e7\u0131karsa bu s\u00fcre uzayabilir veya daha dikkatli olursak daha da k\u0131salabilir.\nUmar\u0131m \u00f6n\u00fcm\u00fczdeki g\u00fcnlerde yaz\u0131n da gelmesiyle havalar\u0131n \u0131s\u0131nmas\u0131, nemin azalmas\u0131, g\u00fcne\u015fin bol bol ultraviyolesinin vir\u00fcs\u00fc kontrol etmede etkili olmas\u0131, D vitamini sentezimizin artmas\u0131, dolay\u0131s\u0131yla bula\u015fman\u0131n da h\u0131z\u0131n\u0131n kesilece\u011fini, daha mutlu, daha umutlu g\u00fcnlere varaca\u011f\u0131m\u0131z\u0131 varsay\u0131yorum.\"",
    "article_html": "",
    "meta_description": "Sa\u011fl\u0131k Bakanl\u0131\u011f\u0131 Koronavir\u00fcs Bilim Kurulu \u00dcyesi Prof. Dr. Tevfik \u00d6zl\u00fc, \"Hen\u00fcz birinci dalgay\u0131 atlatm\u0131\u015f de\u011filiz, bitirmek \u00fczereyiz, iyi gidiyor. Bayram sonras\u0131nda rakamlar\u0131n daha da d\u00fc\u015fece\u011fini ve kontrol\u00fcn artaca\u011f\u0131n\u0131 umuyorum. Tedbirlere uyarsak ikinci dalgay\u0131 uyand\u0131rmadan normal hayat\u0131m\u0131z\u0131 vir\u00fcsten geri alabilece\u011fimize inan\u0131yorum\" dedi",
    "meta_lang": "tr"
}