{
    "article_id": "6b73fb0e2db394778560ff0a9db33312.1589925933.1980767",
    "title": "S\u0131cak hava vir\u00fcs\u00fc durduracak m\u0131? Bilim Kurulu \u00dcyesi Ate\u015f Kara a\u00e7\u0131klad\u0131! - Haberler",
    "authors": [
        "Isvalid",
        "Yazarlar",
        "Data",
        "Name",
        "Mail",
        "Title",
        "Di\u0307\u011fer Yazarlar"
    ],
    "canonical_link": "https://www.haberturk.com/sicak-hava-virusu-durduracak-mi-bilim-kurulu-uyesi-ates-kara-acikladi-haberler-2682978",
    "url": "http://haberturk.com/sicak-hava-virusu-durduracak-mi-bilim-kurulu-uyesi-ates-kara-acikladi-haberler-2682978",
    "top_img": "https://im.haberturk.com/2020/05/18/ver1589799490/2682978_1200x627.jpg",
    "meta_img": "https://im.haberturk.com/2020/05/18/ver1589799490/2682978_1200x627.jpg",
    "movies": [],
    "text": "HABERTURK.COM\n\nHarvard ve Massachusetts Teknoloji Enstit\u00fcs\u00fc (MIT)'nde yap\u0131lan yeni bir \u00e7al\u0131\u015fmay\u0131 de\u011ferlendiren Sa\u011fl\u0131k Bakanl\u0131\u011f\u0131 Koronavir\u00fcs Bilim Kurulu \u00dcyesi Prof. Dr. Ate\u015f Kara, s\u0131cak havan\u0131n koronavir\u00fcs bula\u015f\u0131nda azalma sa\u011flad\u0131\u011f\u0131n\u0131 belirtti.\n\n\"\u00d6NLEMLERE DEVAM ETMEL\u0130Y\u0130Z\"\n\nProf. Dr. Ate\u015f Kara, \"Harvard ve MIT'den ara\u015ft\u0131rmac\u0131lar 25 derece \u00fczerindeki hava s\u0131cakl\u0131\u011f\u0131n\u0131n SARS-CoV-2 bula\u015f\u0131nda azalma sa\u011flad\u0131\u011f\u0131n\u0131 g\u00f6sterdi. Ancak bu hava s\u0131cakken vir\u00fcs bula\u015fmaz anlam\u0131na gelmedi\u011fi i\u00e7in \u00f6nlemlere devam etmeliyiz. Bir derece y\u00fckselme bula\u015fta y\u00fczde 3.1 azalma sa\u011fl\u0131yor\" a\u00e7\u0131klamas\u0131nda bulundu.\n\n\u2014 Ates Kara (@AtesAtesKara) May 17, 2020\n\n\"HAVA SICAKLI\u011eININ DAHA Y\u00dcKSEK OLDU\u011eU B\u00d6LGELERDE DAHA AZ BULA\u015e G\u00d6R\u00dcL\u00dcYOR\"\n\nBilim Kurulu \u00dcyesi Prof. Dr. Ate\u015f Kara, daha \u00f6nce de ABD'de yap\u0131lan hava s\u0131cakl\u0131\u011f\u0131 ile koronavir\u00fcs aras\u0131ndaki ba\u011flant\u0131y\u0131 g\u00f6zler \u00f6n\u00fcne seren bir ba\u015fka a\u00e7\u0131klamay\u0131 payla\u015fm\u0131\u015ft\u0131.\n\nProf. Dr. Kara, \"T\u00fcm d\u00fcnyay\u0131 etkileyen hastal\u0131\u011f\u0131n ad\u0131 COVID-19, neden olan ise koronavir\u00fcs ve onun da ad\u0131 SARs-CoV-2. ABD, Maryland \u00dcniversitesi ara\u015ft\u0131rmac\u0131lar\u0131, SARS-CoV-2'nin, mevsimsel \u00f6zellik g\u00f6sterece\u011fini a\u00e7\u0131klad\u0131. Hastal\u0131\u011f\u0131n en yo\u011fun olarak g\u00f6r\u00fcld\u00fc\u011f\u00fc siyah halkalar \u015feklindeki \u015fehirlerde s\u0131cakl\u0131\u011f\u0131n 5 - 11 derece ve y\u00fczde 50 - 80 nem oran\u0131na sahip oldu\u011funda art\u0131\u015f oldu\u011funu tespit etti. Hava s\u0131cakl\u0131\u011f\u0131n\u0131n daha y\u00fcksek oldu\u011fu ve nem oran\u0131n\u0131n da y\u00fcksek oldu\u011fu b\u00f6lgelerde daha az bula\u015f g\u00f6r\u00fcl\u00fcyor. Havalar\u0131n \u0131s\u0131nmas\u0131yla bula\u015ft\u0131r\u0131c\u0131l\u0131\u011f\u0131n azalaca\u011f\u0131 \u00f6ng\u00f6r\u00fcs\u00fcn\u00fc destekleyen bu veriler bizim i\u00e7in g\u00fczel haber, ancak iklim tek etken de\u011fil, l\u00fctfen evde olal\u0131m\" demi\u015fti.",
    "keywords": [
        "hava",
        "dr",
        "oldu\u011fu",
        "\u00fcyesi",
        "vir\u00fcs\u00fc",
        "daha",
        "bir",
        "haberler",
        "s\u0131cak",
        "koronavir\u00fcs",
        "derece",
        "kurulu",
        "kara",
        "durduracak",
        "bilim",
        "ve",
        "y\u00fcksek",
        "m\u0131"
    ],
    "meta_keywords": [
        ""
    ],
    "publish_date": {
        "$date": 1589799490000
    },
    "summary": "HABERTURK.COMHarvard ve Massachusetts Teknoloji Enstit\u00fcs\u00fc (MIT)'nde yap\u0131lan yeni bir \u00e7al\u0131\u015fmay\u0131 de\u011ferlendiren Sa\u011fl\u0131k Bakanl\u0131\u011f\u0131 Koronavir\u00fcs Bilim Kurulu \u00dcyesi Prof. Dr. Ate\u015f Kara, s\u0131cak havan\u0131n koronavir\u00fcs bula\u015f\u0131nda azalma sa\u011flad\u0131\u011f\u0131n\u0131 belirtti.\n\"\u00d6NLEMLERE DEVAM ETMEL\u0130Y\u0130Z\"Prof. Dr. Ate\u015f Kara, \"Harvard ve MIT'den ara\u015ft\u0131rmac\u0131lar 25 derece \u00fczerindeki hava s\u0131cakl\u0131\u011f\u0131n\u0131n SARS-CoV-2 bula\u015f\u0131nda azalma sa\u011flad\u0131\u011f\u0131n\u0131 g\u00f6sterdi.\nAncak bu hava s\u0131cakken vir\u00fcs bula\u015fmaz anlam\u0131na gelmedi\u011fi i\u00e7in \u00f6nlemlere devam etmeliyiz.\nBir derece y\u00fckselme bula\u015fta y\u00fczde 3.1 azalma sa\u011fl\u0131yor\" a\u00e7\u0131klamas\u0131nda bulundu.\n\u2014 Ates Kara (@AtesAtesKara) May 17, 2020\"HAVA SICAKLI\u011eININ DAHA Y\u00dcKSEK OLDU\u011eU B\u00d6LGELERDE DAHA AZ BULA\u015e G\u00d6R\u00dcL\u00dcYOR\"Bilim Kurulu \u00dcyesi Prof. Dr. Ate\u015f Kara, daha \u00f6nce de ABD'de yap\u0131lan hava s\u0131cakl\u0131\u011f\u0131 ile koronavir\u00fcs aras\u0131ndaki ba\u011flant\u0131y\u0131 g\u00f6zler \u00f6n\u00fcne seren bir ba\u015fka a\u00e7\u0131klamay\u0131 payla\u015fm\u0131\u015ft\u0131.\nProf. Dr. Kara, \"T\u00fcm d\u00fcnyay\u0131 etkileyen hastal\u0131\u011f\u0131n ad\u0131 COVID-19, neden olan ise koronavir\u00fcs ve onun da ad\u0131 SARs-CoV-2.\nABD, Maryland \u00dcniversitesi ara\u015ft\u0131rmac\u0131lar\u0131, SARS-CoV-2'nin, mevsimsel \u00f6zellik g\u00f6sterece\u011fini a\u00e7\u0131klad\u0131.\nHastal\u0131\u011f\u0131n en yo\u011fun olarak g\u00f6r\u00fcld\u00fc\u011f\u00fc siyah halkalar \u015feklindeki \u015fehirlerde s\u0131cakl\u0131\u011f\u0131n 5 - 11 derece ve y\u00fczde 50 - 80 nem oran\u0131na sahip oldu\u011funda art\u0131\u015f oldu\u011funu tespit etti.\nHava s\u0131cakl\u0131\u011f\u0131n\u0131n daha y\u00fcksek oldu\u011fu ve nem oran\u0131n\u0131n da y\u00fcksek oldu\u011fu b\u00f6lgelerde daha az bula\u015f g\u00f6r\u00fcl\u00fcyor.\nHavalar\u0131n \u0131s\u0131nmas\u0131yla bula\u015ft\u0131r\u0131c\u0131l\u0131\u011f\u0131n azalaca\u011f\u0131 \u00f6ng\u00f6r\u00fcs\u00fcn\u00fc destekleyen bu veriler bizim i\u00e7in g\u00fczel haber, ancak iklim tek etken de\u011fil, l\u00fctfen evde olal\u0131m\" demi\u015fti.",
    "article_html": "",
    "meta_description": "Prof. Dr. Ate\u015f Kara, \"Harvard ve MIT'den ara\u015ft\u0131rmac\u0131lar 25 derece \u00fczerindeki hava s\u0131cakl\u0131\u011f\u0131n\u0131n SARS-CoV-2 bula\u015f\u0131nda azalma sa\u011flad\u0131\u011f\u0131n\u0131 g\u00f6sterdi. Ancak bu hava s\u0131cakken vir\u00fcs bula\u015fmaz anlam\u0131na gelmedi\u011fi i\u00e7in \u00f6nlemlere devam etmeliyiz. Bir derece y\u00fckselme bula\u015fta y\u00fczde 3.1 azalma sa\u011fl\u0131yor\" diye konu\u015ftu",
    "meta_lang": "tr"
}