{
    "article_id": "58f84319af35874674c9bb4a9f81ae50.1589925934.357451",
    "title": "Uzmanlardan salg\u0131n travmas\u0131ndan korunmada ki\u015fisel bak\u0131m uyar\u0131s\u0131 - Haberler",
    "authors": [
        "Isvalid",
        "Yazarlar",
        "Data",
        "Name",
        "Mail",
        "Title",
        "Di\u0307\u011fer Yazarlar"
    ],
    "canonical_link": "https://www.haberturk.com/uzmanlardan-salgin-travmasindan-korunmada-kisisel-bakim-uyarisi-haberler-2682967",
    "url": "http://haberturk.com/uzmanlardan-salgin-travmasindan-korunmada-kisisel-bakim-uyarisi-haberler-2682967",
    "top_img": "https://im.haberturk.com/2020/05/18/ver1589782237/2682967_1200x627.jpg",
    "meta_img": "https://im.haberturk.com/2020/05/18/ver1589782237/2682967_1200x627.jpg",
    "movies": [],
    "text": "AA\n\nRuh Sa\u011fl\u0131\u011f\u0131 ve Hastal\u0131klar\u0131 Uzman\u0131 Dr. Pervin Sevda B\u0131kmaz, bu d\u00f6nemde kitlesel travmatik bir deneyimden ge\u00e7ildi\u011fini belirterek, vatanda\u015flar\u0131n beden sa\u011fl\u0131klar\u0131n\u0131 koruduklar\u0131 gibi ruh sa\u011fl\u0131klar\u0131n\u0131 da korumalar\u0131 gerekti\u011fini s\u00f6yledi.\n\nSalg\u0131n nedeniyle evde kalma s\u00fcrelerinin artt\u0131\u011f\u0131n\u0131 vurgulayan B\u0131kmaz, \"Ge\u00e7mi\u015f ya\u015fam deneyimlerimiz, mevcut ya\u015fam ko\u015fullar\u0131m\u0131z, duyarl\u0131l\u0131klar\u0131m\u0131z, k\u0131r\u0131lganl\u0131klar\u0131m\u0131z, fiziksel ve duygusal bak\u0131m ve destek mekanizmalar\u0131m\u0131z bedensel direncimizi oldu\u011fu kadar ruhsal direncimizi de etkiler. Dolay\u0131s\u0131yla bu s\u00fcre\u00e7 travmatik deneyimlere d\u00f6n\u00fc\u015febilir\" dedi.\n\nB\u0131kmaz, travman\u0131n, d\u0131\u015f d\u00fcnyadan gelerek, tolerans s\u0131n\u0131r\u0131n\u0131, ba\u015f etme kapasitesini a\u015fan zorlay\u0131c\u0131, \u00f6rseleyici olay ve durumlarla, \u015fiddetli bir duygusal y\u00fckle i\u00e7 d\u00fcnyay\u0131 sarst\u0131\u011f\u0131n\u0131 ifade ederek, g\u00fcvende hissetmenin, yeterli korunma ve ekipmana sahip olman\u0131n, do\u011fru bilgilerden haberdarl\u0131k durumu ile yak\u0131n duygusal ili\u015fkilerin koruyucu fakt\u00f6rler oldu\u011funu kaydetti.\n\n\"B\u0130R\u00c7OK \u0130NSANDA RUHSAL BOZUKLUKLAR ARTI\u015e G\u00d6STERD\u0130\"\n\nB\u0131kmaz, herkesin salg\u0131n\u0131n yaratt\u0131\u011f\u0131 bu travmatik deneyimden etkilenme e\u015fi\u011finin, ba\u015f etme bi\u00e7iminin ve kapasitesinin farkl\u0131l\u0131k g\u00f6sterdi\u011fini, bu durumdan kurtulman\u0131n en \u00f6nemli unsurunun bireyin yol haritas\u0131 oldu\u011funu aktard\u0131.\n\nSalg\u0131n nedeniyle insanlar\u0131n \u00e7al\u0131\u015fma ve ya\u015fam ko\u015fullar\u0131n\u0131n b\u00fcy\u00fck \u00f6l\u00e7\u00fcde de\u011fi\u015fti\u011fini hat\u0131rlatan B\u0131kmaz, \u015f\u00f6yle konu\u015ftu: \"Al\u0131\u015fk\u0131n oldu\u011fumuz, yo\u011fun sosyal temas i\u00e7eren y\u00fcz y\u00fcze i\u015flerimizi online ve telefon gibi k\u0131smi \u00e7al\u0131\u015fma modellerine d\u00f6n\u00fc\u015ft\u00fcrd\u00fck. \u0130\u015f yeri kavram\u0131 \u00e7o\u011fumuz i\u00e7in \u00e7ok gerilerde kald\u0131. \u0130\u015fler zamans\u0131zla\u015ft\u0131, i\u015f yerleri mekans\u0131zla\u015ft\u0131. Evden \u00e7al\u0131\u015f\u0131r olduk. Bu h\u0131zl\u0131 d\u00f6n\u00fc\u015f\u00fcm\u00fcn \u00e7ok y\u00f6nl\u00fc etkileri oldu ve olmaya devam ediyor. Bu s\u00fcre\u00e7te bir\u00e7ok insanda, depresyon, panik atak, kayg\u0131 bozukluklar\u0131, a\u011fr\u0131 bozukluklar\u0131, travma sonras\u0131 stres bozuklu\u011fu gibi ruhsal sorunlarda art\u0131\u015f g\u00f6r\u00fclmekte. Bu t\u00fcr ruhsal durumlar \u00f6zellikle bireyin salg\u0131ndan sonraki hayat\u0131 i\u00e7in b\u00fcy\u00fck \u00f6nem te\u015fkil ediyor.\"\n\nG\u00dcNL\u00dcK RUT\u0130NLER\u0130 KORUYARAK, BEL\u0130RS\u0130ZL\u0130KTEN VE KARMA\u015eADAN KURTULUN\n\nSalg\u0131n s\u00fcrecinde ki\u015finin ruhsal yap\u0131s\u0131n\u0131 korumas\u0131n\u0131n yol haritas\u0131n\u0131 anlatan B\u0131kmaz, g\u00fcnl\u00fck rutinleri s\u00fcrd\u00fcrmenin, belirsizlikten ve karma\u015fadan korunmak i\u00e7in \u00f6nemli oldu\u011funu dile getirdi.\n\nB\u0131kmaz, rutin olu\u015fturman\u0131n temelinde uyku d\u00fczenine sad\u0131k kal\u0131nmas\u0131n\u0131n yatt\u0131\u011f\u0131n\u0131 belirterek, \u015f\u00f6yle devam etti: \"\u0130yi ve d\u00fczenli uyku stresle ba\u015fa \u00e7\u0131kmaya yard\u0131mc\u0131 olur. Sabahlar\u0131 erken uyanmaya devam edin. Online \u00e7al\u0131\u015fmalar\u0131n\u0131zda mesai ve hafta sonu tatili mefhumuna sad\u0131k kalmaya \u00f6zen g\u00f6sterin. Her ne kadar evde olsan\u0131z da en az bir saatlik \u00f6\u011fle aras\u0131 verin. Yak\u0131n ge\u00e7mi\u015fte kulland\u0131\u011f\u0131m\u0131z, 'Eve i\u015f getirmeme' tavsiyeleri ge\u00e7erlili\u011fini yitirse de ki\u015fisel hayat\u0131n\u0131za alan ay\u0131r\u0131n. M\u00fcmk\u00fcnse ak\u015fam \u00fczeri \u00e7al\u0131\u015fmalar\u0131n\u0131z\u0131 sonland\u0131r\u0131n, geceye i\u015f b\u0131rakmay\u0131n. Kalan i\u015flerinizi sabah tamamlamay\u0131 hedefleyin. Evden \u00e7al\u0131\u015fma s\u00fcrecinde dikkat edilmesi gereken di\u011fer bir konu da yeme al\u0131\u015fkanl\u0131klar\u0131. Bu s\u00fcre\u00e7te yeme al\u0131\u015fkanl\u0131klar\u0131nda de\u011fi\u015fimler olabilmekte. \u0130nsanlar oldu\u011fundan fazla yiyecek, at\u0131\u015ft\u0131rmal\u0131k t\u00fcketme e\u011filimindeler. Bu durum biraz da yiyecek kaynaklar\u0131na yak\u0131n olmakla, zulalar bulundurmakla ili\u015fkili. \u00d6\u011f\u00fcn mant\u0131\u011f\u0131na sad\u0131k kal\u0131n. M\u00fcmk\u00fcnse i\u015flerinizi mutfaktan y\u00fcr\u00fctmeyin. Yemek masas\u0131 ile \u00e7al\u0131\u015fma masas\u0131n\u0131n ta\u015f\u0131d\u0131\u011f\u0131 anlamlar, zihnimizdeki kar\u015f\u0131l\u0131klar\u0131 ve davran\u0131\u015flar\u0131m\u0131z \u00fczerinde yaratacaklar\u0131 etkiler birbirinden farkl\u0131d\u0131r.\"\n\nPANDEM\u0130 S\u00dcREC\u0130NDE K\u0130\u015e\u0130SEL BAKIMINIZI \u0130HMAL ETMEY\u0130N\n\nSosyal temas\u0131n az olmas\u0131 nedeniyle insanlar\u0131n \u00f6z bak\u0131m al\u0131\u015fkanl\u0131klar\u0131nda da de\u011fi\u015fikliklerin oldu\u011funu anlatan Uzman Dr. B\u0131kmaz, bu s\u00fcre\u00e7te insanlar\u0131n \u00f6z bak\u0131mlar\u0131na daha az \u00f6nem g\u00f6sterdi\u011fini s\u00f6yledi.\n\nB\u0131kmaz, \u00f6z bak\u0131m\u0131n, \u00f6z sayg\u0131, \u00f6z de\u011ferlilik ve \u00f6znel iyi olu\u015fla yak\u0131ndan ili\u015fkili oldu\u011funu dile getirerek, \u015f\u00f6yle konu\u015ftu: \"Her ko\u015fulda asgari \u00f6z bak\u0131m\u0131n\u0131z\u0131 sa\u011flay\u0131n; \u00f6rne\u011fin d\u00fczenli olarak du\u015funuzu al\u0131n, t\u0131ra\u015f\u0131n\u0131z\u0131 olun, temiz k\u0131yafetler giyinin. Fiziksel ve duygusal bak\u0131m en temel ihtiya\u00e7lar\u0131m\u0131zd\u0131r. Evde rahat k\u0131yafetler giymek elbette \u00e7o\u011fu insan\u0131n tercih etti\u011fi bir durum. Ancak i\u015f yaparken giyiminize \u00f6zen g\u00f6sterin. Pijamalar\u0131n\u0131zla i\u015f yapmay\u0131n. 'Pijama' tasar\u0131m\u0131 zihnimizde uyku, yatak ve dinlenmeyle ilgili ba\u011flant\u0131lar i\u00e7erir. Son olarak rutinleri korumak yetmez yeni rutinler olu\u015fturun. Keyif ald\u0131\u011f\u0131n\u0131z u\u011fra\u015f\u0131lar\u0131 rutininizin bir par\u00e7as\u0131 haline d\u00f6n\u00fc\u015ft\u00fcr\u00fcn. Hobiniz yoksa edinmek i\u00e7in hala iyi bir f\u0131rsat\u0131n\u0131z var. Egzersiz yapm\u0131yorsan\u0131z ba\u015flayabilirsiniz. Hep merak etti\u011finiz ancak f\u0131rsat bulamad\u0131\u011f\u0131n\u0131z konular\u0131 ara\u015ft\u0131rabilirsiniz. \u00d6rne\u011fin derin denizlerdeki ya\u015fam formlar\u0131, grup i\u00e7inde insan davran\u0131\u015flar\u0131, Eflatun'un ma\u011fara alegorisi\u2026 gibi. Bunlar\u0131 '\u00f6teki'lere g\u00f6stermek i\u00e7in de\u011fil kendiniz i\u00e7in yap\u0131n. Keyif ald\u0131\u011f\u0131n\u0131z, size iyi gelen, sizin i\u00e7in ger\u00e7ek bir anlam\u0131 olan u\u011fra\u015flar\u0131 ke\u015ffedin. Ya\u015fad\u0131\u011f\u0131m\u0131z kitlesel travmada onar\u0131c\u0131 olan kay\u0131plar\u0131m\u0131z\u0131n kabul\u00fc ve b\u00fct\u00fcn bunlar kolektif bir ac\u0131ya d\u00f6n\u00fc\u015fmeden yas\u0131n\u0131n tutulmas\u0131d\u0131r. Kay\u0131plar\u0131m\u0131z\u0131n geride b\u0131rakt\u0131\u011f\u0131 eksikli\u011fin izlerini, i\u00e7 d\u00fcnyam\u0131z\u0131, uygarl\u0131\u011f\u0131 ve gelece\u011fi onarabilmemiz ancak her birimizin kendisinde ke\u015ffedece\u011fi ruhsal panzehirle m\u00fcmk\u00fcn olacak.\"",
    "keywords": [
        "salg\u0131n",
        "korunmada",
        "i\u00e7in",
        "\u00f6z",
        "b\u0131kmaz",
        "bir",
        "bak\u0131m",
        "oldu\u011funu",
        "uyar\u0131s\u0131",
        "i\u015f",
        "ki\u015fisel",
        "haberler",
        "ve",
        "da",
        "uzmanlardan",
        "ruhsal",
        "travmas\u0131ndan",
        "bu"
    ],
    "meta_keywords": [
        ""
    ],
    "publish_date": {
        "$date": 1589782237000
    },
    "summary": "AARuh Sa\u011fl\u0131\u011f\u0131 ve Hastal\u0131klar\u0131 Uzman\u0131 Dr. Pervin Sevda B\u0131kmaz, bu d\u00f6nemde kitlesel travmatik bir deneyimden ge\u00e7ildi\u011fini belirterek, vatanda\u015flar\u0131n beden sa\u011fl\u0131klar\u0131n\u0131 koruduklar\u0131 gibi ruh sa\u011fl\u0131klar\u0131n\u0131 da korumalar\u0131 gerekti\u011fini s\u00f6yledi.\nSalg\u0131n nedeniyle evde kalma s\u00fcrelerinin artt\u0131\u011f\u0131n\u0131 vurgulayan B\u0131kmaz, \"Ge\u00e7mi\u015f ya\u015fam deneyimlerimiz, mevcut ya\u015fam ko\u015fullar\u0131m\u0131z, duyarl\u0131l\u0131klar\u0131m\u0131z, k\u0131r\u0131lganl\u0131klar\u0131m\u0131z, fiziksel ve duygusal bak\u0131m ve destek mekanizmalar\u0131m\u0131z bedensel direncimizi oldu\u011fu kadar ruhsal direncimizi de etkiler.\nDolay\u0131s\u0131yla bu s\u00fcre\u00e7 travmatik deneyimlere d\u00f6n\u00fc\u015febilir\" dedi.\nB\u0131kmaz, travman\u0131n, d\u0131\u015f d\u00fcnyadan gelerek, tolerans s\u0131n\u0131r\u0131n\u0131, ba\u015f etme kapasitesini a\u015fan zorlay\u0131c\u0131, \u00f6rseleyici olay ve durumlarla, \u015fiddetli bir duygusal y\u00fckle i\u00e7 d\u00fcnyay\u0131 sarst\u0131\u011f\u0131n\u0131 ifade ederek, g\u00fcvende hissetmenin, yeterli korunma ve ekipmana sahip olman\u0131n, do\u011fru bilgilerden haberdarl\u0131k durumu ile yak\u0131n duygusal ili\u015fkilerin koruyucu fakt\u00f6rler oldu\u011funu kaydetti.\n\"B\u0130R\u00c7OK \u0130NSANDA RUHSAL BOZUKLUKLAR ARTI\u015e G\u00d6STERD\u0130\"B\u0131kmaz, herkesin salg\u0131n\u0131n yaratt\u0131\u011f\u0131 bu travmatik deneyimden etkilenme e\u015fi\u011finin, ba\u015f etme bi\u00e7iminin ve kapasitesinin farkl\u0131l\u0131k g\u00f6sterdi\u011fini, bu durumdan kurtulman\u0131n en \u00f6nemli unsurunun bireyin yol haritas\u0131 oldu\u011funu aktard\u0131.\nSalg\u0131n nedeniyle insanlar\u0131n \u00e7al\u0131\u015fma ve ya\u015fam ko\u015fullar\u0131n\u0131n b\u00fcy\u00fck \u00f6l\u00e7\u00fcde de\u011fi\u015fti\u011fini hat\u0131rlatan B\u0131kmaz, \u015f\u00f6yle konu\u015ftu: \"Al\u0131\u015fk\u0131n oldu\u011fumuz, yo\u011fun sosyal temas i\u00e7eren y\u00fcz y\u00fcze i\u015flerimizi online ve telefon gibi k\u0131smi \u00e7al\u0131\u015fma modellerine d\u00f6n\u00fc\u015ft\u00fcrd\u00fck.\n\u0130\u015f yeri kavram\u0131 \u00e7o\u011fumuz i\u00e7in \u00e7ok gerilerde kald\u0131.\n\u0130\u015fler zamans\u0131zla\u015ft\u0131, i\u015f yerleri mekans\u0131zla\u015ft\u0131.\nEvden \u00e7al\u0131\u015f\u0131r olduk.\nBu h\u0131zl\u0131 d\u00f6n\u00fc\u015f\u00fcm\u00fcn \u00e7ok y\u00f6nl\u00fc etkileri oldu ve olmaya devam ediyor.\nBu s\u00fcre\u00e7te bir\u00e7ok insanda, depresyon, panik atak, kayg\u0131 bozukluklar\u0131, a\u011fr\u0131 bozukluklar\u0131, travma sonras\u0131 stres bozuklu\u011fu gibi ruhsal sorunlarda art\u0131\u015f g\u00f6r\u00fclmekte.\nBu t\u00fcr ruhsal durumlar \u00f6zellikle bireyin salg\u0131ndan sonraki hayat\u0131 i\u00e7in b\u00fcy\u00fck \u00f6nem te\u015fkil ediyor.\"\nG\u00dcNL\u00dcK RUT\u0130NLER\u0130 KORUYARAK, BEL\u0130RS\u0130ZL\u0130KTEN VE KARMA\u015eADAN KURTULUNSalg\u0131n s\u00fcrecinde ki\u015finin ruhsal yap\u0131s\u0131n\u0131 korumas\u0131n\u0131n yol haritas\u0131n\u0131 anlatan B\u0131kmaz, g\u00fcnl\u00fck rutinleri s\u00fcrd\u00fcrmenin, belirsizlikten ve karma\u015fadan korunmak i\u00e7in \u00f6nemli oldu\u011funu dile getirdi.\nB\u0131kmaz, rutin olu\u015fturman\u0131n temelinde uyku d\u00fczenine sad\u0131k kal\u0131nmas\u0131n\u0131n yatt\u0131\u011f\u0131n\u0131 belirterek, \u015f\u00f6yle devam etti: \"\u0130yi ve d\u00fczenli uyku stresle ba\u015fa \u00e7\u0131kmaya yard\u0131mc\u0131 olur.\nSabahlar\u0131 erken uyanmaya devam edin.\nOnline \u00e7al\u0131\u015fmalar\u0131n\u0131zda mesai ve hafta sonu tatili mefhumuna sad\u0131k kalmaya \u00f6zen g\u00f6sterin.\nHer ne kadar evde olsan\u0131z da en az bir saatlik \u00f6\u011fle aras\u0131 verin.\nYak\u0131n ge\u00e7mi\u015fte kulland\u0131\u011f\u0131m\u0131z, 'Eve i\u015f getirmeme' tavsiyeleri ge\u00e7erlili\u011fini yitirse de ki\u015fisel hayat\u0131n\u0131za alan ay\u0131r\u0131n.\nM\u00fcmk\u00fcnse ak\u015fam \u00fczeri \u00e7al\u0131\u015fmalar\u0131n\u0131z\u0131 sonland\u0131r\u0131n, geceye i\u015f b\u0131rakmay\u0131n.\nKalan i\u015flerinizi sabah tamamlamay\u0131 hedefleyin.\nEvden \u00e7al\u0131\u015fma s\u00fcrecinde dikkat edilmesi gereken di\u011fer bir konu da yeme al\u0131\u015fkanl\u0131klar\u0131.\nBu s\u00fcre\u00e7te yeme al\u0131\u015fkanl\u0131klar\u0131nda de\u011fi\u015fimler olabilmekte.\n\u0130nsanlar oldu\u011fundan fazla yiyecek, at\u0131\u015ft\u0131rmal\u0131k t\u00fcketme e\u011filimindeler.\nBu durum biraz da yiyecek kaynaklar\u0131na yak\u0131n olmakla, zulalar bulundurmakla ili\u015fkili.\n\u00d6\u011f\u00fcn mant\u0131\u011f\u0131na sad\u0131k kal\u0131n.\nM\u00fcmk\u00fcnse i\u015flerinizi mutfaktan y\u00fcr\u00fctmeyin.\nYemek masas\u0131 ile \u00e7al\u0131\u015fma masas\u0131n\u0131n ta\u015f\u0131d\u0131\u011f\u0131 anlamlar, zihnimizdeki kar\u015f\u0131l\u0131klar\u0131 ve davran\u0131\u015flar\u0131m\u0131z \u00fczerinde yaratacaklar\u0131 etkiler birbirinden farkl\u0131d\u0131r.\"\nPANDEM\u0130 S\u00dcREC\u0130NDE K\u0130\u015e\u0130SEL BAKIMINIZI \u0130HMAL ETMEY\u0130NSosyal temas\u0131n az olmas\u0131 nedeniyle insanlar\u0131n \u00f6z bak\u0131m al\u0131\u015fkanl\u0131klar\u0131nda da de\u011fi\u015fikliklerin oldu\u011funu anlatan Uzman Dr. B\u0131kmaz, bu s\u00fcre\u00e7te insanlar\u0131n \u00f6z bak\u0131mlar\u0131na daha az \u00f6nem g\u00f6sterdi\u011fini s\u00f6yledi.\nB\u0131kmaz, \u00f6z bak\u0131m\u0131n, \u00f6z sayg\u0131, \u00f6z de\u011ferlilik ve \u00f6znel iyi olu\u015fla yak\u0131ndan ili\u015fkili oldu\u011funu dile getirerek, \u015f\u00f6yle konu\u015ftu: \"Her ko\u015fulda asgari \u00f6z bak\u0131m\u0131n\u0131z\u0131 sa\u011flay\u0131n; \u00f6rne\u011fin d\u00fczenli olarak du\u015funuzu al\u0131n, t\u0131ra\u015f\u0131n\u0131z\u0131 olun, temiz k\u0131yafetler giyinin.\nFiziksel ve duygusal bak\u0131m en temel ihtiya\u00e7lar\u0131m\u0131zd\u0131r.\nEvde rahat k\u0131yafetler giymek elbette \u00e7o\u011fu insan\u0131n tercih etti\u011fi bir durum.\nAncak i\u015f yaparken giyiminize \u00f6zen g\u00f6sterin.\nPijamalar\u0131n\u0131zla i\u015f yapmay\u0131n.\n'Pijama' tasar\u0131m\u0131 zihnimizde uyku, yatak ve dinlenmeyle ilgili ba\u011flant\u0131lar i\u00e7erir.\nSon olarak rutinleri korumak yetmez yeni rutinler olu\u015fturun.\nKeyif ald\u0131\u011f\u0131n\u0131z u\u011fra\u015f\u0131lar\u0131 rutininizin bir par\u00e7as\u0131 haline d\u00f6n\u00fc\u015ft\u00fcr\u00fcn.\nHobiniz yoksa edinmek i\u00e7in hala iyi bir f\u0131rsat\u0131n\u0131z var.\nEgzersiz yapm\u0131yorsan\u0131z ba\u015flayabilirsiniz.\nHep merak etti\u011finiz ancak f\u0131rsat bulamad\u0131\u011f\u0131n\u0131z konular\u0131 ara\u015ft\u0131rabilirsiniz.\n\u00d6rne\u011fin derin denizlerdeki ya\u015fam formlar\u0131, grup i\u00e7inde insan davran\u0131\u015flar\u0131, Eflatun'un ma\u011fara alegorisi\u2026 gibi.\nBunlar\u0131 '\u00f6teki'lere g\u00f6stermek i\u00e7in de\u011fil kendiniz i\u00e7in yap\u0131n.\nKeyif ald\u0131\u011f\u0131n\u0131z, size iyi gelen, sizin i\u00e7in ger\u00e7ek bir anlam\u0131 olan u\u011fra\u015flar\u0131 ke\u015ffedin.\nYa\u015fad\u0131\u011f\u0131m\u0131z kitlesel travmada onar\u0131c\u0131 olan kay\u0131plar\u0131m\u0131z\u0131n kabul\u00fc ve b\u00fct\u00fcn bunlar kolektif bir ac\u0131ya d\u00f6n\u00fc\u015fmeden yas\u0131n\u0131n tutulmas\u0131d\u0131r.\nKay\u0131plar\u0131m\u0131z\u0131n geride b\u0131rakt\u0131\u011f\u0131 eksikli\u011fin izlerini, i\u00e7 d\u00fcnyam\u0131z\u0131, uygarl\u0131\u011f\u0131 ve gelece\u011fi onarabilmemiz ancak her birimizin kendisinde ke\u015ffedece\u011fi ruhsal panzehirle m\u00fcmk\u00fcn olacak.\"",
    "article_html": "",
    "meta_description": "Ruh Sa\u011fl\u0131\u011f\u0131 ve Hastal\u0131klar\u0131 Uzman\u0131 Dr. B\u0131kmaz, Kovid-19 tedbirleri kapsam\u0131nda uzun s\u00fcre evde vakit ge\u00e7irenlere travmadan korunmas\u0131 i\u00e7in \u00f6nerilerde bulunarak, \u00f6z bak\u0131m\u0131n ki\u015fiye kendisini iyi hissettirmesi a\u00e7\u0131s\u0131ndan \u00f6nemli oldu\u011funu vurgulad\u0131",
    "meta_lang": "tr"
}