{
    "article_id": "991519b7b8f749699dce10f41c2dfc26.1589925984.6980326",
    "title": "Pembe Rota ile 10 bin kad\u0131na \u00fccretsiz muayene",
    "authors": [
        "Isvalid",
        "Yazarlar",
        "Data",
        "Name",
        "Mail",
        "Title",
        "Di\u0307\u011fer Yazarlar"
    ],
    "canonical_link": "https://www.haberturk.com/pembe-rota-ile-10-bin-kadina-ucretsiz-muayene-2679465",
    "url": "http://haberturk.com/pembe-rota-ile-10-bin-kadina-ucretsiz-muayene-2679465",
    "top_img": "https://im.haberturk.com/2020/05/14/ver1589463822/2679465_1200x627.jpg",
    "meta_img": "https://im.haberturk.com/2020/05/14/ver1589463822/2679465_1200x627.jpg",
    "movies": [],
    "text": "HABERTURK.COM\n\nKanser toplumsal fark\u0131ndal\u0131\u011f\u0131 olduk\u00e7a y\u00fcksek bir hastal\u0131k fakat kanser tan\u0131s\u0131 konan bir hastan\u0131n \u00f6n\u00fcnde destek almas\u0131 gereken bir s\u00fcre\u00e7 beliriyor. Bu s\u00fcre\u00e7te hem bilgilendirmenin hem de bu hastal\u0131kla m\u00fccadele etmi\u015f ki\u015filerin ba\u015far\u0131lar\u0131 tan\u0131 konan ki\u015fi i\u00e7in b\u00fcy\u00fck moral ve motivasyon kayna\u011f\u0131 oluyor.\n\n\"TEDAV\u0130 \u0130MKANI BULUNMAYAN K\u0130\u015e\u0130LERE DESTEK OLMAYI AMA\u00c7LIYORUZ\"\n\nHastane y\u00f6neticili\u011finin yan\u0131 s\u0131ra, kad\u0131na \u00f6zg\u00fc kanserler alan\u0131nda faaliyet g\u00f6steren Pembe \u0130zler Kad\u0131n Kanserleri Derne\u011fi'nin ba\u015fkanl\u0131\u011f\u0131n\u0131 yapan Arzu Karata\u015f bu alanda deste\u011fin \u00f6nemine vurgu yaparak derne\u011fin kurulu\u015f hikayesini \u015f\u00f6yle \u00f6zetliyor: \"Hastal\u0131k bir g\u00fcn kap\u0131n\u0131z\u0131 \u00e7al\u0131yor, \u015fa\u015fk\u0131na d\u00f6n\u00fcyorsunuz, panikliyorsunuz, sonra ya\u015f\u0131yorsunuz. Hayat\u0131n\u0131z, sa\u011fl\u0131\u011f\u0131n\u0131z med-cezir oluyor. Tutunacak, sizi anlayacak insanlar ar\u0131yorsunuz, yaln\u0131zca doktorlar, psikologlar de\u011fil. Sizinle ayn\u0131 s\u00fcreci ya\u015fam\u0131\u015f ba\u015fka kad\u0131nlarla konu\u015fmak istiyorsunuz. Bu s\u0131rada ba\u015fka kad\u0131n arkada\u015flarla yolum kesi\u015fti.\n\n2014, Ekim ay\u0131nda, ba\u015fta meme kanseri olmak \u00fczere, rahim, yumurtal\u0131k ve rahim a\u011fz\u0131 gibi kad\u0131na \u00f6zg\u00fc kanserler konusunda toplumda fark\u0131ndal\u0131k olu\u015fturmak ve maddi ihtiyac\u0131 olan kad\u0131nlara destek olmak i\u00e7in yola \u00e7\u0131kt\u0131k. \u00dclkemizde yakla\u015f\u0131k her 8 kad\u0131ndan biri, hayat\u0131n\u0131n bir d\u00f6neminde meme kanseriyle tan\u0131\u015f\u0131yor. \u00dclkemizde her y\u0131l 21 bin kad\u0131na meme kanseri te\u015fhisi konuyor. Her y\u00fcz meme kanseri kad\u0131n hastaya kar\u015f\u0131l\u0131k 1 tanesi erkek. Di\u011fer kanserlere gelince; 5 bin kad\u0131n rahim kanseri, 3 bini a\u015fk\u0131n kad\u0131n yumurtal\u0131k kanseri ve 2 binden fazlas\u0131 rahim a\u011fz\u0131 kanseri tan\u0131s\u0131 al\u0131yor. Oysa, kanserde erken te\u015fhis hayat kurtar\u0131yor! \u0130\u015fte biz bu y\u00fczden P\u0130 Kad\u0131n Kanserleri Derne\u011fi olarak fark\u0131ndal\u0131k olu\u015fturmaya \u00e7al\u0131\u015f\u0131yoruz. Ayn\u0131 zamanda tan\u0131 alm\u0131\u015f kad\u0131nlar\u0131n da yol arkada\u015f\u0131 olmaya \u00e7al\u0131\u015f\u0131yoruz. Tedavi imkan\u0131 bulunmayan ki\u015filere destek olmay\u0131 ama\u00e7l\u0131yoruz.\"\n\nPEMBE ROTA \u0130LE 10 B\u0130N KADINA \u00dcCRETS\u0130Z MUAYENE\n\n\"\u0130ki y\u0131l \u00f6nce jinekolojik kanserlerdeki toplumsal fark\u0131ndal\u0131\u011f\u0131 art\u0131rmak i\u00e7in ba\u015flatt\u0131\u011f\u0131m\u0131z Pembe Rota projesiyle hedefimiz kad\u0131nlar\u0131 bilgilendirmek ve 10 bin kad\u0131na \u00fccretsiz muayene imkan\u0131 sa\u011flamakt\u0131. \u0130stanbul, Bursa, Bodrum'da iki bin kad\u0131n\u0131n \u00fccretsiz muayene edilmesini sa\u011flad\u0131k. Kanser saptanan kad\u0131nlar\u0131n ameliyatlar\u0131n\u0131 \u00fcstlendik. \u015eu s\u0131ralar, dijital olarak \u00e7al\u0131\u015fmalar\u0131m\u0131z s\u00fcr\u00fcyor. Kanser tedavisi g\u00f6ren ve koltuk alt\u0131 lenf bezleri al\u0131nan kad\u0131nlarda g\u00f6r\u00fclen lenf \u00f6dem sorununa kar\u015f\u0131, 'bu kolumu kullanmay\u0131n' yaz\u0131l\u0131 bileklikler yapt\u0131k ve da\u011f\u0131tt\u0131k; \u00e7\u00fcnk\u00fc acil bir anda di\u011ferleri hangi kolunuzu kullanaca\u011f\u0131n\u0131 bilmeyebilir.\"\n\nKANSER B\u0130R G\u00dcN KRON\u0130K HASTALIK HAL\u0130NE D\u00d6N\u00dc\u015eECEK\n\n\"Bilime inan\u0131yoruz. Yap\u0131lan ara\u015ft\u0131rmalar, geli\u015ftirilen tan\u0131 ve tedavi y\u00f6ntemleri sayesinde pek \u00e7ok kad\u0131n ya\u015fama \u015fans\u0131 elde ediyor. Kanser bir g\u00fcn kronik hastal\u0131k haline d\u00f6n\u00fc\u015fecek. Bug\u00fcn bile erken te\u015fhis edilen meme kanseri, kronik hastal\u0131k kategorisinde say\u0131labilir. Hatta gelecekte kanser oldum diyen birine, g\u00fcn\u00fcm\u00fczde 'Grip mi oldu, yat birka\u00e7 g\u00fcn dinlen, ge\u00e7er' dedi\u011fimiz gibi, c\u00fcmleler kuraca\u011f\u0131m\u0131z g\u00fcnleri hayal ediyoruz...\"\n\nT\u00dcRK\u0130YE COVID-19'A KAR\u015eI SAVA\u015eINDA \u00c7OK BA\u015eARILI OLDU\n\nCovid-19'a kar\u015f\u0131 verilen m\u00fccadelede \u00f6n safhalarda yer alan sa\u011fl\u0131k \u00e7al\u0131\u015fanlar\u0131, sergiledikleri \u00f6zverili m\u00fccadele ile hepimizin hayat\u0131nda \u00e7ok de\u011ferli bir yere sahipler. Bu kahramanlardan biri de sa\u011fl\u0131k sekt\u00f6r\u00fcnde 30 y\u0131ll\u0131k deneyimi geride b\u0131rakan Arzu Karata\u015f. Pembe \u0130zler (P\u0130) Kad\u0131n Kanserleri Dernek Ba\u015fkan\u0131 Arzu Karata\u015f, ayn\u0131 zamanda \u00f6zel bir hastanenin y\u00f6neticili\u011fini yap\u0131yor.\n\n\"\u00c7ok uzun y\u0131llard\u0131r hastane y\u00f6neticili\u011fi yap\u0131yorum ve kendi ad\u0131ma \u015funu s\u00f6yleyebilirim ki, T\u00fcrkiye bu konuda \u00e7ok ba\u015far\u0131l\u0131 bir s\u00fcre\u00e7 ya\u015fad\u0131. Kamu hastaneleri, \u00f6zel hastaneler, herkes ne gerekiyorsa yapt\u0131\" diyen Karata\u015f, \"Covid-19 salg\u0131n\u0131, t\u00fcm d\u00fcnya i\u00e7in yepyeni bir deneyim oldu ve olmaya devam ediyor. Ama her \u00fclke, her topluluk kendi deneyiminin belirleyicisi ve kahraman\u0131 oluyor ayn\u0131 zamanda\" yorumunu yap\u0131yor.\n\n\"BURADAYIZ, BA\u015eARACA\u011eIZ\"\n\nKarata\u015f \u015f\u00f6yle devam ediyor: \u00dclkemizde de d\u00fcnyada da sa\u011fl\u0131k \u00e7al\u0131\u015fanlar\u0131 \u00e7ok \u00f6nemli bir s\u00fcre\u00e7 ya\u015f\u0131yorlar. Yo\u011fun bir hasta talebi, tam tedavisi olmayan bir hastal\u0131k ve \u00fcstelik kendilerine bula\u015fma riski var; hastaneden eve gittiklerinde, evdeki sevdiklerinin sa\u011fl\u0131klar\u0131n\u0131 riske atma ihtimalleri var... Sa\u011fl\u0131k \u00e7al\u0131\u015fanlar\u0131 ger\u00e7ekten kocaman kalpli kahramand\u0131lar ve hala kahramanl\u0131k yapmaya devam ediyorlar. Aralar\u0131nda hastalananlar oldu, maalesef hayatlar\u0131n\u0131 kaybedenler oldu. \u00dcz\u00fcld\u00fck, i\u00e7imiz yand\u0131 ama bir dakika bile ara vermeden hastalar\u0131n tedavisi i\u00e7in ko\u015fu\u015fturmaya devam ettiler. Hem\u015firesinden sa\u011fl\u0131k teknisyenine, ambulans \u015fof\u00f6r\u00fcnden doktoruna herkes canla ba\u015fla, hastalar\u0131n sa\u011fl\u0131\u011f\u0131 i\u00e7in \u00e7al\u0131\u015ft\u0131. \u0130nan\u0131n, 7x24 hastanedeydik, arkada\u015flar\u0131m\u0131n g\u00f6zlerinde g\u00f6rd\u00fc\u011f\u00fcm ve tan\u0131k oldu\u011fum tek \u015fey vard\u0131; \"Buraday\u0131z, ba\u015faraca\u011f\u0131z hissi\". Ba\u015fard\u0131lar, ba\u015fard\u0131k da... Ben bir sa\u011fl\u0131k \u00e7al\u0131\u015fan\u0131 olmaktan bu kadar \u00e7ok gurur duydu\u011fum, bu kadar \u00e7ok mutlu oldu\u011fum bir d\u00f6nem ya\u015famad\u0131m.\"\n\n\"\u00d6NCEL\u0130\u011e\u0130M\u0130Z\u0130N SA\u011eLIK OLDU\u011eUNU HATIRLADIK\"\n\nCovid-19'un, hayata bak\u0131\u015f\u0131m\u0131z\u0131 de\u011fi\u015ftiren bir s\u00fcre\u00e7 ya\u015fatt\u0131\u011f\u0131n\u0131 ifade eden Karata\u015f, bu de\u011fi\u015fimin sadece sa\u011fl\u0131k de\u011fil, e\u011fitimden turizme, b\u00fct\u00fcn alanlar\u0131 kapsad\u0131\u011f\u0131n\u0131 s\u00f6yl\u00fcyor. Karata\u015f, \u015f\u00f6yle devam ediyor: \"\u00d6ncelikle \u015funu s\u00f6ylemek laz\u0131m ki, sa\u011fl\u0131k yine vazge\u00e7ilmez ve ilk ihtiya\u00e7 oldu\u011funu hat\u0131rlatt\u0131 t\u00fcm d\u00fcnyaya. Hayat\u0131m\u0131zdaki listenin ilk s\u0131ras\u0131nda, olmazsa olmazlar\u0131n ba\u015f\u0131nda geliyor. Ayr\u0131ca sa\u011fl\u0131\u011f\u0131, ki\u015filere ya da toplumlara ay\u0131rmamak gerekti\u011fini, d\u00fcnyan\u0131n sa\u011fl\u0131\u011f\u0131n\u0131n bir b\u00fct\u00fcn oldu\u011funu hat\u0131rlatt\u0131 yeniden. Zira vir\u00fcs; ne ki\u015fi, ne toplum ne \u00fclke ay\u0131rd\u0131; vir\u00fcs s\u0131n\u0131rlar\u0131, ekonomik g\u00fcc\u00fc, \u0131rklar\u0131, \u00fclkeleri tan\u0131mad\u0131. Bula\u015ft\u0131 ve ba\u011f\u0131\u015f\u0131kl\u0131\u011f\u0131 g\u00fc\u00e7l\u00fc olmayan herkeste \u00e7o\u011fald\u0131; baz\u0131lar\u0131n\u0131 hasta etti, baz\u0131lar\u0131n\u0131n hayat\u0131n\u0131 kaybetmesine neden oldu. Bu anlamda, b\u00fct\u00fcn d\u00fcnyan\u0131n sa\u011fl\u0131k ko\u015fullar\u0131na dikkat etmesi, sa\u011fl\u0131\u011fa eri\u015fimin y\u00fcksek olmas\u0131 gibi pek \u00e7ok konu d\u00fcnyan\u0131n g\u00fcndemi olacak.\"",
    "keywords": [
        "i\u00e7in",
        "muayene",
        "pembe",
        "rota",
        "kad\u0131na",
        "bir",
        "\u00fccretsiz",
        "sa\u011fl\u0131k",
        "\u00e7ok",
        "bin",
        "ve",
        "kad\u0131n",
        "kanseri",
        "oldu",
        "ile",
        "karata\u015f",
        "bu"
    ],
    "meta_keywords": [
        ""
    ],
    "publish_date": {
        "$date": 1589463822000
    },
    "summary": "HABERTURK.COMKanser toplumsal fark\u0131ndal\u0131\u011f\u0131 olduk\u00e7a y\u00fcksek bir hastal\u0131k fakat kanser tan\u0131s\u0131 konan bir hastan\u0131n \u00f6n\u00fcnde destek almas\u0131 gereken bir s\u00fcre\u00e7 beliriyor.\nBu s\u00fcre\u00e7te hem bilgilendirmenin hem de bu hastal\u0131kla m\u00fccadele etmi\u015f ki\u015filerin ba\u015far\u0131lar\u0131 tan\u0131 konan ki\u015fi i\u00e7in b\u00fcy\u00fck moral ve motivasyon kayna\u011f\u0131 oluyor.\n\"TEDAV\u0130 \u0130MKANI BULUNMAYAN K\u0130\u015e\u0130LERE DESTEK OLMAYI AMA\u00c7LIYORUZ\"Hastane y\u00f6neticili\u011finin yan\u0131 s\u0131ra, kad\u0131na \u00f6zg\u00fc kanserler alan\u0131nda faaliyet g\u00f6steren Pembe \u0130zler Kad\u0131n Kanserleri Derne\u011fi'nin ba\u015fkanl\u0131\u011f\u0131n\u0131 yapan Arzu Karata\u015f bu alanda deste\u011fin \u00f6nemine vurgu yaparak derne\u011fin kurulu\u015f hikayesini \u015f\u00f6yle \u00f6zetliyor: \"Hastal\u0131k bir g\u00fcn kap\u0131n\u0131z\u0131 \u00e7al\u0131yor, \u015fa\u015fk\u0131na d\u00f6n\u00fcyorsunuz, panikliyorsunuz, sonra ya\u015f\u0131yorsunuz.\nHayat\u0131n\u0131z, sa\u011fl\u0131\u011f\u0131n\u0131z med-cezir oluyor.\nTutunacak, sizi anlayacak insanlar ar\u0131yorsunuz, yaln\u0131zca doktorlar, psikologlar de\u011fil.\nSizinle ayn\u0131 s\u00fcreci ya\u015fam\u0131\u015f ba\u015fka kad\u0131nlarla konu\u015fmak istiyorsunuz.\nBu s\u0131rada ba\u015fka kad\u0131n arkada\u015flarla yolum kesi\u015fti.\n2014, Ekim ay\u0131nda, ba\u015fta meme kanseri olmak \u00fczere, rahim, yumurtal\u0131k ve rahim a\u011fz\u0131 gibi kad\u0131na \u00f6zg\u00fc kanserler konusunda toplumda fark\u0131ndal\u0131k olu\u015fturmak ve maddi ihtiyac\u0131 olan kad\u0131nlara destek olmak i\u00e7in yola \u00e7\u0131kt\u0131k.\n\u00dclkemizde yakla\u015f\u0131k her 8 kad\u0131ndan biri, hayat\u0131n\u0131n bir d\u00f6neminde meme kanseriyle tan\u0131\u015f\u0131yor.\n\u00dclkemizde her y\u0131l 21 bin kad\u0131na meme kanseri te\u015fhisi konuyor.\nHer y\u00fcz meme kanseri kad\u0131n hastaya kar\u015f\u0131l\u0131k 1 tanesi erkek.\nDi\u011fer kanserlere gelince; 5 bin kad\u0131n rahim kanseri, 3 bini a\u015fk\u0131n kad\u0131n yumurtal\u0131k kanseri ve 2 binden fazlas\u0131 rahim a\u011fz\u0131 kanseri tan\u0131s\u0131 al\u0131yor.\nOysa, kanserde erken te\u015fhis hayat kurtar\u0131yor!\n\u0130\u015fte biz bu y\u00fczden P\u0130 Kad\u0131n Kanserleri Derne\u011fi olarak fark\u0131ndal\u0131k olu\u015fturmaya \u00e7al\u0131\u015f\u0131yoruz.\nAyn\u0131 zamanda tan\u0131 alm\u0131\u015f kad\u0131nlar\u0131n da yol arkada\u015f\u0131 olmaya \u00e7al\u0131\u015f\u0131yoruz.\nTedavi imkan\u0131 bulunmayan ki\u015filere destek olmay\u0131 ama\u00e7l\u0131yoruz.\"\nPEMBE ROTA \u0130LE 10 B\u0130N KADINA \u00dcCRETS\u0130Z MUAYENE\"\u0130ki y\u0131l \u00f6nce jinekolojik kanserlerdeki toplumsal fark\u0131ndal\u0131\u011f\u0131 art\u0131rmak i\u00e7in ba\u015flatt\u0131\u011f\u0131m\u0131z Pembe Rota projesiyle hedefimiz kad\u0131nlar\u0131 bilgilendirmek ve 10 bin kad\u0131na \u00fccretsiz muayene imkan\u0131 sa\u011flamakt\u0131.\n\u0130stanbul, Bursa, Bodrum'da iki bin kad\u0131n\u0131n \u00fccretsiz muayene edilmesini sa\u011flad\u0131k.\nKanser saptanan kad\u0131nlar\u0131n ameliyatlar\u0131n\u0131 \u00fcstlendik.\n\u015eu s\u0131ralar, dijital olarak \u00e7al\u0131\u015fmalar\u0131m\u0131z s\u00fcr\u00fcyor.\nKanser tedavisi g\u00f6ren ve koltuk alt\u0131 lenf bezleri al\u0131nan kad\u0131nlarda g\u00f6r\u00fclen lenf \u00f6dem sorununa kar\u015f\u0131, 'bu kolumu kullanmay\u0131n' yaz\u0131l\u0131 bileklikler yapt\u0131k ve da\u011f\u0131tt\u0131k; \u00e7\u00fcnk\u00fc acil bir anda di\u011ferleri hangi kolunuzu kullanaca\u011f\u0131n\u0131 bilmeyebilir.\"\nKANSER B\u0130R G\u00dcN KRON\u0130K HASTALIK HAL\u0130NE D\u00d6N\u00dc\u015eECEK\"Bilime inan\u0131yoruz.\nYap\u0131lan ara\u015ft\u0131rmalar, geli\u015ftirilen tan\u0131 ve tedavi y\u00f6ntemleri sayesinde pek \u00e7ok kad\u0131n ya\u015fama \u015fans\u0131 elde ediyor.\nKanser bir g\u00fcn kronik hastal\u0131k haline d\u00f6n\u00fc\u015fecek.\nBug\u00fcn bile erken te\u015fhis edilen meme kanseri, kronik hastal\u0131k kategorisinde say\u0131labilir.\nHatta gelecekte kanser oldum diyen birine, g\u00fcn\u00fcm\u00fczde 'Grip mi oldu, yat birka\u00e7 g\u00fcn dinlen, ge\u00e7er' dedi\u011fimiz gibi, c\u00fcmleler kuraca\u011f\u0131m\u0131z g\u00fcnleri hayal ediyoruz...\"T\u00dcRK\u0130YE COVID-19'A KAR\u015eI SAVA\u015eINDA \u00c7OK BA\u015eARILI OLDUCovid-19'a kar\u015f\u0131 verilen m\u00fccadelede \u00f6n safhalarda yer alan sa\u011fl\u0131k \u00e7al\u0131\u015fanlar\u0131, sergiledikleri \u00f6zverili m\u00fccadele ile hepimizin hayat\u0131nda \u00e7ok de\u011ferli bir yere sahipler.\nBu kahramanlardan biri de sa\u011fl\u0131k sekt\u00f6r\u00fcnde 30 y\u0131ll\u0131k deneyimi geride b\u0131rakan Arzu Karata\u015f.\nPembe \u0130zler (P\u0130) Kad\u0131n Kanserleri Dernek Ba\u015fkan\u0131 Arzu Karata\u015f, ayn\u0131 zamanda \u00f6zel bir hastanenin y\u00f6neticili\u011fini yap\u0131yor.\n\"\u00c7ok uzun y\u0131llard\u0131r hastane y\u00f6neticili\u011fi yap\u0131yorum ve kendi ad\u0131ma \u015funu s\u00f6yleyebilirim ki, T\u00fcrkiye bu konuda \u00e7ok ba\u015far\u0131l\u0131 bir s\u00fcre\u00e7 ya\u015fad\u0131.\nKamu hastaneleri, \u00f6zel hastaneler, herkes ne gerekiyorsa yapt\u0131\" diyen Karata\u015f, \"Covid-19 salg\u0131n\u0131, t\u00fcm d\u00fcnya i\u00e7in yepyeni bir deneyim oldu ve olmaya devam ediyor.\nAma her \u00fclke, her topluluk kendi deneyiminin belirleyicisi ve kahraman\u0131 oluyor ayn\u0131 zamanda\" yorumunu yap\u0131yor.\n\"BURADAYIZ, BA\u015eARACA\u011eIZ\"Karata\u015f \u015f\u00f6yle devam ediyor: \u00dclkemizde de d\u00fcnyada da sa\u011fl\u0131k \u00e7al\u0131\u015fanlar\u0131 \u00e7ok \u00f6nemli bir s\u00fcre\u00e7 ya\u015f\u0131yorlar.\nYo\u011fun bir hasta talebi, tam tedavisi olmayan bir hastal\u0131k ve \u00fcstelik kendilerine bula\u015fma riski var; hastaneden eve gittiklerinde, evdeki sevdiklerinin sa\u011fl\u0131klar\u0131n\u0131 riske atma ihtimalleri var... Sa\u011fl\u0131k \u00e7al\u0131\u015fanlar\u0131 ger\u00e7ekten kocaman kalpli kahramand\u0131lar ve hala kahramanl\u0131k yapmaya devam ediyorlar.\nAralar\u0131nda hastalananlar oldu, maalesef hayatlar\u0131n\u0131 kaybedenler oldu.\n\u00dcz\u00fcld\u00fck, i\u00e7imiz yand\u0131 ama bir dakika bile ara vermeden hastalar\u0131n tedavisi i\u00e7in ko\u015fu\u015fturmaya devam ettiler.\nHem\u015firesinden sa\u011fl\u0131k teknisyenine, ambulans \u015fof\u00f6r\u00fcnden doktoruna herkes canla ba\u015fla, hastalar\u0131n sa\u011fl\u0131\u011f\u0131 i\u00e7in \u00e7al\u0131\u015ft\u0131.\n\u0130nan\u0131n, 7x24 hastanedeydik, arkada\u015flar\u0131m\u0131n g\u00f6zlerinde g\u00f6rd\u00fc\u011f\u00fcm ve tan\u0131k oldu\u011fum tek \u015fey vard\u0131; \"Buraday\u0131z, ba\u015faraca\u011f\u0131z hissi\".\nBa\u015fard\u0131lar, ba\u015fard\u0131k da... Ben bir sa\u011fl\u0131k \u00e7al\u0131\u015fan\u0131 olmaktan bu kadar \u00e7ok gurur duydu\u011fum, bu kadar \u00e7ok mutlu oldu\u011fum bir d\u00f6nem ya\u015famad\u0131m.\"\n\"\u00d6NCEL\u0130\u011e\u0130M\u0130Z\u0130N SA\u011eLIK OLDU\u011eUNU HATIRLADIK\"Covid-19'un, hayata bak\u0131\u015f\u0131m\u0131z\u0131 de\u011fi\u015ftiren bir s\u00fcre\u00e7 ya\u015fatt\u0131\u011f\u0131n\u0131 ifade eden Karata\u015f, bu de\u011fi\u015fimin sadece sa\u011fl\u0131k de\u011fil, e\u011fitimden turizme, b\u00fct\u00fcn alanlar\u0131 kapsad\u0131\u011f\u0131n\u0131 s\u00f6yl\u00fcyor.\nKarata\u015f, \u015f\u00f6yle devam ediyor: \"\u00d6ncelikle \u015funu s\u00f6ylemek laz\u0131m ki, sa\u011fl\u0131k yine vazge\u00e7ilmez ve ilk ihtiya\u00e7 oldu\u011funu hat\u0131rlatt\u0131 t\u00fcm d\u00fcnyaya.\nHayat\u0131m\u0131zdaki listenin ilk s\u0131ras\u0131nda, olmazsa olmazlar\u0131n ba\u015f\u0131nda geliyor.\nAyr\u0131ca sa\u011fl\u0131\u011f\u0131, ki\u015filere ya da toplumlara ay\u0131rmamak gerekti\u011fini, d\u00fcnyan\u0131n sa\u011fl\u0131\u011f\u0131n\u0131n bir b\u00fct\u00fcn oldu\u011funu hat\u0131rlatt\u0131 yeniden.\nZira vir\u00fcs; ne ki\u015fi, ne toplum ne \u00fclke ay\u0131rd\u0131; vir\u00fcs s\u0131n\u0131rlar\u0131, ekonomik g\u00fcc\u00fc, \u0131rklar\u0131, \u00fclkeleri tan\u0131mad\u0131.\nBula\u015ft\u0131 ve ba\u011f\u0131\u015f\u0131kl\u0131\u011f\u0131 g\u00fc\u00e7l\u00fc olmayan herkeste \u00e7o\u011fald\u0131; baz\u0131lar\u0131n\u0131 hasta etti, baz\u0131lar\u0131n\u0131n hayat\u0131n\u0131 kaybetmesine neden oldu.\nBu anlamda, b\u00fct\u00fcn d\u00fcnyan\u0131n sa\u011fl\u0131k ko\u015fullar\u0131na dikkat etmesi, sa\u011fl\u0131\u011fa eri\u015fimin y\u00fcksek olmas\u0131 gibi pek \u00e7ok konu d\u00fcnyan\u0131n g\u00fcndemi olacak.\"",
    "article_html": "",
    "meta_description": "Pembe Rota ile 10 bin kad\u0131na \u00fccretsiz muayene imkan\u0131 sa\u011flayan Pembe \u0130zler Kad\u0131n Kanserleri Derne\u011fi, kanser s\u00fcrecinde kad\u0131nlar\u0131n yan\u0131nda yer alarak tedavi s\u00fcreci konusunda bilgilendirme yap\u0131yor ve tedavi imkan\u0131 bulamayan kad\u0131nlara destek oluyor",
    "meta_lang": "tr"
}