{
    "article_id": "cb18ad019768674a21237d2b1a4d9930.1589926010.5721047",
    "title": "Kas kayb\u0131 ya\u015famadan kilo vermek m\u00fcmk\u00fcn!",
    "authors": [
        "Isvalid",
        "Yazarlar",
        "Data",
        "Name",
        "Mail",
        "Title",
        "Di\u0307\u011fer Yazarlar"
    ],
    "canonical_link": "https://www.haberturk.com/saglik/haber/1063076-kas-kaybi-yasamadan-kilo-vermek-mumkun",
    "url": "http://haberturk.com/saglik/haber/1063076-kas-kaybi-yasamadan-kilo-vermek-mumkun",
    "top_img": "https://im.haberturk.com/2015/04/07/ver1458031593/1063076_1200x627.jpg",
    "meta_img": "https://im.haberturk.com/2015/04/07/ver1458031593/1063076_1200x627.jpg",
    "movies": [],
    "text": "Beslenme, sa\u011fl\u0131k ve iyi ya\u015fam \u015firketi olan bir d\u00fcnya markas\u0131n\u0131n merkezi \u0130svi\u00e7re'nin Lozan kentinde bulunan Ara\u015ft\u0131rma Merkezi'ndeki bilim insanlar\u0131 taraf\u0131ndan yap\u0131lan ve American Journal of Physiology-2015'de yay\u0131mlanan makale dengeli kalori al\u0131m\u0131 ile kas k\u00fctlesi kayb\u0131 ya\u015fanmadan sa\u011fl\u0131kl\u0131 kiloda olunabilece\u011fine dikkat \u00e7ekiyor.\n\nKALOR\u0130 ALIMINI KISITLAMADAN OBEZ\u0130TEN\u0130N \u00d6N\u00dcNE GE\u00c7MEK M\u00dcMK\u00dcN\n\nObezite sorunu ya\u015fayan ya\u015fl\u0131larda kalori al\u0131m\u0131n\u0131n azalt\u0131lmas\u0131 bir \u00e7\u00f6z\u00fcm yolu gibi g\u00f6z\u00fckse de bu yakla\u015f\u0131m kas k\u00fctlesinde kay\u0131plara da neden oluyor. Bu da daha fazla kilo kayb\u0131n\u0131 engelleyebiliyor, kuvvet ve fonksiyonel kabiliyetin azalmas\u0131na neden olabiliyor ve ki\u015fiyi a\u015f\u0131r\u0131 g\u00fc\u00e7s\u00fczl\u00fck ve \u00f6l\u00fcm riski ile kar\u015f\u0131 kar\u015f\u0131ya getirebiliyor.\n\nAra\u015ft\u0131rmac\u0131lar, Kanada, Avustralya ve \u0130ngiltere'den ara\u015ft\u0131rmac\u0131lar\u0131n kat\u0131l\u0131m\u0131yla olu\u015fturulan uluslararas\u0131 bir i\u015fbirli\u011fi \u00e7er\u00e7evesinde bu kas k\u00fctlesi kayb\u0131n\u0131n iki y\u00f6nl\u00fc bir yakla\u015f\u0131mla \u00f6nlenip \u00f6nlenemeyece\u011fini ara\u015ft\u0131rd\u0131. Buna g\u00f6re; g\u00fcnl\u00fck protein ihtiyac\u0131n\u0131n b\u00fcy\u00fck bir k\u0131sm\u0131n\u0131 ak\u015fam yeme\u011finde almaya y\u00f6nelik genel e\u011filimin aksine, kalorisi azalt\u0131lm\u0131\u015f bir beslenme d\u00fczeninde proteinin g\u00fcn boyu al\u0131m\u0131n\u0131 sa\u011flamak ve d\u00fczenli olarak diren\u00e7 artt\u0131r\u0131c\u0131 antrenman yapmak iki \u00f6nemli kriter olarak ortaya kondu.\n\n\u00c7al\u0131\u015fma kapsam\u0131nda; 65 ya\u015f civar\u0131nda 20 obez erkek d\u00f6rt haftal\u0131k \u00e7al\u0131\u015fmaya dahil edildi. G\u00f6n\u00fcll\u00fc gruba \u00e7al\u0131\u015fman\u0131n ilk iki haftas\u0131 boyunca d\u00fc\u015f\u00fck kalorili, y\u00fcksek proteinli bir diyet verildi ve ki\u015filer normal g\u00fcnl\u00fck faaliyetlerine devam ettiler. Ancak kat\u0131l\u0131mc\u0131lar\u0131n yar\u0131s\u0131 g\u00fcn boyu verilen d\u00f6rt \u00f6\u011f\u00fcn yemekten ve i\u00e7eceklerden dengeli bir \u015fekilde protein al\u0131rken, di\u011fer yar\u0131s\u0131 ise protein al\u0131mlar\u0131n\u0131n b\u00fcy\u00fck bir k\u0131sm\u0131n\u0131 ak\u015fam yeme\u011finden sa\u011flayarak daha standart bir \u015fekilde beslendi. \u00c7al\u0131\u015fman\u0131n ikinci iki haftal\u0131k d\u00f6neminde, enerjisi azalt\u0131lm\u0131\u015f diyetin kas k\u00fctlesi \u00fczerinde neden olabilece\u011fi olumsuz etkiyi \u00f6nleyip \u00f6nlemeyece\u011fini g\u00f6rmek \u00fczere, programa t\u00fcm v\u00fccudu kapsayan, artan diren\u00e7 egzersizi eklendi. Kas k\u00fctlesini koruman\u0131n veya artt\u0131rman\u0131n arkas\u0131nda yatan mekanizma olan kas protein sentezi oranlar\u0131, kan alma ve kas biyopsisi y\u00f6ntemi ile her bir a\u015faman\u0131n sonunda \u00f6l\u00e7\u00fcld\u00fc.\n\nBeklendi\u011fi \u00fczere, her iki grubun da diren\u00e7 antrenman\u0131 olmadan d\u00fc\u015f\u00fck kalorili, y\u00fcksek proteinli diyette oldu\u011fu ilk iki haftal\u0131k d\u00f6nem i\u00e7erisinde ya\u011f k\u00fctlesinden ve kas k\u00fctlesinden kaybetti\u011fi g\u00f6r\u00fcld\u00fc. Her iki grup i\u00e7in de ya\u011f azalmas\u0131 ayn\u0131yken, kas protein sentezi oran\u0131ndaki azalma dengeli al\u0131m yapan grupta daha az g\u00f6r\u00fcld\u00fc. \u00c7al\u0131\u015fman\u0131n diren\u00e7 antrenman\u0131 yapt\u0131\u011f\u0131 ikinci yar\u0131s\u0131nda ise; her iki grup da v\u00fccut ya\u011f\u0131ndan kaybetmeye devam etti, ancak kas kayb\u0131 \u00e7al\u0131\u015fman\u0131n ilk yar\u0131s\u0131n\u0131n ard\u0131ndan g\u00f6zle g\u00f6r\u00fcl\u00fcr bir \u015fekilde yava\u015flad\u0131. Asl\u0131nda, dengeli al\u0131m yapan grupta protein sentezi, \u00e7al\u0131\u015fma ba\u015flamadan \u00f6nceki \"normal\" enerji al\u0131m\u0131nda g\u00f6r\u00fclen seviyelere benzer oldu.\n\nBu ara\u015ft\u0131rma, kalorisi azalt\u0131lm\u0131\u015f diyetin asl\u0131nda kas protein sentezini azaltt\u0131\u011f\u0131n\u0131n bir g\u00f6stergesi ve ayn\u0131 zamanda da kilo kayb\u0131n\u0131n kas kayb\u0131na da neden olabilece\u011fini g\u00f6stermektedir. Ancak \u00e7al\u0131\u015fma ilk defa olmak \u00fczere g\u00fcn boyunca dengeli protein al\u0131m\u0131n\u0131n g\u00fcn i\u00e7inde dengesiz protein da\u011f\u0131l\u0131m\u0131 ile kar\u015f\u0131la\u015ft\u0131r\u0131ld\u0131\u011f\u0131nda kas protein sentezini artt\u0131rd\u0131\u011f\u0131n\u0131 g\u00f6steriyor. Bu beslenme tarz\u0131 diren\u00e7 antrenman\u0131 ile birle\u015ftirildi\u011finde hastalarda olumlu etki yarat\u0131yor.\n\nAncak bu ara\u015ft\u0131rman\u0131n uzun s\u00fcreli \u00e7al\u0131\u015fmalarla desteklenmesi gerekiyor. Buna g\u00f6re; ya\u015fl\u0131larda kas protein sentezini en \u00fcst seviyede uyarmak i\u00e7in gerekli olan g\u00fcnl\u00fck optimal protein miktar\u0131n\u0131n da belirlenmesi gerekmektedir. Yine de t\u00fcm bu \u00f6n bulgular kas k\u00fctlesi kayb\u0131 riskiyle kar\u015f\u0131 kar\u015f\u0131ya olan ya\u015fl\u0131lar i\u00e7in rehberlerin geli\u015ftirilmesinde kullan\u0131labilecek ikna edici sonu\u00e7lar sa\u011fl\u0131yor.",
    "keywords": [
        "kilo",
        "diren\u00e7",
        "ya\u015famadan",
        "iki",
        "bir",
        "dengeli",
        "vermek",
        "ve",
        "protein",
        "da",
        "ile",
        "kayb\u0131",
        "kas",
        "m\u00fcmk\u00fcn",
        "bu"
    ],
    "meta_keywords": [
        ""
    ],
    "publish_date": {
        "$date": 1458031593000
    },
    "summary": "Beslenme, sa\u011fl\u0131k ve iyi ya\u015fam \u015firketi olan bir d\u00fcnya markas\u0131n\u0131n merkezi \u0130svi\u00e7re'nin Lozan kentinde bulunan Ara\u015ft\u0131rma Merkezi'ndeki bilim insanlar\u0131 taraf\u0131ndan yap\u0131lan ve American Journal of Physiology-2015'de yay\u0131mlanan makale dengeli kalori al\u0131m\u0131 ile kas k\u00fctlesi kayb\u0131 ya\u015fanmadan sa\u011fl\u0131kl\u0131 kiloda olunabilece\u011fine dikkat \u00e7ekiyor.\nKALOR\u0130 ALIMINI KISITLAMADAN OBEZ\u0130TEN\u0130N \u00d6N\u00dcNE GE\u00c7MEK M\u00dcMK\u00dcNObezite sorunu ya\u015fayan ya\u015fl\u0131larda kalori al\u0131m\u0131n\u0131n azalt\u0131lmas\u0131 bir \u00e7\u00f6z\u00fcm yolu gibi g\u00f6z\u00fckse de bu yakla\u015f\u0131m kas k\u00fctlesinde kay\u0131plara da neden oluyor.\nBu da daha fazla kilo kayb\u0131n\u0131 engelleyebiliyor, kuvvet ve fonksiyonel kabiliyetin azalmas\u0131na neden olabiliyor ve ki\u015fiyi a\u015f\u0131r\u0131 g\u00fc\u00e7s\u00fczl\u00fck ve \u00f6l\u00fcm riski ile kar\u015f\u0131 kar\u015f\u0131ya getirebiliyor.\nAra\u015ft\u0131rmac\u0131lar, Kanada, Avustralya ve \u0130ngiltere'den ara\u015ft\u0131rmac\u0131lar\u0131n kat\u0131l\u0131m\u0131yla olu\u015fturulan uluslararas\u0131 bir i\u015fbirli\u011fi \u00e7er\u00e7evesinde bu kas k\u00fctlesi kayb\u0131n\u0131n iki y\u00f6nl\u00fc bir yakla\u015f\u0131mla \u00f6nlenip \u00f6nlenemeyece\u011fini ara\u015ft\u0131rd\u0131.\nBuna g\u00f6re; g\u00fcnl\u00fck protein ihtiyac\u0131n\u0131n b\u00fcy\u00fck bir k\u0131sm\u0131n\u0131 ak\u015fam yeme\u011finde almaya y\u00f6nelik genel e\u011filimin aksine, kalorisi azalt\u0131lm\u0131\u015f bir beslenme d\u00fczeninde proteinin g\u00fcn boyu al\u0131m\u0131n\u0131 sa\u011flamak ve d\u00fczenli olarak diren\u00e7 artt\u0131r\u0131c\u0131 antrenman yapmak iki \u00f6nemli kriter olarak ortaya kondu.\n\u00c7al\u0131\u015fma kapsam\u0131nda; 65 ya\u015f civar\u0131nda 20 obez erkek d\u00f6rt haftal\u0131k \u00e7al\u0131\u015fmaya dahil edildi.\nG\u00f6n\u00fcll\u00fc gruba \u00e7al\u0131\u015fman\u0131n ilk iki haftas\u0131 boyunca d\u00fc\u015f\u00fck kalorili, y\u00fcksek proteinli bir diyet verildi ve ki\u015filer normal g\u00fcnl\u00fck faaliyetlerine devam ettiler.\nAncak kat\u0131l\u0131mc\u0131lar\u0131n yar\u0131s\u0131 g\u00fcn boyu verilen d\u00f6rt \u00f6\u011f\u00fcn yemekten ve i\u00e7eceklerden dengeli bir \u015fekilde protein al\u0131rken, di\u011fer yar\u0131s\u0131 ise protein al\u0131mlar\u0131n\u0131n b\u00fcy\u00fck bir k\u0131sm\u0131n\u0131 ak\u015fam yeme\u011finden sa\u011flayarak daha standart bir \u015fekilde beslendi.\n\u00c7al\u0131\u015fman\u0131n ikinci iki haftal\u0131k d\u00f6neminde, enerjisi azalt\u0131lm\u0131\u015f diyetin kas k\u00fctlesi \u00fczerinde neden olabilece\u011fi olumsuz etkiyi \u00f6nleyip \u00f6nlemeyece\u011fini g\u00f6rmek \u00fczere, programa t\u00fcm v\u00fccudu kapsayan, artan diren\u00e7 egzersizi eklendi.\nKas k\u00fctlesini koruman\u0131n veya artt\u0131rman\u0131n arkas\u0131nda yatan mekanizma olan kas protein sentezi oranlar\u0131, kan alma ve kas biyopsisi y\u00f6ntemi ile her bir a\u015faman\u0131n sonunda \u00f6l\u00e7\u00fcld\u00fc.\nBeklendi\u011fi \u00fczere, her iki grubun da diren\u00e7 antrenman\u0131 olmadan d\u00fc\u015f\u00fck kalorili, y\u00fcksek proteinli diyette oldu\u011fu ilk iki haftal\u0131k d\u00f6nem i\u00e7erisinde ya\u011f k\u00fctlesinden ve kas k\u00fctlesinden kaybetti\u011fi g\u00f6r\u00fcld\u00fc.\nHer iki grup i\u00e7in de ya\u011f azalmas\u0131 ayn\u0131yken, kas protein sentezi oran\u0131ndaki azalma dengeli al\u0131m yapan grupta daha az g\u00f6r\u00fcld\u00fc.\n\u00c7al\u0131\u015fman\u0131n diren\u00e7 antrenman\u0131 yapt\u0131\u011f\u0131 ikinci yar\u0131s\u0131nda ise; her iki grup da v\u00fccut ya\u011f\u0131ndan kaybetmeye devam etti, ancak kas kayb\u0131 \u00e7al\u0131\u015fman\u0131n ilk yar\u0131s\u0131n\u0131n ard\u0131ndan g\u00f6zle g\u00f6r\u00fcl\u00fcr bir \u015fekilde yava\u015flad\u0131.\nAsl\u0131nda, dengeli al\u0131m yapan grupta protein sentezi, \u00e7al\u0131\u015fma ba\u015flamadan \u00f6nceki \"normal\" enerji al\u0131m\u0131nda g\u00f6r\u00fclen seviyelere benzer oldu.\nBu ara\u015ft\u0131rma, kalorisi azalt\u0131lm\u0131\u015f diyetin asl\u0131nda kas protein sentezini azaltt\u0131\u011f\u0131n\u0131n bir g\u00f6stergesi ve ayn\u0131 zamanda da kilo kayb\u0131n\u0131n kas kayb\u0131na da neden olabilece\u011fini g\u00f6stermektedir.\nAncak \u00e7al\u0131\u015fma ilk defa olmak \u00fczere g\u00fcn boyunca dengeli protein al\u0131m\u0131n\u0131n g\u00fcn i\u00e7inde dengesiz protein da\u011f\u0131l\u0131m\u0131 ile kar\u015f\u0131la\u015ft\u0131r\u0131ld\u0131\u011f\u0131nda kas protein sentezini artt\u0131rd\u0131\u011f\u0131n\u0131 g\u00f6steriyor.\nBu beslenme tarz\u0131 diren\u00e7 antrenman\u0131 ile birle\u015ftirildi\u011finde hastalarda olumlu etki yarat\u0131yor.\nAncak bu ara\u015ft\u0131rman\u0131n uzun s\u00fcreli \u00e7al\u0131\u015fmalarla desteklenmesi gerekiyor.\nBuna g\u00f6re; ya\u015fl\u0131larda kas protein sentezini en \u00fcst seviyede uyarmak i\u00e7in gerekli olan g\u00fcnl\u00fck optimal protein miktar\u0131n\u0131n da belirlenmesi gerekmektedir.\nYine de t\u00fcm bu \u00f6n bulgular kas k\u00fctlesi kayb\u0131 riskiyle kar\u015f\u0131 kar\u015f\u0131ya olan ya\u015fl\u0131lar i\u00e7in rehberlerin geli\u015ftirilmesinde kullan\u0131labilecek ikna edici sonu\u00e7lar sa\u011fl\u0131yor.",
    "article_html": "",
    "meta_description": "Kilo sorunu olan ya\u015fl\u0131larda kas kayb\u0131 olmadan nas\u0131l sa\u011fl\u0131kl\u0131 kilo verilebilece\u011fi \u00fczerine \u00e7arp\u0131c\u0131 bir ara\u015ft\u0131rma",
    "meta_lang": "tr"
}