{
    "article_id": "b66b015572c2515d75e1419cdd885050.1589926012.046456",
    "title": "Sa\u011fl\u0131kl\u0131 beslenmenin yollar\u0131",
    "authors": [
        "Isvalid",
        "Yazarlar",
        "Data",
        "Name",
        "Mail",
        "Title",
        "Di\u0307\u011fer Yazarlar"
    ],
    "canonical_link": "https://www.haberturk.com/saglik/haber/1204879-kilo-vermek-nasil-mumkun-olur",
    "url": "http://haberturk.com/saglik/haber/1204879-kilo-vermek-nasil-mumkun-olur",
    "top_img": "https://im.haberturk.com/2016/03/04/ver1458031832/1204879_1200x627.jpg",
    "meta_img": "https://im.haberturk.com/2016/03/04/ver1458031832/1204879_1200x627.jpg",
    "movies": [],
    "text": "Kilonun hareketsiz kalma ve yanl\u0131\u015f beslenmeye ba\u011fl\u0131 olarak ortaya \u00e7\u0131kt\u0131\u011f\u0131n\u0131 kaydeden Prof. Dr. Canan Karatay, \"B\u00fct\u00fcn tatland\u0131r\u0131c\u0131lar, i\u00e7ilen gazl\u0131 \u015fekerli i\u00e7ecekler, insulin olan meyve \u015fekerini yani fruktozu hemen karaci\u011fere g\u00f6nderiyor. \u00c7\u00fcnk\u00fc insan v\u00fccudu meyve \u015fekeri dedi\u011fimiz fruktoz \u015fekerini enerji olarak kullanamaz. \u00c7ok toksit oldu\u011fu i\u00e7in derhal ya\u011f olarak karaci\u011fere gider ve karaci\u011feri ya\u011fland\u0131r\u0131r\" dedi.\n\nTam bu\u011fday ekme\u011finde dahi \u015feker oldu\u011funu s\u00f6yleyen Prof. Dr. Canan Karatay, \"Tam bu\u011fday ekme\u011finin de hakikaten kan \u015fekerini \u00e7ok fazla y\u00fckseltti\u011fi Kardiyolog William Davis taraf\u0131ndan s\u00f6ylenmi\u015ftir. Kepekli de olsa tam bu\u011fday ekme\u011finin gliserin endeksi \u00e7ok y\u00fcksektir. Bir patatesin gliserin indeksi kadar kan \u015fekerini \u00e7ok fazla y\u00fckseltir. Gen\u00e7 ve ortaya \u00e7\u0131kan hastal\u0131klar\u0131n temelinde a\u015f\u0131r\u0131 \u015feker, ekmek t\u00fcketimi ve hareketsizlik yatmaktad\u0131r. Bu olay bu kadar basit. Herkes bisiklete ula\u015famaz ama yol y\u00fcr\u00fcy\u00fcn. Asans\u00f6re binmeyece\u011fiz ve yol y\u00fcr\u00fcyece\u011fiz. \u015eeker hastal\u0131\u011f\u0131 genetik de\u011fildir. Tamamen yanl\u0131\u015f beslenme ve yanl\u0131\u015f ya\u015fam bi\u00e7iminden kaynaklanan \u00e7evresel bir fakt\u00f6rd\u00fcr. \u0130leri ya\u015flarda \u00e7\u0131kan bu hastal\u0131k genetik olmamakla beraber \u00f6nlenebilir. Bunu \u00f6nlemek ve \u00f6ne alabilmek bizim elimizdedir\" diye konu\u015ftu.\n\n\"BEL \u00c7EVRES\u0130N\u0130N GEN\u0130\u015eLEMES\u0130 HASTA OLUNDU\u011eUNU G\u00d6STER\u0130YOR\"\n\n1980'lerde ve 90'larda birdenbire t\u00fcm d\u00fcnyada ayn\u0131 zamanda obezitenin mantar gibi patlad\u0131\u011f\u0131n\u0131 belirten Karatay, \"A\u015f\u0131r\u0131 kilo, Elaz\u0131\u011f n\u00fcfusunun \u00fc\u00e7te biri obez gibi \u015feyle ortaya \u00e7\u0131kt\u0131. A\u015f\u0131r\u0131 kilo, obez o kadar \u00f6nemli de\u011fil. \u00d6nemli olan bel \u00e7evresinin geni\u015flemesi, sizin rahats\u0131z ve hasta oldu\u011funuzu g\u00f6steriyor. Bu yeterlidir. A\u00e7l\u0131k kan \u015fekeri sizi aldatmas\u0131n. Bir \u015fey yedikten sonra kan \u015fekerinize bak\u0131n ve \u00e7ok y\u00fckseliyorsa art\u0131k onu yemeyin. \u015eekerin i\u00e7indekileri \u00e7ocuklar\u0131m\u0131za \u00e7ok veriyoruz. 3 ya\u015f\u0131ndaki \u00e7ocu\u011fun do\u011fum g\u00fcn\u00fc partilerinde kolal\u0131 i\u00e7ecekler veriliyor. \u00c7ok \u00f6nemliymi\u015f gibi Ramazan iftarlar\u0131nda kola ortaya koyuyorlar. Bunlar hastal\u0131klar\u0131 ba\u015flat\u0131yor\" dedi.\n\nNOT: Kilonuz normalin \u00fczerindeyse mutlaka bir uzmandan g\u00f6r\u00fc\u015f almal\u0131s\u0131n\u0131z.",
    "keywords": [
        "\u015fekerini",
        "sa\u011fl\u0131kl\u0131",
        "bir",
        "olarak",
        "yanl\u0131\u015f",
        "yollar\u0131",
        "ortaya",
        "kan",
        "\u00e7ok",
        "ve",
        "\u015feker",
        "beslenmenin",
        "bu"
    ],
    "meta_keywords": [
        ""
    ],
    "publish_date": {
        "$date": 1458031832000
    },
    "summary": "Kilonun hareketsiz kalma ve yanl\u0131\u015f beslenmeye ba\u011fl\u0131 olarak ortaya \u00e7\u0131kt\u0131\u011f\u0131n\u0131 kaydeden Prof. Dr. Canan Karatay, \"B\u00fct\u00fcn tatland\u0131r\u0131c\u0131lar, i\u00e7ilen gazl\u0131 \u015fekerli i\u00e7ecekler, insulin olan meyve \u015fekerini yani fruktozu hemen karaci\u011fere g\u00f6nderiyor.\n\u00c7\u00fcnk\u00fc insan v\u00fccudu meyve \u015fekeri dedi\u011fimiz fruktoz \u015fekerini enerji olarak kullanamaz.\n\u00c7ok toksit oldu\u011fu i\u00e7in derhal ya\u011f olarak karaci\u011fere gider ve karaci\u011feri ya\u011fland\u0131r\u0131r\" dedi.\nTam bu\u011fday ekme\u011finde dahi \u015feker oldu\u011funu s\u00f6yleyen Prof. Dr. Canan Karatay, \"Tam bu\u011fday ekme\u011finin de hakikaten kan \u015fekerini \u00e7ok fazla y\u00fckseltti\u011fi Kardiyolog William Davis taraf\u0131ndan s\u00f6ylenmi\u015ftir.\nKepekli de olsa tam bu\u011fday ekme\u011finin gliserin endeksi \u00e7ok y\u00fcksektir.\nBir patatesin gliserin indeksi kadar kan \u015fekerini \u00e7ok fazla y\u00fckseltir.\nGen\u00e7 ve ortaya \u00e7\u0131kan hastal\u0131klar\u0131n temelinde a\u015f\u0131r\u0131 \u015feker, ekmek t\u00fcketimi ve hareketsizlik yatmaktad\u0131r.\nBu olay bu kadar basit.\nHerkes bisiklete ula\u015famaz ama yol y\u00fcr\u00fcy\u00fcn.\nAsans\u00f6re binmeyece\u011fiz ve yol y\u00fcr\u00fcyece\u011fiz.\n\u015eeker hastal\u0131\u011f\u0131 genetik de\u011fildir.\nTamamen yanl\u0131\u015f beslenme ve yanl\u0131\u015f ya\u015fam bi\u00e7iminden kaynaklanan \u00e7evresel bir fakt\u00f6rd\u00fcr.\n\u0130leri ya\u015flarda \u00e7\u0131kan bu hastal\u0131k genetik olmamakla beraber \u00f6nlenebilir.\nBunu \u00f6nlemek ve \u00f6ne alabilmek bizim elimizdedir\" diye konu\u015ftu.\n\"BEL \u00c7EVRES\u0130N\u0130N GEN\u0130\u015eLEMES\u0130 HASTA OLUNDU\u011eUNU G\u00d6STER\u0130YOR\"1980'lerde ve 90'larda birdenbire t\u00fcm d\u00fcnyada ayn\u0131 zamanda obezitenin mantar gibi patlad\u0131\u011f\u0131n\u0131 belirten Karatay, \"A\u015f\u0131r\u0131 kilo, Elaz\u0131\u011f n\u00fcfusunun \u00fc\u00e7te biri obez gibi \u015feyle ortaya \u00e7\u0131kt\u0131.\nA\u015f\u0131r\u0131 kilo, obez o kadar \u00f6nemli de\u011fil.\n\u00d6nemli olan bel \u00e7evresinin geni\u015flemesi, sizin rahats\u0131z ve hasta oldu\u011funuzu g\u00f6steriyor.\nBu yeterlidir.\nA\u00e7l\u0131k kan \u015fekeri sizi aldatmas\u0131n.\nBir \u015fey yedikten sonra kan \u015fekerinize bak\u0131n ve \u00e7ok y\u00fckseliyorsa art\u0131k onu yemeyin.\n\u015eekerin i\u00e7indekileri \u00e7ocuklar\u0131m\u0131za \u00e7ok veriyoruz.\n3 ya\u015f\u0131ndaki \u00e7ocu\u011fun do\u011fum g\u00fcn\u00fc partilerinde kolal\u0131 i\u00e7ecekler veriliyor.\n\u00c7ok \u00f6nemliymi\u015f gibi Ramazan iftarlar\u0131nda kola ortaya koyuyorlar.\nBunlar hastal\u0131klar\u0131 ba\u015flat\u0131yor\" dedi.\nNOT: Kilonuz normalin \u00fczerindeyse mutlaka bir uzmandan g\u00f6r\u00fc\u015f almal\u0131s\u0131n\u0131z.",
    "article_html": "",
    "meta_description": "Sa\u011fl\u0131kl\u0131 beslenmenin yollar\u0131n\u0131 Prof. Dr. Canan Karatay anlatt\u0131",
    "meta_lang": "tr"
}