{
    "article_id": "b2444e7d8ede8ef8adfa6eefd73a6374.1589926012.458945",
    "title": "Kilo almak isteyenler i\u00e7in rehber!",
    "authors": [
        "Isvalid",
        "Yazarlar",
        "Data",
        "Name",
        "Mail",
        "Title",
        "Di\u0307\u011fer Yazarlar"
    ],
    "canonical_link": "https://www.haberturk.com/saglik/haber/1153969-kilo-almak-isteyenler-icin-rehber",
    "url": "http://haberturk.com/saglik/haber/1153969-kilo-almak-isteyenler-icin-rehber",
    "top_img": "https://im.haberturk.com/2015/11/16/ver1458031915/1153969_1200x627.jpg",
    "meta_img": "https://im.haberturk.com/2015/11/16/ver1458031915/1153969_1200x627.jpg",
    "movies": [],
    "text": "Bizim gibi diyetisyenlere kilo vermek i\u00e7in gidiyor insanlar de\u011fil mi? Peki \u00e7ok zay\u0131f olanlar? Ne yaparlarsa yaps\u0131nlar, \u00e7ok isteseler de kilo alamayanlar? Kimse onlarla ilgilenmiyor sanki. Onlar nas\u0131l olsa zay\u0131f ve zay\u0131fl\u0131k nas\u0131l olsa t\u00fcm d\u00fcnya i\u00e7in iyi bir \u015fey... Siz gelin bir de onlara sorun bakal\u0131m. Bana kilo almak i\u00e7in gelenlerin say\u0131s\u0131 az ama s\u0131k\u0131nt\u0131lar\u0131 b\u00fcy\u00fck. Y\u0131llard\u0131r diyet yapan biri onlar\u0131 anlam\u0131yor ve k\u0131z\u0131yor. \u201cNe diye geliyor ki size? Yesin, kilo al\u0131r\u201d diyorlar. Bu mant\u0131kla ilerlersek, onlar da kilo alanlar ve veremeyenler i\u00e7in \u201cYiyince kilo al\u0131yorlarsa yemesinler. Neden yemeden duram\u0131yorlar ki?\u201d diyebilirler. Bu kadar basit mi? Demek iki taraf i\u00e7in de bu i\u015f bu kadar kolay de\u011fil. Siz birbirinizi anlamasan\u0131z da ben sizi anl\u0131yor ve bug\u00fcnk\u00fc konumu kilo almaya \u00e7al\u0131\u015fanlara ay\u0131r\u0131yorum.\n\n\n\n\n\nNEDEN ZAYIFIM?\n\nT\u0131pk\u0131 kilo alman\u0131n sebebi oldu\u011fu gibi zay\u0131fl\u0131\u011f\u0131n da bir veya birka\u00e7 sebebi olabilir. Aileden gelen her t\u00fcrl\u00fc miras \u00f6nemli. Anneniz 40, baban\u0131z 50 kiloysa sizin de 43 kilo olman\u0131z normal. Zay\u0131fl\u0131k aileden gelen bir \u00f6zellik olabilir. Bunun d\u0131\u015f\u0131nda metabolik bir sorun, emilim bozukluklar\u0131, tiroit hastal\u0131klar\u0131nda da zay\u0131fl\u0131k olu\u015fabilir. \u00c7\u00f6lyak gibi hastal\u0131klarda da bir d\u00f6nem zay\u0131fl\u0131k g\u00f6r\u00fclebilir. E\u011fer bir anda zay\u0131flad\u0131ysan\u0131z mutlaka bir i\u00e7 hastal\u0131klar\u0131, endokrin uzman\u0131na gidin ve zay\u0131flaman\u0131z\u0131n nedenini bulmak i\u00e7in gerekli tahlilleri yapt\u0131r\u0131n.\n\n\n\n\n\nKURUYEM\u0130\u015eLER KURTARICINIZ\n\nEn g\u00fczel kaloriyi art\u0131rma \u015fekli! Sa\u011fl\u0131kl\u0131, lezzetli, yemesi ve ta\u015f\u0131mas\u0131 kolay. \u0130\u015fte sa\u011fl\u0131kl\u0131 kilo art\u0131\u015f\u0131 i\u00e7in en s\u0131k kullanabilece\u011finiz ara \u00f6\u011f\u00fcnler:\n\nCeviz\n\nBadem\n\nF\u0131nd\u0131k\n\nF\u0131st\u0131k\n\nKaju\n\nKuru kay\u0131s\u0131\n\nKuru erik\n\nKuru incir\n\nKuru \u00fcz\u00fcm\n\nHurma\n\n\u00c7i\u011fdem-\u00e7ekirdek\n\nSA\u011eLIKLI K\u0130LO ALMAK \u0130STEYENLER \u0130\u00c7\u0130N \u00d6ZEL TAR\u0130F\n\n\n\n\u00c7ok zay\u0131f olanlar, stresli anlarda i\u015ftah\u0131 kesilenler olabilir. Bu durumlarda i\u015ftah\u0131 etkilememek ve yemeye devam edebilmek i\u00e7in ne gerekiyorsa bulun! Diyetisyeniniz bu konuda sizi motive eder ama gerekirse psikolog deste\u011fi de al\u0131n. Yeme davran\u0131\u015flar\u0131 konusunda \u00e7al\u0131\u015fan bir psikolog bulman\u0131zda fayda var.\n\n\n\n20 tane incir, 20 tane ceviz, 1 bardak s\u00fct, toz tar\u00e7\u0131n, vanilya, 1 bardak \u015feker, 1 bardak su, Hindistancevizi\n\n20 tane incirin i\u00e7ine 2 ay\u0131klanm\u0131\u015f cevizi yerle\u015ftirin. Tencereye koyun. \u00dczerine su, s\u00fct, \u015feker ve vanilyay\u0131 kar\u0131\u015ft\u0131r\u0131p d\u00f6k\u00fcn. Suyunu \u00e7ekene kadar pi\u015firin. \u00dczerine hindistancevizi ilave edin ve yerken yan\u0131na dondurma ekleyin. \u0130\u015fte size midenizi \u015fi\u015firmeyecek, sa\u011fl\u0131kl\u0131 ve lezzetli bir tatl\u0131!",
    "keywords": [
        "kilo",
        "i\u00e7in",
        "isteyenler",
        "bir",
        "almak",
        "zay\u0131f",
        "tane",
        "sa\u011fl\u0131kl\u0131",
        "ve",
        "rehber",
        "da",
        "zay\u0131fl\u0131k",
        "bu"
    ],
    "meta_keywords": [
        ""
    ],
    "publish_date": {
        "$date": 1458031915000
    },
    "summary": "Bizim gibi diyetisyenlere kilo vermek i\u00e7in gidiyor insanlar de\u011fil mi?\nPeki \u00e7ok zay\u0131f olanlar?\nNe yaparlarsa yaps\u0131nlar, \u00e7ok isteseler de kilo alamayanlar?\nKimse onlarla ilgilenmiyor sanki.\nOnlar nas\u0131l olsa zay\u0131f ve zay\u0131fl\u0131k nas\u0131l olsa t\u00fcm d\u00fcnya i\u00e7in iyi bir \u015fey... Siz gelin bir de onlara sorun bakal\u0131m.\nBana kilo almak i\u00e7in gelenlerin say\u0131s\u0131 az ama s\u0131k\u0131nt\u0131lar\u0131 b\u00fcy\u00fck.\nY\u0131llard\u0131r diyet yapan biri onlar\u0131 anlam\u0131yor ve k\u0131z\u0131yor.\n\u201cNe diye geliyor ki size?\nYesin, kilo al\u0131r\u201d diyorlar.\nBu mant\u0131kla ilerlersek, onlar da kilo alanlar ve veremeyenler i\u00e7in \u201cYiyince kilo al\u0131yorlarsa yemesinler.\nNeden yemeden duram\u0131yorlar ki?\u201d diyebilirler.\nBu kadar basit mi?\nDemek iki taraf i\u00e7in de bu i\u015f bu kadar kolay de\u011fil.\nSiz birbirinizi anlamasan\u0131z da ben sizi anl\u0131yor ve bug\u00fcnk\u00fc konumu kilo almaya \u00e7al\u0131\u015fanlara ay\u0131r\u0131yorum.\nNEDEN ZAYIFIM?\nT\u0131pk\u0131 kilo alman\u0131n sebebi oldu\u011fu gibi zay\u0131fl\u0131\u011f\u0131n da bir veya birka\u00e7 sebebi olabilir.\nAileden gelen her t\u00fcrl\u00fc miras \u00f6nemli.\nAnneniz 40, baban\u0131z 50 kiloysa sizin de 43 kilo olman\u0131z normal.\nZay\u0131fl\u0131k aileden gelen bir \u00f6zellik olabilir.\nBunun d\u0131\u015f\u0131nda metabolik bir sorun, emilim bozukluklar\u0131, tiroit hastal\u0131klar\u0131nda da zay\u0131fl\u0131k olu\u015fabilir.\n\u00c7\u00f6lyak gibi hastal\u0131klarda da bir d\u00f6nem zay\u0131fl\u0131k g\u00f6r\u00fclebilir.\nE\u011fer bir anda zay\u0131flad\u0131ysan\u0131z mutlaka bir i\u00e7 hastal\u0131klar\u0131, endokrin uzman\u0131na gidin ve zay\u0131flaman\u0131z\u0131n nedenini bulmak i\u00e7in gerekli tahlilleri yapt\u0131r\u0131n.\nKURUYEM\u0130\u015eLER KURTARICINIZEn g\u00fczel kaloriyi art\u0131rma \u015fekli!\nSa\u011fl\u0131kl\u0131, lezzetli, yemesi ve ta\u015f\u0131mas\u0131 kolay.\n\u0130\u015fte sa\u011fl\u0131kl\u0131 kilo art\u0131\u015f\u0131 i\u00e7in en s\u0131k kullanabilece\u011finiz ara \u00f6\u011f\u00fcnler:CevizBademF\u0131nd\u0131kF\u0131st\u0131kKajuKuru kay\u0131s\u0131Kuru erikKuru incirKuru \u00fcz\u00fcmHurma\u00c7i\u011fdem-\u00e7ekirdekSA\u011eLIKLI K\u0130LO ALMAK \u0130STEYENLER \u0130\u00c7\u0130N \u00d6ZEL TAR\u0130F\u00c7ok zay\u0131f olanlar, stresli anlarda i\u015ftah\u0131 kesilenler olabilir.\nBu durumlarda i\u015ftah\u0131 etkilememek ve yemeye devam edebilmek i\u00e7in ne gerekiyorsa bulun!\nDiyetisyeniniz bu konuda sizi motive eder ama gerekirse psikolog deste\u011fi de al\u0131n.\nYeme davran\u0131\u015flar\u0131 konusunda \u00e7al\u0131\u015fan bir psikolog bulman\u0131zda fayda var.\n20 tane incir, 20 tane ceviz, 1 bardak s\u00fct, toz tar\u00e7\u0131n, vanilya, 1 bardak \u015feker, 1 bardak su, Hindistancevizi20 tane incirin i\u00e7ine 2 ay\u0131klanm\u0131\u015f cevizi yerle\u015ftirin.\nTencereye koyun.\n\u00dczerine su, s\u00fct, \u015feker ve vanilyay\u0131 kar\u0131\u015ft\u0131r\u0131p d\u00f6k\u00fcn.\nSuyunu \u00e7ekene kadar pi\u015firin.\n\u00dczerine hindistancevizi ilave edin ve yerken yan\u0131na dondurma ekleyin.\n\u0130\u015fte size midenizi \u015fi\u015firmeyecek, sa\u011fl\u0131kl\u0131 ve lezzetli bir tatl\u0131!",
    "article_html": "",
    "meta_description": "Kilo almak isteyenler i\u00e7in rehber!",
    "meta_lang": "tr"
}