{
    "article_id": "4bf2c9ba239950465e08638dc4f1b7e2.1589926012.763511",
    "title": "Kivide bulunan yararl\u0131 besinler nelerdir? Kivinin faydalar\u0131 nelerdir?",
    "authors": [
        "Isvalid",
        "Yazarlar",
        "Data",
        "Name",
        "Mail",
        "Title",
        "Di\u0307\u011fer Yazarlar"
    ],
    "canonical_link": "https://www.haberturk.com/kivide-bulunan-yararli-besinler-nelerdir-kivinin-faydalari-nelerdir-hbrt-2678676",
    "url": "http://haberturk.com/kivide-bulunan-yararli-besinler-nelerdir-kivinin-faydalari-nelerdir-hbrt-2678676",
    "top_img": "https://im.haberturk.com/2020/05/14/ver1589435161/2678676_1200x627.jpg",
    "meta_img": "https://im.haberturk.com/2020/05/14/ver1589435161/2678676_1200x627.jpg",
    "movies": [],
    "text": "\u00dclkemizde son y\u0131llarda pazar tezgahlar\u0131nda s\u0131k\u00e7a g\u00f6r\u00fclen, kahverengi kabu\u011fu, ye\u015fil meyvesiyle olduk\u00e7a besleyici bir meyvedir. Kivinin ek\u015fi tad\u0131 olmas\u0131na ra\u011fmen, pastalarda di\u011fer meyvelerle olduk\u00e7a iyi gider, g\u00f6r\u00fcnt\u00fcs\u00fcndeki parlak renk, siyah \u00e7ekirde\u011fi s\u00fcslemeler i\u00e7inde tercih nedenidir.\n\nKivinin Sa\u011fl\u0131k \u0130\u00e7in \u00d6nemi\n\nKivi egzotik bir meyve olmas\u0131na ra\u011fmen art\u0131k T\u00fcrkiye\u2019 de yeti\u015ftirilmesinden dolay\u0131 daha s\u0131k mutfa\u011fa girebilen bir meyve olmu\u015ftur. Kivi C vitamini a\u00e7\u0131s\u0131ndan olduk\u00e7a zengindir. So\u011fuk alg\u0131nl\u0131klar\u0131nda, sigara t\u00fcketiminde haftada birka\u00e7 defa kivi yemek v\u00fccudun C vitamini ihtiyac\u0131n\u0131 kar\u015f\u0131lamakta olduk\u00e7a ba\u015far\u0131l\u0131d\u0131r. \u00dcstelik sadece C vitamini y\u00f6n\u00fcnden zengin de\u011fil ayn\u0131 zamanda potasyum miktar\u0131yla da kaslar ve kalp sa\u011fl\u0131\u011f\u0131 i\u00e7in iyi bir takviyedir. Kivinin haftada birka\u00e7 kere t\u00fcketilmesi damar t\u0131kan\u0131kl\u0131\u011f\u0131n\u0131 da \u00f6nleyici bir rol oynamaktad\u0131r.\n\nSindirim siteminin daha h\u0131zl\u0131 \u00e7al\u0131\u015fmas\u0131 i\u00e7in de kivi t\u00fcketmek gerekir. Sindirimi kolayla\u015ft\u0131rd\u0131\u011f\u0131 ve ba\u011f\u0131rsaktaki iyi mikroorganizmalar\u0131 besleyerek sindirim sistemine yard\u0131mc\u0131 oldu\u011fu yap\u0131lan deneylerde de kan\u0131tlanm\u0131\u015ft\u0131r. Ancak kab\u0131zl\u0131k gibi bir sa\u011fl\u0131k sorununuz var ise kay\u0131s\u0131 ve erik gibi meyvelerden daha fazla yarar sa\u011flayabilirsiniz.\n\nKivi i\u00e7eri\u011findeki potasyum d\u0131\u015f\u0131nda ayr\u0131ca tansiyon dengelemede de etkilidir. Ye\u015fil yaprakl\u0131 bitkilerde bulunan lutein maddesi tansiyonunu dengeleyerek tuzun yaratt\u0131\u011f\u0131 etkiyle sava\u015f\u0131r. V\u00fccudumuzun potasyum ihtiyac\u0131 yeterince kar\u015f\u0131lanmazsa, tansiyon sorunlar\u0131 ya\u015famak ka\u00e7\u0131n\u0131lmazd\u0131r. Potasyum oran\u0131 y\u00fcksek yiyecekler yemek sizi tansiyon sorunundan uzak tutmaya yaracakt\u0131r.\n\nC vitamini y\u00fcksek olmas\u0131 nedeniyle k\u0131\u015f aylar\u0131nda \u00f6zellikle di\u011fer C vitamini deposu meyvelerle beraber t\u00fcketmek ba\u011f\u0131\u015f\u0131kl\u0131k sistemini g\u00fc\u00e7lendirerek, so\u011fuk alg\u0131nl\u0131\u011f\u0131 sorunlar\u0131ndan bizi koruyacakt\u0131r. Kivi ayr\u0131ca mineral ve antioksidan olarak da zengin bir meyve oldu\u011fu i\u00e7in, v\u00fccut direncini y\u00fcksek tutmaya yard\u0131mc\u0131 olur.\n\nT\u0131p bilimcilerinin baz\u0131lar\u0131na g\u00f6re C vitamini y\u00fcksek meyve ve sebzeler akci\u011fer rahats\u0131zl\u0131klar\u0131na iyi geldi\u011fini d\u00fc\u015f\u00fcn\u00fcyorlar. Akci\u011ferde olu\u015fabilecek iltihaplanmay\u0131 engelledi\u011fi ve ast\u0131ml\u0131 hastalarda daha az h\u0131r\u0131lt\u0131 g\u00f6r\u00fcld\u00fc\u011f\u00fcn\u00fc d\u00fc\u015f\u00fcnen bilim adamlar\u0131, haftada birka\u00e7 kez C vitamini zengini meyvelerden t\u00fcketilmesini tavsiye ediyor. Bu g\u00f6r\u00fc\u015f\u00fcn ne kadar do\u011fru oldu\u011fu hakk\u0131nda bir kan\u0131t olmad\u0131\u011f\u0131 gibi, bu g\u0131dalar\u0131n iyile\u015ftirici \u00f6zelli\u011fi olmad\u0131\u011f\u0131 da unutulmamal\u0131d\u0131r. V\u00fccudun ihtiyac\u0131 olan besinleri yeterli miktarda almak, v\u00fccudumuzun direncini art\u0131ran bir fakt\u00f6r oldu\u011fu g\u00f6zden ka\u00e7\u0131r\u0131lmamal\u0131d\u0131r.\n\nKivide Bulunan Besinler\n\nC vitamini: Uzmanlar\u0131n tavsiye ettikleri C vitamini ihtiyac\u0131n\u0131n 2,5 kat\u0131nda C vitamini i\u00e7erir bu vitamin ya\u015flanma etkilerine ve ba\u011f\u0131\u015f\u0131kl\u0131k sisteminin g\u00fc\u00e7lenmesinde \u00f6nemli bir rol oynar.\n\nPotasyum: Potasyum kalbin d\u00fczenli \u00e7al\u0131\u015fmas\u0131 i\u00e7in, beyne oksijen gitmesi i\u00e7in ve tansiyonu dengede tutmak i\u00e7in \u00f6nemli bir mineraldir, v\u00fccudun s\u0131v\u0131 elektrolit dengesini devam ettirir. Kalp ritmini h\u0131zland\u0131ran aktivitelerde potasyumun yeterli miktarda al\u0131nmas\u0131 \u00f6nemlidir.\n\nAntioksidan:Kivi; kalp hastal\u0131klar\u0131n\u0131, kanseri, inme riskini azaltan antioksidan bak\u0131m\u0131ndan zengin bir meyvedir.\n\nLif: Bu\u011fday kepe\u011fi gevre\u011finden 2 kat fazla lif i\u00e7ermesiyle de sindirim sistemini d\u00fczenlemede \u00e7ok daha faydal\u0131d\u0131r.\n\nD\u00fc\u015f\u00fck Glisemik \u0130ndeksi:Diyabet hastalar\u0131n\u0131n bile rahat\u00e7a t\u00fcketebilece\u011fi bu meyve, ya\u011f i\u00e7ermez ve karbonhidrat oran\u0131 olduk\u00e7a d\u00fc\u015f\u00fckt\u00fcr. Gliseminindeksi 52 olmas\u0131ndan dolay\u0131 kan \u015fekerini y\u00fckseltmez.\n\nE Vitamini:Ciltte, kolesterolde be ba\u011f\u0131\u015f\u0131kl\u0131k sisteminin g\u00fc\u00e7lenmesinde \u00f6nemli yer tutan E vitamini kivide bulunmaktad\u0131r.\n\nMagnezyum:1 adet Kivi 15 mg magnezyum i\u00e7ermekte, i\u00e7erdi\u011fi magnezyum sinir sistemi ve kas sistemi i\u00e7in gerekli bir mineraldir.\n\nFolat: Folat yani folik asit anlam\u0131na gelen bir terimdir. Anlam\u0131 ye\u015fil yapraklarda daha fazla bulunan bir B vitamini t\u00fcr\u00fcd\u00fcr. Hamilelik ve b\u00fcy\u00fcme evrelerinde gereklidir. Kivi bu ihtiyac\u0131n % 10 ihtiyac\u0131n\u0131 kar\u015f\u0131lamaktad\u0131r.\n\n\u00c7inko: Kivinin i\u00e7inde bulunan \u00e7inko, sindirim sistemi, ba\u011f\u0131\u015f\u0131kl\u0131k sistemi d\u0131\u015f\u0131nda sa\u00e7larda, di\u015f sa\u011fl\u0131\u011f\u0131nda ve cilt g\u00fczelli\u011finde de etkilidir.\n\nLutein: Bu madde daha \u00e7ok ilerleyen ya\u015flarda olu\u015fan g\u00f6z hastal\u0131klar\u0131ndan korunmada da yard\u0131mc\u0131d\u0131r.",
    "keywords": [
        "yararl\u0131",
        "faydalar\u0131",
        "i\u00e7in",
        "kivi",
        "bir",
        "vitamini",
        "besinler",
        "c",
        "daha",
        "potasyum",
        "olduk\u00e7a",
        "nelerdir",
        "ve",
        "kivinin",
        "kivide",
        "bulunan",
        "bu"
    ],
    "meta_keywords": [
        ""
    ],
    "publish_date": {
        "$date": 1589435161000
    },
    "summary": "\u00dclkemizde son y\u0131llarda pazar tezgahlar\u0131nda s\u0131k\u00e7a g\u00f6r\u00fclen, kahverengi kabu\u011fu, ye\u015fil meyvesiyle olduk\u00e7a besleyici bir meyvedir.\nKivinin ek\u015fi tad\u0131 olmas\u0131na ra\u011fmen, pastalarda di\u011fer meyvelerle olduk\u00e7a iyi gider, g\u00f6r\u00fcnt\u00fcs\u00fcndeki parlak renk, siyah \u00e7ekirde\u011fi s\u00fcslemeler i\u00e7inde tercih nedenidir.\nKivinin Sa\u011fl\u0131k \u0130\u00e7in \u00d6nemiKivi egzotik bir meyve olmas\u0131na ra\u011fmen art\u0131k T\u00fcrkiye\u2019 de yeti\u015ftirilmesinden dolay\u0131 daha s\u0131k mutfa\u011fa girebilen bir meyve olmu\u015ftur.\nKivi C vitamini a\u00e7\u0131s\u0131ndan olduk\u00e7a zengindir.\nSo\u011fuk alg\u0131nl\u0131klar\u0131nda, sigara t\u00fcketiminde haftada birka\u00e7 defa kivi yemek v\u00fccudun C vitamini ihtiyac\u0131n\u0131 kar\u015f\u0131lamakta olduk\u00e7a ba\u015far\u0131l\u0131d\u0131r.\n\u00dcstelik sadece C vitamini y\u00f6n\u00fcnden zengin de\u011fil ayn\u0131 zamanda potasyum miktar\u0131yla da kaslar ve kalp sa\u011fl\u0131\u011f\u0131 i\u00e7in iyi bir takviyedir.\nKivinin haftada birka\u00e7 kere t\u00fcketilmesi damar t\u0131kan\u0131kl\u0131\u011f\u0131n\u0131 da \u00f6nleyici bir rol oynamaktad\u0131r.\nSindirim siteminin daha h\u0131zl\u0131 \u00e7al\u0131\u015fmas\u0131 i\u00e7in de kivi t\u00fcketmek gerekir.\nSindirimi kolayla\u015ft\u0131rd\u0131\u011f\u0131 ve ba\u011f\u0131rsaktaki iyi mikroorganizmalar\u0131 besleyerek sindirim sistemine yard\u0131mc\u0131 oldu\u011fu yap\u0131lan deneylerde de kan\u0131tlanm\u0131\u015ft\u0131r.\nAncak kab\u0131zl\u0131k gibi bir sa\u011fl\u0131k sorununuz var ise kay\u0131s\u0131 ve erik gibi meyvelerden daha fazla yarar sa\u011flayabilirsiniz.\nKivi i\u00e7eri\u011findeki potasyum d\u0131\u015f\u0131nda ayr\u0131ca tansiyon dengelemede de etkilidir.\nYe\u015fil yaprakl\u0131 bitkilerde bulunan lutein maddesi tansiyonunu dengeleyerek tuzun yaratt\u0131\u011f\u0131 etkiyle sava\u015f\u0131r.\nV\u00fccudumuzun potasyum ihtiyac\u0131 yeterince kar\u015f\u0131lanmazsa, tansiyon sorunlar\u0131 ya\u015famak ka\u00e7\u0131n\u0131lmazd\u0131r.\nPotasyum oran\u0131 y\u00fcksek yiyecekler yemek sizi tansiyon sorunundan uzak tutmaya yaracakt\u0131r.\nC vitamini y\u00fcksek olmas\u0131 nedeniyle k\u0131\u015f aylar\u0131nda \u00f6zellikle di\u011fer C vitamini deposu meyvelerle beraber t\u00fcketmek ba\u011f\u0131\u015f\u0131kl\u0131k sistemini g\u00fc\u00e7lendirerek, so\u011fuk alg\u0131nl\u0131\u011f\u0131 sorunlar\u0131ndan bizi koruyacakt\u0131r.\nKivi ayr\u0131ca mineral ve antioksidan olarak da zengin bir meyve oldu\u011fu i\u00e7in, v\u00fccut direncini y\u00fcksek tutmaya yard\u0131mc\u0131 olur.\nT\u0131p bilimcilerinin baz\u0131lar\u0131na g\u00f6re C vitamini y\u00fcksek meyve ve sebzeler akci\u011fer rahats\u0131zl\u0131klar\u0131na iyi geldi\u011fini d\u00fc\u015f\u00fcn\u00fcyorlar.\nAkci\u011ferde olu\u015fabilecek iltihaplanmay\u0131 engelledi\u011fi ve ast\u0131ml\u0131 hastalarda daha az h\u0131r\u0131lt\u0131 g\u00f6r\u00fcld\u00fc\u011f\u00fcn\u00fc d\u00fc\u015f\u00fcnen bilim adamlar\u0131, haftada birka\u00e7 kez C vitamini zengini meyvelerden t\u00fcketilmesini tavsiye ediyor.\nBu g\u00f6r\u00fc\u015f\u00fcn ne kadar do\u011fru oldu\u011fu hakk\u0131nda bir kan\u0131t olmad\u0131\u011f\u0131 gibi, bu g\u0131dalar\u0131n iyile\u015ftirici \u00f6zelli\u011fi olmad\u0131\u011f\u0131 da unutulmamal\u0131d\u0131r.\nV\u00fccudun ihtiyac\u0131 olan besinleri yeterli miktarda almak, v\u00fccudumuzun direncini art\u0131ran bir fakt\u00f6r oldu\u011fu g\u00f6zden ka\u00e7\u0131r\u0131lmamal\u0131d\u0131r.\nKivide Bulunan BesinlerC vitamini: Uzmanlar\u0131n tavsiye ettikleri C vitamini ihtiyac\u0131n\u0131n 2,5 kat\u0131nda C vitamini i\u00e7erir bu vitamin ya\u015flanma etkilerine ve ba\u011f\u0131\u015f\u0131kl\u0131k sisteminin g\u00fc\u00e7lenmesinde \u00f6nemli bir rol oynar.\nPotasyum: Potasyum kalbin d\u00fczenli \u00e7al\u0131\u015fmas\u0131 i\u00e7in, beyne oksijen gitmesi i\u00e7in ve tansiyonu dengede tutmak i\u00e7in \u00f6nemli bir mineraldir, v\u00fccudun s\u0131v\u0131 elektrolit dengesini devam ettirir.\nKalp ritmini h\u0131zland\u0131ran aktivitelerde potasyumun yeterli miktarda al\u0131nmas\u0131 \u00f6nemlidir.\nAntioksidan:Kivi; kalp hastal\u0131klar\u0131n\u0131, kanseri, inme riskini azaltan antioksidan bak\u0131m\u0131ndan zengin bir meyvedir.\nLif: Bu\u011fday kepe\u011fi gevre\u011finden 2 kat fazla lif i\u00e7ermesiyle de sindirim sistemini d\u00fczenlemede \u00e7ok daha faydal\u0131d\u0131r.\nD\u00fc\u015f\u00fck Glisemik \u0130ndeksi:Diyabet hastalar\u0131n\u0131n bile rahat\u00e7a t\u00fcketebilece\u011fi bu meyve, ya\u011f i\u00e7ermez ve karbonhidrat oran\u0131 olduk\u00e7a d\u00fc\u015f\u00fckt\u00fcr.\nGliseminindeksi 52 olmas\u0131ndan dolay\u0131 kan \u015fekerini y\u00fckseltmez.\nE Vitamini:Ciltte, kolesterolde be ba\u011f\u0131\u015f\u0131kl\u0131k sisteminin g\u00fc\u00e7lenmesinde \u00f6nemli yer tutan E vitamini kivide bulunmaktad\u0131r.\nMagnezyum:1 adet Kivi 15 mg magnezyum i\u00e7ermekte, i\u00e7erdi\u011fi magnezyum sinir sistemi ve kas sistemi i\u00e7in gerekli bir mineraldir.\nFolat: Folat yani folik asit anlam\u0131na gelen bir terimdir.\nAnlam\u0131 ye\u015fil yapraklarda daha fazla bulunan bir B vitamini t\u00fcr\u00fcd\u00fcr.\nHamilelik ve b\u00fcy\u00fcme evrelerinde gereklidir.\nKivi bu ihtiyac\u0131n % 10 ihtiyac\u0131n\u0131 kar\u015f\u0131lamaktad\u0131r.\n\u00c7inko: Kivinin i\u00e7inde bulunan \u00e7inko, sindirim sistemi, ba\u011f\u0131\u015f\u0131kl\u0131k sistemi d\u0131\u015f\u0131nda sa\u00e7larda, di\u015f sa\u011fl\u0131\u011f\u0131nda ve cilt g\u00fczelli\u011finde de etkilidir.\nLutein: Bu madde daha \u00e7ok ilerleyen ya\u015flarda olu\u015fan g\u00f6z hastal\u0131klar\u0131ndan korunmada da yard\u0131mc\u0131d\u0131r.",
    "article_html": "",
    "meta_description": "Kahverengi kabu\u011fu ve ye\u015fil meyvesiyle \u00fclkemizde son y\u0131llar\u0131n en pop\u00fcler yiyeceklerinden olan kivi olduk\u00e7a besleyicidir. Peki kivinin ne gibi faydalar\u0131 vard\u0131r? Kivide bulunan yararl\u0131 besinler nelerdir?",
    "meta_lang": "tr"
}