{
    "article_id": "a87714b229b619c0946a09e5c9081119.1589926013.7534387",
    "title": "Acil kalp ameliyat\u0131 olmas\u0131 gereken hastalar\u0131n oran\u0131nda b\u00fcy\u00fck d\u00fc\u015f\u00fc\u015f var - Haberler",
    "authors": [
        "Isvalid",
        "Yazarlar",
        "Data",
        "Name",
        "Mail",
        "Title",
        "Di\u0307\u011fer Yazarlar"
    ],
    "canonical_link": "https://www.haberturk.com/acil-kalp-ameliyati-olmasi-gereken-hastalarin-oraninda-buyuk-dusus-var-haberler-2678012",
    "url": "http://haberturk.com/acil-kalp-ameliyati-olmasi-gereken-hastalarin-oraninda-buyuk-dusus-var-haberler-2678012",
    "top_img": "https://im.haberturk.com/2020/05/13/ver1589370008/2678012_1200x627.jpg",
    "meta_img": "https://im.haberturk.com/2020/05/13/ver1589370008/2678012_1200x627.jpg",
    "movies": [],
    "text": "Ceyda Ereno\u011flu cerenoglu@haberturk.com\n\nCovid-19 s\u00fcrecinde acil ameliyat edilmesi gereken hastalar\u0131n ameliyatlar\u0131nda ciddi oranda azalma meydana geldi. \u0130\u015fte uzmanlar\u0131n g\u00f6r\u00fc\u015fleriyle Covid-19\u2019dan ka\u00e7arken acil kalp ameliyatlar\u0131n\u0131 erteleyen hastalar\u0131 bekleyen o b\u00fcy\u00fck riskler. Habert\u00fcrk'ten Ceyda Ereno\u011flu\u2019nun \u00f6zel haberi...\n\nAc\u0131badem Altunizade Hastanesi Kalp ve Damar Cerrahisi Uzman\u0131 Prof. Dr. Selim \u0130sbir\n\nO HASTALARIMIZIN \u00c7O\u011eU HEMEN \u00d6L\u00dcYOR\n\n\u0130\u00e7inde bulundu\u011fumuz Covid-19 s\u00fcrecinde kalp - damar hastal\u0131klar\u0131n\u0131n tedavisinde t\u00fcm d\u00fcnyada ve \u00fclkemizde \u00f6nemli aksakl\u0131klar oldu\u011funu d\u00fc\u015f\u00fcn\u00fcyorum. S\u00fcrecin ba\u015flamas\u0131 ile \u2018elektif\u2019 olarak adland\u0131r\u0131lan acil olmayan ameliyatlar\u0131 durdurduk. Ancak bu s\u00fcre\u00e7te kalp - damar hastal\u0131klar\u0131n\u0131n acil cerrahi m\u00fcdahale gerektiren patolojilerinde hastaneye ba\u015fvuruda ciddi azalmalar g\u00f6zlemledik ve g\u00f6zlemlemeye devam ediyoruz. Ge\u00e7en hafta kat\u0131ld\u0131\u011f\u0131m uluslararas\u0131 bir webinar\u2019da benzer \u015fekilde \u0130ngiltere\u2019den bir cerrah meslekta\u015f\u0131m da ayn\u0131 g\u00f6zlemleri payla\u015farak ge\u00e7en ay Londra\u2019da sadece 50 civar\u0131nda kalp ameliyat\u0131 yapt\u0131klar\u0131n\u0131 s\u00f6yledi. Bu rakam normal s\u00fcre\u00e7le kar\u015f\u0131la\u015ft\u0131r\u0131ld\u0131\u011f\u0131nda son derece az. Benzer s\u00f6ylem bir \u0130talyan meslekta\u015f\u0131m\u0131zdan da geldi. \u0130stanbul\u2019da da ayn\u0131 s\u00fcre\u00e7ten ge\u00e7iyoruz. Kalp cerrahisinin en acil vakas\u0131 olan \u2018Aort diseksiyonu\u2019 denilen patolojide bile ameliyat say\u0131lar\u0131nda azalma var. Bu sorunda, hastalarda ani ortaya \u00e7\u0131kan g\u00f6\u011f\u00fcs a\u011fr\u0131s\u0131 ve takibinde hastan\u0131n kendini kaybetmesi s\u00f6z konusu olur. Hastalar\u0131n \u00e7o\u011fu o an hayat\u0131n\u0131 kaybederken hastaneye ba\u015fvuranlarda bile hastan\u0131n ilk saatlerde acil opere edilmemesi halinde \u00f6l\u00fcm oran\u0131 \u00e7ok y\u00fcksektir. Benzer durum kalp krizinde de ge\u00e7erlidir. O nedenle bilinen kalp ve damar hastal\u0131\u011f\u0131 olan ve ameliyat olmas\u0131 gereken hastalar\u0131n Covid-19 nedeni ile tedavilerini ertelemeleri uygun de\u011fildir. Bu konuyu mutlaka kendilerini takip eden hekimleri ile g\u00f6r\u00fc\u015fmeleri gerekir. Ayr\u0131ca ani ba\u015flayan g\u00f6\u011f\u00fcs a\u011fr\u0131s\u0131 ve nefes darl\u0131\u011f\u0131 olan hastalar mutlaka bir sa\u011fl\u0131k kurulu\u015funa m\u00fcracaat etmelidir. Covid-19 s\u00fcrecinin kontrol alt\u0131na al\u0131nmaya ba\u015flad\u0131\u011f\u0131n\u0131 g\u00f6r\u00fcyoruz. Kendi hastanemizde \u015fu an t\u00fcm kalp ameliyatlar\u0131n\u0131 g\u00fcvenli bir ortamda yapabilecek durumday\u0131z. Covid-19 ile ilgili tecr\u00fcbelerimiz artt\u0131. Buna paralel olarak nas\u0131l davranmam\u0131z gerekti\u011fini \u00f6\u011frenip bula\u015fa kar\u015f\u0131 t\u00fcm \u00f6nlemlerimizi ald\u0131k. Bu noktadan sonra kalp ve damar hastalar\u0131m\u0131z \u00e7ekinmeden hastanelere ba\u015fvurabilirler. Aksi takdirde kalp - damar hastal\u0131klar\u0131n\u0131n tedavisinde ya\u015fanabilecek gecikmelere ba\u011fl\u0131 komplikasyon ve \u00f6l\u00fcm oranlar\u0131nda art\u0131\u015f olaca\u011f\u0131 d\u00fc\u015f\u00fcncesindeyim.\n\nProf. Dr. Cengiz K\u00f6ksal - Bezmialem Vak\u0131f \u00dcniversitesi T\u0131p Fak\u00fcltesi Kalp ve Damar Cerrahisi Anabilim Dal\u0131 Ba\u015fkan\u0131\n\nAC\u0130L HASTALAR HASTANEYE G\u0130TMEYE KORKUYOR\n\n51 ya\u015f\u0131nda borsac\u0131 erkek hastam sol baca\u011f\u0131nda 10 g\u00fcnd\u00fcr mevcut yayg\u0131n \u015fi\u015flik ve a\u011fr\u0131 olmas\u0131na ra\u011fmen \u015fikayetiyle ilgili doktor aray\u0131\u015f\u0131na ancak bir hafta sonra ba\u015flam\u0131\u015f. Bize ba\u015fvurdu\u011funda sol bacakta uyluk ve bald\u0131rda yayg\u0131n ve a\u011fr\u0131l\u0131 \u015fi\u015fli\u011fi vard\u0131. Hastan\u0131n \u00e7ekilen sol bacak toplardamar ultrasonunda ana iliak ven yani sol kas\u0131k \u00fcst\u00fcnden itibaren toplardamarlar\u0131n\u0131n tamamen t\u0131kal\u0131 oldu\u011funu saptad\u0131k. Bu aciliyet gerektiren bir durumdu. \u00c7\u00fcnk\u00fc toplardamarlarda kas\u0131\u011f\u0131n\u0131n \u00fcst\u00fcne kadar \u00e7\u0131km\u0131\u015f olan p\u0131ht\u0131 olu\u015fumu her an akci\u011ferlere atma ve ani \u00f6l\u00fcm riski ta\u015f\u0131yordu. Toplardamardaki p\u0131ht\u0131n\u0131n akci\u011ferlere atmas\u0131 sonucu meydana gelen \u201cakci\u011fer embolisi\u201d d\u00fcnyada en s\u0131k g\u00f6r\u00fclen \u00f6l\u00fcm nedenidir. Hastam\u0131z p\u0131ht\u0131 akci\u011ferlerine atmad\u0131\u011f\u0131 i\u00e7in \u015fansl\u0131yd\u0131 ve hemen i\u015fleme al\u0131nd\u0131. \u00d6nce p\u0131ht\u0131n\u0131n akci\u011ferlere atmas\u0131n\u0131 \u00f6nlemek i\u00e7in sa\u011f kas\u0131ktan bir filtre yerle\u015ftirildi ard\u0131ndan sol bacak toplardamarlar\u0131ndaki p\u0131ht\u0131 temizlendi. \u0130\u015flem sonras\u0131 bir g\u00fcn yo\u011fun bak\u0131mda takip edilen ve p\u0131ht\u0131 eritici ila\u00e7 verilmeye devam edilen hasta ertesi g\u00fcn servise al\u0131narak p\u0131ht\u0131 \u00f6nleyici ila\u00e7la taburcu edildi. Baca\u011f\u0131ndaki a\u011fr\u0131 ve \u015fi\u015flik tamamen ge\u00e7mi\u015f ve rahatlam\u0131\u015ft\u0131. Sonras\u0131nda hastaya bu durumun ciddiyeti anlat\u0131ld\u0131 ve hastaneye neden daha erken ba\u015fvurmad\u0131\u011f\u0131 soruldu. Yan\u0131t,\"Covid-19 kapmaktan \u00e7ekindi\u011fim i\u00e7in\u201d oldu. Bizim hastam\u0131z \u015fansl\u0131yd\u0131 ama bu korku nedeniyle hastaneye ba\u015fvurmay\u0131p ciddi kalp ve damar hastal\u0131\u011f\u0131 bulunan hastalar\u0131n ak\u0131betini bilmiyoruz. Gelecekte, sessiz ge\u00e7irilmi\u015f kalp krizi sonras\u0131 kalp yetmezli\u011fi ile veya t\u0131kanm\u0131\u015f damar nedeniyle k\u0131s\u0131tlanm\u0131\u015f hastalar\u0131 hastanelerimizde g\u00f6rmek \u015fa\u015f\u0131rt\u0131c\u0131 olmayacakt\u0131r.",
    "keywords": [
        "olmas\u0131",
        "kalp",
        "oran\u0131nda",
        "var",
        "sol",
        "acil",
        "d\u00fc\u015f\u00fc\u015f",
        "gereken",
        "bir",
        "hastaneye",
        "haberler",
        "b\u00fcy\u00fck",
        "ameliyat\u0131",
        "ve",
        "p\u0131ht\u0131",
        "damar",
        "ile",
        "hastalar\u0131n",
        "bu"
    ],
    "meta_keywords": [
        ""
    ],
    "publish_date": {
        "$date": 1589370008000
    },
    "summary": "Ceyda Ereno\u011flu cerenoglu@haberturk.comCovid-19 s\u00fcrecinde acil ameliyat edilmesi gereken hastalar\u0131n ameliyatlar\u0131nda ciddi oranda azalma meydana geldi.\n\u0130\u015fte uzmanlar\u0131n g\u00f6r\u00fc\u015fleriyle Covid-19\u2019dan ka\u00e7arken acil kalp ameliyatlar\u0131n\u0131 erteleyen hastalar\u0131 bekleyen o b\u00fcy\u00fck riskler.\nHabert\u00fcrk'ten Ceyda Ereno\u011flu\u2019nun \u00f6zel haberi...Ac\u0131badem Altunizade Hastanesi Kalp ve Damar Cerrahisi Uzman\u0131 Prof. Dr. Selim \u0130sbirO HASTALARIMIZIN \u00c7O\u011eU HEMEN \u00d6L\u00dcYOR\u0130\u00e7inde bulundu\u011fumuz Covid-19 s\u00fcrecinde kalp - damar hastal\u0131klar\u0131n\u0131n tedavisinde t\u00fcm d\u00fcnyada ve \u00fclkemizde \u00f6nemli aksakl\u0131klar oldu\u011funu d\u00fc\u015f\u00fcn\u00fcyorum.\nS\u00fcrecin ba\u015flamas\u0131 ile \u2018elektif\u2019 olarak adland\u0131r\u0131lan acil olmayan ameliyatlar\u0131 durdurduk.\nAncak bu s\u00fcre\u00e7te kalp - damar hastal\u0131klar\u0131n\u0131n acil cerrahi m\u00fcdahale gerektiren patolojilerinde hastaneye ba\u015fvuruda ciddi azalmalar g\u00f6zlemledik ve g\u00f6zlemlemeye devam ediyoruz.\nGe\u00e7en hafta kat\u0131ld\u0131\u011f\u0131m uluslararas\u0131 bir webinar\u2019da benzer \u015fekilde \u0130ngiltere\u2019den bir cerrah meslekta\u015f\u0131m da ayn\u0131 g\u00f6zlemleri payla\u015farak ge\u00e7en ay Londra\u2019da sadece 50 civar\u0131nda kalp ameliyat\u0131 yapt\u0131klar\u0131n\u0131 s\u00f6yledi.\nBu rakam normal s\u00fcre\u00e7le kar\u015f\u0131la\u015ft\u0131r\u0131ld\u0131\u011f\u0131nda son derece az.\nBenzer s\u00f6ylem bir \u0130talyan meslekta\u015f\u0131m\u0131zdan da geldi.\n\u0130stanbul\u2019da da ayn\u0131 s\u00fcre\u00e7ten ge\u00e7iyoruz.\nKalp cerrahisinin en acil vakas\u0131 olan \u2018Aort diseksiyonu\u2019 denilen patolojide bile ameliyat say\u0131lar\u0131nda azalma var.\nBu sorunda, hastalarda ani ortaya \u00e7\u0131kan g\u00f6\u011f\u00fcs a\u011fr\u0131s\u0131 ve takibinde hastan\u0131n kendini kaybetmesi s\u00f6z konusu olur.\nHastalar\u0131n \u00e7o\u011fu o an hayat\u0131n\u0131 kaybederken hastaneye ba\u015fvuranlarda bile hastan\u0131n ilk saatlerde acil opere edilmemesi halinde \u00f6l\u00fcm oran\u0131 \u00e7ok y\u00fcksektir.\nBenzer durum kalp krizinde de ge\u00e7erlidir.\nO nedenle bilinen kalp ve damar hastal\u0131\u011f\u0131 olan ve ameliyat olmas\u0131 gereken hastalar\u0131n Covid-19 nedeni ile tedavilerini ertelemeleri uygun de\u011fildir.\nBu konuyu mutlaka kendilerini takip eden hekimleri ile g\u00f6r\u00fc\u015fmeleri gerekir.\nAyr\u0131ca ani ba\u015flayan g\u00f6\u011f\u00fcs a\u011fr\u0131s\u0131 ve nefes darl\u0131\u011f\u0131 olan hastalar mutlaka bir sa\u011fl\u0131k kurulu\u015funa m\u00fcracaat etmelidir.\nCovid-19 s\u00fcrecinin kontrol alt\u0131na al\u0131nmaya ba\u015flad\u0131\u011f\u0131n\u0131 g\u00f6r\u00fcyoruz.\nKendi hastanemizde \u015fu an t\u00fcm kalp ameliyatlar\u0131n\u0131 g\u00fcvenli bir ortamda yapabilecek durumday\u0131z.\nCovid-19 ile ilgili tecr\u00fcbelerimiz artt\u0131.\nBuna paralel olarak nas\u0131l davranmam\u0131z gerekti\u011fini \u00f6\u011frenip bula\u015fa kar\u015f\u0131 t\u00fcm \u00f6nlemlerimizi ald\u0131k.\nBu noktadan sonra kalp ve damar hastalar\u0131m\u0131z \u00e7ekinmeden hastanelere ba\u015fvurabilirler.\nAksi takdirde kalp - damar hastal\u0131klar\u0131n\u0131n tedavisinde ya\u015fanabilecek gecikmelere ba\u011fl\u0131 komplikasyon ve \u00f6l\u00fcm oranlar\u0131nda art\u0131\u015f olaca\u011f\u0131 d\u00fc\u015f\u00fcncesindeyim.\nProf. Dr. Cengiz K\u00f6ksal - Bezmialem Vak\u0131f \u00dcniversitesi T\u0131p Fak\u00fcltesi Kalp ve Damar Cerrahisi Anabilim Dal\u0131 Ba\u015fkan\u0131AC\u0130L HASTALAR HASTANEYE G\u0130TMEYE KORKUYOR51 ya\u015f\u0131nda borsac\u0131 erkek hastam sol baca\u011f\u0131nda 10 g\u00fcnd\u00fcr mevcut yayg\u0131n \u015fi\u015flik ve a\u011fr\u0131 olmas\u0131na ra\u011fmen \u015fikayetiyle ilgili doktor aray\u0131\u015f\u0131na ancak bir hafta sonra ba\u015flam\u0131\u015f.\nBize ba\u015fvurdu\u011funda sol bacakta uyluk ve bald\u0131rda yayg\u0131n ve a\u011fr\u0131l\u0131 \u015fi\u015fli\u011fi vard\u0131.\nHastan\u0131n \u00e7ekilen sol bacak toplardamar ultrasonunda ana iliak ven yani sol kas\u0131k \u00fcst\u00fcnden itibaren toplardamarlar\u0131n\u0131n tamamen t\u0131kal\u0131 oldu\u011funu saptad\u0131k.\nBu aciliyet gerektiren bir durumdu.\n\u00c7\u00fcnk\u00fc toplardamarlarda kas\u0131\u011f\u0131n\u0131n \u00fcst\u00fcne kadar \u00e7\u0131km\u0131\u015f olan p\u0131ht\u0131 olu\u015fumu her an akci\u011ferlere atma ve ani \u00f6l\u00fcm riski ta\u015f\u0131yordu.\nToplardamardaki p\u0131ht\u0131n\u0131n akci\u011ferlere atmas\u0131 sonucu meydana gelen \u201cakci\u011fer embolisi\u201d d\u00fcnyada en s\u0131k g\u00f6r\u00fclen \u00f6l\u00fcm nedenidir.\nHastam\u0131z p\u0131ht\u0131 akci\u011ferlerine atmad\u0131\u011f\u0131 i\u00e7in \u015fansl\u0131yd\u0131 ve hemen i\u015fleme al\u0131nd\u0131.\n\u00d6nce p\u0131ht\u0131n\u0131n akci\u011ferlere atmas\u0131n\u0131 \u00f6nlemek i\u00e7in sa\u011f kas\u0131ktan bir filtre yerle\u015ftirildi ard\u0131ndan sol bacak toplardamarlar\u0131ndaki p\u0131ht\u0131 temizlendi.\n\u0130\u015flem sonras\u0131 bir g\u00fcn yo\u011fun bak\u0131mda takip edilen ve p\u0131ht\u0131 eritici ila\u00e7 verilmeye devam edilen hasta ertesi g\u00fcn servise al\u0131narak p\u0131ht\u0131 \u00f6nleyici ila\u00e7la taburcu edildi.\nBaca\u011f\u0131ndaki a\u011fr\u0131 ve \u015fi\u015flik tamamen ge\u00e7mi\u015f ve rahatlam\u0131\u015ft\u0131.\nSonras\u0131nda hastaya bu durumun ciddiyeti anlat\u0131ld\u0131 ve hastaneye neden daha erken ba\u015fvurmad\u0131\u011f\u0131 soruldu.\nYan\u0131t,\"Covid-19 kapmaktan \u00e7ekindi\u011fim i\u00e7in\u201d oldu.\nBizim hastam\u0131z \u015fansl\u0131yd\u0131 ama bu korku nedeniyle hastaneye ba\u015fvurmay\u0131p ciddi kalp ve damar hastal\u0131\u011f\u0131 bulunan hastalar\u0131n ak\u0131betini bilmiyoruz.\nGelecekte, sessiz ge\u00e7irilmi\u015f kalp krizi sonras\u0131 kalp yetmezli\u011fi ile veya t\u0131kanm\u0131\u015f damar nedeniyle k\u0131s\u0131tlanm\u0131\u015f hastalar\u0131 hastanelerimizde g\u00f6rmek \u015fa\u015f\u0131rt\u0131c\u0131 olmayacakt\u0131r.",
    "article_html": "",
    "meta_description": "Covid-19 s\u00fcrecinde acil opere edilmesi gereken hastalar\u0131n ameliyatlar\u0131nda ciddi oranda azalma olu\u015fu \u201calarm\u201d olarak de\u011ferlendiriliyor. Uzmanlar bunun sadece T\u00fcrkiye\u2019ye \u00f6zg\u00fc olmad\u0131\u011f\u0131n\u0131 \u0130ngiltere\u2019den \u0130talya\u2019ya d\u00fcnyan\u0131n pek \u00e7ok \u00fclkesinde ayn\u0131 sorunla kar\u015f\u0131la\u015f\u0131ld\u0131\u011f\u0131n\u0131 s\u00f6yl\u00fcyor. En \u00e7ok kalp-damar hastal\u0131klar\u0131nda rastlanan bu \u00e7ok ciddi sorunlar\u0131n tedavisinde ya\u015fanabilecek gecikmeler komplikasyon ve \u00f6l\u00fcm oranlar\u0131nda art\u0131\u015f demek. \u0130\u015fte uzmanlar\u0131n g\u00f6r\u00fc\u015fleriyle Covid-19\u2019dan ka\u00e7arken acil kalp ameliyatlar\u0131n\u0131 erteleyen hastalar\u0131 bekleyen o b\u00fcy\u00fck riskler. Ceyda Ereno\u011flu\u2019nun \u00f6zel haberi...",
    "meta_lang": "tr"
}