{
    "article_id": "39a81d001e9f6e27322ff0e5eb961538.1589926015.0798779",
    "title": "Sa\u011fl\u0131k Bakanl\u0131\u011f\u0131 bankalardaki koronavir\u00fcs tedbirlerini belirledi - Haberler",
    "authors": [
        "Isvalid",
        "Yazarlar",
        "Data",
        "Name",
        "Mail",
        "Title",
        "Di\u0307\u011fer Yazarlar"
    ],
    "canonical_link": "https://www.haberturk.com/saglik-bakanligi-bankalardaki-kovid-19-tedbirlerini-belirledi-2677607",
    "url": "http://haberturk.com/saglik-bakanligi-bankalardaki-kovid-19-tedbirlerini-belirledi-2677607",
    "top_img": "https://im.haberturk.com/2020/05/13/ver1589362200/2677607_1200x627.jpg",
    "meta_img": "https://im.haberturk.com/2020/05/13/ver1589362200/2677607_1200x627.jpg",
    "movies": [],
    "text": "AA\n\nNormalle\u015fme s\u00fcrecinde Koronavir\u00fcs Bilim Kurulu'nun \u00f6nerileri do\u011frultusunda, Sa\u011fl\u0131k Bakanl\u0131\u011f\u0131nca \"Banka \u015eubelerinde Korunma ve Kontrol \u00d6nlemleri\" ba\u015fl\u0131kl\u0131 rehber haz\u0131rland\u0131.\n\nKapal\u0131 alanlardaki zemin ve di\u011fer y\u00fczeylerin rutin temizli\u011finin su ve deterjanla yap\u0131lmas\u0131n\u0131n yeterli oldu\u011fu, ellerle s\u0131k dokunulan y\u00fczeyler, kap\u0131 kollar\u0131, bataryalar, d\u00fc\u011fmeler, telefon ahizesi, ortak kullan\u0131m alanlar\u0131ndaki tuvalet ve lavabo temizli\u011finde ise onda bir oran\u0131nda suland\u0131r\u0131lm\u0131\u015f \u00e7ama\u015f\u0131r suyu veya klor tablet kullan\u0131lmas\u0131 gerekti\u011fi vurgulanan rehberde, el temizli\u011finin \u00f6nemine i\u015faret edildi.\n\nRehbere g\u00f6re, bankalarda numarat\u00f6rler sadece t\u0131bb\u0131 maske takan tek bir ki\u015fi taraf\u0131ndan kullan\u0131lacak ve sabah ve ak\u015fam uygun \u015fekilde temizlenecek.\n\nO PERSONELLER \u00c7ALI\u015eTIRILMAYACAK\n\nAte\u015f, \u00f6ks\u00fcr\u00fck, solunum s\u0131k\u0131nt\u0131s\u0131 gibi herhangi bir solunum yolu enfeksiyonu bulgular\u0131 olan personel, \u015fikayetleri d\u00fczelene kadar \u00e7al\u0131\u015ft\u0131r\u0131lmayacak.\n\n\u015eube i\u00e7erisinde s\u00fcrekli insanlarla y\u00fcz y\u00fcze arada 1 metre veya daha k\u0131sa mesafe kalacak \u015fekilde temas eden \u00e7al\u0131\u015fanlar t\u0131bbi maske takacak.\n\nEl hijyeni sa\u011flanmas\u0131 i\u00e7in alkol i\u00e7erikli el antiseptikleri ula\u015f\u0131labilir noktalarda bulundurulacak.\n\nM\u00fc\u015fteri banka i\u00e7erisinde bekleme alan\u0131nda yak\u0131n mesafede oturtulmayacak. Bekleme alan\u0131nda, en fazla i\u015flem bankosu kadar m\u00fc\u015fteri bulunacak. M\u00fc\u015fterilerle di\u011fer m\u00fc\u015fteriler ve bankoda \u00e7al\u0131\u015fan banka g\u00f6revlisi aras\u0131nda en az bir metre mesafe olacak. Banka \u015fubesi i\u00e7erisinde m\u00fc\u015fteri say\u0131s\u0131n\u0131 azaltmak i\u00e7in acil olmayan baz\u0131 i\u015flemler ertelenecek.\n\n\u00c7al\u0131\u015fanlara el temizli\u011fine dikkat edilmesine y\u00f6nelik e\u011fitim verilmesi gerekti\u011fi vurgulanan rehberde, herhangi bir viral solunum yolu enfeksiyonu ge\u00e7iren ki\u015finin \u00f6ks\u00fcrme veya hap\u015f\u0131rma s\u0131ras\u0131nda burun ve a\u011fz\u0131n\u0131 tek kullan\u0131ml\u0131k ka\u011f\u0131t mendille \u00f6rtmesi, ka\u011f\u0131t mendilin bulunmad\u0131\u011f\u0131 durumlarda ise dirsek i\u00e7ini kullanmas\u0131, m\u00fcmk\u00fcnse kalabal\u0131k yerlere girmemesi, e\u011fer girmek zorundaysa a\u011f\u0131z ve burnu kapatmas\u0131, m\u00fcmk\u00fcnse cerrahi maske kullanmas\u0131 \u00f6nerildi.\n\nG\u00dcVENL\u0130K G\u00d6REVL\u0130LER\u0130NE Y\u00d6NEL\u0130K \u00d6NER\u0130LER\n\nBakanl\u0131k \"Banka, PTT, Karantina Merkezleri gibi Yerlerde \u00c7al\u0131\u015fan G\u00fcvenlik G\u00f6revlilerine Y\u00f6nelik \u00d6neriler\" i\u00e7in de rehber haz\u0131rlad\u0131.\n\nBuna g\u00f6re, banka, PTT, karantina merkezleri gibi yerlerde, g\u00fcvenlik g\u00f6revlilerinin y\u00fcz y\u00fcze temas olas\u0131l\u0131\u011f\u0131n\u0131 azaltmak i\u00e7in m\u00fcmk\u00fcnse cam kabinler kurulacak. B\u00f6yle bir imkan yoksa kuruma giri\u015f yapanlarla g\u00fcvenlik g\u00f6revlileri aras\u0131nda en az 1 metre mesafeyi sa\u011flayacak \u015fekilde d\u00fczenleme yap\u0131lacak. Bir metreden uzak durulacaksa sadece maske kullan\u0131m\u0131 yeterli olacak.\n\nG\u00fcvenlik g\u00f6revlileri, \u00fcst aramas\u0131 yaparken maske, g\u00f6zl\u00fck, y\u00fcz koruyucu olmak \u00fczere ki\u015fisel koruyucu ekipman kullanacak. V\u00fccut salg\u0131lar\u0131yla g\u00f6zle g\u00f6r\u00fcl\u00fcr bir kirlenme olas\u0131l\u0131\u011f\u0131 yoksa eldiven kullan\u0131lmayacak ancak el hijyeni sa\u011flanacak. Bu ekipmanlar g\u00f6rev s\u0131ras\u0131nda kesintisiz kullan\u0131lacak.\n\nG\u00f6revlinin i\u015f mahallinden yemek ve \u00e7ay molas\u0131 nedeniyle ayr\u0131lmas\u0131 halinde ekipmanlar \u00e7\u0131kar\u0131larak uygun \u015fekilde evsel at\u0131k kutusuna at\u0131lacak. \u0130\u015f mahallinde aktif mesaiye d\u00f6n\u00fcl\u00fcrken yeni ki\u015fisel koruyucu ekipman kullan\u0131lacak.\n\nMaskeler nemlendik\u00e7e ve kirlendik\u00e7e yenileriyle de\u011fi\u015ftirilecek. Ki\u015fisel koruyucu ekipmanlar\u0131n uygun kullan\u0131m\u0131 konusunda \u00e7al\u0131\u015fanlara e\u011fitim verilecek.\n\nKi\u015fisel koruyucu ekipmanlar\u0131n giyilmesi ve \u00e7\u0131kart\u0131lmas\u0131 sonras\u0131nda her seferinde en az 20 saniye su ve sabunla y\u0131kama veya alkol bazl\u0131 el antisepti\u011fi ile ovalamayla uygun el hijyeni sa\u011flanacak.\n\nKolay ula\u015f\u0131labilir yerlerde alkol bazl\u0131 el antisepti\u011fi bulundurulacak. Kullan\u0131lan malzemeler \u00e7\u0131kart\u0131ld\u0131ktan sonra tekrar kullan\u0131lmayacak.",
    "keywords": [
        "bakanl\u0131\u011f\u0131",
        "i\u00e7in",
        "el",
        "bankalardaki",
        "koruyucu",
        "tedbirlerini",
        "bir",
        "haberler",
        "koronavir\u00fcs",
        "sa\u011fl\u0131k",
        "maske",
        "veya",
        "ve",
        "uygun",
        "banka",
        "belirledi",
        "\u015fekilde"
    ],
    "meta_keywords": [
        ""
    ],
    "publish_date": {
        "$date": 1589362200000
    },
    "summary": "AANormalle\u015fme s\u00fcrecinde Koronavir\u00fcs Bilim Kurulu'nun \u00f6nerileri do\u011frultusunda, Sa\u011fl\u0131k Bakanl\u0131\u011f\u0131nca \"Banka \u015eubelerinde Korunma ve Kontrol \u00d6nlemleri\" ba\u015fl\u0131kl\u0131 rehber haz\u0131rland\u0131.\nKapal\u0131 alanlardaki zemin ve di\u011fer y\u00fczeylerin rutin temizli\u011finin su ve deterjanla yap\u0131lmas\u0131n\u0131n yeterli oldu\u011fu, ellerle s\u0131k dokunulan y\u00fczeyler, kap\u0131 kollar\u0131, bataryalar, d\u00fc\u011fmeler, telefon ahizesi, ortak kullan\u0131m alanlar\u0131ndaki tuvalet ve lavabo temizli\u011finde ise onda bir oran\u0131nda suland\u0131r\u0131lm\u0131\u015f \u00e7ama\u015f\u0131r suyu veya klor tablet kullan\u0131lmas\u0131 gerekti\u011fi vurgulanan rehberde, el temizli\u011finin \u00f6nemine i\u015faret edildi.\nRehbere g\u00f6re, bankalarda numarat\u00f6rler sadece t\u0131bb\u0131 maske takan tek bir ki\u015fi taraf\u0131ndan kullan\u0131lacak ve sabah ve ak\u015fam uygun \u015fekilde temizlenecek.\nO PERSONELLER \u00c7ALI\u015eTIRILMAYACAKAte\u015f, \u00f6ks\u00fcr\u00fck, solunum s\u0131k\u0131nt\u0131s\u0131 gibi herhangi bir solunum yolu enfeksiyonu bulgular\u0131 olan personel, \u015fikayetleri d\u00fczelene kadar \u00e7al\u0131\u015ft\u0131r\u0131lmayacak.\n\u015eube i\u00e7erisinde s\u00fcrekli insanlarla y\u00fcz y\u00fcze arada 1 metre veya daha k\u0131sa mesafe kalacak \u015fekilde temas eden \u00e7al\u0131\u015fanlar t\u0131bbi maske takacak.\nEl hijyeni sa\u011flanmas\u0131 i\u00e7in alkol i\u00e7erikli el antiseptikleri ula\u015f\u0131labilir noktalarda bulundurulacak.\nM\u00fc\u015fteri banka i\u00e7erisinde bekleme alan\u0131nda yak\u0131n mesafede oturtulmayacak.\nBekleme alan\u0131nda, en fazla i\u015flem bankosu kadar m\u00fc\u015fteri bulunacak.\nM\u00fc\u015fterilerle di\u011fer m\u00fc\u015fteriler ve bankoda \u00e7al\u0131\u015fan banka g\u00f6revlisi aras\u0131nda en az bir metre mesafe olacak.\nBanka \u015fubesi i\u00e7erisinde m\u00fc\u015fteri say\u0131s\u0131n\u0131 azaltmak i\u00e7in acil olmayan baz\u0131 i\u015flemler ertelenecek.\n\u00c7al\u0131\u015fanlara el temizli\u011fine dikkat edilmesine y\u00f6nelik e\u011fitim verilmesi gerekti\u011fi vurgulanan rehberde, herhangi bir viral solunum yolu enfeksiyonu ge\u00e7iren ki\u015finin \u00f6ks\u00fcrme veya hap\u015f\u0131rma s\u0131ras\u0131nda burun ve a\u011fz\u0131n\u0131 tek kullan\u0131ml\u0131k ka\u011f\u0131t mendille \u00f6rtmesi, ka\u011f\u0131t mendilin bulunmad\u0131\u011f\u0131 durumlarda ise dirsek i\u00e7ini kullanmas\u0131, m\u00fcmk\u00fcnse kalabal\u0131k yerlere girmemesi, e\u011fer girmek zorundaysa a\u011f\u0131z ve burnu kapatmas\u0131, m\u00fcmk\u00fcnse cerrahi maske kullanmas\u0131 \u00f6nerildi.\nG\u00dcVENL\u0130K G\u00d6REVL\u0130LER\u0130NE Y\u00d6NEL\u0130K \u00d6NER\u0130LERBakanl\u0131k \"Banka, PTT, Karantina Merkezleri gibi Yerlerde \u00c7al\u0131\u015fan G\u00fcvenlik G\u00f6revlilerine Y\u00f6nelik \u00d6neriler\" i\u00e7in de rehber haz\u0131rlad\u0131.\nBuna g\u00f6re, banka, PTT, karantina merkezleri gibi yerlerde, g\u00fcvenlik g\u00f6revlilerinin y\u00fcz y\u00fcze temas olas\u0131l\u0131\u011f\u0131n\u0131 azaltmak i\u00e7in m\u00fcmk\u00fcnse cam kabinler kurulacak.\nB\u00f6yle bir imkan yoksa kuruma giri\u015f yapanlarla g\u00fcvenlik g\u00f6revlileri aras\u0131nda en az 1 metre mesafeyi sa\u011flayacak \u015fekilde d\u00fczenleme yap\u0131lacak.\nBir metreden uzak durulacaksa sadece maske kullan\u0131m\u0131 yeterli olacak.\nG\u00fcvenlik g\u00f6revlileri, \u00fcst aramas\u0131 yaparken maske, g\u00f6zl\u00fck, y\u00fcz koruyucu olmak \u00fczere ki\u015fisel koruyucu ekipman kullanacak.\nV\u00fccut salg\u0131lar\u0131yla g\u00f6zle g\u00f6r\u00fcl\u00fcr bir kirlenme olas\u0131l\u0131\u011f\u0131 yoksa eldiven kullan\u0131lmayacak ancak el hijyeni sa\u011flanacak.\nBu ekipmanlar g\u00f6rev s\u0131ras\u0131nda kesintisiz kullan\u0131lacak.\nG\u00f6revlinin i\u015f mahallinden yemek ve \u00e7ay molas\u0131 nedeniyle ayr\u0131lmas\u0131 halinde ekipmanlar \u00e7\u0131kar\u0131larak uygun \u015fekilde evsel at\u0131k kutusuna at\u0131lacak.\n\u0130\u015f mahallinde aktif mesaiye d\u00f6n\u00fcl\u00fcrken yeni ki\u015fisel koruyucu ekipman kullan\u0131lacak.\nMaskeler nemlendik\u00e7e ve kirlendik\u00e7e yenileriyle de\u011fi\u015ftirilecek.\nKi\u015fisel koruyucu ekipmanlar\u0131n uygun kullan\u0131m\u0131 konusunda \u00e7al\u0131\u015fanlara e\u011fitim verilecek.\nKi\u015fisel koruyucu ekipmanlar\u0131n giyilmesi ve \u00e7\u0131kart\u0131lmas\u0131 sonras\u0131nda her seferinde en az 20 saniye su ve sabunla y\u0131kama veya alkol bazl\u0131 el antisepti\u011fi ile ovalamayla uygun el hijyeni sa\u011flanacak.\nKolay ula\u015f\u0131labilir yerlerde alkol bazl\u0131 el antisepti\u011fi bulundurulacak.\nKullan\u0131lan malzemeler \u00e7\u0131kart\u0131ld\u0131ktan sonra tekrar kullan\u0131lmayacak.",
    "article_html": "",
    "meta_description": "Yeni tip koronavir\u00fcs (Kovid-19) salg\u0131n\u0131 sonras\u0131 normalle\u015fme s\u00fcrecinde banka \u015fubelerindeki bekleme alanlar\u0131nda en fazla i\u015flem bankosu kadar m\u00fc\u015fteri bulundurulacak, numarat\u00f6rler sadece t\u0131bb\u0131 maske takan tek bir ki\u015fi taraf\u0131ndan kullan\u0131lacak ve sabah ak\u015fam uygun \u015fekilde temizlenecek.",
    "meta_lang": "tr"
}