{
    "article_id": "8a6627d8cb48fcb1672ef6ecd30e473d.1589926018.036147",
    "title": "Hap\u015f\u0131rman\u0131n faydalar\u0131 nelerdir? Hap\u015f\u0131rman\u0131n zararlar\u0131",
    "authors": [
        "Isvalid",
        "Yazarlar",
        "Data",
        "Name",
        "Mail",
        "Title",
        "Di\u0307\u011fer Yazarlar"
    ],
    "canonical_link": "https://www.haberturk.com/hapsirmanin-faydalari-nelerdir-hapsirmanin-zararlari-hbrt-2547054",
    "url": "http://haberturk.com/hapsirmanin-faydalari-nelerdir-hapsirmanin-zararlari-hbrt-2547054",
    "top_img": "https://im.haberturk.com/2019/12/06/ver1575641025/hapsirmak_2547054_1200x627.jpg",
    "meta_img": "https://im.haberturk.com/2019/12/06/ver1575641025/hapsirmak_2547054_1200x627.jpg",
    "movies": [],
    "text": "Hap\u015f\u0131rmak v\u00fccut sa\u011fl\u0131\u011f\u0131 i\u00e7in olduk\u00e7a \u00f6nemlidir. Hap\u015f\u0131rmamak i\u00e7in a\u011fz\u0131 ve burnu kapatmak ise \u00e7ok ciddi sonu\u00e7lar do\u011furabilir. Hap\u015f\u0131rman\u0131n nedeni, \u00fcst solunum yolunda bulunan ve d\u0131\u015fardan ald\u0131\u011f\u0131m\u0131z mikroplar\u0131 s\u00fczmeye yarayan s\u00fczge\u00e7ler vard\u0131r. Bu t\u00fcyler ci\u011ferlere zararl\u0131 maddelerin girmesini engelleyerek, hastal\u0131klardan korunmam\u0131z\u0131 sa\u011flar. Bu s\u00fczge\u00e7 g\u00f6revi g\u00f6ren t\u00fcylere ra\u011fmen akci\u011ferlerimize zararl\u0131 maddeler girebilmektedir. Bu zararl\u0131 maddelerin d\u0131\u015far\u0131 at\u0131lmas\u0131 i\u00e7in v\u00fccut hap\u015f\u0131rma reaksiyonunu ger\u00e7ekle\u015ftirir. Hap\u015f\u0131rma esnas\u0131nda v\u00fccutta olu\u015fan bas\u0131n\u00e7 damarlar\u0131 geni\u015fleterek, kalbimize daha \u00e7ok kan pompalar, sin\u00fcs ve g\u00f6zya\u015f\u0131 kanallar\u0131m\u0131z a\u00e7\u0131l\u0131r.\n\nHap\u015f\u0131rma ger\u00e7ekle\u015fti\u011finde v\u00fccutta \u00e7ok fazla bas\u0131n\u00e7 nedeniyle bay\u0131lmalar olabilmektedir. Ayr\u0131ca hap\u015f\u0131rmay\u0131 engellemek i\u00e7in a\u011fz\u0131n ve burnun kapat\u0131lmas\u0131 beyne zarar verir ve fel\u00e7 riski olu\u015fturur.\n\nHap\u015f\u0131rman\u0131n sa\u011fl\u0131\u011fa faydalar\u0131 nelerdir?\n\nHap\u015f\u0131rma esnas\u0131nda hem kalbe hem de beyne gerekenden \u00e7ok daha fazla kan pompaland\u0131\u011f\u0131 i\u00e7in beyin ve kalbin rahatlamas\u0131 sa\u011flan\u0131r. Kan damarlar\u0131n\u0131 geni\u015fletir.\n\nG\u00f6zya\u015f\u0131 ve sin\u00fcs kanallar\u0131n\u0131 a\u00e7ar.\n\nAkci\u011ferde bulunan zararl\u0131 maddeler v\u00fccuttan at\u0131l\u0131r.\n\nAkci\u011ferde bulunan havay\u0131 bo\u015faltarak, taze hava girmesini sa\u011flar.\n\nKalbimizi birka\u00e7 salise durdurarak dinlenmesini yard\u0131mc\u0131 olur.\n\nHap\u015f\u0131rman\u0131n zararlar\u0131",
    "keywords": [
        "v\u00fccut",
        "i\u00e7in",
        "faydalar\u0131",
        "hap\u015f\u0131rman\u0131n",
        "sin\u00fcs",
        "kan",
        "\u00e7ok",
        "ve",
        "nelerdir",
        "zararl\u0131",
        "zararlar\u0131",
        "v\u00fccutta",
        "bulunan",
        "bu"
    ],
    "meta_keywords": [
        ""
    ],
    "publish_date": {
        "$date": 1575641025000
    },
    "summary": "Hap\u015f\u0131rmak v\u00fccut sa\u011fl\u0131\u011f\u0131 i\u00e7in olduk\u00e7a \u00f6nemlidir.\nHap\u015f\u0131rmamak i\u00e7in a\u011fz\u0131 ve burnu kapatmak ise \u00e7ok ciddi sonu\u00e7lar do\u011furabilir.\nHap\u015f\u0131rman\u0131n nedeni, \u00fcst solunum yolunda bulunan ve d\u0131\u015fardan ald\u0131\u011f\u0131m\u0131z mikroplar\u0131 s\u00fczmeye yarayan s\u00fczge\u00e7ler vard\u0131r.\nBu t\u00fcyler ci\u011ferlere zararl\u0131 maddelerin girmesini engelleyerek, hastal\u0131klardan korunmam\u0131z\u0131 sa\u011flar.\nBu s\u00fczge\u00e7 g\u00f6revi g\u00f6ren t\u00fcylere ra\u011fmen akci\u011ferlerimize zararl\u0131 maddeler girebilmektedir.\nBu zararl\u0131 maddelerin d\u0131\u015far\u0131 at\u0131lmas\u0131 i\u00e7in v\u00fccut hap\u015f\u0131rma reaksiyonunu ger\u00e7ekle\u015ftirir.\nHap\u015f\u0131rma esnas\u0131nda v\u00fccutta olu\u015fan bas\u0131n\u00e7 damarlar\u0131 geni\u015fleterek, kalbimize daha \u00e7ok kan pompalar, sin\u00fcs ve g\u00f6zya\u015f\u0131 kanallar\u0131m\u0131z a\u00e7\u0131l\u0131r.\nHap\u015f\u0131rma ger\u00e7ekle\u015fti\u011finde v\u00fccutta \u00e7ok fazla bas\u0131n\u00e7 nedeniyle bay\u0131lmalar olabilmektedir.\nAyr\u0131ca hap\u015f\u0131rmay\u0131 engellemek i\u00e7in a\u011fz\u0131n ve burnun kapat\u0131lmas\u0131 beyne zarar verir ve fel\u00e7 riski olu\u015fturur.\nHap\u015f\u0131rman\u0131n sa\u011fl\u0131\u011fa faydalar\u0131 nelerdir?\nHap\u015f\u0131rma esnas\u0131nda hem kalbe hem de beyne gerekenden \u00e7ok daha fazla kan pompaland\u0131\u011f\u0131 i\u00e7in beyin ve kalbin rahatlamas\u0131 sa\u011flan\u0131r.\nKan damarlar\u0131n\u0131 geni\u015fletir.\nG\u00f6zya\u015f\u0131 ve sin\u00fcs kanallar\u0131n\u0131 a\u00e7ar.\nAkci\u011ferde bulunan zararl\u0131 maddeler v\u00fccuttan at\u0131l\u0131r.\nAkci\u011ferde bulunan havay\u0131 bo\u015faltarak, taze hava girmesini sa\u011flar.\nKalbimizi birka\u00e7 salise durdurarak dinlenmesini yard\u0131mc\u0131 olur.\nHap\u015f\u0131rman\u0131n zararlar\u0131",
    "article_html": "",
    "meta_description": "Solunum yolunda bulunan ve d\u0131\u015far\u0131dan ald\u0131\u011f\u0131m\u0131z mikroplar\u0131 s\u00fczmeye yarayan s\u00fczge\u00e7ler sayesinde hap\u015f\u0131r\u0131r\u0131z. Hap\u015f\u0131rma esnas\u0131nda elimizle burnumuzu veya a\u011fz\u0131m\u0131z\u0131 kapatmak kesinlikle yanl\u0131\u015ft\u0131r. Ciddi sorunlar do\u011furabilir. Peki hap\u015f\u0131rman\u0131n zararlar\u0131 ve faydalar\u0131 var m\u0131d\u0131r? Varsa bunlar nelerdir? \u0130\u015fte detaylar...",
    "meta_lang": "tr"
}