{
    "article_id": "d5e3bc4cf2433d77c22a05de66b42d0c.1589926018.7650263",
    "title": "Havucun faydalar\u0131 nelerdir? Kalori ve besin de\u011feri, i\u00e7inde bulunan vitaminler nelerdir?",
    "authors": [
        "Isvalid",
        "Yazarlar",
        "Data",
        "Name",
        "Mail",
        "Title",
        "Di\u0307\u011fer Yazarlar"
    ],
    "canonical_link": "https://www.haberturk.com/havucun-faydalari-nelerdir-kalori-ve-besin-degeri-icinde-bulunan-vitaminler-nelerdir-hbrt-2547041",
    "url": "http://haberturk.com/havucun-faydalari-nelerdir-kalori-ve-besin-degeri-icinde-bulunan-vitaminler-nelerdir-hbrt-2547041",
    "top_img": "https://im.haberturk.com/2019/12/06/ver1579093861/havuc_2547041_1200x627.jpg",
    "meta_img": "https://im.haberturk.com/2019/12/06/ver1579093861/havuc_2547041_1200x627.jpg",
    "movies": [],
    "text": "Beta keroten bile\u015fenli antioksidan i\u00e7ermesi a\u00e7\u0131s\u0131ndan havu\u00e7 olduk\u00e7a faydal\u0131 bir sebzedir. \u0130\u00e7erdi\u011fi mineral ve vitaminler sayesinde bir \u00e7ok hastal\u0131\u011f\u0131 \u00f6nlemede ve ba\u011f\u0131\u015f\u0131kl\u0131k sistemini g\u00fc\u00e7lendirmede etkili oluyor.\n\nHavucun faydalar\u0131 nelerdir?\n\nHavuca turuncu rengini veren beta keroten, v\u00fccuda al\u0131nd\u0131\u011f\u0131 zaman A Vitaminine d\u00f6n\u00fc\u015f\u00fcr. A Vitamini i\u00e7eren en fazla i\u00e7eren sebzedir. Bu sayede oksidatif strese kar\u015f\u0131 korunmaya fayda sa\u011flamaktad\u0131r.\n\n\u0130\u00e7erdi\u011fi beta keroten sayesinde kansere kar\u015f\u0131 korunma sa\u011fl\u0131yor. Beta karoten a\u00e7\u0131s\u0131ndan zengin bir beslenme akci\u011fer, kolon ve prostat kanserini \u00f6nlemede yard\u0131mc\u0131 oluyor.\n\nBir ara\u015ft\u0131rma sonucunda havu\u00e7 suyunda bulunan bioaktif kimyasallar, miyeloid ve lenfoid l\u00f6semide kansere yol a\u00e7an h\u00fccre b\u00fcy\u00fcmesini de bask\u0131 olu\u015fturarak engelliyor. Mesane kanseri riskini azaltmak i\u00e7in de \u00f6neriliyor.\n\nHaftada 2 yada fazla havu\u00e7 t\u00fcketmek glokom hastal\u0131\u011f\u0131n\u0131 \u00f6nlemeye yard\u0131mc\u0131 oluyor. Ayr\u0131ca havu\u00e7tan al\u0131nan beta keroten A vitaminine d\u00f6n\u00fc\u015ft\u00fc\u011f\u00fcnde g\u00f6zleri \u0131\u015f\u0131\u011fa kar\u015f\u0131 ayarlamay\u0131 koruyor ve g\u00f6z kurulu\u011funu \u00f6nl\u00fcyor.\n\n1 adet orta boy havu\u00e7 sa\u011fl\u0131kl\u0131 bir sindirim sistemi i\u00e7in olduk\u00e7a gerekli. G\u00fcnl\u00fck besin lifini kar\u015f\u0131l\u0131yor ve bu sayede sindirim sisteminin d\u00fczenli \u00e7al\u0131\u015fmas\u0131na yard\u0131mc\u0131 oluyor. Ve kan \u015fekerini d\u00fczenlemeye de etki ediyor. Diyet i\u00e7in de olduk\u00e7a etkili bir sebze.\n\nHavucun i\u00e7indeki potasyum; beyin fonksiyonlar\u0131n\u0131n, kalp sa\u011fl\u0131\u011f\u0131n\u0131n ve kas kramplar\u0131 i\u00e7in gerekli olan mineral. Potasyum ayr\u0131ca kortizon ve adrenalin gibi stres hormonlar\u0131n\u0131 dengeliyor stres ve kayg\u0131 seviyesini d\u00fc\u015f\u00fcrmeye yard\u0131mc\u0131 oluyor.\n\nHavu\u00e7ta, ba\u011f\u0131\u015f\u0131kl\u0131k sisteminin \u00e7al\u0131\u015fmas\u0131 i\u00e7in gerekli olan vitaminler ve mineraller mevcut olmas\u0131 nedeniyle olduk\u00e7a etkili bir \u015fekilde fayda sa\u011flamaktad\u0131r. Ve bu sayede sistemin g\u00fc\u00e7lenmesi a\u00e7\u0131s\u0131ndan da etkili olmaktad\u0131r.\n\nHavucun antioksidan \u00f6zelli\u011fi ile koruyucu etkisi sayesinde cildi serbest radikallere kar\u015f\u0131 koruma sa\u011flayarak ya\u015flanmas\u0131na engel olmaktad\u0131r. D\u00fczenli havu\u00e7 yemek, cildi; g\u00fcne\u015fin zararl\u0131 etkilerinden de korur.\n\nHavucun di\u011fer faydalar\u0131 nedir?\n\nA\u011f\u0131zdaki bakterileri temizler ve di\u015f sa\u011fl\u0131\u011f\u0131n\u0131 korur.\n\nAlkali elementleri ile kan\u0131n temizlenmesini sa\u011flar.\n\nAsit alkali dengesinin korunmas\u0131n\u0131 sa\u011flar.\n\nD\u00fczenli t\u00fcketilmesiyle mide \u00fclserine kar\u015f\u0131 korur.\n\n\u0130\u00e7erdi\u011fi y\u00fcksek potasyum sayesinde tansiyonu y\u00fckselten sodyumu dengelemeye yard\u0131mc\u0131 olur.\n\n\u0130\u00e7erdi\u011fi besin lifi, k\u00f6t\u00fc kolesterol\u00fc (LDL) d\u00fc\u015f\u00fcr\u00fcr ve iyi kolesterol\u00fc (HDL) y\u00fckseltir.\n\nCildin ya\u015flanmas\u0131n\u0131 geciktirir.\n\nHavucun i\u00e7erdi\u011fi vitaminler ve mineraller; A, C, E, K, Niasin, B6 vitaminler ve Potasyum, \u00e7inko, manganez, bak\u0131r magnezyum, fosfor, demir, sodyum, folat ve kalsiyum mineralleridir.\n\n61 Gram havucun kalori ve besin de\u011feri; 25 kalori, 0,6 gram protein, 1,7 gr besin lifi, 2,9 gr \u015feker bulunmaktad\u0131r.\n\nAy\u0131ca omega3 ve omega6 ya\u011f asitleri i\u00e7ermektedir.\n\n\u00c7ok fazla havu\u00e7 t\u00fcketmek cildin i\u00e7erdi\u011fi renk pigmentleri nedeniyle sararmas\u0131na ve kab\u0131zl\u0131k, \u015fi\u015fkinlik gibi s\u0131k\u0131nt\u0131lar olu\u015fmas\u0131na neden olabilir.",
    "keywords": [
        "i\u00e7in",
        "havucun",
        "faydalar\u0131",
        "sayesinde",
        "kar\u015f\u0131",
        "bir",
        "yard\u0131mc\u0131",
        "besin",
        "vitaminler",
        "potasyum",
        "havu\u00e7",
        "nelerdir",
        "ve",
        "kalori",
        "beta",
        "de\u011feri",
        "bulunan",
        "i\u00e7inde"
    ],
    "meta_keywords": [
        ""
    ],
    "publish_date": {
        "$date": 1579093861000
    },
    "summary": "Beta keroten bile\u015fenli antioksidan i\u00e7ermesi a\u00e7\u0131s\u0131ndan havu\u00e7 olduk\u00e7a faydal\u0131 bir sebzedir.\n\u0130\u00e7erdi\u011fi mineral ve vitaminler sayesinde bir \u00e7ok hastal\u0131\u011f\u0131 \u00f6nlemede ve ba\u011f\u0131\u015f\u0131kl\u0131k sistemini g\u00fc\u00e7lendirmede etkili oluyor.\nHavucun faydalar\u0131 nelerdir?\nHavuca turuncu rengini veren beta keroten, v\u00fccuda al\u0131nd\u0131\u011f\u0131 zaman A Vitaminine d\u00f6n\u00fc\u015f\u00fcr.\nA Vitamini i\u00e7eren en fazla i\u00e7eren sebzedir.\nBu sayede oksidatif strese kar\u015f\u0131 korunmaya fayda sa\u011flamaktad\u0131r.\n\u0130\u00e7erdi\u011fi beta keroten sayesinde kansere kar\u015f\u0131 korunma sa\u011fl\u0131yor.\nBeta karoten a\u00e7\u0131s\u0131ndan zengin bir beslenme akci\u011fer, kolon ve prostat kanserini \u00f6nlemede yard\u0131mc\u0131 oluyor.\nBir ara\u015ft\u0131rma sonucunda havu\u00e7 suyunda bulunan bioaktif kimyasallar, miyeloid ve lenfoid l\u00f6semide kansere yol a\u00e7an h\u00fccre b\u00fcy\u00fcmesini de bask\u0131 olu\u015fturarak engelliyor.\nMesane kanseri riskini azaltmak i\u00e7in de \u00f6neriliyor.\nHaftada 2 yada fazla havu\u00e7 t\u00fcketmek glokom hastal\u0131\u011f\u0131n\u0131 \u00f6nlemeye yard\u0131mc\u0131 oluyor.\nAyr\u0131ca havu\u00e7tan al\u0131nan beta keroten A vitaminine d\u00f6n\u00fc\u015ft\u00fc\u011f\u00fcnde g\u00f6zleri \u0131\u015f\u0131\u011fa kar\u015f\u0131 ayarlamay\u0131 koruyor ve g\u00f6z kurulu\u011funu \u00f6nl\u00fcyor.\n1 adet orta boy havu\u00e7 sa\u011fl\u0131kl\u0131 bir sindirim sistemi i\u00e7in olduk\u00e7a gerekli.\nG\u00fcnl\u00fck besin lifini kar\u015f\u0131l\u0131yor ve bu sayede sindirim sisteminin d\u00fczenli \u00e7al\u0131\u015fmas\u0131na yard\u0131mc\u0131 oluyor.\nVe kan \u015fekerini d\u00fczenlemeye de etki ediyor.\nDiyet i\u00e7in de olduk\u00e7a etkili bir sebze.\nHavucun i\u00e7indeki potasyum; beyin fonksiyonlar\u0131n\u0131n, kalp sa\u011fl\u0131\u011f\u0131n\u0131n ve kas kramplar\u0131 i\u00e7in gerekli olan mineral.\nPotasyum ayr\u0131ca kortizon ve adrenalin gibi stres hormonlar\u0131n\u0131 dengeliyor stres ve kayg\u0131 seviyesini d\u00fc\u015f\u00fcrmeye yard\u0131mc\u0131 oluyor.\nHavu\u00e7ta, ba\u011f\u0131\u015f\u0131kl\u0131k sisteminin \u00e7al\u0131\u015fmas\u0131 i\u00e7in gerekli olan vitaminler ve mineraller mevcut olmas\u0131 nedeniyle olduk\u00e7a etkili bir \u015fekilde fayda sa\u011flamaktad\u0131r.\nVe bu sayede sistemin g\u00fc\u00e7lenmesi a\u00e7\u0131s\u0131ndan da etkili olmaktad\u0131r.\nHavucun antioksidan \u00f6zelli\u011fi ile koruyucu etkisi sayesinde cildi serbest radikallere kar\u015f\u0131 koruma sa\u011flayarak ya\u015flanmas\u0131na engel olmaktad\u0131r.\nD\u00fczenli havu\u00e7 yemek, cildi; g\u00fcne\u015fin zararl\u0131 etkilerinden de korur.\nHavucun di\u011fer faydalar\u0131 nedir?\nA\u011f\u0131zdaki bakterileri temizler ve di\u015f sa\u011fl\u0131\u011f\u0131n\u0131 korur.\nAlkali elementleri ile kan\u0131n temizlenmesini sa\u011flar.\nAsit alkali dengesinin korunmas\u0131n\u0131 sa\u011flar.\nD\u00fczenli t\u00fcketilmesiyle mide \u00fclserine kar\u015f\u0131 korur.\n\u0130\u00e7erdi\u011fi y\u00fcksek potasyum sayesinde tansiyonu y\u00fckselten sodyumu dengelemeye yard\u0131mc\u0131 olur.\n\u0130\u00e7erdi\u011fi besin lifi, k\u00f6t\u00fc kolesterol\u00fc (LDL) d\u00fc\u015f\u00fcr\u00fcr ve iyi kolesterol\u00fc (HDL) y\u00fckseltir.\nCildin ya\u015flanmas\u0131n\u0131 geciktirir.\nHavucun i\u00e7erdi\u011fi vitaminler ve mineraller; A, C, E, K, Niasin, B6 vitaminler ve Potasyum, \u00e7inko, manganez, bak\u0131r magnezyum, fosfor, demir, sodyum, folat ve kalsiyum mineralleridir.\n61 Gram havucun kalori ve besin de\u011feri; 25 kalori, 0,6 gram protein, 1,7 gr besin lifi, 2,9 gr \u015feker bulunmaktad\u0131r.\nAy\u0131ca omega3 ve omega6 ya\u011f asitleri i\u00e7ermektedir.\n\u00c7ok fazla havu\u00e7 t\u00fcketmek cildin i\u00e7erdi\u011fi renk pigmentleri nedeniyle sararmas\u0131na ve kab\u0131zl\u0131k, \u015fi\u015fkinlik gibi s\u0131k\u0131nt\u0131lar olu\u015fmas\u0131na neden olabilir.",
    "article_html": "",
    "meta_description": "Havu\u00e7 ile ilgili \u00e7e\u015fit \u00e7e\u015fit men\u00fcler olu\u015fturulabilir. Salatas\u0131, tatl\u0131s\u0131 ayr\u0131 bir g\u00fczeldir. Peki faydalar\u0131ndan haberiniz var m\u0131? E\u011fer yoksa do\u011fru yerdesiniz. Havucun i\u00e7erisinde bulunan vitamin ve mineraller sayesinde v\u00fccudumuz hastal\u0131klara kar\u015f\u0131 diren\u00e7li oluyor. Peki havucun faydalar\u0131 ve i\u00e7inde bulunan vitaminler nelerdir? \u0130\u015fte merak edilenler",
    "meta_lang": "tr"
}