{
    "article_id": "bc207d871168884d07cfc463702bf71c.1589926019.2717412",
    "title": "A\u015fure nas\u0131l yap\u0131l\u0131r? \u0130\u015fte en lezzetli ve pratik a\u015fure tarifi malzemeleri",
    "authors": [
        "Isvalid",
        "Yazarlar",
        "Data",
        "Name",
        "Mail",
        "Title",
        "Di\u0307\u011fer Yazarlar"
    ],
    "canonical_link": "https://www.haberturk.com/asure-nasil-yapilir-iste-en-lezzetli-ve-pratik-asure-tarifi-ve-malzemeleri-2520849",
    "url": "http://haberturk.com/asure-nasil-yapilir-iste-en-lezzetli-ve-pratik-asure-tarifi-ve-malzemeleri-2520849",
    "top_img": "https://im.haberturk.com/2019/09/10/ver1568127614/2520849_1200x627.jpg",
    "meta_img": "https://im.haberturk.com/2019/09/10/ver1568127614/2520849_1200x627.jpg",
    "movies": [],
    "text": "A\u015fure tarifi, bereketin simgesi olan bu tatl\u0131y\u0131 pi\u015firmek isteyenler taraf\u0131ndan ara\u015ft\u0131r\u0131l\u0131yor. \u0130nanca g\u00f6re Muharrem ay\u0131n\u0131n onuncu g\u00fcn\u00fc Nuh, B\u00fcy\u00fck Tufan'dan sonra karaya ayak bast\u0131\u011f\u0131nda elinde kalan son malzemelerle a\u015fure yapm\u0131\u015f ve bu tatl\u0131 \u00e7ok bereketli olmu\u015ftur.Gelene\u011fe g\u00f6re, a\u015fureler pi\u015firilir ve tabaklarla herkese da\u011f\u0131t\u0131l\u0131r. Tam bir tarifinin olmad\u0131\u011f\u0131 a\u015furenin, geleneksel olarak en az 7 maddeden olu\u015fmas\u0131 gerekti\u011fi s\u00f6ylenir. Baz\u0131lar\u0131 ad\u0131ndan dolay\u0131 10 madde ile yap\u0131lmas\u0131 gerekti\u011fini s\u00f6yler. Aleviler ise hep 12 madde kullanarak a\u015fure yapar. Biz de haberimizde en g\u00fczel ve lezzetli a\u015fure tarifini sizin i\u00e7in derledik.\n\nA\u015eURE TAR\u0130F\u0130 \u0130\u00c7\u0130N MALZEMELER\n\n400 gr a\u015furelik bu\u011fday\n\n125 gr kuru fasulye\n\n125 gr nohut\n\n150 gr kuru kay\u0131s\u0131\n\n200 gr kuru \u00fcz\u00fcm\n\n150 gr kuru incir\n\n1 \u00e7orba ka\u015f\u0131\u011f\u0131 portakal kabu\u011fu rendesi\n\n800 gr toz\u015feker\n\n5 litre su\n\n1 \u00e7orba ka\u015f\u0131\u011f\u0131 ay\u00e7i\u00e7e\u011fi ya\u011f\u0131\n\n1 su barda\u011f\u0131 s\u00fct\n\n1 tatl\u0131 ka\u015f\u0131\u011f\u0131 g\u00fclsuyu\n\nDolmal\u0131k f\u0131st\u0131k, ku\u015f \u00fcz\u00fcm\u00fc, ceviz i\u00e7i, k\u0131y\u0131lm\u0131\u015f kuru kay\u0131s\u0131, k\u0131y\u0131lm\u0131\u015f kuru incir, nar taneleri ve f\u0131nd\u0131k\n\nA\u015eURE NASIL YAPILIR?\n\nBu\u011fday\u0131 \u0131l\u0131k, kuru fasulyeyi so\u011fuk, nohudu ise \u0131l\u0131k tuzlu suya bast\u0131r\u0131n. Sabaha nohudu, kuru fasulyeyi y\u0131kay\u0131p yumu\u015fay\u0131ncaya kadar ayr\u0131 ayr\u0131 ha\u015flay\u0131p s\u00fcz\u00fcn. Nohutlar\u0131n ince kabuklar\u0131n\u0131 \u00e7\u0131kar\u0131n. Kuru kay\u0131s\u0131 ve kuru inciri f\u0131nd\u0131k b\u00fcy\u00fckl\u00fc\u011f\u00fcnde do\u011fray\u0131p bu\u011fday\u0131 y\u0131kayarak s\u00fcz\u00fcn. Kuru \u00fcz\u00fcm\u00fc ay\u0131klay\u0131p 10 dakika kaynat\u0131n, onu da s\u00fcz\u00fcn. Tencereye su, bu\u011fday ve ay\u00e7i\u00e7e\u011fi ya\u011f\u0131n\u0131 koyun. Kaynay\u0131nca k\u0131s\u0131n ve a\u011f\u0131r ate\u015fte, kapa\u011f\u0131 kapal\u0131 olarak pi\u015fmeye b\u0131rak\u0131n. Dibi tutmas\u0131n diye arada kar\u0131\u015ft\u0131r\u0131n. Bu\u011fday yumu\u015fay\u0131nca kapa\u011f\u0131 a\u00e7\u0131n ve ha\u015flanm\u0131\u015f kuru \u00fcz\u00fcmleri ilave ederek orta ate\u015fte 5 dakika kar\u0131\u015ft\u0131rarak kaynat\u0131n. Ho\u015f koku vermesi i\u00e7in portakal kabuklar\u0131n\u0131 ilave edin. Nohut ve kuru fasulyeyi de kat\u0131p kar\u0131\u015ft\u0131rarak 5 dakika daha kaynat\u0131n. Kay\u0131s\u0131lar\u0131 ve toz\u015fekeri de ekleyin, sonra kaynay\u0131ncaya kadar kar\u0131\u015ft\u0131rmaya devam edin. Rengi beyazla\u015fs\u0131n diye s\u00fct ilave edin. K\u0131vam\u0131n koyu olmamas\u0131 i\u00e7in az s\u0131cak su ilave edebilirsiniz. Sonunda kuru inciri de katt\u0131ktan sonra 5 dakika kar\u0131\u015ft\u0131rarak kaynat\u0131p ate\u015ften al\u0131n. \u00dcst\u00fcn\u00fcn kabuk tutmamas\u0131 i\u00e7in arada kar\u0131\u015ft\u0131rmay\u0131 ihmal etmeden kapa\u011f\u0131 yar\u0131 kapal\u0131 durumdaki tencerede so\u011futun. K\u0131vam koyu ise az s\u00fct ilave edin. K\u00e2selere bo\u015faltt\u0131ktan sonra so\u011fuyup \u00fcstlerinin kabuk tutmas\u0131n\u0131 bekleyin ve diledi\u011finiz gibi s\u00fcsleyin.",
    "keywords": [
        "sonra",
        "i\u00e7in",
        "i\u0307\u015fte",
        "ilave",
        "kuru",
        "s\u00fcz\u00fcn",
        "gr",
        "nas\u0131l",
        "pratik",
        "ve",
        "malzemeleri",
        "tarifi",
        "en",
        "edin",
        "lezzetli",
        "yap\u0131l\u0131r",
        "a\u015fure",
        "dakika"
    ],
    "meta_keywords": [
        ""
    ],
    "publish_date": {
        "$date": 1568127614000
    },
    "summary": "A\u015fure tarifi, bereketin simgesi olan bu tatl\u0131y\u0131 pi\u015firmek isteyenler taraf\u0131ndan ara\u015ft\u0131r\u0131l\u0131yor.\n\u0130nanca g\u00f6re Muharrem ay\u0131n\u0131n onuncu g\u00fcn\u00fc Nuh, B\u00fcy\u00fck Tufan'dan sonra karaya ayak bast\u0131\u011f\u0131nda elinde kalan son malzemelerle a\u015fure yapm\u0131\u015f ve bu tatl\u0131 \u00e7ok bereketli olmu\u015ftur.Gelene\u011fe g\u00f6re, a\u015fureler pi\u015firilir ve tabaklarla herkese da\u011f\u0131t\u0131l\u0131r.\nTam bir tarifinin olmad\u0131\u011f\u0131 a\u015furenin, geleneksel olarak en az 7 maddeden olu\u015fmas\u0131 gerekti\u011fi s\u00f6ylenir.\nBaz\u0131lar\u0131 ad\u0131ndan dolay\u0131 10 madde ile yap\u0131lmas\u0131 gerekti\u011fini s\u00f6yler.\nAleviler ise hep 12 madde kullanarak a\u015fure yapar.\nBiz de haberimizde en g\u00fczel ve lezzetli a\u015fure tarifini sizin i\u00e7in derledik.\nA\u015eURE TAR\u0130F\u0130 \u0130\u00c7\u0130N MALZEMELER400 gr a\u015furelik bu\u011fday125 gr kuru fasulye125 gr nohut150 gr kuru kay\u0131s\u0131200 gr kuru \u00fcz\u00fcm150 gr kuru incir1 \u00e7orba ka\u015f\u0131\u011f\u0131 portakal kabu\u011fu rendesi800 gr toz\u015feker5 litre su1 \u00e7orba ka\u015f\u0131\u011f\u0131 ay\u00e7i\u00e7e\u011fi ya\u011f\u01311 su barda\u011f\u0131 s\u00fct1 tatl\u0131 ka\u015f\u0131\u011f\u0131 g\u00fclsuyuDolmal\u0131k f\u0131st\u0131k, ku\u015f \u00fcz\u00fcm\u00fc, ceviz i\u00e7i, k\u0131y\u0131lm\u0131\u015f kuru kay\u0131s\u0131, k\u0131y\u0131lm\u0131\u015f kuru incir, nar taneleri ve f\u0131nd\u0131kA\u015eURE NASIL YAPILIR?\nBu\u011fday\u0131 \u0131l\u0131k, kuru fasulyeyi so\u011fuk, nohudu ise \u0131l\u0131k tuzlu suya bast\u0131r\u0131n.\nSabaha nohudu, kuru fasulyeyi y\u0131kay\u0131p yumu\u015fay\u0131ncaya kadar ayr\u0131 ayr\u0131 ha\u015flay\u0131p s\u00fcz\u00fcn.\nNohutlar\u0131n ince kabuklar\u0131n\u0131 \u00e7\u0131kar\u0131n.\nKuru kay\u0131s\u0131 ve kuru inciri f\u0131nd\u0131k b\u00fcy\u00fckl\u00fc\u011f\u00fcnde do\u011fray\u0131p bu\u011fday\u0131 y\u0131kayarak s\u00fcz\u00fcn.\nKuru \u00fcz\u00fcm\u00fc ay\u0131klay\u0131p 10 dakika kaynat\u0131n, onu da s\u00fcz\u00fcn.\nTencereye su, bu\u011fday ve ay\u00e7i\u00e7e\u011fi ya\u011f\u0131n\u0131 koyun.\nKaynay\u0131nca k\u0131s\u0131n ve a\u011f\u0131r ate\u015fte, kapa\u011f\u0131 kapal\u0131 olarak pi\u015fmeye b\u0131rak\u0131n.\nDibi tutmas\u0131n diye arada kar\u0131\u015ft\u0131r\u0131n.\nBu\u011fday yumu\u015fay\u0131nca kapa\u011f\u0131 a\u00e7\u0131n ve ha\u015flanm\u0131\u015f kuru \u00fcz\u00fcmleri ilave ederek orta ate\u015fte 5 dakika kar\u0131\u015ft\u0131rarak kaynat\u0131n.\nHo\u015f koku vermesi i\u00e7in portakal kabuklar\u0131n\u0131 ilave edin.\nNohut ve kuru fasulyeyi de kat\u0131p kar\u0131\u015ft\u0131rarak 5 dakika daha kaynat\u0131n.\nKay\u0131s\u0131lar\u0131 ve toz\u015fekeri de ekleyin, sonra kaynay\u0131ncaya kadar kar\u0131\u015ft\u0131rmaya devam edin.\nRengi beyazla\u015fs\u0131n diye s\u00fct ilave edin.\nK\u0131vam\u0131n koyu olmamas\u0131 i\u00e7in az s\u0131cak su ilave edebilirsiniz.\nSonunda kuru inciri de katt\u0131ktan sonra 5 dakika kar\u0131\u015ft\u0131rarak kaynat\u0131p ate\u015ften al\u0131n.\n\u00dcst\u00fcn\u00fcn kabuk tutmamas\u0131 i\u00e7in arada kar\u0131\u015ft\u0131rmay\u0131 ihmal etmeden kapa\u011f\u0131 yar\u0131 kapal\u0131 durumdaki tencerede so\u011futun.\nK\u0131vam koyu ise az s\u00fct ilave edin.\nK\u00e2selere bo\u015faltt\u0131ktan sonra so\u011fuyup \u00fcstlerinin kabuk tutmas\u0131n\u0131 bekleyin ve diledi\u011finiz gibi s\u00fcsleyin.",
    "article_html": "",
    "meta_description": "A\u015fure g\u00fcn\u00fc 2019 y\u0131l\u0131 i\u00e7in de geldi \u00e7att\u0131. Hicri y\u0131lba\u015f\u0131 ile birlikte Muharrem ay\u0131na giren \u0130slam d\u00fcnyas\u0131 Muharrem ay\u0131n\u0131n 10. g\u00fcn\u00fcnde A\u015fure yap\u0131yor. Ancak a\u015fure sadece Muharrem ay\u0131n\u0131n 10. g\u00fcn\u00fcnde de\u011fil, bir ka\u00e7 g\u00fcn sonras\u0131nda da yap\u0131l\u0131yor. \u0130\u015fte en g\u00fczel ve lezzetli a\u015fure tarifi",
    "meta_lang": "tr"
}