{
    "article_id": "7d4fce0b62d56b727f27be576cf0255b.1589925527.7322743",
    "title": "Kuyt Fenerbah\u00e7e'ye geliyor mu?",
    "authors": [
        "Isvalid",
        "Yazarlar",
        "Data",
        "Name",
        "Mail",
        "Title",
        "Di\u0307\u011fer Yazarlar"
    ],
    "canonical_link": "https://www.haberturk.com/kuyt-fenerbahce-ye-geliyor-mu-2684554-spor",
    "url": "http://haberturk.com/kuyt-fenerbahce-ye-geliyor-mu-2684554-spor",
    "top_img": "https://im.haberturk.com/2020/05/19/ver1589888888/2684554_1200x627.jpg",
    "meta_img": "https://im.haberturk.com/2020/05/19/ver1589888888/2684554_1200x627.jpg",
    "movies": [],
    "text": "Ahmet Selim Kul aselim@cyh.com.tr\n\n\u00d6n\u00fcm\u00fczdeki sezon yap\u0131lanmas\u0131na \u015fimdiden start veren Fenerbah\u00e7e'de sadece futbolcular anlam\u0131nda de\u011fil teknik heyet konusunda da hummal\u0131 bir \u00e7al\u0131\u015fma s\u00fcrd\u00fcr\u00fcl\u00fcyor. Ba\u015fkan Ali Ko\u00e7'un online d\u00fczenlenen Y\u00fcksek Divan Kurulu toplant\u0131s\u0131nda a\u00e7\u0131klad\u0131\u011f\u0131 \"3 teknik direkt\u00f6r ile g\u00f6r\u00fc\u015f\u00fcyoruz\" a\u00e7\u0131klamas\u0131n\u0131n yan\u0131 s\u0131ra teknik heyet i\u00e7in de bir ayr\u0131 bir planlama yapan Sar\u0131-Lacivertliler bu do\u011frultuda \u00f6n\u00fcm\u00fczdeki sezon i\u00e7in eski Fenerbah\u00e7eli futbolcu Mehmet Aurelio ile anla\u015fma sa\u011flam\u0131\u015ft\u0131.\n\nBunun yan\u0131 s\u0131ra ge\u00e7ti\u011fimiz g\u00fcnlerde yabanc\u0131 bir gazeteci Fenerbah\u00e7e'nin Dirk Kuyt ile teknik direkt\u00f6rl\u00fck konusunda g\u00f6r\u00fc\u015ft\u00fc\u011f\u00fc iddias\u0131n\u0131 ortaya att\u0131. Bu iddian\u0131n ard\u0131ndan Dirk Kuyt ismi g\u00fcndeme otururken, bu konuda geli\u015fmeler olduk\u00e7a farkl\u0131. Habert\u00fcrk'ten Ahmet Selim Kul'un haberine g\u00f6re; \u015eu anda Feyenoord 19 ya\u015f alt\u0131 tak\u0131m\u0131n\u0131 \u00e7al\u0131\u015ft\u0131ran Hollandal\u0131 oyuncunun gelece\u011fi dair planlar\u0131 farkl\u0131. Feyenoord kul\u00fcb\u00fc \u00f6n\u00fcm\u00fczdeki sezon i\u00e7in mevcut teknik direkt\u00f6r Dick Advoocat ile 1 y\u0131ll\u0131k s\u00f6zle\u015fme uzat\u0131rken, Advocaat'\u0131n ard\u0131ndan ise Dirk Kuyt'\u0131 g\u00f6reve getirmeyi planl\u0131yor. Dirk Kuyt'\u0131n da gelece\u011fe y\u00f6nelik planlar\u0131 tam olarak bu do\u011frultuda.\n\n\"Y\u00d6NET\u0130C\u0130L\u0130K TEKL\u0130F\u0130N\u0130 REDDETM\u0130\u015eT\u0130\"\n\n\u00d6te yandan 2018'de Fenerbah\u00e7e'nin Ola\u011fan Genel Kurulu'nda d\u00fczenlenen se\u00e7imden \u00f6nce de ba\u015fkan adaylar\u0131ndan eski ba\u015fkan Aziz Y\u0131ld\u0131r\u0131m da Dirk Kuyt'a y\u00f6neticilik teklifinde bulunmu\u015f fakat Dirk Kuyt teklife te\u015fekk\u00fcr ederek Feyenoord'da gelecek planlar\u0131n\u0131n oldu\u011funu belirtmi\u015fti. Bu sebeple y\u00f6neticilik teklifini geri \u00e7eviren Dirk Kuyt'\u0131n \u00f6n\u00fcm\u00fczdeki sezonun ard\u0131ndan ya da geli\u015fmelere g\u00f6re daha sonra Feyenoord'un ba\u015f\u0131na ge\u00e7meyi hedefliyor.",
    "keywords": [
        "kuyt",
        "geliyor",
        "i\u00e7in",
        "bir",
        "ile",
        "dirk",
        "mu",
        "da",
        "teknik",
        "sezon",
        "\u00f6n\u00fcm\u00fczdeki",
        "fenerbah\u00e7eye",
        "bu"
    ],
    "meta_keywords": [
        ""
    ],
    "publish_date": {
        "$date": 1589888888000
    },
    "summary": "Ahmet Selim Kul aselim@cyh.com.tr\u00d6n\u00fcm\u00fczdeki sezon yap\u0131lanmas\u0131na \u015fimdiden start veren Fenerbah\u00e7e'de sadece futbolcular anlam\u0131nda de\u011fil teknik heyet konusunda da hummal\u0131 bir \u00e7al\u0131\u015fma s\u00fcrd\u00fcr\u00fcl\u00fcyor.\nBa\u015fkan Ali Ko\u00e7'un online d\u00fczenlenen Y\u00fcksek Divan Kurulu toplant\u0131s\u0131nda a\u00e7\u0131klad\u0131\u011f\u0131 \"3 teknik direkt\u00f6r ile g\u00f6r\u00fc\u015f\u00fcyoruz\" a\u00e7\u0131klamas\u0131n\u0131n yan\u0131 s\u0131ra teknik heyet i\u00e7in de bir ayr\u0131 bir planlama yapan Sar\u0131-Lacivertliler bu do\u011frultuda \u00f6n\u00fcm\u00fczdeki sezon i\u00e7in eski Fenerbah\u00e7eli futbolcu Mehmet Aurelio ile anla\u015fma sa\u011flam\u0131\u015ft\u0131.\nBunun yan\u0131 s\u0131ra ge\u00e7ti\u011fimiz g\u00fcnlerde yabanc\u0131 bir gazeteci Fenerbah\u00e7e'nin Dirk Kuyt ile teknik direkt\u00f6rl\u00fck konusunda g\u00f6r\u00fc\u015ft\u00fc\u011f\u00fc iddias\u0131n\u0131 ortaya att\u0131.\nBu iddian\u0131n ard\u0131ndan Dirk Kuyt ismi g\u00fcndeme otururken, bu konuda geli\u015fmeler olduk\u00e7a farkl\u0131.\nHabert\u00fcrk'ten Ahmet Selim Kul'un haberine g\u00f6re; \u015eu anda Feyenoord 19 ya\u015f alt\u0131 tak\u0131m\u0131n\u0131 \u00e7al\u0131\u015ft\u0131ran Hollandal\u0131 oyuncunun gelece\u011fi dair planlar\u0131 farkl\u0131.\nFeyenoord kul\u00fcb\u00fc \u00f6n\u00fcm\u00fczdeki sezon i\u00e7in mevcut teknik direkt\u00f6r Dick Advoocat ile 1 y\u0131ll\u0131k s\u00f6zle\u015fme uzat\u0131rken, Advocaat'\u0131n ard\u0131ndan ise Dirk Kuyt'\u0131 g\u00f6reve getirmeyi planl\u0131yor.\nDirk Kuyt'\u0131n da gelece\u011fe y\u00f6nelik planlar\u0131 tam olarak bu do\u011frultuda.\n\"Y\u00d6NET\u0130C\u0130L\u0130K TEKL\u0130F\u0130N\u0130 REDDETM\u0130\u015eT\u0130\"\u00d6te yandan 2018'de Fenerbah\u00e7e'nin Ola\u011fan Genel Kurulu'nda d\u00fczenlenen se\u00e7imden \u00f6nce de ba\u015fkan adaylar\u0131ndan eski ba\u015fkan Aziz Y\u0131ld\u0131r\u0131m da Dirk Kuyt'a y\u00f6neticilik teklifinde bulunmu\u015f fakat Dirk Kuyt teklife te\u015fekk\u00fcr ederek Feyenoord'da gelecek planlar\u0131n\u0131n oldu\u011funu belirtmi\u015fti.\nBu sebeple y\u00f6neticilik teklifini geri \u00e7eviren Dirk Kuyt'\u0131n \u00f6n\u00fcm\u00fczdeki sezonun ard\u0131ndan ya da geli\u015fmelere g\u00f6re daha sonra Feyenoord'un ba\u015f\u0131na ge\u00e7meyi hedefliyor.",
    "article_html": "",
    "meta_description": "Yabanc\u0131 bir gazeteci taraf\u0131ndan Fenerbah\u00e7e'nin g\u00fcndemine geldi\u011fi iddia edilen eski futbolcusu Dirk Kuyt, teknik adaml\u0131k kariyerine Feyenoord'da devam etmeyi d\u00fc\u015f\u00fcn\u00fcyor. Dirk Kuyt'\u0131n, Feyenoord'un 1 y\u0131l daha s\u00f6zle\u015fme uzatt\u0131\u011f\u0131 Dick Advocaat'\u0131n ard\u0131ndan Feyenoord'un ba\u015f\u0131na ge\u00e7mesi planlan\u0131yor",
    "meta_lang": "tr"
}