{
    "article_id": "489313efb7163b56046b2feb7d14c2d0.1589926024.0619898",
    "title": "\u0130SYAN ETT\u0130! Larissa Gacemer'den, 'Neden \u00e7ocuk yapm\u0131yorsun?' sorular\u0131na tepki!",
    "authors": [
        "Isvalid",
        "Yazarlar",
        "Data",
        "Name",
        "Mail",
        "Title",
        "Di\u0307\u011fer Yazarlar"
    ],
    "canonical_link": "https://www.haberturk.com/larissa-gacemer-neden-cocuk-yapmiyorsun-sorularina-isyan-etti-2682789-magazin",
    "url": "http://haberturk.com/larissa-gacemer-neden-cocuk-yapmiyorsun-sorularina-isyan-etti-2682789-magazin",
    "top_img": "https://im.haberturk.com/2020/05/17/ver1589789042/2682789_1200x627.jpg",
    "meta_img": "https://im.haberturk.com/2020/05/17/ver1589789042/2682789_1200x627.jpg",
    "movies": [],
    "text": "HABERTURK.COM\n\nT\u00fcrkiye'de bir moda \u00e7ekimi s\u0131ras\u0131nda tan\u0131\u015ft\u0131\u011f\u0131 eski basketbolcu Burak Gacemer ile 2011 y\u0131l\u0131nda evlenen Brezilyal\u0131 model Larissa Gacemer, sosyal medya hesab\u0131ndan takip\u00e7ilerinden gelen, \"Neden \u00e7ocuk yapm\u0131yorsunuz?\" sorular\u0131na payla\u015ft\u0131\u011f\u0131 bir video ile yan\u0131t verdi.\n\nGacemer, \"Biliyorum baz\u0131lar\u0131n\u0131z iyi niyetle s\u00f6yl\u00fcyorsunuz ama iyice sayg\u0131s\u0131z ve k\u00f6t\u00fc yorumlar ba\u015flad\u0131. Ama hem benim i\u00e7in hem de bu durumlar\u0131 ya\u015fayanlar i\u00e7in yeter. 'Neden \u00e7ocuk yapm\u0131yorsunuz?', Neden \u00e7ocuk yok?' gibi sorular soruyorsunuz. Ben de do\u011fu\u015ftan gelen bir hastal\u0131k var. \u00c7ocu\u011fum olmuyor. Bunu bilerek y\u0131llar \u00f6nce Burak'la denedik, olmuyor. Burak beni b\u00f6yle kabul etti. Ben de bu durumu kabul ettim. Allah beni b\u00f6yle yaratm\u0131\u015f. \" dedi.\n\nLarissa Gacemer'in payla\u015f\u0131m\u0131na e\u015fi Burak Gacemer de, \"Sen bana yetersin\" \u015feklinde yorum yaparak destek verdi.",
    "keywords": [
        "i\u0307syan",
        "yapm\u0131yorsun",
        "gacemerden",
        "gacemer",
        "yapm\u0131yorsunuz",
        "\u00e7ocuk",
        "kabul",
        "bir",
        "i\u00e7in",
        "ile",
        "neden",
        "larissa",
        "etti\u0307",
        "olmuyor",
        "burak",
        "sorular\u0131na",
        "tepki"
    ],
    "meta_keywords": [
        ""
    ],
    "publish_date": {
        "$date": 1589789042000
    },
    "summary": "HABERTURK.COMT\u00fcrkiye'de bir moda \u00e7ekimi s\u0131ras\u0131nda tan\u0131\u015ft\u0131\u011f\u0131 eski basketbolcu Burak Gacemer ile 2011 y\u0131l\u0131nda evlenen Brezilyal\u0131 model Larissa Gacemer, sosyal medya hesab\u0131ndan takip\u00e7ilerinden gelen, \"Neden \u00e7ocuk yapm\u0131yorsunuz?\"\nsorular\u0131na payla\u015ft\u0131\u011f\u0131 bir video ile yan\u0131t verdi.\nGacemer, \"Biliyorum baz\u0131lar\u0131n\u0131z iyi niyetle s\u00f6yl\u00fcyorsunuz ama iyice sayg\u0131s\u0131z ve k\u00f6t\u00fc yorumlar ba\u015flad\u0131.\nAma hem benim i\u00e7in hem de bu durumlar\u0131 ya\u015fayanlar i\u00e7in yeter.\n'Neden \u00e7ocuk yapm\u0131yorsunuz?\n', Neden \u00e7ocuk yok?'\ngibi sorular soruyorsunuz.\nBen de do\u011fu\u015ftan gelen bir hastal\u0131k var.\n\u00c7ocu\u011fum olmuyor.\nBunu bilerek y\u0131llar \u00f6nce Burak'la denedik, olmuyor.\nBurak beni b\u00f6yle kabul etti.\nBen de bu durumu kabul ettim.\nAllah beni b\u00f6yle yaratm\u0131\u015f. \"\nLarissa Gacemer'in payla\u015f\u0131m\u0131na e\u015fi Burak Gacemer de, \"Sen bana yetersin\" \u015feklinde yorum yaparak destek verdi.",
    "article_html": "",
    "meta_description": "Eski basketbolcu Burak Gacemer ile evli olan Brezilyal\u0131 model Larissa Gacemer, sosyal medya hesab\u0131ndan takip\u00e7ilerinin y\u00f6neltti\u011fi, 'Neden \u00e7ocuk yapm\u0131yorsun?' sorular\u0131na tepki g\u00f6sterdi. Larissa Gacemer, \"\u00c7ocu\u011fum olmuyor. Allah beni b\u00f6yle yaratm\u0131\u015f. K\u00f6t\u00fc yorum yazmay\u0131n art\u0131k\" diyerek isyan etti",
    "meta_lang": "tr"
}