{
    "article_id": "cf52bd25bd023f47b3e9dc5b3837f3cd.1589926036.7051053",
    "title": "Nil\u00fcfer\u2019in tuzu kuru mevzusu, cinayetler ve g\u00fcnahlar",
    "authors": [
        "Yazarin T\u00fcm Yazilarini G\u00f6rmek \u0130\u00e7i\u0307n Tiklayin"
    ],
    "canonical_link": "https://www.haberturk.com/yazarlar/ipek-durkal/2670889-niluferin-tuzu-kuru-mevzusu-cinayetler-ve-gunahlar",
    "url": "http://haberturk.com/yazarlar/ipek-durkal/2670889-niluferin-tuzu-kuru-mevzusu-cinayetler-ve-gunahlar",
    "top_img": "https://im.haberturk.com/yazarlar/HTGazete/ipek-durkal-600x314.jpg?v=1573647743",
    "meta_img": "https://im.haberturk.com/yazarlar/HTGazete/ipek-durkal-600x314.jpg?v=1573647743",
    "movies": [],
    "text": "\n\nAk\u015fam haberlerini izledi\u011fimde \u2018evde kal\u2019an bir tek benmi\u015fim ve ben de hata ediyormu\u015fum gibi geliyor. Sokaklar t\u0131kl\u0131m t\u0131kl\u0131m. M\u00fcthi\u015f iyimser de bir tablo \u00e7izilmeye ba\u015fland\u0131. Sanki Covid 19\u2019un \u00e7aresi bulunmu\u015f ve art\u0131k normalle\u015febilirmi\u015fiz gibi. \u00dcnl\u00fc sanat\u00e7\u0131 Nil\u00fcfer, sosyal medya hesab\u0131ndan payla\u015ft\u0131\u011f\u0131 bir foto\u011frafla bu duruma itiraz etti. Nil\u00fcfer, \u201cSokaklar yine kalabal\u0131k. Biz evde esir gibi otururken i\u015fi g\u00fcc\u00fc olmayan baz\u0131 aylaklar da pandemi yokmu\u015f gibi dolan\u0131yor\u201d yazd\u0131. Payla\u015f\u0131m\u0131n alt\u0131nda biri \u00e7\u0131km\u0131\u015f ve \u201cSizin tuzunuz kuru tabii\u201d diye yazm\u0131\u015f. Aylakl\u0131k ve tuzu kuruluk ne alaka? Ama zihniyet bu i\u015fte, \u2018tuzunuz kuru\u2019\u2026\n\nNil\u00fcfer gibi kronik ast\u0131m hastas\u0131 birinin tuzunun kuru olmas\u0131 i\u00e7in a\u015f\u0131y\u0131 bulmu\u015f ve evinde kendi kendine yap\u0131yor olmas\u0131 laz\u0131m.\n\nAs\u0131l tuzu kuru olanlar, d\u00fc\u015f\u00fcnmek, anlamak, idrak etmek, sorumluluk duymak gibi insani yetilerin hi\u00e7birine sahip olmayanlar. Ger\u00e7ekten bazen \u00f6zeniyorum kendilerine. Her f\u0131rsatta \u00fcnl\u00fc isimlere s\u00f6yledikleri gibi, hayat onlara g\u00fczel. Dertsiz, tasas\u0131z, tela\u015fs\u0131z ya\u015fay\u0131p \u00f6lecekler; ya\u015fad\u0131klar\u0131n\u0131n bile fark\u0131na varamadan\u2026\n\n*\n\nPolis, \u00dcsk\u00fcdar-Harem sahil yolunda y\u00fcr\u00fcyenleri \u2018ara sokaklardan devam edin\u2019 anonsuyla sahilden uzakla\u015ft\u0131r\u0131p bizim sokaklara sal\u0131yor. Sahil geni\u015f, kimse kimseye de\u011fmeden y\u00fcr\u00fcyor de ara sokak \u00f6yle mi? \u0130ki g\u00fcnd\u00fcr \u0130stiklal Caddesi k\u0131vam\u0131nda bizim evin \u00f6n\u00fc. \u00dcst kat kom\u015fum polislere, yapt\u0131klar\u0131 uygulaman\u0131n yanl\u0131\u015f oldu\u011funu, sokak aralar\u0131nda sosyal mesafeyi koruman\u0131n daha da zorla\u015ft\u0131\u011f\u0131n\u0131 s\u00f6ylemi\u015f. Onlar da, \u201cBize gelen emir bu y\u00f6nde. \u0130yisi mi siz C\u0130MER\u2019e \u015fikayet edin\u201d demi\u015f. Ettik, bakal\u0131m ne olacak. Sa\u011fl\u0131k Bakan\u0131 Fahrettin Koca bir daha K\u0131z Kulesi civar\u0131n\u0131n bombo\u015f foto\u011fraf\u0131n\u0131 \u2018evde kal\u0131yoruz\u2019 diye sosyal medyas\u0131nda payla\u015f\u0131rsa \u201cSay\u0131n Bakan\u0131m \u00e7\u00fcnk\u00fc \u015fu an herkes bizim sokakta\u201d diyerek foto\u011frafl\u0131 yan\u0131t verece\u011fim.\n\n*\n\nCovid 19 \u00fczerinde \u00e7al\u0131\u015fan ve bu konuda \u00e7ok yol ald\u0131\u011f\u0131 s\u00f6ylenen bilim insan\u0131 Bing Liu niye \u00f6ld\u00fcr\u00fcld\u00fc acaba? Bilim d\u00fcnyas\u0131nda \u00e7ok sevilen ve sayg\u0131 duyulan Liu\u2019yu evinde silahla vuran ki\u015finin cinayetin ard\u0131ndan kendini de \u00f6ld\u00fcrd\u00fc\u011f\u00fc a\u00e7\u0131kland\u0131. Polis, \u201cCinayetin sa\u011fl\u0131k ara\u015ft\u0131rmalar\u0131yla ilgisi yok\u201d diyor ama benim gibi Netflix\u2019in s\u00fcr\u00fckleyici dizisi \u2018Cinayetten Nas\u0131l S\u0131yr\u0131l\u0131n\u0131r\u2019\u0131 (How to Get Away with Murder) izleyenler kafay\u0131 s\u0131y\u0131rma e\u015fi\u011fine geldi\u011fi i\u00e7in bu cinayetin \u00fczerine onlarca komplo teorisi \u00fcretebilir.\n\n*\n\nFutbolcu Cevher Tokta\u015f 5 ya\u015f\u0131ndaki o\u011flunu koronavir\u00fcs nedeniyle hastaneye yat\u0131r\u0131yor. \u00c7ocuk ayn\u0131 gece vefat ediyor. Aradan g\u00fcnler ge\u00e7iyor, Cevher Tokta\u015f karakola gidip teslim oluyor, \u201cHastanede ona refakat etti\u011fim s\u0131rada sinir krizi ge\u00e7irdim ve o\u011flumu yast\u0131kla bo\u011farak \u00f6ld\u00fcrd\u00fcm. Ak\u0131l sa\u011fl\u0131\u011f\u0131m yerinde, niyesini bilmiyorum ama o\u011flumu sevmiyordum\u201d s\u00f6zleriyle ifade veriyor. Bu olaya da hi\u00e7 inanmad\u0131m mesela. Alt\u0131ndan ne \u00e7\u0131kacak \u00e7ok merak ediyorum. Ha adam ak\u0131l hastas\u0131 olabilir, tacizci olabilir her \u015fey olabilir ama bence i\u015fin i\u00e7inde ba\u015fka bir \u015fey var. Olay, adam\u0131n dedi\u011fi gibiyse o hastanenin doktorlar\u0131nda bir numara var. \u00c7ocuk koronavir\u00fcsten mi \u00f6ld\u00fc yoksa yast\u0131kla bo\u011fularak m\u0131 \u00f6ld\u00fcr\u00fcld\u00fc bunu bile anlam\u0131yorlarsa durum ger\u00e7ekten \u00e7ok acayip de\u011fil mi? Herkesin herkesi \u00f6ld\u00fcrd\u00fc\u011f\u00fc ve delilleri karatt\u0131\u011f\u0131 \u2018How to Get Away with Murder\u2019da dahi b\u00f6yle bir cinayet senaryosu yok \u00e7\u00fcnk\u00fc\u2026\n\n*\n\nBayat ekme\u011fi ku\u015flar yesin diye ufalay\u0131p cam\u0131n pervaz\u0131na koydu\u011fum i\u00e7in apartman g\u00f6revlimiz bana f\u0131r\u00e7a att\u0131. Neymi\u015f, ku\u015flar ekme\u011fi yerken k\u0131r\u0131nt\u0131lar\u0131 bah\u00e7eye d\u00f6k\u00fcl\u00fcyormu\u015f. \u201cBo\u015f ver, onlar\u0131 da kar\u0131ncalar, b\u00f6cekler yer\u201d dedim. \u201cOlmaz \u00f6yle \u015fey\u201d dedi; k\u0131r\u0131nt\u0131lar\u0131 g\u00f6rmeden \u00fczerine bas\u0131yor ve g\u00fcnaha giriyormu\u015f. \u00c7ok u\u011fra\u015ft\u0131m ama yine de o ekme\u011fi \u00e7\u00f6pe atmaktansa ku\u015flara vermenin sevap oldu\u011funu, Allah\u2019\u0131n onu bu sebepten asla cezaland\u0131rmayaca\u011f\u0131n\u0131 anlatamad\u0131m. Bakt\u0131m olmuyor, \u201cG\u00fcnahsa, Allah bana yazs\u0131n\u201d dedim, konuyu kapatt\u0131m. \u0130kna oldu mu? Bence hay\u0131r. Mah\u015fer G\u00fcn\u00fc\u2019ne kadar s\u00fcrecek bir ikilem ya\u015f\u0131yor\u2026",
    "keywords": [
        "\u015fey",
        "g\u00fcnahlar",
        "cinayetler",
        "bir",
        "sosyal",
        "kuru",
        "nil\u00fcferin",
        "\u00e7ok",
        "ama",
        "ve",
        "da",
        "tuzu",
        "mevzusu",
        "gibi",
        "mi",
        "bu"
    ],
    "meta_keywords": [
        ""
    ],
    "publish_date": {
        "$date": 1588841220000
    },
    "summary": "Ak\u015fam haberlerini izledi\u011fimde \u2018evde kal\u2019an bir tek benmi\u015fim ve ben de hata ediyormu\u015fum gibi geliyor.\nSokaklar t\u0131kl\u0131m t\u0131kl\u0131m.\nM\u00fcthi\u015f iyimser de bir tablo \u00e7izilmeye ba\u015fland\u0131.\nSanki Covid 19\u2019un \u00e7aresi bulunmu\u015f ve art\u0131k normalle\u015febilirmi\u015fiz gibi.\n\u00dcnl\u00fc sanat\u00e7\u0131 Nil\u00fcfer, sosyal medya hesab\u0131ndan payla\u015ft\u0131\u011f\u0131 bir foto\u011frafla bu duruma itiraz etti.\nNil\u00fcfer, \u201cSokaklar yine kalabal\u0131k.\nBiz evde esir gibi otururken i\u015fi g\u00fcc\u00fc olmayan baz\u0131 aylaklar da pandemi yokmu\u015f gibi dolan\u0131yor\u201d yazd\u0131.\nPayla\u015f\u0131m\u0131n alt\u0131nda biri \u00e7\u0131km\u0131\u015f ve \u201cSizin tuzunuz kuru tabii\u201d diye yazm\u0131\u015f.\nAylakl\u0131k ve tuzu kuruluk ne alaka?\nAma zihniyet bu i\u015fte, \u2018tuzunuz kuru\u2019\u2026Nil\u00fcfer gibi kronik ast\u0131m hastas\u0131 birinin tuzunun kuru olmas\u0131 i\u00e7in a\u015f\u0131y\u0131 bulmu\u015f ve evinde kendi kendine yap\u0131yor olmas\u0131 laz\u0131m.\nAs\u0131l tuzu kuru olanlar, d\u00fc\u015f\u00fcnmek, anlamak, idrak etmek, sorumluluk duymak gibi insani yetilerin hi\u00e7birine sahip olmayanlar.\nGer\u00e7ekten bazen \u00f6zeniyorum kendilerine.\nHer f\u0131rsatta \u00fcnl\u00fc isimlere s\u00f6yledikleri gibi, hayat onlara g\u00fczel.\nDertsiz, tasas\u0131z, tela\u015fs\u0131z ya\u015fay\u0131p \u00f6lecekler; ya\u015fad\u0131klar\u0131n\u0131n bile fark\u0131na varamadan\u2026*Polis, \u00dcsk\u00fcdar-Harem sahil yolunda y\u00fcr\u00fcyenleri \u2018ara sokaklardan devam edin\u2019 anonsuyla sahilden uzakla\u015ft\u0131r\u0131p bizim sokaklara sal\u0131yor.\nSahil geni\u015f, kimse kimseye de\u011fmeden y\u00fcr\u00fcyor de ara sokak \u00f6yle mi?\n\u0130ki g\u00fcnd\u00fcr \u0130stiklal Caddesi k\u0131vam\u0131nda bizim evin \u00f6n\u00fc.\n\u00dcst kat kom\u015fum polislere, yapt\u0131klar\u0131 uygulaman\u0131n yanl\u0131\u015f oldu\u011funu, sokak aralar\u0131nda sosyal mesafeyi koruman\u0131n daha da zorla\u015ft\u0131\u011f\u0131n\u0131 s\u00f6ylemi\u015f.\nOnlar da, \u201cBize gelen emir bu y\u00f6nde.\n\u0130yisi mi siz C\u0130MER\u2019e \u015fikayet edin\u201d demi\u015f.\nEttik, bakal\u0131m ne olacak.\nSa\u011fl\u0131k Bakan\u0131 Fahrettin Koca bir daha K\u0131z Kulesi civar\u0131n\u0131n bombo\u015f foto\u011fraf\u0131n\u0131 \u2018evde kal\u0131yoruz\u2019 diye sosyal medyas\u0131nda payla\u015f\u0131rsa \u201cSay\u0131n Bakan\u0131m \u00e7\u00fcnk\u00fc \u015fu an herkes bizim sokakta\u201d diyerek foto\u011frafl\u0131 yan\u0131t verece\u011fim.\n*Covid 19 \u00fczerinde \u00e7al\u0131\u015fan ve bu konuda \u00e7ok yol ald\u0131\u011f\u0131 s\u00f6ylenen bilim insan\u0131 Bing Liu niye \u00f6ld\u00fcr\u00fcld\u00fc acaba?\nBilim d\u00fcnyas\u0131nda \u00e7ok sevilen ve sayg\u0131 duyulan Liu\u2019yu evinde silahla vuran ki\u015finin cinayetin ard\u0131ndan kendini de \u00f6ld\u00fcrd\u00fc\u011f\u00fc a\u00e7\u0131kland\u0131.\nPolis, \u201cCinayetin sa\u011fl\u0131k ara\u015ft\u0131rmalar\u0131yla ilgisi yok\u201d diyor ama benim gibi Netflix\u2019in s\u00fcr\u00fckleyici dizisi \u2018Cinayetten Nas\u0131l S\u0131yr\u0131l\u0131n\u0131r\u2019\u0131 (How to Get Away with Murder) izleyenler kafay\u0131 s\u0131y\u0131rma e\u015fi\u011fine geldi\u011fi i\u00e7in bu cinayetin \u00fczerine onlarca komplo teorisi \u00fcretebilir.\n*Futbolcu Cevher Tokta\u015f 5 ya\u015f\u0131ndaki o\u011flunu koronavir\u00fcs nedeniyle hastaneye yat\u0131r\u0131yor.\n\u00c7ocuk ayn\u0131 gece vefat ediyor.\nAradan g\u00fcnler ge\u00e7iyor, Cevher Tokta\u015f karakola gidip teslim oluyor, \u201cHastanede ona refakat etti\u011fim s\u0131rada sinir krizi ge\u00e7irdim ve o\u011flumu yast\u0131kla bo\u011farak \u00f6ld\u00fcrd\u00fcm.\nAk\u0131l sa\u011fl\u0131\u011f\u0131m yerinde, niyesini bilmiyorum ama o\u011flumu sevmiyordum\u201d s\u00f6zleriyle ifade veriyor.\nBu olaya da hi\u00e7 inanmad\u0131m mesela.\nAlt\u0131ndan ne \u00e7\u0131kacak \u00e7ok merak ediyorum.\nHa adam ak\u0131l hastas\u0131 olabilir, tacizci olabilir her \u015fey olabilir ama bence i\u015fin i\u00e7inde ba\u015fka bir \u015fey var.\nOlay, adam\u0131n dedi\u011fi gibiyse o hastanenin doktorlar\u0131nda bir numara var.\n\u00c7ocuk koronavir\u00fcsten mi \u00f6ld\u00fc yoksa yast\u0131kla bo\u011fularak m\u0131 \u00f6ld\u00fcr\u00fcld\u00fc bunu bile anlam\u0131yorlarsa durum ger\u00e7ekten \u00e7ok acayip de\u011fil mi?\nHerkesin herkesi \u00f6ld\u00fcrd\u00fc\u011f\u00fc ve delilleri karatt\u0131\u011f\u0131 \u2018How to Get Away with Murder\u2019da dahi b\u00f6yle bir cinayet senaryosu yok \u00e7\u00fcnk\u00fc\u2026*Bayat ekme\u011fi ku\u015flar yesin diye ufalay\u0131p cam\u0131n pervaz\u0131na koydu\u011fum i\u00e7in apartman g\u00f6revlimiz bana f\u0131r\u00e7a att\u0131.\nNeymi\u015f, ku\u015flar ekme\u011fi yerken k\u0131r\u0131nt\u0131lar\u0131 bah\u00e7eye d\u00f6k\u00fcl\u00fcyormu\u015f.\n\u201cBo\u015f ver, onlar\u0131 da kar\u0131ncalar, b\u00f6cekler yer\u201d dedim.\n\u201cOlmaz \u00f6yle \u015fey\u201d dedi; k\u0131r\u0131nt\u0131lar\u0131 g\u00f6rmeden \u00fczerine bas\u0131yor ve g\u00fcnaha giriyormu\u015f.\n\u00c7ok u\u011fra\u015ft\u0131m ama yine de o ekme\u011fi \u00e7\u00f6pe atmaktansa ku\u015flara vermenin sevap oldu\u011funu, Allah\u2019\u0131n onu bu sebepten asla cezaland\u0131rmayaca\u011f\u0131n\u0131 anlatamad\u0131m.\nBakt\u0131m olmuyor, \u201cG\u00fcnahsa, Allah bana yazs\u0131n\u201d dedim, konuyu kapatt\u0131m.\n\u0130kna oldu mu?\nBence hay\u0131r.\nMah\u015fer G\u00fcn\u00fc\u2019ne kadar s\u00fcrecek bir ikilem ya\u015f\u0131yor\u2026",
    "article_html": "",
    "meta_description": "Ak\u015fam haberlerini izledi\u011fimde 'evde kal'an bir tek benmi\u015fim ve ben de hata ediyormu\u015fum gibi geliyor. Sokaklar t\u0131kl\u0131m t\u0131kl\u0131m. M\u00fcthi\u015f iyimser de bir tablo \u00e7izilmeye ba\u015fland\u0131. Sanki Covid 19'un \u00e7aresi bulunmu\u015f ve art\u0131k normalle\u015febilirmi\u015fiz gibi. \u00dcnl\u00fc sanat\u00e7\u0131 Nil\u00fcfer, sosyal medya hesab\u0131ndan payla\u015ft\u0131\u011f\u0131 bir foto\u011frafla bu duruma itiraz etti. Nil\u00fcfer, \"Sokaklar yine kalabal\u0131k. Biz evde esir gibi otururken i\u015fi g\u00fcc\u00fc olmayan baz\u0131 aylaklar da pandemi yokmu\u015f gibi dolan\u0131yor\" yazd\u0131. Payla\u015f\u0131m\u0131n alt\u0131nda biri \u00e7\u0131km\u0131\u015f ve \"Sizin tuzunuz kuru tabii\" diye yazm\u0131\u015f. Aylakl\u0131k ve tuzu kuruluk ne alaka? Ama zihniyet bu i\u015fte, 'tuzunuz kuru'...\nNil\u00fcfer gibi kronik ast\u0131m...",
    "meta_lang": "tr"
}