{
    "article_id": "32e2a4eed145682976a393c9d74575c6.1589926039.2087939",
    "title": "Ba\u015fsavc\u0131 D\u00f6nmez\u2019den ceza infaz kurumlar\u0131na ziyaret",
    "authors": [],
    "canonical_link": "https://www.haberturk.com/van-haberleri/78056989-bassavci-donmezden-ceza-infaz-kurumlarina-ziyaret",
    "url": "http://haberturk.com/van-haberleri/78056989-bassavci-donmezden-ceza-infaz-kurumlarina-ziyaret",
    "top_img": "https://im.haberturk.com/yerel_haber/2020/05/19/ver1589919481/78056989_940x531.jpg",
    "meta_img": "https://im.haberturk.com/yerel_haber/2020/05/19/ver1589919481/78056989_940x531.jpg",
    "movies": [],
    "text": "Van Cumhuriyet Ba\u015fsavc\u0131s\u0131 O\u011fuzhan D\u00f6nmez, kentteki ceza infaz kurumlar\u0131n\u0131 ziyaret etti.\n\nCeza \u0130nfaz Kurumlar\u0131ndan Sorumlu Cumhuriyet Savc\u0131s\u0131 Soner Erden ile ceza infaz kurumlar\u0131 kamp\u00fcs\u00fc ile T Tipi Ceza \u0130nfaz Kurumunu ziyaret eden D\u00f6nmez, pandemi s\u00fcrecinde izolasyonda bulunan ve b\u00fcy\u00fck fedakarl\u0131k g\u00f6steren kurum personelleriyle bir araya geldi. Personelin talep ve s\u0131k\u0131nt\u0131lar\u0131n\u0131 dinleyen D\u00f6nmez, saat 19.19\u2019da kurum personeliyle 19 May\u0131s Atat\u00fcrk\u2019\u00fc Anma, Gen\u00e7lik ve Spor Bayram\u0131 kapsam\u0131nda sayg\u0131 duru\u015funda bulunarak \u0130stiklal Mar\u015f\u0131\u2019n\u0131 okudu.\n\nDaha sonra T Tipi Ceza \u0130nfaz Kurumunda bulunan \u00e7ocuk tutuklu ve h\u00fck\u00fcml\u00fclerle iftar yapan D\u00f6nmez, onlara hediye vererek sohbet etti.\n\nD\u00f6nmez, pandemi s\u00fcrecinde izolasyona tabi tutularak b\u00fcy\u00fck fedakarl\u0131k g\u00f6steren kurum personellerine Ramazan sebebiyle kendi aralar\u0131nda maddi yard\u0131m toplayarak ihtiya\u00e7 sahibi 50 aileye Ramazan paketi yard\u0131m\u0131 yapacak olan kurum m\u00fcd\u00fcr\u00fc ve g\u00f6revlilere duyarl\u0131l\u0131klar\u0131ndan dolay\u0131 da te\u015fekk\u00fcr etti.\n\nAnadolu Ajans\u0131, DHA, \u0130HA taraf\u0131ndan ge\u00e7ilen t\u00fcm Van haberleri, bu b\u00f6l\u00fcmde Haberturk.com edit\u00f6rlerinin hi\u00e7bir editoryal m\u00fcdahalesi olmadan otomatik olarak ajans kanallar\u0131ndan geldi\u011fi \u015fekliyle yer almaktad\u0131r. Van Haberleri alan\u0131nda yer alan haberlerin hepsinin hukuki muhatab\u0131 haberi ge\u00e7en ajanslard\u0131r.",
    "keywords": [
        "ziyaret",
        "kurumlar\u0131na",
        "tipi",
        "ceza",
        "d\u00f6nmez",
        "van",
        "i\u0307nfaz",
        "d\u00f6nmezden",
        "s\u00fcrecinde",
        "ve",
        "ba\u015fsavc\u0131",
        "yer",
        "kurum",
        "infaz"
    ],
    "meta_keywords": [
        ""
    ],
    "publish_date": {
        "$date": 1589922001000
    },
    "summary": "Van Cumhuriyet Ba\u015fsavc\u0131s\u0131 O\u011fuzhan D\u00f6nmez, kentteki ceza infaz kurumlar\u0131n\u0131 ziyaret etti.\nCeza \u0130nfaz Kurumlar\u0131ndan Sorumlu Cumhuriyet Savc\u0131s\u0131 Soner Erden ile ceza infaz kurumlar\u0131 kamp\u00fcs\u00fc ile T Tipi Ceza \u0130nfaz Kurumunu ziyaret eden D\u00f6nmez, pandemi s\u00fcrecinde izolasyonda bulunan ve b\u00fcy\u00fck fedakarl\u0131k g\u00f6steren kurum personelleriyle bir araya geldi.\nPersonelin talep ve s\u0131k\u0131nt\u0131lar\u0131n\u0131 dinleyen D\u00f6nmez, saat 19.19\u2019da kurum personeliyle 19 May\u0131s Atat\u00fcrk\u2019\u00fc Anma, Gen\u00e7lik ve Spor Bayram\u0131 kapsam\u0131nda sayg\u0131 duru\u015funda bulunarak \u0130stiklal Mar\u015f\u0131\u2019n\u0131 okudu.\nDaha sonra T Tipi Ceza \u0130nfaz Kurumunda bulunan \u00e7ocuk tutuklu ve h\u00fck\u00fcml\u00fclerle iftar yapan D\u00f6nmez, onlara hediye vererek sohbet etti.\nD\u00f6nmez, pandemi s\u00fcrecinde izolasyona tabi tutularak b\u00fcy\u00fck fedakarl\u0131k g\u00f6steren kurum personellerine Ramazan sebebiyle kendi aralar\u0131nda maddi yard\u0131m toplayarak ihtiya\u00e7 sahibi 50 aileye Ramazan paketi yard\u0131m\u0131 yapacak olan kurum m\u00fcd\u00fcr\u00fc ve g\u00f6revlilere duyarl\u0131l\u0131klar\u0131ndan dolay\u0131 da te\u015fekk\u00fcr etti.\nAnadolu Ajans\u0131, DHA, \u0130HA taraf\u0131ndan ge\u00e7ilen t\u00fcm Van haberleri, bu b\u00f6l\u00fcmde Haberturk.com edit\u00f6rlerinin hi\u00e7bir editoryal m\u00fcdahalesi olmadan otomatik olarak ajans kanallar\u0131ndan geldi\u011fi \u015fekliyle yer almaktad\u0131r.\nVan Haberleri alan\u0131nda yer alan haberlerin hepsinin hukuki muhatab\u0131 haberi ge\u00e7en ajanslard\u0131r.",
    "article_html": "",
    "meta_description": "Van Cumhuriyet Ba\u015fsavc\u0131s\u0131 O\u011fuzhan D\u00f6nmez, kentteki ceza infaz kurumlar\u0131n\u0131 ziyaret etti.",
    "meta_lang": "tr"
}