{
    "article_id": "6ea6241fa36cc8651c52e150a560b926.1589926039.8793304",
    "title": "Taziyeye kat\u0131lanlardan dolay\u0131 bir mahalle karantinaya al\u0131nd\u0131",
    "authors": [],
    "canonical_link": "https://www.haberturk.com/van-haberleri/78055273-taziyeye-katilanlardan-dolayi-bir-mahalle-karantinaya-alindi",
    "url": "http://haberturk.com/van-haberleri/78055273-taziyeye-katilanlardan-dolayi-bir-mahalle-karantinaya-alindi",
    "top_img": "https://im.haberturk.com/assets/images/yerelhaberler/1102x620/iller_van.png",
    "meta_img": "https://im.haberturk.com/assets/images/yerelhaberler/1102x620/iller_van.png",
    "movies": [],
    "text": "Van\u2019\u0131n Edremit il\u00e7esindeki taziyeye kat\u0131lanlardan dolay\u0131 G\u00fcrp\u0131nar il\u00e7esindeki bir mahalle karantinaya al\u0131nd\u0131.\n\nVan Valili\u011finden yap\u0131lan a\u00e7\u0131klamada, \u201c\u0130limiz Edremit il\u00e7esi Eminpa\u015fa Mahallesi\u2019nde ikamet eden ve kalp krizinden vefat eden akrabalar\u0131n\u0131n 9 May\u0131s 2020 tarihindeki cenazesinin defin i\u015flemine kat\u0131lan Erdemir ailesinden 3 ki\u015fi ikamet ettikleri G\u00fcrp\u0131nar il\u00e7esi Ta\u015fd\u00f6nd\u00fcren Mahallesi\u2019ne d\u00f6nd\u00fc. 17 May\u0131s 2020 tarihinde ayn\u0131 aileden ayn\u0131 ikamette oturan Erdemir ailesinden 1 ki\u015fi rahats\u0131zlanarak hastaneye ba\u015fvurdu. Hastaneye ba\u015fvuran \u015fahs\u0131n yap\u0131lan korona vir\u00fcs testi pozitif \u00e7\u0131k\u0131nca mahallede sa\u011fl\u0131k ekipleri taraf\u0131ndan tarama ve testler yap\u0131ld\u0131. Bu testlerden de 1 ki\u015finin daha korona vir\u00fcs testi pozitif \u00e7\u0131kt\u0131. Bunun \u00fczerine G\u00fcrp\u0131nar \u0130l\u00e7e H\u0131fz\u0131ss\u0131hha Kurulu, 40 hane ve 300 n\u00fcfuslu Ta\u015fd\u00f6nd\u00fcren Mahallesi\u2019nde karantina karar\u0131 alarak giri\u015f \u00e7\u0131k\u0131\u015flar\u0131 yasaklad\u0131\u201d denildi.\n\n\u00d6te yandan, 23 Nisan tarihinden itibaren karantina b\u00f6lgesi olarak ilan edilen G\u00fcrp\u0131nar il\u00e7esi G\u00fcnba\u015f\u0131 Mahallesi'nde tespit edilmi\u015f olan 14 pozitif vakan\u0131n yap\u0131lan son testler sonucunun negatife d\u00f6nd\u00fc\u011f\u00fc belirtilerek, \u201c\u015eah\u0131slar\u0131n halen izlem ve g\u00f6zlem alt\u0131nda bulunduklar\u0131 ve tedavilerinin devam etti\u011fi mahallede, 18 May\u0131s 2020\u2018de karantinan\u0131n sonland\u0131r\u0131lmas\u0131 i\u00e7in sa\u011fl\u0131k ekipleri taraf\u0131ndan yap\u0131lan muayene ve tetkikte Turgut ailesinden 4 ki\u015finin korona vir\u00fcs testi pozitif \u00e7\u0131kt\u0131. Yeni vakalar\u0131n \u00e7\u0131kmas\u0131 \u00fczerine G\u00fcnba\u015f\u0131 Mahallesi\u2019nde karantina uygulamas\u0131 uzat\u0131ld\u0131\u201d ifadelerine yer verildi.\n\nAnadolu Ajans\u0131, DHA, \u0130HA taraf\u0131ndan ge\u00e7ilen t\u00fcm Van haberleri, bu b\u00f6l\u00fcmde Haberturk.com edit\u00f6rlerinin hi\u00e7bir editoryal m\u00fcdahalesi olmadan otomatik olarak ajans kanallar\u0131ndan geldi\u011fi \u015fekliyle yer almaktad\u0131r. Van Haberleri alan\u0131nda yer alan haberlerin hepsinin hukuki muhatab\u0131 haberi ge\u00e7en ajanslard\u0131r.",
    "keywords": [
        "vir\u00fcs",
        "yap\u0131lan",
        "taraf\u0131ndan",
        "may\u0131s",
        "pozitif",
        "g\u00fcrp\u0131nar",
        "dolay\u0131",
        "mahallesinde",
        "bir",
        "karantinaya",
        "taziyeye",
        "kat\u0131lanlardan",
        "mahalle",
        "ve",
        "testi",
        "al\u0131nd\u0131",
        "yer"
    ],
    "meta_keywords": [
        ""
    ],
    "publish_date": {
        "$date": 1589918401000
    },
    "summary": "Van\u2019\u0131n Edremit il\u00e7esindeki taziyeye kat\u0131lanlardan dolay\u0131 G\u00fcrp\u0131nar il\u00e7esindeki bir mahalle karantinaya al\u0131nd\u0131.\nVan Valili\u011finden yap\u0131lan a\u00e7\u0131klamada, \u201c\u0130limiz Edremit il\u00e7esi Eminpa\u015fa Mahallesi\u2019nde ikamet eden ve kalp krizinden vefat eden akrabalar\u0131n\u0131n 9 May\u0131s 2020 tarihindeki cenazesinin defin i\u015flemine kat\u0131lan Erdemir ailesinden 3 ki\u015fi ikamet ettikleri G\u00fcrp\u0131nar il\u00e7esi Ta\u015fd\u00f6nd\u00fcren Mahallesi\u2019ne d\u00f6nd\u00fc.\n17 May\u0131s 2020 tarihinde ayn\u0131 aileden ayn\u0131 ikamette oturan Erdemir ailesinden 1 ki\u015fi rahats\u0131zlanarak hastaneye ba\u015fvurdu.\nHastaneye ba\u015fvuran \u015fahs\u0131n yap\u0131lan korona vir\u00fcs testi pozitif \u00e7\u0131k\u0131nca mahallede sa\u011fl\u0131k ekipleri taraf\u0131ndan tarama ve testler yap\u0131ld\u0131.\nBu testlerden de 1 ki\u015finin daha korona vir\u00fcs testi pozitif \u00e7\u0131kt\u0131.\nBunun \u00fczerine G\u00fcrp\u0131nar \u0130l\u00e7e H\u0131fz\u0131ss\u0131hha Kurulu, 40 hane ve 300 n\u00fcfuslu Ta\u015fd\u00f6nd\u00fcren Mahallesi\u2019nde karantina karar\u0131 alarak giri\u015f \u00e7\u0131k\u0131\u015flar\u0131 yasaklad\u0131\u201d denildi.\n\u00d6te yandan, 23 Nisan tarihinden itibaren karantina b\u00f6lgesi olarak ilan edilen G\u00fcrp\u0131nar il\u00e7esi G\u00fcnba\u015f\u0131 Mahallesi'nde tespit edilmi\u015f olan 14 pozitif vakan\u0131n yap\u0131lan son testler sonucunun negatife d\u00f6nd\u00fc\u011f\u00fc belirtilerek, \u201c\u015eah\u0131slar\u0131n halen izlem ve g\u00f6zlem alt\u0131nda bulunduklar\u0131 ve tedavilerinin devam etti\u011fi mahallede, 18 May\u0131s 2020\u2018de karantinan\u0131n sonland\u0131r\u0131lmas\u0131 i\u00e7in sa\u011fl\u0131k ekipleri taraf\u0131ndan yap\u0131lan muayene ve tetkikte Turgut ailesinden 4 ki\u015finin korona vir\u00fcs testi pozitif \u00e7\u0131kt\u0131.\nYeni vakalar\u0131n \u00e7\u0131kmas\u0131 \u00fczerine G\u00fcnba\u015f\u0131 Mahallesi\u2019nde karantina uygulamas\u0131 uzat\u0131ld\u0131\u201d ifadelerine yer verildi.\nAnadolu Ajans\u0131, DHA, \u0130HA taraf\u0131ndan ge\u00e7ilen t\u00fcm Van haberleri, bu b\u00f6l\u00fcmde Haberturk.com edit\u00f6rlerinin hi\u00e7bir editoryal m\u00fcdahalesi olmadan otomatik olarak ajans kanallar\u0131ndan geldi\u011fi \u015fekliyle yer almaktad\u0131r.\nVan Haberleri alan\u0131nda yer alan haberlerin hepsinin hukuki muhatab\u0131 haberi ge\u00e7en ajanslard\u0131r.",
    "article_html": "",
    "meta_description": "Van'\u0131n Edremit il\u00e7esindeki taziyeye kat\u0131lanlardan dolay\u0131 G\u00fcrp\u0131nar il\u00e7esindeki bir mahalle karantinaya al\u0131nd\u0131.",
    "meta_lang": "tr"
}