{
    "article_id": "9db7a8a8e1ec74df3dbb80409a45e5a4.1589926041.0694914",
    "title": "Ba\u015fkan Ensari\u2019den Kadir Gecesi mesaj\u0131",
    "authors": [],
    "canonical_link": "https://www.haberturk.com/van-haberleri/78052870-baskan-ensariden-kadir-gecesi-mesaji",
    "url": "http://haberturk.com/van-haberleri/78052870-baskan-ensariden-kadir-gecesi-mesaji",
    "top_img": "https://im.haberturk.com/yerel_haber/2020/05/19/ver1589909821/78052870_940x531.jpg",
    "meta_img": "https://im.haberturk.com/yerel_haber/2020/05/19/ver1589909821/78052870_940x531.jpg",
    "movies": [],
    "text": "Van\u2019\u0131n \u00c7ald\u0131ran Belediye Ba\u015fkan\u0131 \u015eefik Ensari, Kadir Gecesi nedeniyle bir mesaj yay\u0131mlad\u0131.\n\nBa\u015fkan Ensari, Kadir Gecesi\u2019nin Kur\u2019an\u0131 Kerim\u2019de bin aydan daha hay\u0131rl\u0131 oldu\u011funu hat\u0131rlatarak, \u201cBa\u015f\u0131 rahmet, ortas\u0131 ma\u011ffiret ve sonu ise azaptan kurtulu\u015f olan bu m\u00fcbarek Ramazan ay\u0131nda yapt\u0131\u011f\u0131m\u0131z ibadetler ve etti\u011fimiz dualar \u0130slam co\u011frafyas\u0131na huzur getirir in\u015fallah. Kadir Gecesi\u2019nin manas\u0131n\u0131 idrak ederek iyi de\u011ferlendirmek ve o vaktin feyiz ve bereketinden istifade edebilmek, bu yarar\u0131n\u0131 artt\u0131rmak i\u00e7in namaz k\u0131lmak, Kur\u2019an okumak, zikir ile me\u015fgul olmak, sal\u00e2vat\u0131 \u015ferife getirerek dua etmek, Y\u00fcce Allah\u2019a niyazda bulunmak, sadaka vermek gibi halis amel ile bu vaktin nurundan faydalanmak, bu vakti Allah\u2019\u0131n nuru ile nurland\u0131rarak ge\u00e7irmek bizim kazanc\u0131m\u0131z olacakt\u0131r. Dualar\u0131m\u0131z\u0131n kabul ve makbul olmas\u0131 temennisiyle ba\u015fta \u00c7ald\u0131ranl\u0131 ve Vanl\u0131 hem\u015fehrilerim olmak \u00fczere t\u00fcm \u0130slam Aleminin m\u00fcbarek Kadir Gecesi\u2019ni tebrik ediyor, sa\u011fl\u0131k ve esenlikler diliyorum\u201d dedi.\n\nAnadolu Ajans\u0131, DHA, \u0130HA taraf\u0131ndan ge\u00e7ilen t\u00fcm Van haberleri, bu b\u00f6l\u00fcmde Haberturk.com edit\u00f6rlerinin hi\u00e7bir editoryal m\u00fcdahalesi olmadan otomatik olarak ajans kanallar\u0131ndan geldi\u011fi \u015fekliyle yer almaktad\u0131r. Van Haberleri alan\u0131nda yer alan haberlerin hepsinin hukuki muhatab\u0131 haberi ge\u00e7en ajanslard\u0131r.",
    "keywords": [
        "kadir",
        "yer",
        "olmak",
        "van",
        "vaktin",
        "gecesi",
        "mesaj\u0131",
        "ve",
        "ensariden",
        "t\u00fcm",
        "ile",
        "m\u00fcbarek",
        "ba\u015fkan",
        "bu"
    ],
    "meta_keywords": [
        ""
    ],
    "publish_date": {
        "$date": 1589911201000
    },
    "summary": "Van\u2019\u0131n \u00c7ald\u0131ran Belediye Ba\u015fkan\u0131 \u015eefik Ensari, Kadir Gecesi nedeniyle bir mesaj yay\u0131mlad\u0131.\nBa\u015fkan Ensari, Kadir Gecesi\u2019nin Kur\u2019an\u0131 Kerim\u2019de bin aydan daha hay\u0131rl\u0131 oldu\u011funu hat\u0131rlatarak, \u201cBa\u015f\u0131 rahmet, ortas\u0131 ma\u011ffiret ve sonu ise azaptan kurtulu\u015f olan bu m\u00fcbarek Ramazan ay\u0131nda yapt\u0131\u011f\u0131m\u0131z ibadetler ve etti\u011fimiz dualar \u0130slam co\u011frafyas\u0131na huzur getirir in\u015fallah.\nKadir Gecesi\u2019nin manas\u0131n\u0131 idrak ederek iyi de\u011ferlendirmek ve o vaktin feyiz ve bereketinden istifade edebilmek, bu yarar\u0131n\u0131 artt\u0131rmak i\u00e7in namaz k\u0131lmak, Kur\u2019an okumak, zikir ile me\u015fgul olmak, sal\u00e2vat\u0131 \u015ferife getirerek dua etmek, Y\u00fcce Allah\u2019a niyazda bulunmak, sadaka vermek gibi halis amel ile bu vaktin nurundan faydalanmak, bu vakti Allah\u2019\u0131n nuru ile nurland\u0131rarak ge\u00e7irmek bizim kazanc\u0131m\u0131z olacakt\u0131r.\nDualar\u0131m\u0131z\u0131n kabul ve makbul olmas\u0131 temennisiyle ba\u015fta \u00c7ald\u0131ranl\u0131 ve Vanl\u0131 hem\u015fehrilerim olmak \u00fczere t\u00fcm \u0130slam Aleminin m\u00fcbarek Kadir Gecesi\u2019ni tebrik ediyor, sa\u011fl\u0131k ve esenlikler diliyorum\u201d dedi.\nAnadolu Ajans\u0131, DHA, \u0130HA taraf\u0131ndan ge\u00e7ilen t\u00fcm Van haberleri, bu b\u00f6l\u00fcmde Haberturk.com edit\u00f6rlerinin hi\u00e7bir editoryal m\u00fcdahalesi olmadan otomatik olarak ajans kanallar\u0131ndan geldi\u011fi \u015fekliyle yer almaktad\u0131r.\nVan Haberleri alan\u0131nda yer alan haberlerin hepsinin hukuki muhatab\u0131 haberi ge\u00e7en ajanslard\u0131r.",
    "article_html": "",
    "meta_description": "Van'\u0131n \u00c7ald\u0131ran Belediye Ba\u015fkan\u0131 \u015eefik Ensari, Kadir Gecesi nedeniyle bir mesaj yay\u0131mlad\u0131.",
    "meta_lang": "tr"
}