{
    "article_id": "d02a1da07097dbddfacb7ed5c2ec590b.1589925530.9975903",
    "title": "Marshall Boya solvent \u00fcretimini yeniden yurti\u00e7inde yapacak",
    "authors": [
        "Isvalid",
        "Yazarlar",
        "Data",
        "Name",
        "Mail",
        "Title",
        "Di\u0307\u011fer Yazarlar"
    ],
    "canonical_link": "https://www.haberturk.com/marshall-boya-solvent-uretimini-yeniden-yurticinde-yapacak-2684483-ekonomi",
    "url": "http://haberturk.com/marshall-boya-solvent-uretimini-yeniden-yurticinde-yapacak-2684483-ekonomi",
    "top_img": "https://im.haberturk.com/2020/05/19/ver1589882264/2684483_1200x627.jpg",
    "meta_img": "https://im.haberturk.com/2020/05/19/ver1589882264/2684483_1200x627.jpg",
    "movies": [],
    "text": "HABERTURK.COM\n\nMarshall Boya 2017 y\u0131l\u0131nda yurtd\u0131\u015f\u0131na ta\u015f\u0131d\u0131\u011f\u0131 Solvent \u00fcretimini yeniden T\u00fcrkiye'de yapacak. Firmadan d\u00fcn ak\u015fam KAP'a yap\u0131lan a\u00e7\u0131klamaya g\u00f6re bu kapsamda yap\u0131lacak modernizasyon \u00e7al\u0131\u015fmalar\u0131 i\u00e7in Yat\u0131r\u0131m Te\u015fvik Belgesi al\u0131nd\u0131.\n\nS\u00f6z konusu a\u00e7\u0131klamada \u015fu ifadeler yer ald\u0131: \"\u015eirketimizin modernizasyonu kapsam\u0131nda T.C. Ekonomi Bakanl\u0131\u011f\u0131 Te\u015fvik Uygulama ve Yabanc\u0131 Sermaye Genel M\u00fcd\u00fcrl\u00fc\u011f\u00fc'ne yapm\u0131\u015f oldu\u011fu te\u015fvik ba\u015fvurusu B\u00f6lgesel te\u015fvik kapsam\u0131na al\u0131nm\u0131\u015f ve 22 Nisan 2020 tarihli Resmi Gazete'de, 17/02/2020 tarih ve 508764 say\u0131l\u0131 Yat\u0131r\u0131m Te\u015fvik Belgesi, olarak yay\u0131mlanm\u0131\u015ft\u0131r. 38.780.090 TL tutarl\u0131 Yat\u0131r\u0131m Te\u015fvik Belgesinin ba\u015flang\u0131\u00e7 tarihi 20 Ocak 2020, biti\u015f tarihi ise 20 Ocak 2023't\u00fcr.\n\nYat\u0131r\u0131m\u0131n kapsam\u0131, stratejik gerek\u00e7elerle, 24 Temmuz 2017 tarihinde Kap a\u00e7\u0131klamas\u0131 ile duyurdu\u011fumuz \u00fcretimi yurtd\u0131\u015f\u0131na ta\u015f\u0131nan Solvent \u00fcretiminin, de\u011fi\u015fen ko\u015fullar ve Akzo Nobel stratejileri ile beraber , tekrar yurti\u00e7inde \u00fcretilmesi i\u00e7in yap\u0131lan makina ve te\u00e7hizat modernizasyonudur.\"\n\nBunun yan\u0131nda te\u015fvikin KDV istisnas\u0131, g\u00fcmr\u00fck vergisi muafiyeti, faiz deste\u011fi, y\u00fczde 30'luk yat\u0131r\u0131ma katk\u0131 oran\u0131, 6 y\u0131ll\u0131k sigorta primi i\u015fveren hissesi deste\u011fi ile y\u00fczde 70'lik vergi indirimini i\u00e7erdi\u011fi belirtildi.",
    "keywords": [
        "\u00fcretimini",
        "yap\u0131lan",
        "yat\u0131r\u0131m",
        "y\u00fczde",
        "te\u015fvik",
        "ile",
        "yapacak",
        "tarihi",
        "boya",
        "ve",
        "ocak",
        "marshall",
        "solvent",
        "yeniden",
        "yurtd\u0131\u015f\u0131na",
        "yurti\u00e7inde"
    ],
    "meta_keywords": [
        ""
    ],
    "publish_date": {
        "$date": 1589882264000
    },
    "summary": "HABERTURK.COMMarshall Boya 2017 y\u0131l\u0131nda yurtd\u0131\u015f\u0131na ta\u015f\u0131d\u0131\u011f\u0131 Solvent \u00fcretimini yeniden T\u00fcrkiye'de yapacak.\nFirmadan d\u00fcn ak\u015fam KAP'a yap\u0131lan a\u00e7\u0131klamaya g\u00f6re bu kapsamda yap\u0131lacak modernizasyon \u00e7al\u0131\u015fmalar\u0131 i\u00e7in Yat\u0131r\u0131m Te\u015fvik Belgesi al\u0131nd\u0131.\nS\u00f6z konusu a\u00e7\u0131klamada \u015fu ifadeler yer ald\u0131: \"\u015eirketimizin modernizasyonu kapsam\u0131nda T.C.\nEkonomi Bakanl\u0131\u011f\u0131 Te\u015fvik Uygulama ve Yabanc\u0131 Sermaye Genel M\u00fcd\u00fcrl\u00fc\u011f\u00fc'ne yapm\u0131\u015f oldu\u011fu te\u015fvik ba\u015fvurusu B\u00f6lgesel te\u015fvik kapsam\u0131na al\u0131nm\u0131\u015f ve 22 Nisan 2020 tarihli Resmi Gazete'de, 17/02/2020 tarih ve 508764 say\u0131l\u0131 Yat\u0131r\u0131m Te\u015fvik Belgesi, olarak yay\u0131mlanm\u0131\u015ft\u0131r.\n38.780.090 TL tutarl\u0131 Yat\u0131r\u0131m Te\u015fvik Belgesinin ba\u015flang\u0131\u00e7 tarihi 20 Ocak 2020, biti\u015f tarihi ise 20 Ocak 2023't\u00fcr.\nYat\u0131r\u0131m\u0131n kapsam\u0131, stratejik gerek\u00e7elerle, 24 Temmuz 2017 tarihinde Kap a\u00e7\u0131klamas\u0131 ile duyurdu\u011fumuz \u00fcretimi yurtd\u0131\u015f\u0131na ta\u015f\u0131nan Solvent \u00fcretiminin, de\u011fi\u015fen ko\u015fullar ve Akzo Nobel stratejileri ile beraber , tekrar yurti\u00e7inde \u00fcretilmesi i\u00e7in yap\u0131lan makina ve te\u00e7hizat modernizasyonudur.\"\nBunun yan\u0131nda te\u015fvikin KDV istisnas\u0131, g\u00fcmr\u00fck vergisi muafiyeti, faiz deste\u011fi, y\u00fczde 30'luk yat\u0131r\u0131ma katk\u0131 oran\u0131, 6 y\u0131ll\u0131k sigorta primi i\u015fveren hissesi deste\u011fi ile y\u00fczde 70'lik vergi indirimini i\u00e7erdi\u011fi belirtildi.",
    "article_html": "",
    "meta_description": "Marshall Boya 3 y\u0131l \u00f6nce yurtd\u0131\u015f\u0131na kayd\u0131rd\u0131\u011f\u0131n\u0131 a\u00e7\u0131klad\u0131\u011f\u0131 solvent \u00fcretimini 'de\u011fi\u015fen ko\u015fullar' sebebiyle yeniden yurti\u00e7inde yapaca\u011f\u0131n\u0131 a\u00e7\u0131klad\u0131",
    "meta_lang": "tr"
}