{
    "article_id": "2f3179321c09e73b30af0fbcb659cc86.1589926042.7901375",
    "title": "Van polisinden 19 May\u0131s konvoyu",
    "authors": [],
    "canonical_link": "https://www.haberturk.com/van-haberleri/78049300-van-polisinden-19-mayis-konvoyu",
    "url": "http://haberturk.com/van-haberleri/78049300-van-polisinden-19-mayis-konvoyu",
    "top_img": "https://im.haberturk.com/yerel_haber/2020/05/19/ver1589903881/78049300_940x531.jpg",
    "meta_img": "https://im.haberturk.com/yerel_haber/2020/05/19/ver1589903881/78049300_940x531.jpg",
    "movies": [],
    "text": "Van Emniyet M\u00fcd\u00fcrl\u00fc\u011f\u00fc taraf\u0131ndan 19 May\u0131s Atat\u00fcrk'\u00fc Anma, Gen\u00e7lik ve Spor Bayram\u0131 dolay\u0131s\u0131yla konvoy olu\u015fturuldu.\n\nKorona vir\u00fcs nedeniyle evlerinden \u00e7\u0131kamayan gen\u00e7ler ve anne babalar i\u00e7in sokaklarda tepe lambalar\u0131n\u0131 yak\u0131p sirenlerini \u00e7alarak dola\u015fan polis ara\u00e7lar\u0131ndan olu\u015fan konvoy, caddelerde gen\u00e7lere ula\u015fmaya \u00e7al\u0131\u015ft\u0131. \u0130pekyolu \u0130l\u00e7e Emniyet M\u00fcd\u00fcrl\u00fc\u011f\u00fc \u00f6n\u00fcnde ba\u015flayan konvoy, Milli Egemenlik Caddesi, 2 Nisan Caddesi \u00fczerinden G\u00f6lba\u015f\u0131 Caddesi\u2019nde \u0130l M\u00fcft\u00fcl\u00fc\u011f\u00fc \u00f6n\u00fcne kadar devam etti. Burada bir dakikal\u0131k sayg\u0131 duru\u015fu ve \u0130stiklal Mar\u015f\u0131\u2019n\u0131n okunmas\u0131n\u0131n ard\u0131ndan konvoy, Mara\u015f Caddesi \u00fczerinden \u0130pekyolu \u0130l\u00e7e Emniyet M\u00fcd\u00fcrl\u00fc\u011f\u00fcne gelerek son buldu.\n\nBu co\u015fkuya aileler de ellerinde T\u00fcrk bayraklar\u0131 ile balkonlardan ortak oldu.\n\nAnadolu Ajans\u0131, DHA, \u0130HA taraf\u0131ndan ge\u00e7ilen t\u00fcm Van haberleri, bu b\u00f6l\u00fcmde Haberturk.com edit\u00f6rlerinin hi\u00e7bir editoryal m\u00fcdahalesi olmadan otomatik olarak ajans kanallar\u0131ndan geldi\u011fi \u015fekliyle yer almaktad\u0131r. Van Haberleri alan\u0131nda yer alan haberlerin hepsinin hukuki muhatab\u0131 haberi ge\u00e7en ajanslard\u0131r.",
    "keywords": [
        "taraf\u0131ndan",
        "van",
        "caddesi",
        "polisinden",
        "i\u0307pekyolu",
        "m\u00fcd\u00fcrl\u00fc\u011f\u00fc",
        "19",
        "konvoyu",
        "konvoy",
        "\u00fczerinden",
        "ve",
        "may\u0131s",
        "yer",
        "emniyet"
    ],
    "meta_keywords": [
        ""
    ],
    "publish_date": {
        "$date": 1589904002000
    },
    "summary": "Van Emniyet M\u00fcd\u00fcrl\u00fc\u011f\u00fc taraf\u0131ndan 19 May\u0131s Atat\u00fcrk'\u00fc Anma, Gen\u00e7lik ve Spor Bayram\u0131 dolay\u0131s\u0131yla konvoy olu\u015fturuldu.\nKorona vir\u00fcs nedeniyle evlerinden \u00e7\u0131kamayan gen\u00e7ler ve anne babalar i\u00e7in sokaklarda tepe lambalar\u0131n\u0131 yak\u0131p sirenlerini \u00e7alarak dola\u015fan polis ara\u00e7lar\u0131ndan olu\u015fan konvoy, caddelerde gen\u00e7lere ula\u015fmaya \u00e7al\u0131\u015ft\u0131.\n\u0130pekyolu \u0130l\u00e7e Emniyet M\u00fcd\u00fcrl\u00fc\u011f\u00fc \u00f6n\u00fcnde ba\u015flayan konvoy, Milli Egemenlik Caddesi, 2 Nisan Caddesi \u00fczerinden G\u00f6lba\u015f\u0131 Caddesi\u2019nde \u0130l M\u00fcft\u00fcl\u00fc\u011f\u00fc \u00f6n\u00fcne kadar devam etti.\nBurada bir dakikal\u0131k sayg\u0131 duru\u015fu ve \u0130stiklal Mar\u015f\u0131\u2019n\u0131n okunmas\u0131n\u0131n ard\u0131ndan konvoy, Mara\u015f Caddesi \u00fczerinden \u0130pekyolu \u0130l\u00e7e Emniyet M\u00fcd\u00fcrl\u00fc\u011f\u00fcne gelerek son buldu.\nBu co\u015fkuya aileler de ellerinde T\u00fcrk bayraklar\u0131 ile balkonlardan ortak oldu.\nAnadolu Ajans\u0131, DHA, \u0130HA taraf\u0131ndan ge\u00e7ilen t\u00fcm Van haberleri, bu b\u00f6l\u00fcmde Haberturk.com edit\u00f6rlerinin hi\u00e7bir editoryal m\u00fcdahalesi olmadan otomatik olarak ajans kanallar\u0131ndan geldi\u011fi \u015fekliyle yer almaktad\u0131r.\nVan Haberleri alan\u0131nda yer alan haberlerin hepsinin hukuki muhatab\u0131 haberi ge\u00e7en ajanslard\u0131r.",
    "article_html": "",
    "meta_description": "Van Emniyet M\u00fcd\u00fcrl\u00fc\u011f\u00fc taraf\u0131ndan 19 May\u0131s Atat\u00fcrk'\u00fc Anma, Gen\u00e7lik ve Spor Bayram\u0131 dolay\u0131s\u0131yla konvoy olu\u015fturuldu.",
    "meta_lang": "tr"
}