{
    "article_id": "b228c46f86d49e132be9b32b9a713dd5.1589926045.8494947",
    "title": "Kaymakam Aslan\u2019dan Kadir Gecesi mesaj\u0131",
    "authors": [],
    "canonical_link": "https://www.haberturk.com/van-haberleri/78043576-kaymakam-aslandan-kadir-gecesi-mesaji",
    "url": "http://haberturk.com/van-haberleri/78043576-kaymakam-aslandan-kadir-gecesi-mesaji",
    "top_img": "https://im.haberturk.com/yerel_haber/2020/05/19/ver1589891341/78043576_940x531.jpg",
    "meta_img": "https://im.haberturk.com/yerel_haber/2020/05/19/ver1589891341/78043576_940x531.jpg",
    "movies": [],
    "text": "Van\u2019\u0131n \u0130pekyolu Kaymakam\u0131 ve Belediye Ba\u015fkan Vekili Sinan Aslan, Kadir Gecesi nedeniyle bir mesaj yay\u0131mlad\u0131.\n\nBelediye Ba\u015fkan Vekili Aslan, mesaj\u0131nda; \u201cBereket ve huzur i\u00e7erisinde ge\u00e7irmekte oldu\u011fumuz m\u00fcbarek Ramazan ay\u0131n\u0131n sonuna yakla\u015fmam\u0131zla birlikte, manevi lezzetinin doru\u011fa ula\u015ft\u0131\u011f\u0131, af ve ma\u011ffiret kap\u0131lar\u0131n\u0131n ard\u0131na kadar a\u00e7\u0131ld\u0131\u011f\u0131 m\u00fcbarek Kadir Gecesi\u2019ni idrak edecek olman\u0131n mutlulu\u011funu ve sevincini ya\u015famaktay\u0131z. Tutulan oru\u00e7larla yap\u0131lan ibadet ve yard\u0131mlarla bir manevi iklimden ge\u00e7erek idrak etti\u011fimiz Ramazan ay\u0131, Kadir Gecesi ile zirveye ula\u015fmakta ve bayram sevinci ile ta\u00e7lanmaktad\u0131r. Ramazan ay\u0131 sevgi ve karde\u015fli\u011fin peki\u015fti\u011fi bir ayd\u0131r. Kadir Gecesi de bin aydan daha hay\u0131rl\u0131 bir gece olup, ayn\u0131 zamanda m\u00fcminler i\u00e7in de bir f\u0131rsatt\u0131r. Kadir Gecesi darg\u0131nl\u0131klar\u0131n ve k\u0131rg\u0131nl\u0131klar\u0131n unutuldu\u011fu, sevginin, sayg\u0131n\u0131n ve ho\u015fg\u00f6r\u00fcn\u00fcn hayat\u0131m\u0131zdaki birle\u015ftirici y\u00f6n\u00fcn\u00fcn daha fazla \u00f6ne \u00e7\u0131kt\u0131\u011f\u0131 \u00f6zel g\u00fcnlerdir. Bu duygu ve d\u00fc\u015f\u00fcncelerle t\u00fcm \u0130slam \u00e2leminin ve de\u011ferli hem\u015fehrilerimizin Kadir Gecesi\u2019ni kutluyor, hay\u0131rlara vesile olmas\u0131n\u0131 diliyorum\u201d dedi.\n\nAnadolu Ajans\u0131, DHA, \u0130HA taraf\u0131ndan ge\u00e7ilen t\u00fcm Van haberleri, bu b\u00f6l\u00fcmde Haberturk.com edit\u00f6rlerinin hi\u00e7bir editoryal m\u00fcdahalesi olmadan otomatik olarak ajans kanallar\u0131ndan geldi\u011fi \u015fekliyle yer almaktad\u0131r. Van Haberleri alan\u0131nda yer alan haberlerin hepsinin hukuki muhatab\u0131 haberi ge\u00e7en ajanslard\u0131r.",
    "keywords": [
        "kadir",
        "yer",
        "aslandan",
        "van",
        "bir",
        "gecesi",
        "vekili",
        "mesaj\u0131",
        "ve",
        "ramazan",
        "kaymakam",
        "m\u00fcbarek",
        "t\u00fcm"
    ],
    "meta_keywords": [
        ""
    ],
    "publish_date": {
        "$date": 1589893201000
    },
    "summary": "Van\u2019\u0131n \u0130pekyolu Kaymakam\u0131 ve Belediye Ba\u015fkan Vekili Sinan Aslan, Kadir Gecesi nedeniyle bir mesaj yay\u0131mlad\u0131.\nBelediye Ba\u015fkan Vekili Aslan, mesaj\u0131nda; \u201cBereket ve huzur i\u00e7erisinde ge\u00e7irmekte oldu\u011fumuz m\u00fcbarek Ramazan ay\u0131n\u0131n sonuna yakla\u015fmam\u0131zla birlikte, manevi lezzetinin doru\u011fa ula\u015ft\u0131\u011f\u0131, af ve ma\u011ffiret kap\u0131lar\u0131n\u0131n ard\u0131na kadar a\u00e7\u0131ld\u0131\u011f\u0131 m\u00fcbarek Kadir Gecesi\u2019ni idrak edecek olman\u0131n mutlulu\u011funu ve sevincini ya\u015famaktay\u0131z.\nTutulan oru\u00e7larla yap\u0131lan ibadet ve yard\u0131mlarla bir manevi iklimden ge\u00e7erek idrak etti\u011fimiz Ramazan ay\u0131, Kadir Gecesi ile zirveye ula\u015fmakta ve bayram sevinci ile ta\u00e7lanmaktad\u0131r.\nRamazan ay\u0131 sevgi ve karde\u015fli\u011fin peki\u015fti\u011fi bir ayd\u0131r.\nKadir Gecesi de bin aydan daha hay\u0131rl\u0131 bir gece olup, ayn\u0131 zamanda m\u00fcminler i\u00e7in de bir f\u0131rsatt\u0131r.\nKadir Gecesi darg\u0131nl\u0131klar\u0131n ve k\u0131rg\u0131nl\u0131klar\u0131n unutuldu\u011fu, sevginin, sayg\u0131n\u0131n ve ho\u015fg\u00f6r\u00fcn\u00fcn hayat\u0131m\u0131zdaki birle\u015ftirici y\u00f6n\u00fcn\u00fcn daha fazla \u00f6ne \u00e7\u0131kt\u0131\u011f\u0131 \u00f6zel g\u00fcnlerdir.\nBu duygu ve d\u00fc\u015f\u00fcncelerle t\u00fcm \u0130slam \u00e2leminin ve de\u011ferli hem\u015fehrilerimizin Kadir Gecesi\u2019ni kutluyor, hay\u0131rlara vesile olmas\u0131n\u0131 diliyorum\u201d dedi.\nAnadolu Ajans\u0131, DHA, \u0130HA taraf\u0131ndan ge\u00e7ilen t\u00fcm Van haberleri, bu b\u00f6l\u00fcmde Haberturk.com edit\u00f6rlerinin hi\u00e7bir editoryal m\u00fcdahalesi olmadan otomatik olarak ajans kanallar\u0131ndan geldi\u011fi \u015fekliyle yer almaktad\u0131r.\nVan Haberleri alan\u0131nda yer alan haberlerin hepsinin hukuki muhatab\u0131 haberi ge\u00e7en ajanslard\u0131r.",
    "article_html": "",
    "meta_description": "Van'\u0131n \u0130pekyolu Kaymakam\u0131 ve Belediye Ba\u015fkan Vekili Sinan Aslan, Kadir Gecesi nedeniyle bir mesaj yay\u0131mlad\u0131.",
    "meta_lang": "tr"
}