{
    "article_id": "40f86a87126d38337d77d2de6fe21867.1589926048.047979",
    "title": "Fel\u00e7li kad\u0131n 'mekanik trombektomi' y\u00f6ntemiyle yeniden hayata tutundu",
    "authors": [],
    "canonical_link": "https://www.haberturk.com/van-haberleri/78039052-felcli-kadin-mekanik-trombektomi-yontemiyle-yeniden-hayata-tutundu",
    "url": "http://haberturk.com/van-haberleri/78039052-felcli-kadin-mekanik-trombektomi-yontemiyle-yeniden-hayata-tutundu",
    "top_img": "https://im.haberturk.com/yerel_haber/2020/05/19/ver1589883781/78039052_940x531.jpg",
    "meta_img": "https://im.haberturk.com/yerel_haber/2020/05/19/ver1589883781/78039052_940x531.jpg",
    "movies": [],
    "text": "67 ya\u015f\u0131nda fel\u00e7 ge\u00e7iren kad\u0131n, Van Y\u00fcz\u00fcnc\u00fc Y\u0131l \u00dcniversitesi (Van YY\u00dc) Dursun Odaba\u015f\u0131 T\u0131p Merkezi b\u00fcnyesinde kurulan inme merkezinde uygulanan 'mekanik trombektomi' y\u00f6ntemiyle sa\u011fl\u0131\u011f\u0131na kavu\u015ftu.\n\nVan\u2019da ya\u015fayan 67 ya\u015f\u0131ndaki Nafiya Yurdag\u00fcl, bir hafta \u00f6nce sol kol ve bacakta g\u00fc\u00e7s\u00fczl\u00fck ve konu\u015famama rahats\u0131zl\u0131\u011f\u0131 ya\u015fad\u0131. Ambulansla YY\u00dc Dursun Odaba\u015f\u0131 T\u0131p Merkezine kald\u0131r\u0131lan Yurdag\u00fcl'\u00fcn muayenesinde, fel\u00e7 ge\u00e7irdi\u011fi ve beynin b\u00fcy\u00fck bir damar\u0131nda t\u0131kanma oldu\u011fu tespit edildi. Bunun \u00fczerine hasta, 'mekanik trombektomi' ad\u0131 verilen y\u00f6ntemle kas\u0131ktan girilen k\u00fc\u00e7\u00fck bir i\u011fne ve kateterle beyinde t\u0131kal\u0131 olan ana damara ula\u015f\u0131larak, stent yard\u0131m\u0131yla p\u0131ht\u0131n\u0131n \u00e7\u0131kar\u0131lmas\u0131 ve s\u00f6z konusu damar\u0131n tekrar i\u015fler hale getirilmesiyle yeniden sa\u011fl\u0131\u011f\u0131na kavu\u015fman\u0131n mutlulu\u011funu ya\u015fad\u0131.\n\nYY\u00dc Dursun Odaba\u015f\u0131 T\u0131p Merkezi N\u00f6roloji Anabilim Dal\u0131 Ba\u015fkan\u0131 ve Giri\u015fimsel N\u00f6rolog Do\u00e7. Dr. Aysel Milanl\u0131o\u011flu ve Giri\u015fimsel Radyoloji \u00dcnitesinde g\u00f6revli Dr. \u00d6\u011fretim \u00dcyesi H\u00fcseyin Akdeniz taraf\u0131ndan kas\u0131ktan yap\u0131lan beyin anjiyo operasyonuyla beyinde olu\u015fan damar t\u0131kan\u0131kl\u0131\u011f\u0131 ortadan kald\u0131r\u0131larak Yurdag\u00fcl'\u00fcn hayata tutunmas\u0131 sa\u011fland\u0131.\n\nKonuya ili\u015fkin a\u00e7\u0131klamalarda bulunan Van YY\u00dc Rekt\u00f6r\u00fc Prof. Dr. Hamdullah \u015eevli, Do\u00e7. Dr. Aysel Milanl\u0131o\u011flu'nun Van ve b\u00f6lge i\u00e7in \u00e7ok \u00f6nemli olan inme merkezinin kurulu\u015f a\u015famas\u0131n\u0131 ger\u00e7ekle\u015ftirdi\u011fini belirtti. Fel\u00e7 ge\u00e7iren hastalar\u0131n h\u0131zl\u0131 bir \u015fekilde en yak\u0131n inme tedavisinin yap\u0131labilece\u011fi sa\u011fl\u0131k kurulu\u015funa ula\u015ft\u0131r\u0131lmas\u0131 gerekti\u011finin alt\u0131n\u0131 \u00e7izen Rekt\u00f6r \u015eevli, \"\u0130nme, kalp krizi gibi acil m\u00fcdahale gerektiren bir hastal\u0131k. Hastalar\u0131n inme merkezlerine ula\u015ft\u0131r\u0131lmas\u0131 hayati bir \u00f6neme sahiptir. \u0130nme merkezinin hastanemize kazand\u0131r\u0131lmas\u0131nda eme\u011fi ge\u00e7en herkese te\u015fekk\u00fcr ediyorum\" dedi.\n\nHastane Ba\u015fhekim \u00dcmit Haluk \u0130liklerden ise riskli bir operasyonu hastanede ba\u015far\u0131yla ger\u00e7ekle\u015ftirdiklerini belirterek, \"B\u00f6lgede bir\u00e7ok merkezde yap\u0131lamayan operasyonlar\u0131 hastanemizde ger\u00e7ekle\u015ftiriyoruz. Hastanemiz kentteki hastalar gibi b\u00f6lgenin de umudu olmaya devam ediyor\u201d \u015feklinde konu\u015ftu.\n\n\u0130nmenin beyin damarlar\u0131n\u0131n t\u0131kanmas\u0131 veya y\u0131rt\u0131lmas\u0131 sonucu kanamaya ba\u011fl\u0131 geli\u015fen ve beyin h\u00fccrelerinin hasarlan\u0131p geri d\u00f6n\u00fc\u015f\u00fcms\u00fcz olarak fonksiyonlar\u0131n\u0131 kaybetmesi olarak tan\u0131mland\u0131\u011f\u0131n\u0131 dile getiren Do\u00e7. Dr. Aysel Milanl\u0131o\u011flu da, \"67 ya\u015f\u0131ndaki hastam\u0131za intraven\u00f6z trombolitik tedavi almas\u0131na ra\u011fmen \u015fikayetlerinde hi\u00e7bir d\u00fczelme olmamas\u0131 nedeniyle anjiyografik y\u00f6ntemle p\u0131ht\u0131n\u0131n \u00e7\u0131kar\u0131lma tedavisini uygulad\u0131k. Yar\u0131m saat s\u00fcren ba\u015far\u0131l\u0131 bir m\u00fcdahaleyle hasta daha anjiyo masas\u0131ndayken sol kol ve baca\u011f\u0131ndaki g\u00fc\u00e7s\u00fczl\u00fc\u011f\u00fcn\u00fcn tam d\u00fczeldi\u011fini, tekrar konu\u015fmaya ba\u015flad\u0131\u011f\u0131n\u0131 g\u00f6rd\u00fck. 5 g\u00fcn sonra hastam\u0131z\u0131 tamamen iyile\u015fmi\u015f olarak taburcu ediyoruz\u201d diye konu\u015ftu.\n\nYemek yedikten sonra ila\u00e7lar\u0131n\u0131 almaya gitti\u011fini ancak elinin titremeye ba\u015flamas\u0131yla ila\u00e7lar\u0131n\u0131 alamad\u0131\u011f\u0131n\u0131 ve durumu fark eden gelininin kendisini yere d\u00fc\u015fmekten kurtard\u0131\u011f\u0131n\u0131 dile getiren Nafiya Yurdag\u00fcl de, ya\u015fananlardan sonra hastaneye kald\u0131r\u0131ld\u0131\u011f\u0131n\u0131 s\u00f6yledi. Yurdag\u00fcl, kendisini tedavi eden doktorlara te\u015fekk\u00fcr etti.\n\nAnadolu Ajans\u0131, DHA, \u0130HA taraf\u0131ndan ge\u00e7ilen t\u00fcm Van haberleri, bu b\u00f6l\u00fcmde Haberturk.com edit\u00f6rlerinin hi\u00e7bir editoryal m\u00fcdahalesi olmadan otomatik olarak ajans kanallar\u0131ndan geldi\u011fi \u015fekliyle yer almaktad\u0131r. Van Haberleri alan\u0131nda yer alan haberlerin hepsinin hukuki muhatab\u0131 haberi ge\u00e7en ajanslard\u0131r.",
    "keywords": [
        "y\u00f6ntemiyle",
        "fel\u00e7li",
        "yy\u00fc",
        "t\u0131p",
        "sonra",
        "van",
        "bir",
        "dr",
        "tutundu",
        "olarak",
        "inme",
        "yurdag\u00fcl",
        "mekanik",
        "trombektomi",
        "kad\u0131n",
        "ve",
        "yeniden",
        "hayata"
    ],
    "meta_keywords": [
        ""
    ],
    "publish_date": {
        "$date": 1589886001000
    },
    "summary": "67 ya\u015f\u0131nda fel\u00e7 ge\u00e7iren kad\u0131n, Van Y\u00fcz\u00fcnc\u00fc Y\u0131l \u00dcniversitesi (Van YY\u00dc) Dursun Odaba\u015f\u0131 T\u0131p Merkezi b\u00fcnyesinde kurulan inme merkezinde uygulanan 'mekanik trombektomi' y\u00f6ntemiyle sa\u011fl\u0131\u011f\u0131na kavu\u015ftu.\nVan\u2019da ya\u015fayan 67 ya\u015f\u0131ndaki Nafiya Yurdag\u00fcl, bir hafta \u00f6nce sol kol ve bacakta g\u00fc\u00e7s\u00fczl\u00fck ve konu\u015famama rahats\u0131zl\u0131\u011f\u0131 ya\u015fad\u0131.\nAmbulansla YY\u00dc Dursun Odaba\u015f\u0131 T\u0131p Merkezine kald\u0131r\u0131lan Yurdag\u00fcl'\u00fcn muayenesinde, fel\u00e7 ge\u00e7irdi\u011fi ve beynin b\u00fcy\u00fck bir damar\u0131nda t\u0131kanma oldu\u011fu tespit edildi.\nBunun \u00fczerine hasta, 'mekanik trombektomi' ad\u0131 verilen y\u00f6ntemle kas\u0131ktan girilen k\u00fc\u00e7\u00fck bir i\u011fne ve kateterle beyinde t\u0131kal\u0131 olan ana damara ula\u015f\u0131larak, stent yard\u0131m\u0131yla p\u0131ht\u0131n\u0131n \u00e7\u0131kar\u0131lmas\u0131 ve s\u00f6z konusu damar\u0131n tekrar i\u015fler hale getirilmesiyle yeniden sa\u011fl\u0131\u011f\u0131na kavu\u015fman\u0131n mutlulu\u011funu ya\u015fad\u0131.\nYY\u00dc Dursun Odaba\u015f\u0131 T\u0131p Merkezi N\u00f6roloji Anabilim Dal\u0131 Ba\u015fkan\u0131 ve Giri\u015fimsel N\u00f6rolog Do\u00e7.\nDr. Aysel Milanl\u0131o\u011flu ve Giri\u015fimsel Radyoloji \u00dcnitesinde g\u00f6revli Dr. \u00d6\u011fretim \u00dcyesi H\u00fcseyin Akdeniz taraf\u0131ndan kas\u0131ktan yap\u0131lan beyin anjiyo operasyonuyla beyinde olu\u015fan damar t\u0131kan\u0131kl\u0131\u011f\u0131 ortadan kald\u0131r\u0131larak Yurdag\u00fcl'\u00fcn hayata tutunmas\u0131 sa\u011fland\u0131.\nKonuya ili\u015fkin a\u00e7\u0131klamalarda bulunan Van YY\u00dc Rekt\u00f6r\u00fc Prof. Dr. Hamdullah \u015eevli, Do\u00e7.\nDr. Aysel Milanl\u0131o\u011flu'nun Van ve b\u00f6lge i\u00e7in \u00e7ok \u00f6nemli olan inme merkezinin kurulu\u015f a\u015famas\u0131n\u0131 ger\u00e7ekle\u015ftirdi\u011fini belirtti.\nFel\u00e7 ge\u00e7iren hastalar\u0131n h\u0131zl\u0131 bir \u015fekilde en yak\u0131n inme tedavisinin yap\u0131labilece\u011fi sa\u011fl\u0131k kurulu\u015funa ula\u015ft\u0131r\u0131lmas\u0131 gerekti\u011finin alt\u0131n\u0131 \u00e7izen Rekt\u00f6r \u015eevli, \"\u0130nme, kalp krizi gibi acil m\u00fcdahale gerektiren bir hastal\u0131k.\nHastalar\u0131n inme merkezlerine ula\u015ft\u0131r\u0131lmas\u0131 hayati bir \u00f6neme sahiptir.\n\u0130nme merkezinin hastanemize kazand\u0131r\u0131lmas\u0131nda eme\u011fi ge\u00e7en herkese te\u015fekk\u00fcr ediyorum\" dedi.\nHastane Ba\u015fhekim \u00dcmit Haluk \u0130liklerden ise riskli bir operasyonu hastanede ba\u015far\u0131yla ger\u00e7ekle\u015ftirdiklerini belirterek, \"B\u00f6lgede bir\u00e7ok merkezde yap\u0131lamayan operasyonlar\u0131 hastanemizde ger\u00e7ekle\u015ftiriyoruz.\nHastanemiz kentteki hastalar gibi b\u00f6lgenin de umudu olmaya devam ediyor\u201d \u015feklinde konu\u015ftu.\n\u0130nmenin beyin damarlar\u0131n\u0131n t\u0131kanmas\u0131 veya y\u0131rt\u0131lmas\u0131 sonucu kanamaya ba\u011fl\u0131 geli\u015fen ve beyin h\u00fccrelerinin hasarlan\u0131p geri d\u00f6n\u00fc\u015f\u00fcms\u00fcz olarak fonksiyonlar\u0131n\u0131 kaybetmesi olarak tan\u0131mland\u0131\u011f\u0131n\u0131 dile getiren Do\u00e7.\nDr. Aysel Milanl\u0131o\u011flu da, \"67 ya\u015f\u0131ndaki hastam\u0131za intraven\u00f6z trombolitik tedavi almas\u0131na ra\u011fmen \u015fikayetlerinde hi\u00e7bir d\u00fczelme olmamas\u0131 nedeniyle anjiyografik y\u00f6ntemle p\u0131ht\u0131n\u0131n \u00e7\u0131kar\u0131lma tedavisini uygulad\u0131k.\nYar\u0131m saat s\u00fcren ba\u015far\u0131l\u0131 bir m\u00fcdahaleyle hasta daha anjiyo masas\u0131ndayken sol kol ve baca\u011f\u0131ndaki g\u00fc\u00e7s\u00fczl\u00fc\u011f\u00fcn\u00fcn tam d\u00fczeldi\u011fini, tekrar konu\u015fmaya ba\u015flad\u0131\u011f\u0131n\u0131 g\u00f6rd\u00fck.\n5 g\u00fcn sonra hastam\u0131z\u0131 tamamen iyile\u015fmi\u015f olarak taburcu ediyoruz\u201d diye konu\u015ftu.\nYemek yedikten sonra ila\u00e7lar\u0131n\u0131 almaya gitti\u011fini ancak elinin titremeye ba\u015flamas\u0131yla ila\u00e7lar\u0131n\u0131 alamad\u0131\u011f\u0131n\u0131 ve durumu fark eden gelininin kendisini yere d\u00fc\u015fmekten kurtard\u0131\u011f\u0131n\u0131 dile getiren Nafiya Yurdag\u00fcl de, ya\u015fananlardan sonra hastaneye kald\u0131r\u0131ld\u0131\u011f\u0131n\u0131 s\u00f6yledi.\nYurdag\u00fcl, kendisini tedavi eden doktorlara te\u015fekk\u00fcr etti.\nAnadolu Ajans\u0131, DHA, \u0130HA taraf\u0131ndan ge\u00e7ilen t\u00fcm Van haberleri, bu b\u00f6l\u00fcmde Haberturk.com edit\u00f6rlerinin hi\u00e7bir editoryal m\u00fcdahalesi olmadan otomatik olarak ajans kanallar\u0131ndan geldi\u011fi \u015fekliyle yer almaktad\u0131r.\nVan Haberleri alan\u0131nda yer alan haberlerin hepsinin hukuki muhatab\u0131 haberi ge\u00e7en ajanslard\u0131r.",
    "article_html": "",
    "meta_description": "67 ya\u015f\u0131nda fel\u00e7 ge\u00e7iren kad\u0131n, Van Y\u00fcz\u00fcnc\u00fc Y\u0131l \u00dcniversitesi (Van YY\u00dc) Dursun Odaba\u015f\u0131 T\u0131p Merkezi b\u00fcnyesinde kurulan inme merkezinde uygulanan 'mekanik trombektomi' y\u00f6ntemiyle sa\u011fl\u0131\u011f\u0131na kavu\u015ftu.",
    "meta_lang": "tr"
}