{
    "article_id": "813b5a0d75bb4397e04de0474e978218.1589926050.9407036",
    "title": "Taziyenin oldu\u011fu mahallede baz\u0131 sokaklar karantinaya al\u0131nd\u0131",
    "authors": [],
    "canonical_link": "https://www.haberturk.com/van-haberleri/78031999-taziyenin-oldugu-mahallede-bazi-sokaklar-karantinaya-alindi",
    "url": "http://haberturk.com/van-haberleri/78031999-taziyenin-oldugu-mahallede-bazi-sokaklar-karantinaya-alindi",
    "top_img": "https://im.haberturk.com/yerel_haber/2020/05/19/ver1589874300/78031999_940x531.jpg",
    "meta_img": "https://im.haberturk.com/yerel_haber/2020/05/19/ver1589874300/78031999_940x531.jpg",
    "movies": [],
    "text": "Van'\u0131n Edremit il\u00e7esine ba\u011fl\u0131 Eminpa\u015fa Mahallesi\u2019nde taziyeye kat\u0131lan 12 vatanda\u015f\u0131n korona vir\u00fcs testlerinin pozitif \u00e7\u0131kmas\u0131 \u00fczerine mahallenin baz\u0131 sokaklar\u0131 karantinaya al\u0131nd\u0131.\n\nEdremit Kaymakaml\u0131\u011f\u0131, Eminpa\u015fa Mahallesi'ndeki baz\u0131 sokaklar\u0131n korona vir\u00fcs tedbirleri kapsam\u0131nda karantinaya al\u0131nd\u0131\u011f\u0131n\u0131 duyurdu. Kaymakaml\u0131k sosyal medya hesab\u0131ndan yap\u0131lan a\u00e7\u0131klamada, \u201cEdremit Kaymakaml\u0131\u011f\u0131 \u0130l\u00e7e Umumi H\u0131fz\u0131ss\u0131hha Kurulunun 18 May\u0131s 2020 tarihli karar\u0131 ile Eminpa\u015fa Mahallesi\u2019nin baz\u0131 sokaklar\u0131nda korona vir\u00fcs\u00fc salg\u0131n\u0131n\u0131 \u00f6nlemek amac\u0131yla ikinci bir emre kadar karantina tedbirlerinin uygulanmas\u0131na karar verilmi\u015ftir. Kurul karar\u0131 ile Eminpa\u015fa Mahallesi 5 Nolu Aile Sa\u011fl\u0131k Merkezi ile K\u00fclt\u00fcr Kolejinin bulundu\u011fu adada, bat\u0131da Dedeo\u011flu Sokak sa\u011f\u0131 ve solu, Kuzeyde 1. \u00c7\u0131kmaz Sokak, do\u011fuda \u00d6zkay Sokak, g\u00fcneyde Eminpa\u015fa Caddesi alan\u0131 i\u00e7erisindeki mevcut b\u00f6lgeye ikinci bir emre kadar karantina tedbirleri uygulamas\u0131 karar\u0131 al\u0131nm\u0131\u015ft\u0131r\u201d denildi.\n\nPolis ekipleri, karantinaya al\u0131nan sokaklarda g\u00f6rev ald\u0131.\n\nAnadolu Ajans\u0131, DHA, \u0130HA taraf\u0131ndan ge\u00e7ilen t\u00fcm Van haberleri, bu b\u00f6l\u00fcmde Haberturk.com edit\u00f6rlerinin hi\u00e7bir editoryal m\u00fcdahalesi olmadan otomatik olarak ajans kanallar\u0131ndan geldi\u011fi \u015fekliyle yer almaktad\u0131r. Van Haberleri alan\u0131nda yer alan haberlerin hepsinin hukuki muhatab\u0131 haberi ge\u00e7en ajanslard\u0131r.",
    "keywords": [
        "vir\u00fcs",
        "yer",
        "van",
        "oldu\u011fu",
        "taziyenin",
        "karantinaya",
        "mahallede",
        "karar\u0131",
        "sokak",
        "baz\u0131",
        "eminpa\u015fa",
        "al\u0131nd\u0131",
        "korona",
        "ile",
        "sokaklar"
    ],
    "meta_keywords": [
        ""
    ],
    "publish_date": {
        "$date": 1589875201000
    },
    "summary": "Van'\u0131n Edremit il\u00e7esine ba\u011fl\u0131 Eminpa\u015fa Mahallesi\u2019nde taziyeye kat\u0131lan 12 vatanda\u015f\u0131n korona vir\u00fcs testlerinin pozitif \u00e7\u0131kmas\u0131 \u00fczerine mahallenin baz\u0131 sokaklar\u0131 karantinaya al\u0131nd\u0131.\nEdremit Kaymakaml\u0131\u011f\u0131, Eminpa\u015fa Mahallesi'ndeki baz\u0131 sokaklar\u0131n korona vir\u00fcs tedbirleri kapsam\u0131nda karantinaya al\u0131nd\u0131\u011f\u0131n\u0131 duyurdu.\nKaymakaml\u0131k sosyal medya hesab\u0131ndan yap\u0131lan a\u00e7\u0131klamada, \u201cEdremit Kaymakaml\u0131\u011f\u0131 \u0130l\u00e7e Umumi H\u0131fz\u0131ss\u0131hha Kurulunun 18 May\u0131s 2020 tarihli karar\u0131 ile Eminpa\u015fa Mahallesi\u2019nin baz\u0131 sokaklar\u0131nda korona vir\u00fcs\u00fc salg\u0131n\u0131n\u0131 \u00f6nlemek amac\u0131yla ikinci bir emre kadar karantina tedbirlerinin uygulanmas\u0131na karar verilmi\u015ftir.\nKurul karar\u0131 ile Eminpa\u015fa Mahallesi 5 Nolu Aile Sa\u011fl\u0131k Merkezi ile K\u00fclt\u00fcr Kolejinin bulundu\u011fu adada, bat\u0131da Dedeo\u011flu Sokak sa\u011f\u0131 ve solu, Kuzeyde 1.\n\u00c7\u0131kmaz Sokak, do\u011fuda \u00d6zkay Sokak, g\u00fcneyde Eminpa\u015fa Caddesi alan\u0131 i\u00e7erisindeki mevcut b\u00f6lgeye ikinci bir emre kadar karantina tedbirleri uygulamas\u0131 karar\u0131 al\u0131nm\u0131\u015ft\u0131r\u201d denildi.\nPolis ekipleri, karantinaya al\u0131nan sokaklarda g\u00f6rev ald\u0131.\nAnadolu Ajans\u0131, DHA, \u0130HA taraf\u0131ndan ge\u00e7ilen t\u00fcm Van haberleri, bu b\u00f6l\u00fcmde Haberturk.com edit\u00f6rlerinin hi\u00e7bir editoryal m\u00fcdahalesi olmadan otomatik olarak ajans kanallar\u0131ndan geldi\u011fi \u015fekliyle yer almaktad\u0131r.\nVan Haberleri alan\u0131nda yer alan haberlerin hepsinin hukuki muhatab\u0131 haberi ge\u00e7en ajanslard\u0131r.",
    "article_html": "",
    "meta_description": "Van'\u0131n Edremit il\u00e7esine ba\u011fl\u0131 Eminpa\u015fa Mahallesi'nde taziyeye kat\u0131lan 12 vatanda\u015f\u0131n korona vir\u00fcs testlerinin pozitif \u00e7\u0131kmas\u0131 \u00fczerine mahallenin baz\u0131 sokaklar\u0131 karantinaya al\u0131nd\u0131.",
    "meta_lang": "tr"
}