{
    "article_id": "45c697058250ad1e6885fe2621a9b9c7.1589926053.8196688",
    "title": "Emniyet M\u00fcd\u00fcr\u00fc Karaba\u011f\u2019dan \u201919 May\u0131s\u2019 mesaj\u0131",
    "authors": [],
    "canonical_link": "https://www.haberturk.com/van-haberleri/78030970-emniyet-muduru-karabagdan-19-mayis-mesaji",
    "url": "http://haberturk.com/van-haberleri/78030970-emniyet-muduru-karabagdan-19-mayis-mesaji",
    "top_img": "https://im.haberturk.com/yerel_haber/2020/05/19/ver1589871483/78030970_940x531.jpg",
    "meta_img": "https://im.haberturk.com/yerel_haber/2020/05/19/ver1589871483/78030970_940x531.jpg",
    "movies": [],
    "text": "Van Emniyet M\u00fcd\u00fcr\u00fc Ali Karaba\u011f, 19 May\u0131s Atat\u00fcrk\u2019\u00fc Anma, Gen\u00e7lik ve Spor Bayram\u0131 nedeniyle bir mesaj yay\u0131mlad\u0131.\n\nAli Karaba\u011f, \u201cBen ezelden beridir h\u00fcr ya\u015fad\u0131m, h\u00fcr ya\u015far\u0131m\u201d diyen T\u00fcrk milletinin tarih sahnesinde bir kez daha aya\u011fa kalk\u0131\u015f\u0131n\u0131n, sesinin y\u00fckseli\u015finin ve T\u00fcrkiye Cumhuriyetinin kurulu\u015f yolunda milli m\u00fccadelemizin ilk k\u0131v\u0131lc\u0131m\u0131n\u0131n at\u0131l\u0131\u015f\u0131n\u0131n 101. y\u0131l\u0131n\u0131 kutlaman\u0131n co\u015fkusu ve heyecan\u0131 i\u00e7erisinde olduklar\u0131n\u0131 belirterek, \u201cKurdu\u011fu T\u00fcrkiye Cumhuriyeti Devleti\u2019nin muas\u0131r medeniyetler seviyesine y\u00fckselmesinin T\u00fcrk gen\u00e7li\u011finin \u00e7al\u0131\u015fkanl\u0131\u011f\u0131 ve azmiyle ba\u015far\u0131labilece\u011fini d\u00fc\u015f\u00fcnen Atat\u00fcrk, bu destans\u0131 m\u00fccadelenin ba\u015flad\u0131\u011f\u0131 g\u00fcn\u00fc \u00fclkemizin gelece\u011fi olan en \u00e7ok g\u00fcvendi\u011fi T\u00fcrk gen\u00e7li\u011fine arma\u011fan etmi\u015ftir. O g\u00fcn Samsun'da yak\u0131lan istiklal ate\u015fi, 101 y\u0131ld\u0131r ayn\u0131 inan\u00e7 ve iradeyle gen\u00e7lerimizin elinde yanmaya devam ediyor. \u0130nan\u0131yorum ki gen\u00e7lerimiz, 19 May\u0131s ruhuyla birlikte istiklalimize ve istikbalimize sahip \u00e7\u0131kacak; t\u00fcm kutsal emanetlerimizi bir bayrak gibi elden ele gelecek nesillere ileterek sonsuza dek ya\u015fatacak, tarihimizden ald\u0131klar\u0131 ilhamla, medeniyet y\u00fcr\u00fcy\u00fc\u015f\u00fcm\u00fcz\u00fc \u00e7ok daha ileri mesafelere ta\u015f\u0131yacaklard\u0131r. Bu duygu ve d\u00fc\u015f\u00fcncelerle; vatan ve millet u\u011fruna b\u00fcy\u00fck fedak\u00e2rl\u0131klar g\u00f6stererek bizlere ba\u011f\u0131ms\u0131z ve \u00f6zg\u00fcr bir \u00fclke b\u0131rakan ba\u015fta B\u00fcy\u00fck \u00d6nder Gazi Mustafa Kemal Atat\u00fcrk olmak \u00fczere istiklal m\u00fccadelemizin b\u00fct\u00fcn kahramanlar\u0131n\u0131, e\u015fsiz fedak\u00e2rl\u0131klar\u0131yla milletimizin g\u00f6nl\u00fcnde \u00f6l\u00fcms\u00fczle\u015fen b\u00fct\u00fcn \u015fehit ve gazilerimizi rahmetle ve \u015f\u00fckranla an\u0131yor, ba\u015fta gen\u00e7lerimizin olmak \u00fczere t\u00fcm vatanda\u015flar\u0131m\u0131z\u0131n 19 May\u0131s Atat\u00fcrk'\u00fc Anma, Gen\u00e7lik ve Spor Bayram\u0131'n\u0131 kutluyorum\u201d dedi.\n\nAnadolu Ajans\u0131, DHA, \u0130HA taraf\u0131ndan ge\u00e7ilen t\u00fcm Van haberleri, bu b\u00f6l\u00fcmde Haberturk.com edit\u00f6rlerinin hi\u00e7bir editoryal m\u00fcdahalesi olmadan otomatik olarak ajans kanallar\u0131ndan geldi\u011fi \u015fekliyle yer almaktad\u0131r. Van Haberleri alan\u0131nda yer alan haberlerin hepsinin hukuki muhatab\u0131 haberi ge\u00e7en ajanslard\u0131r.",
    "keywords": [
        "m\u00fcd\u00fcr\u00fc",
        "van",
        "bir",
        "karaba\u011fdan",
        "\u00fczere",
        "19",
        "\u00e7ok",
        "mesaj\u0131",
        "ve",
        "t\u00fcrk",
        "bu",
        "may\u0131s",
        "emniyet",
        "t\u00fcm"
    ],
    "meta_keywords": [
        ""
    ],
    "publish_date": {
        "$date": 1589871601000
    },
    "summary": "Van Emniyet M\u00fcd\u00fcr\u00fc Ali Karaba\u011f, 19 May\u0131s Atat\u00fcrk\u2019\u00fc Anma, Gen\u00e7lik ve Spor Bayram\u0131 nedeniyle bir mesaj yay\u0131mlad\u0131.\nAli Karaba\u011f, \u201cBen ezelden beridir h\u00fcr ya\u015fad\u0131m, h\u00fcr ya\u015far\u0131m\u201d diyen T\u00fcrk milletinin tarih sahnesinde bir kez daha aya\u011fa kalk\u0131\u015f\u0131n\u0131n, sesinin y\u00fckseli\u015finin ve T\u00fcrkiye Cumhuriyetinin kurulu\u015f yolunda milli m\u00fccadelemizin ilk k\u0131v\u0131lc\u0131m\u0131n\u0131n at\u0131l\u0131\u015f\u0131n\u0131n 101. y\u0131l\u0131n\u0131 kutlaman\u0131n co\u015fkusu ve heyecan\u0131 i\u00e7erisinde olduklar\u0131n\u0131 belirterek, \u201cKurdu\u011fu T\u00fcrkiye Cumhuriyeti Devleti\u2019nin muas\u0131r medeniyetler seviyesine y\u00fckselmesinin T\u00fcrk gen\u00e7li\u011finin \u00e7al\u0131\u015fkanl\u0131\u011f\u0131 ve azmiyle ba\u015far\u0131labilece\u011fini d\u00fc\u015f\u00fcnen Atat\u00fcrk, bu destans\u0131 m\u00fccadelenin ba\u015flad\u0131\u011f\u0131 g\u00fcn\u00fc \u00fclkemizin gelece\u011fi olan en \u00e7ok g\u00fcvendi\u011fi T\u00fcrk gen\u00e7li\u011fine arma\u011fan etmi\u015ftir.\nO g\u00fcn Samsun'da yak\u0131lan istiklal ate\u015fi, 101 y\u0131ld\u0131r ayn\u0131 inan\u00e7 ve iradeyle gen\u00e7lerimizin elinde yanmaya devam ediyor.\n\u0130nan\u0131yorum ki gen\u00e7lerimiz, 19 May\u0131s ruhuyla birlikte istiklalimize ve istikbalimize sahip \u00e7\u0131kacak; t\u00fcm kutsal emanetlerimizi bir bayrak gibi elden ele gelecek nesillere ileterek sonsuza dek ya\u015fatacak, tarihimizden ald\u0131klar\u0131 ilhamla, medeniyet y\u00fcr\u00fcy\u00fc\u015f\u00fcm\u00fcz\u00fc \u00e7ok daha ileri mesafelere ta\u015f\u0131yacaklard\u0131r.\nBu duygu ve d\u00fc\u015f\u00fcncelerle; vatan ve millet u\u011fruna b\u00fcy\u00fck fedak\u00e2rl\u0131klar g\u00f6stererek bizlere ba\u011f\u0131ms\u0131z ve \u00f6zg\u00fcr bir \u00fclke b\u0131rakan ba\u015fta B\u00fcy\u00fck \u00d6nder Gazi Mustafa Kemal Atat\u00fcrk olmak \u00fczere istiklal m\u00fccadelemizin b\u00fct\u00fcn kahramanlar\u0131n\u0131, e\u015fsiz fedak\u00e2rl\u0131klar\u0131yla milletimizin g\u00f6nl\u00fcnde \u00f6l\u00fcms\u00fczle\u015fen b\u00fct\u00fcn \u015fehit ve gazilerimizi rahmetle ve \u015f\u00fckranla an\u0131yor, ba\u015fta gen\u00e7lerimizin olmak \u00fczere t\u00fcm vatanda\u015flar\u0131m\u0131z\u0131n 19 May\u0131s Atat\u00fcrk'\u00fc Anma, Gen\u00e7lik ve Spor Bayram\u0131'n\u0131 kutluyorum\u201d dedi.\nAnadolu Ajans\u0131, DHA, \u0130HA taraf\u0131ndan ge\u00e7ilen t\u00fcm Van haberleri, bu b\u00f6l\u00fcmde Haberturk.com edit\u00f6rlerinin hi\u00e7bir editoryal m\u00fcdahalesi olmadan otomatik olarak ajans kanallar\u0131ndan geldi\u011fi \u015fekliyle yer almaktad\u0131r.\nVan Haberleri alan\u0131nda yer alan haberlerin hepsinin hukuki muhatab\u0131 haberi ge\u00e7en ajanslard\u0131r.",
    "article_html": "",
    "meta_description": "Van Emniyet M\u00fcd\u00fcr\u00fc Ali Karaba\u011f, 19 May\u0131s Atat\u00fcrk'\u00fc Anma, Gen\u00e7lik ve Spor Bayram\u0131 nedeniyle bir mesaj yay\u0131mlad\u0131.",
    "meta_lang": "tr"
}