{
    "article_id": "3cd531fb91b6864944a8767fe9d9cd3c.1589926054.5333335",
    "title": "Van\u2019da may\u0131s ay\u0131nda karla m\u00fccadele \u00e7al\u0131\u015fmas\u0131 Yer yer i\u015f makinesinin boyunu a\u015fan kar y\u0131\u011f\u0131nlar\u0131 temizlendi",
    "authors": [],
    "canonical_link": "https://www.haberturk.com/van-haberleri/78030583-vanda-mayis-ayinda-karla-mucadele-calismasiyer-yer-is-makinesinin-boyunu-asan-kar-yiginlari",
    "url": "http://haberturk.com/van-haberleri/78030583-vanda-mayis-ayinda-karla-mucadele-calismasiyer-yer-is-makinesinin-boyunu-asan-kar-yiginlari",
    "top_img": "https://im.haberturk.com/yerel_haber/2020/05/19/ver1589870103/78030583_940x531.jpg",
    "meta_img": "https://im.haberturk.com/yerel_haber/2020/05/19/ver1589870103/78030583_940x531.jpg",
    "movies": [],
    "text": "Bu foto\u011fraftaki \u00fcnl\u00fcleri tan\u0131d\u0131n\u0131z m\u0131?\n\nEn \u00c7ok Okunanlar\n\nEn \u00c7ok Okunanlar\n\nVan\u2019\u0131n Ba\u015fkale il\u00e7esinin y\u00fcksek kesimlerinde bulunan yerle\u015fim yerinin yolu, yaz mevsimine say\u0131l\u0131 g\u00fcnler kala kardan temizleniyor.\n\nVan B\u00fcy\u00fck\u015fehir Belediyesi Yol Yap\u0131m Bak\u0131m ve Onar\u0131m Dairesi Ba\u015fkale \u015eefli\u011fine ba\u011fl\u0131 karla m\u00fccadele ekipleri, k\u0131\u015f mevsiminde kar ve \u00e7\u0131\u011f nedeniyle kapanan k\u0131rsal mahalle yollar\u0131n\u0131 tek tek a\u00e7\u0131yor. Ba\u015fkale il\u00e7esine 40 kilometre uzakl\u0131kta bulunan Yukar\u0131 Dall\u0131 Mahallesi\u2019nin yolu da yaz mevsimine say\u0131l\u0131 g\u00fcnler kala ula\u015f\u0131ma a\u00e7\u0131lmak i\u00e7in ekipler \u00e7al\u0131\u015f\u0131yor. Y\u00fcksek rak\u0131mda bulunmas\u0131 nedeniyle mevsimin neredeyse 7 ay\u0131 kar manzaras\u0131 eksik olmayan Yukar\u0131 Dall\u0131 Mahallesi yolu, yer yer i\u015f makinelerinin de boyunu a\u015fan kar y\u0131\u011f\u0131nlar\u0131ndan temizlendi.\n\nAnadolu Ajans\u0131, DHA, \u0130HA taraf\u0131ndan ge\u00e7ilen t\u00fcm Van haberleri, bu b\u00f6l\u00fcmde Haberturk.com edit\u00f6rlerinin hi\u00e7bir editoryal m\u00fcdahalesi olmadan otomatik olarak ajans kanallar\u0131ndan geldi\u011fi \u015fekliyle yer almaktad\u0131r. Van Haberleri alan\u0131nda yer alan haberlerin hepsinin hukuki muhatab\u0131 haberi ge\u00e7en ajanslard\u0131r.",
    "keywords": [
        "yukar\u0131",
        "m\u00fccadele",
        "kar",
        "van",
        "karla",
        "temizlendi",
        "vanda",
        "makinesinin",
        "yolu",
        "y\u0131\u011f\u0131nlar\u0131",
        "ba\u015fkale",
        "\u00e7ok",
        "may\u0131s",
        "y\u00fcksek",
        "ve",
        "yer",
        "\u00e7al\u0131\u015fmas\u0131",
        "yaz"
    ],
    "meta_keywords": [
        ""
    ],
    "publish_date": {
        "$date": 1589871601000
    },
    "summary": "Bu foto\u011fraftaki \u00fcnl\u00fcleri tan\u0131d\u0131n\u0131z m\u0131?\nEn \u00c7ok OkunanlarEn \u00c7ok OkunanlarVan\u2019\u0131n Ba\u015fkale il\u00e7esinin y\u00fcksek kesimlerinde bulunan yerle\u015fim yerinin yolu, yaz mevsimine say\u0131l\u0131 g\u00fcnler kala kardan temizleniyor.\nVan B\u00fcy\u00fck\u015fehir Belediyesi Yol Yap\u0131m Bak\u0131m ve Onar\u0131m Dairesi Ba\u015fkale \u015eefli\u011fine ba\u011fl\u0131 karla m\u00fccadele ekipleri, k\u0131\u015f mevsiminde kar ve \u00e7\u0131\u011f nedeniyle kapanan k\u0131rsal mahalle yollar\u0131n\u0131 tek tek a\u00e7\u0131yor.\nBa\u015fkale il\u00e7esine 40 kilometre uzakl\u0131kta bulunan Yukar\u0131 Dall\u0131 Mahallesi\u2019nin yolu da yaz mevsimine say\u0131l\u0131 g\u00fcnler kala ula\u015f\u0131ma a\u00e7\u0131lmak i\u00e7in ekipler \u00e7al\u0131\u015f\u0131yor.\nY\u00fcksek rak\u0131mda bulunmas\u0131 nedeniyle mevsimin neredeyse 7 ay\u0131 kar manzaras\u0131 eksik olmayan Yukar\u0131 Dall\u0131 Mahallesi yolu, yer yer i\u015f makinelerinin de boyunu a\u015fan kar y\u0131\u011f\u0131nlar\u0131ndan temizlendi.\nAnadolu Ajans\u0131, DHA, \u0130HA taraf\u0131ndan ge\u00e7ilen t\u00fcm Van haberleri, bu b\u00f6l\u00fcmde Haberturk.com edit\u00f6rlerinin hi\u00e7bir editoryal m\u00fcdahalesi olmadan otomatik olarak ajans kanallar\u0131ndan geldi\u011fi \u015fekliyle yer almaktad\u0131r.\nVan Haberleri alan\u0131nda yer alan haberlerin hepsinin hukuki muhatab\u0131 haberi ge\u00e7en ajanslard\u0131r.",
    "article_html": "",
    "meta_description": "Van'\u0131n Ba\u015fkale il\u00e7esinin y\u00fcksek kesimlerinde bulunan yerle\u015fim yerinin yolu, yaz mevsimine say\u0131l\u0131 g\u00fcnler kala kardan temizleniyor.",
    "meta_lang": "tr"
}