{
    "article_id": "3f444c1d7834b3c7588897568aed3ca3.1589926059.017953",
    "title": "Son dakika KAHREDEN OLAY... Buras\u0131 Hevsel bah\u00e7eleri! UNESCO miras\u0131na moloz! - Haberler",
    "authors": [
        "Isvalid",
        "Yazarlar",
        "Data",
        "Name",
        "Mail",
        "Title",
        "Di\u0307\u011fer Yazarlar"
    ],
    "canonical_link": "https://www.haberturk.com/son-dakika-soke-eden-olay-burasi-hevsel-bahceleri-unesco-mirasina-moloz-haberler-2684121",
    "url": "http://haberturk.com/son-dakika-soke-eden-olay-burasi-hevsel-bahceleri-unesco-mirasina-moloz-haberler-2684121",
    "top_img": "https://im.haberturk.com/2020/05/19/ver1589872171/2684121_1200x627.jpg",
    "meta_img": "https://im.haberturk.com/2020/05/19/ver1589872171/2684121_1200x627.jpg",
    "movies": [],
    "text": "DHA\n\n\u00c7ok say\u0131da hayvan t\u00fcr\u00fcne ev sahipli\u011fi yapan Hevsel Bah\u00e7eleri, Almanya'n\u0131n Bonn kentinde 2015 y\u0131l\u0131nda ger\u00e7ekle\u015ftirilen 39'uncu UNESCO D\u00fcnya Miras\u0131 Komitesi Toplant\u0131s\u0131'nda kentteki tarihi surlar ile T\u00fcrkiye'nin 14'\u00fcnc\u00fc miras alan\u0131 olarak D\u00fcnya K\u00fclt\u00fcr Miras\u0131 Listesi'ne al\u0131nd\u0131. Ancak tarihi bah\u00e7eler, uyar\u0131lara ald\u0131r\u0131\u015f etmeyen ki\u015filer taraf\u0131ndan d\u00f6k\u00fclen hafriyat nedeniyle kirletiliyor.\n\nDO\u011eA HAR\u0130KASI K\u0130RLEN\u0130YOR\n\nDHA'da yer alan habere g\u00f6re k\u0131y\u0131s\u0131ndan Dicle Nehri'nin ge\u00e7ti\u011fi bah\u00e7elerdeki farkl\u0131 bir\u00e7ok noktada d\u00f6k\u00fclen moloz y\u0131\u011f\u0131nlar\u0131, b\u00f6lgedeki kirlili\u011fi g\u00f6zler \u00f6n\u00fcne seriyor. Bah\u00e7elerin, yo\u011funlukta kullan\u0131lan giri\u015fi olan Ke\u00e7i Burcu'ndan ge\u00e7en yolun kenar\u0131na konulan 'Hafriyat d\u00f6kmek yasakt\u0131r' yaz\u0131l\u0131 uyar\u0131 tabelas\u0131na ra\u011fmen Hevsel'e hafriyat d\u00f6k\u00fclmesi do\u011fa harikas\u0131 b\u00f6lgede kirlili\u011fe nedeni oluyor.\n\n\"UYARILARA RA\u011eMEN D\u00d6K\u00dcL\u00dcYOR\"\n\nDicle \u00dcniversitesi Biyoloji Anabilim Dal\u0131 \u00d6\u011fretim \u00dcyesi Prof. Dr. Ahmet K\u0131l\u0131\u00e7, b\u00fct\u00fcn uyar\u0131lara ra\u011fmen Hevsel'e hafriyat ve moloz d\u00f6k\u00fclmesinin \u00e7ok \u00fcz\u00fcc\u00fc oldu\u011funu s\u00f6yledi. K\u0131l\u0131\u00e7, hafriyat d\u00f6k\u00fclen b\u00f6lgenin geni\u015flemesiyle tarihi bah\u00e7elerin, K\u00fclt\u00fcr Miras\u0131 Listesi'nden \u00e7\u0131kar\u0131labilece\u011fini belirterek, \u00f6nlem al\u0131nmas\u0131n\u0131 istedi. Prof. Dr. K\u0131l\u0131\u00e7, \u015funlar\u0131 s\u00f6yledi:\n\n\"YETK\u0130L\u0130LER HABERDAR OLSA ENGELLER\"\n\n\"Hevsel Bah\u00e7eleri, UNESCO K\u00fclt\u00fcr Miras\u0131 Listesi'nde yer al\u0131yor. Olduk\u00e7a \u00f6nemli bir yer. Burada ku\u015flar, memeli hayvanlar, \u00e7e\u015fitli b\u00f6cekler, salyangozlar, bulunuyor. S\u00fcr\u00fcngenlerin yan\u0131 s\u0131ra mekan da \u00e7ok \u00f6nemli. \u00dcz\u00fclerek duyuyoruz, koruma alt\u0131ndaki b\u00f6lgeye hafriyat d\u00f6k\u00fcm\u00fc var. Bu olduk\u00e7a \u00fcz\u00fcc\u00fc bir durum. Ben eminim yetkililer bundan haberdar de\u011fildir. Haberdar olursa bunu kesinlikle engellerler.\n\n\"L\u0130STEDEN \u00c7IKARILMA DURUMUNDA KALIRIZ\"\n\nToplumun b\u00fcy\u00fck bir kesimi zaten buraya sahip \u00e7\u0131k\u0131yor. Muhtemelen kendini bilmezlerin veya ucuza i\u015fi getirmeye \u00e7al\u0131\u015fan birka\u00e7 ki\u015finin d\u00f6kt\u00fc\u011f\u00fc malzemedir. Ama buras\u0131 bize torunlar\u0131m\u0131za b\u0131rakaca\u011f\u0131m\u0131z emanettir. Buray\u0131 korumam\u0131z laz\u0131m. Hafriyat buran\u0131n do\u011fal yap\u0131s\u0131n\u0131 burada ya\u015fayan ve \u00fcreyen canl\u0131lar\u0131 olumsuz etkilemektedir. E\u011fer bu geni\u015flerse, listeden \u00e7\u0131kma durumunda bile kalabiliriz.\n\n\"BURAYI KORUMAMIZ LAZIM\"\n\nHal bu ki \u00fclkemizin UNESCO ile i\u015fbirli\u011fi var. D\u00fcnya ile i\u015fbirli\u011fi var. Bizim bunu korumam\u0131z laz\u0131m. Her vatanda\u015f\u0131m\u0131za bu konuda g\u00f6rev d\u00fc\u015f\u00fcyor. Hem\u015fehrilerimizden beklentilerimiz o dur ki, bu gibi ihmalkar davran\u0131\u015flar ya da suiistimaller varsa bunu ilgili yerlere bildirmeleridir.\"",
    "keywords": [
        "var",
        "son",
        "hafriyat",
        "ra\u011fmen",
        "kahreden",
        "miras\u0131",
        "hevsel",
        "haberler",
        "buras\u0131",
        "olay",
        "miras\u0131na",
        "tarihi",
        "k\u0131l\u0131\u00e7",
        "bu",
        "moloz",
        "k\u00fclt\u00fcr",
        "yer",
        "unesco",
        "dakika"
    ],
    "meta_keywords": [
        ""
    ],
    "publish_date": {
        "$date": 1589872171000
    },
    "summary": "DHA\u00c7ok say\u0131da hayvan t\u00fcr\u00fcne ev sahipli\u011fi yapan Hevsel Bah\u00e7eleri, Almanya'n\u0131n Bonn kentinde 2015 y\u0131l\u0131nda ger\u00e7ekle\u015ftirilen 39'uncu UNESCO D\u00fcnya Miras\u0131 Komitesi Toplant\u0131s\u0131'nda kentteki tarihi surlar ile T\u00fcrkiye'nin 14'\u00fcnc\u00fc miras alan\u0131 olarak D\u00fcnya K\u00fclt\u00fcr Miras\u0131 Listesi'ne al\u0131nd\u0131.\nAncak tarihi bah\u00e7eler, uyar\u0131lara ald\u0131r\u0131\u015f etmeyen ki\u015filer taraf\u0131ndan d\u00f6k\u00fclen hafriyat nedeniyle kirletiliyor.\nDO\u011eA HAR\u0130KASI K\u0130RLEN\u0130YORDHA'da yer alan habere g\u00f6re k\u0131y\u0131s\u0131ndan Dicle Nehri'nin ge\u00e7ti\u011fi bah\u00e7elerdeki farkl\u0131 bir\u00e7ok noktada d\u00f6k\u00fclen moloz y\u0131\u011f\u0131nlar\u0131, b\u00f6lgedeki kirlili\u011fi g\u00f6zler \u00f6n\u00fcne seriyor.\nBah\u00e7elerin, yo\u011funlukta kullan\u0131lan giri\u015fi olan Ke\u00e7i Burcu'ndan ge\u00e7en yolun kenar\u0131na konulan 'Hafriyat d\u00f6kmek yasakt\u0131r' yaz\u0131l\u0131 uyar\u0131 tabelas\u0131na ra\u011fmen Hevsel'e hafriyat d\u00f6k\u00fclmesi do\u011fa harikas\u0131 b\u00f6lgede kirlili\u011fe nedeni oluyor.\n\"UYARILARA RA\u011eMEN D\u00d6K\u00dcL\u00dcYOR\"Dicle \u00dcniversitesi Biyoloji Anabilim Dal\u0131 \u00d6\u011fretim \u00dcyesi Prof. Dr. Ahmet K\u0131l\u0131\u00e7, b\u00fct\u00fcn uyar\u0131lara ra\u011fmen Hevsel'e hafriyat ve moloz d\u00f6k\u00fclmesinin \u00e7ok \u00fcz\u00fcc\u00fc oldu\u011funu s\u00f6yledi.\nK\u0131l\u0131\u00e7, hafriyat d\u00f6k\u00fclen b\u00f6lgenin geni\u015flemesiyle tarihi bah\u00e7elerin, K\u00fclt\u00fcr Miras\u0131 Listesi'nden \u00e7\u0131kar\u0131labilece\u011fini belirterek, \u00f6nlem al\u0131nmas\u0131n\u0131 istedi.\nProf. Dr. K\u0131l\u0131\u00e7, \u015funlar\u0131 s\u00f6yledi:\"YETK\u0130L\u0130LER HABERDAR OLSA ENGELLER\"\"Hevsel Bah\u00e7eleri, UNESCO K\u00fclt\u00fcr Miras\u0131 Listesi'nde yer al\u0131yor.\nOlduk\u00e7a \u00f6nemli bir yer.\nBurada ku\u015flar, memeli hayvanlar, \u00e7e\u015fitli b\u00f6cekler, salyangozlar, bulunuyor.\nS\u00fcr\u00fcngenlerin yan\u0131 s\u0131ra mekan da \u00e7ok \u00f6nemli.\n\u00dcz\u00fclerek duyuyoruz, koruma alt\u0131ndaki b\u00f6lgeye hafriyat d\u00f6k\u00fcm\u00fc var.\nBu olduk\u00e7a \u00fcz\u00fcc\u00fc bir durum.\nBen eminim yetkililer bundan haberdar de\u011fildir.\nHaberdar olursa bunu kesinlikle engellerler.\n\"L\u0130STEDEN \u00c7IKARILMA DURUMUNDA KALIRIZ\"Toplumun b\u00fcy\u00fck bir kesimi zaten buraya sahip \u00e7\u0131k\u0131yor.\nMuhtemelen kendini bilmezlerin veya ucuza i\u015fi getirmeye \u00e7al\u0131\u015fan birka\u00e7 ki\u015finin d\u00f6kt\u00fc\u011f\u00fc malzemedir.\nAma buras\u0131 bize torunlar\u0131m\u0131za b\u0131rakaca\u011f\u0131m\u0131z emanettir.\nBuray\u0131 korumam\u0131z laz\u0131m.\nHafriyat buran\u0131n do\u011fal yap\u0131s\u0131n\u0131 burada ya\u015fayan ve \u00fcreyen canl\u0131lar\u0131 olumsuz etkilemektedir.\nE\u011fer bu geni\u015flerse, listeden \u00e7\u0131kma durumunda bile kalabiliriz.\n\"BURAYI KORUMAMIZ LAZIM\"Hal bu ki \u00fclkemizin UNESCO ile i\u015fbirli\u011fi var.\nD\u00fcnya ile i\u015fbirli\u011fi var.\nBizim bunu korumam\u0131z laz\u0131m.\nHer vatanda\u015f\u0131m\u0131za bu konuda g\u00f6rev d\u00fc\u015f\u00fcyor.\nHem\u015fehrilerimizden beklentilerimiz o dur ki, bu gibi ihmalkar davran\u0131\u015flar ya da suiistimaller varsa bunu ilgili yerlere bildirmeleridir.\"",
    "article_html": "",
    "meta_description": "Son dakika haberi! Diyarbak\u0131r'\u0131n tarihi surlar\u0131yla birlikte, 2015 y\u0131l\u0131nda T\u00fcrkiye'nin 14'\u00fcnc\u00fc miras alan\u0131 olarak D\u00fcnya Miras\u0131 Listesi'ne eklenen Hevsel Bah\u00e7eleri, Dicle Nehri k\u0131y\u0131s\u0131na d\u00f6k\u00fclen hafriyatla kirletiliyor. Dicle \u00dcniversitesi Biyoloji Anabilim Dal\u0131 \u00d6\u011fretim \u00dcyesi Prof. Dr. Ahmet K\u0131l\u0131\u00e7, Hevsel'in \u00e7\u00f6p alana d\u00f6n\u00fc\u015ft\u00fcr\u00fclmesinin \u00fcz\u00fcc\u00fc oldu\u011funu belirterek, \"Hafriyat buran\u0131n do\u011fal yap\u0131s\u0131n\u0131, burada ya\u015fayan ve \u00fcreyen canl\u0131lar\u0131 olumsuz",
    "meta_lang": "tr"
}