{
    "article_id": "81c605152cd6aec79a966e4c9dc36778.1589926060.3263178",
    "title": "Herkes onu konu\u015fuyor! 90 ya\u015f\u0131nda ba\u015fard\u0131",
    "authors": [
        "Isvalid",
        "Yazarlar",
        "Data",
        "Name",
        "Mail",
        "Title",
        "Di\u0307\u011fer Yazarlar"
    ],
    "canonical_link": "https://www.haberturk.com/herkes-onu-konusuyor-90-yasinda-basardi-2684536",
    "url": "http://haberturk.com/herkes-onu-konusuyor-90-yasinda-basardi-2684536",
    "top_img": "https://im.haberturk.com/2020/05/19/ver1589884695/2684536_1200x627.jpg",
    "meta_img": "https://im.haberturk.com/2020/05/19/ver1589884695/2684536_1200x627.jpg",
    "movies": [],
    "text": "Herkes onu konu\u015fuyor! 90 ya\u015f\u0131nda ba\u015fard\u0131\n\nDHA\n\nJaponya 39 y\u0131ld\u0131r bilgisayar ve konsollarda oyun oynayan en ya\u015fl\u0131 bilgisayar oyuncusu 90 ya\u015f\u0131ndaki Hamako Mori konu\u015fuyor.\n\nJaponya\u2019da, \u2018Gamer Grandma\u2019 (Oyuncu Babaanne) olarak olduk\u00e7a pop\u00fcler olan Mori\u2019nin 2015 y\u0131l\u0131nda olu\u015fturdu\u011fu YouTube hesab\u0131nda 250 bin abonesi bulunuyor.\n\nDHA'n\u0131n haberine g\u00f6re yakla\u015f\u0131k 39 y\u0131ld\u0131r ara vermeden oyun oynad\u0131\u011f\u0131n\u0131 s\u00f6yleyen 90 ya\u015f\u0131ndaki Mori, yay\u0131nlad\u0131\u011f\u0131 videolarda oyun oynaman\u0131n yan\u0131nda \u00fcr\u00fcnlerin kutu a\u00e7\u0131l\u0131\u015flar\u0131n\u0131 ve incelemelerini de yap\u0131yor.\n\nFavori oyununun \u2018Grand Theft Auto\u2019 serisi oldu\u011funu ifade eden Mori, \u201cBu kadar uzun y\u0131ld\u0131r ya\u015fad\u0131ktan sonra oyun oynaman\u0131n do\u011fru se\u00e7im oldu\u011funu daha iyi anl\u0131yorum. Hayat\u0131mdan ger\u00e7ekten zevk al\u0131yorum\u201d ifadelerini kulland\u0131.\n\n\u2018GUINNESS REKORLAR K\u0130TABI\u2019NA G\u0130RD\u0130\u2019\n\nOyuncu Babaanne Mori, d\u00fcnyan\u0131n en ya\u015fl\u0131 oyuncusu olarak Guinness Rekorlar Kitab\u0131\u2019na ad\u0131n\u0131 yazd\u0131rd\u0131. Oyun oynamaya ba\u015flama nedenine ili\u015fkin a\u00e7\u0131klama yapan Mori, \u201c\u00c7ok e\u011flenceli g\u00f6z\u00fck\u00fcyordu. Sadece \u00e7ocuklar oyun oynasayd\u0131 adil olmazd\u0131 diye d\u00fc\u015f\u00fcnd\u00fcm\u201d dedi ve sadece gen\u00e7lerin de\u011fil ya\u015fl\u0131lar\u0131n da \u00e7e\u015fitli platformlarda oyun oynayabilece\u011fini vurgulad\u0131.",
    "keywords": [
        "oyun",
        "y\u0131ld\u0131r",
        "mori",
        "konu\u015fuyor",
        "herkes",
        "oyuncusu",
        "onu",
        "ya\u015f\u0131ndaki",
        "ba\u015fard\u0131",
        "sadece",
        "rekorlar",
        "ve",
        "ya\u015fl\u0131",
        "ya\u015f\u0131nda",
        "90"
    ],
    "meta_keywords": [
        ""
    ],
    "publish_date": {
        "$date": 1589884695000
    },
    "summary": "Herkes onu konu\u015fuyor!\n90 ya\u015f\u0131nda ba\u015fard\u0131DHAJaponya 39 y\u0131ld\u0131r bilgisayar ve konsollarda oyun oynayan en ya\u015fl\u0131 bilgisayar oyuncusu 90 ya\u015f\u0131ndaki Hamako Mori konu\u015fuyor.\nJaponya\u2019da, \u2018Gamer Grandma\u2019 (Oyuncu Babaanne) olarak olduk\u00e7a pop\u00fcler olan Mori\u2019nin 2015 y\u0131l\u0131nda olu\u015fturdu\u011fu YouTube hesab\u0131nda 250 bin abonesi bulunuyor.\nDHA'n\u0131n haberine g\u00f6re yakla\u015f\u0131k 39 y\u0131ld\u0131r ara vermeden oyun oynad\u0131\u011f\u0131n\u0131 s\u00f6yleyen 90 ya\u015f\u0131ndaki Mori, yay\u0131nlad\u0131\u011f\u0131 videolarda oyun oynaman\u0131n yan\u0131nda \u00fcr\u00fcnlerin kutu a\u00e7\u0131l\u0131\u015flar\u0131n\u0131 ve incelemelerini de yap\u0131yor.\nFavori oyununun \u2018Grand Theft Auto\u2019 serisi oldu\u011funu ifade eden Mori, \u201cBu kadar uzun y\u0131ld\u0131r ya\u015fad\u0131ktan sonra oyun oynaman\u0131n do\u011fru se\u00e7im oldu\u011funu daha iyi anl\u0131yorum.\nHayat\u0131mdan ger\u00e7ekten zevk al\u0131yorum\u201d ifadelerini kulland\u0131.\n\u2018GUINNESS REKORLAR K\u0130TABI\u2019NA G\u0130RD\u0130\u2019Oyuncu Babaanne Mori, d\u00fcnyan\u0131n en ya\u015fl\u0131 oyuncusu olarak Guinness Rekorlar Kitab\u0131\u2019na ad\u0131n\u0131 yazd\u0131rd\u0131.\nOyun oynamaya ba\u015flama nedenine ili\u015fkin a\u00e7\u0131klama yapan Mori, \u201c\u00c7ok e\u011flenceli g\u00f6z\u00fck\u00fcyordu.\nSadece \u00e7ocuklar oyun oynasayd\u0131 adil olmazd\u0131 diye d\u00fc\u015f\u00fcnd\u00fcm\u201d dedi ve sadece gen\u00e7lerin de\u011fil ya\u015fl\u0131lar\u0131n da \u00e7e\u015fitli platformlarda oyun oynayabilece\u011fini vurgulad\u0131.",
    "article_html": "",
    "meta_description": "Japonya\u2019da ya\u015fayan 90 ya\u015f\u0131ndaki Hamako Mori, 39 y\u0131ld\u0131r bilgisayar ve konsollarda oyun oynayan en ya\u015fl\u0131 bilgisayar oyuncusu olarak Guinness Rekorlar Kitab\u0131'na girdi",
    "meta_lang": "tr"
}