{
    "article_id": "3d42e79770b5d570d2ee6819ae8d38bc.1589926060.7638004",
    "title": "\"En az\u0131ndan kap\u0131y\u0131 ortaya \u00e7\u0131karal\u0131m\" dediler... Bulduklar\u0131na inanamad\u0131lar",
    "authors": [
        "Isvalid",
        "Yazarlar",
        "Data",
        "Name",
        "Mail",
        "Title",
        "Di\u0307\u011fer Yazarlar"
    ],
    "canonical_link": "https://www.haberturk.com/yivli-minare-nin-restorasyonunda-40-mezar-bulundu-2684477",
    "url": "http://haberturk.com/yivli-minare-nin-restorasyonunda-40-mezar-bulundu-2684477",
    "top_img": "https://im.haberturk.com/2020/05/19/ver1589881642/2684477_1200x627.jpg",
    "meta_img": "https://im.haberturk.com/2020/05/19/ver1589881642/2684477_1200x627.jpg",
    "movies": [],
    "text": "AA\n\nAnadolu Sel\u00e7uklu Sultan\u0131 1. Alaaddin Keykubat'\u0131n 1230'da in\u015fa ettirdi\u011fi ve tarihi Kalei\u00e7i'ndeki surlar ile eski evler aras\u0131ndan y\u00fckselen Yivli Minare'de yakla\u015f\u0131k 1,5 y\u0131l \u00f6nce ba\u015flat\u0131lan kaz\u0131 \u00e7al\u0131\u015fmalar\u0131 devam ediyor.\n\nYivli Minare'deki medrese kap\u0131s\u0131n\u0131n g\u00fcn y\u00fcz\u00fcne \u00e7\u0131kar\u0131lmas\u0131 i\u00e7in ba\u015flat\u0131lan kaz\u0131larda bulunan 40 mezar, nakledildi.\n\nAntalya Vak\u0131flar B\u00f6lge M\u00fcd\u00fcr\u00fc H\u00fcseyin Co\u015far, AA muhabirine yapt\u0131\u011f\u0131 a\u00e7\u0131klamada, 2016'da UNESCO D\u00fcnya Miras\u0131 Ge\u00e7ici Listesi'ne al\u0131nan Yivli Minare'nin kal\u0131c\u0131 listede yerini almas\u0131 i\u00e7in kaz\u0131 ve \u00e7evre d\u00fczenleme \u00e7al\u0131\u015fmalar\u0131n\u0131 s\u00fcrd\u00fcrd\u00fcklerini ifade etti.\n\n\u00c7al\u0131\u015fmalar\u0131 bir y\u0131l i\u00e7erisinde bitirmeyi planlad\u0131klar\u0131n\u0131 aktaran Co\u015far, minareye ait yolun da kaz\u0131laca\u011f\u0131n\u0131 s\u00f6yledi.\n\nMedrese kap\u0131s\u0131n\u0131n ortaya \u00e7\u0131kmas\u0131 i\u00e7in kaz\u0131 \u00e7al\u0131\u015fmalar\u0131na ba\u015flad\u0131klar\u0131n\u0131 anlatan Co\u015far, \u015funlar\u0131 kaydetti:\n\n\"Minarenin avlusunda park ve devasa a\u011fa\u00e7lar vard\u0131. Tamamen gezinti alan\u0131yd\u0131. Orada sadece kap\u0131s\u0131 kalan bir medrese var. Kaz\u0131ya, 'En az\u0131ndan kap\u0131y\u0131 ortaya \u00e7\u0131karal\u0131m' diye ba\u015flad\u0131k, medresenin temellerini ortaya \u00e7\u0131kard\u0131k. Kaz\u0131ya devam ettik\u00e7e mezarlar \u00e7\u0131kt\u0131. Daha \u00f6nce insanlar\u0131n dola\u015ft\u0131\u011f\u0131, ayak bast\u0131\u011f\u0131 yerden 40 mezar \u00e7\u0131kard\u0131k ve mezarl\u0131\u011fa naklettik. Kaz\u0131 ve \u00e7evre d\u00fczenlemesi \u00e7al\u0131\u015fmalar\u0131n\u0131n ard\u0131ndan b\u00f6lgeyi arkeopark gibi ziyarete a\u00e7aca\u011f\u0131z.\"\n\nHer kaz\u0131 \u00e7al\u0131\u015fmas\u0131nda yeni bir veriye rastlad\u0131klar\u0131n\u0131 belirten Co\u015far, kaz\u0131da r\u00fczgardan ya da ba\u015fka nedenlerle savrulan 8 as\u0131rl\u0131k minareye ait \u00e7inilerin de ortaya \u00e7\u0131kt\u0131\u011f\u0131n\u0131 ifade etti.\n\nEserin yerli ve yabanc\u0131 turistlerin g\u00f6zdesi oldu\u011funu vurgulayan Co\u015far, Antalya denince ilk akla Yivli Minare'nin geldi\u011fini s\u00f6zlerine ekledi.\n\nKENT\u0130N \u0130LK T\u00dcRK-\u0130SLAM ESER\u0130 OLMA \u00d6ZELL\u0130\u011e\u0130 TA\u015eIYOR\n\nG\u00f6vde k\u0131sm\u0131 tu\u011fla ve firuze renkli \u00e7inilerden olu\u015fan, 90 basamakl\u0131 merdivenle \u00e7\u0131k\u0131lan 38 metre y\u00fcksekli\u011findeki minare, ihti\u015fam\u0131yla zamana meydan okuyor.\n\nG\u0131yaseddin Keyh\u00fcsrev Medresesi, Yivli Minare Cami, Sel\u00e7uklu Medresesi, Mevlevihane, Zincirk\u0131ran T\u00fcrbesi ve Nigar Hatun T\u00fcrbesi'nin i\u00e7inde yer alan eser, kentin ilk T\u00fcrk-\u0130slam eseri olma \u00f6zelli\u011fini de ta\u015f\u0131yor.\n\nSon derece ilgin\u00e7 formuyla dikkati \u00e7eken eser, alt\u0131 kubbeli ibadet mekan\u0131 ile Anadolu'daki \u00e7ok kubbeli cami tipinin g\u00fcn\u00fcm\u00fcze ula\u015fan en eski \u00f6rneklerinden olarak kabul ediliyor.",
    "keywords": [
        "kap\u0131y\u0131",
        "az\u0131ndan",
        "i\u00e7in",
        "\u00f6nce",
        "bir",
        "bulduklar\u0131na",
        "inanamad\u0131lar",
        "kaz\u0131",
        "yivli",
        "ortaya",
        "dediler",
        "co\u015far",
        "\u00e7\u0131kard\u0131k",
        "ve",
        "en",
        "\u00e7evre",
        "\u00e7\u0131karal\u0131m"
    ],
    "meta_keywords": [
        ""
    ],
    "publish_date": {
        "$date": 1589881642000
    },
    "summary": "AAAnadolu Sel\u00e7uklu Sultan\u0131 1.\nAlaaddin Keykubat'\u0131n 1230'da in\u015fa ettirdi\u011fi ve tarihi Kalei\u00e7i'ndeki surlar ile eski evler aras\u0131ndan y\u00fckselen Yivli Minare'de yakla\u015f\u0131k 1,5 y\u0131l \u00f6nce ba\u015flat\u0131lan kaz\u0131 \u00e7al\u0131\u015fmalar\u0131 devam ediyor.\nYivli Minare'deki medrese kap\u0131s\u0131n\u0131n g\u00fcn y\u00fcz\u00fcne \u00e7\u0131kar\u0131lmas\u0131 i\u00e7in ba\u015flat\u0131lan kaz\u0131larda bulunan 40 mezar, nakledildi.\nAntalya Vak\u0131flar B\u00f6lge M\u00fcd\u00fcr\u00fc H\u00fcseyin Co\u015far, AA muhabirine yapt\u0131\u011f\u0131 a\u00e7\u0131klamada, 2016'da UNESCO D\u00fcnya Miras\u0131 Ge\u00e7ici Listesi'ne al\u0131nan Yivli Minare'nin kal\u0131c\u0131 listede yerini almas\u0131 i\u00e7in kaz\u0131 ve \u00e7evre d\u00fczenleme \u00e7al\u0131\u015fmalar\u0131n\u0131 s\u00fcrd\u00fcrd\u00fcklerini ifade etti.\n\u00c7al\u0131\u015fmalar\u0131 bir y\u0131l i\u00e7erisinde bitirmeyi planlad\u0131klar\u0131n\u0131 aktaran Co\u015far, minareye ait yolun da kaz\u0131laca\u011f\u0131n\u0131 s\u00f6yledi.\nMedrese kap\u0131s\u0131n\u0131n ortaya \u00e7\u0131kmas\u0131 i\u00e7in kaz\u0131 \u00e7al\u0131\u015fmalar\u0131na ba\u015flad\u0131klar\u0131n\u0131 anlatan Co\u015far, \u015funlar\u0131 kaydetti:\"Minarenin avlusunda park ve devasa a\u011fa\u00e7lar vard\u0131.\nTamamen gezinti alan\u0131yd\u0131.\nOrada sadece kap\u0131s\u0131 kalan bir medrese var.\nKaz\u0131ya, 'En az\u0131ndan kap\u0131y\u0131 ortaya \u00e7\u0131karal\u0131m' diye ba\u015flad\u0131k, medresenin temellerini ortaya \u00e7\u0131kard\u0131k.\nKaz\u0131ya devam ettik\u00e7e mezarlar \u00e7\u0131kt\u0131.\nDaha \u00f6nce insanlar\u0131n dola\u015ft\u0131\u011f\u0131, ayak bast\u0131\u011f\u0131 yerden 40 mezar \u00e7\u0131kard\u0131k ve mezarl\u0131\u011fa naklettik.\nKaz\u0131 ve \u00e7evre d\u00fczenlemesi \u00e7al\u0131\u015fmalar\u0131n\u0131n ard\u0131ndan b\u00f6lgeyi arkeopark gibi ziyarete a\u00e7aca\u011f\u0131z.\"\nHer kaz\u0131 \u00e7al\u0131\u015fmas\u0131nda yeni bir veriye rastlad\u0131klar\u0131n\u0131 belirten Co\u015far, kaz\u0131da r\u00fczgardan ya da ba\u015fka nedenlerle savrulan 8 as\u0131rl\u0131k minareye ait \u00e7inilerin de ortaya \u00e7\u0131kt\u0131\u011f\u0131n\u0131 ifade etti.\nEserin yerli ve yabanc\u0131 turistlerin g\u00f6zdesi oldu\u011funu vurgulayan Co\u015far, Antalya denince ilk akla Yivli Minare'nin geldi\u011fini s\u00f6zlerine ekledi.\nKENT\u0130N \u0130LK T\u00dcRK-\u0130SLAM ESER\u0130 OLMA \u00d6ZELL\u0130\u011e\u0130 TA\u015eIYORG\u00f6vde k\u0131sm\u0131 tu\u011fla ve firuze renkli \u00e7inilerden olu\u015fan, 90 basamakl\u0131 merdivenle \u00e7\u0131k\u0131lan 38 metre y\u00fcksekli\u011findeki minare, ihti\u015fam\u0131yla zamana meydan okuyor.\nG\u0131yaseddin Keyh\u00fcsrev Medresesi, Yivli Minare Cami, Sel\u00e7uklu Medresesi, Mevlevihane, Zincirk\u0131ran T\u00fcrbesi ve Nigar Hatun T\u00fcrbesi'nin i\u00e7inde yer alan eser, kentin ilk T\u00fcrk-\u0130slam eseri olma \u00f6zelli\u011fini de ta\u015f\u0131yor.\nSon derece ilgin\u00e7 formuyla dikkati \u00e7eken eser, alt\u0131 kubbeli ibadet mekan\u0131 ile Anadolu'daki \u00e7ok kubbeli cami tipinin g\u00fcn\u00fcm\u00fcze ula\u015fan en eski \u00f6rneklerinden olarak kabul ediliyor.",
    "article_html": "",
    "meta_description": "UNESCO D\u00fcnya Miras\u0131 Ge\u00e7ici Listesi'nde yer alan ve Antalya'n\u0131n sil\u00fcetini olu\u015fturan simgelerden Yivli Minare'de medrese kap\u0131s\u0131n\u0131 g\u00fcn y\u00fcz\u00fcne \u00e7\u0131karmak i\u00e7in ba\u015flat\u0131lan kaz\u0131larda bulunan mezarlar nakledildi",
    "meta_lang": "tr"
}