{
    "article_id": "a153174c9e7ce1a71b230bba0420b570.1589926062.5029573",
    "title": "ABD Ba\u015fkan\u0131 Donald Trump: \"DS\u00d6 kendine \u00e7ekid\u00fczen vermeli\"",
    "authors": [
        "Isvalid",
        "Yazarlar",
        "Data",
        "Name",
        "Mail",
        "Title",
        "Di\u0307\u011fer Yazarlar"
    ],
    "canonical_link": "https://www.haberturk.com/abd-baskani-donald-trump-dso-kendine-cekiduzen-vermeli-haberler-2685034",
    "url": "http://haberturk.com/abd-baskani-donald-trump-dso-kendine-cekiduzen-vermeli-haberler-2685034",
    "top_img": "https://im.haberturk.com/2020/05/19/ver1589906893/2685034_1200x627.jpg",
    "meta_img": "https://im.haberturk.com/2020/05/19/ver1589906893/2685034_1200x627.jpg",
    "movies": [],
    "text": "AA\n\nABD Ba\u015fkan\u0131 Donald Trump, D\u00fcnya Sa\u011fl\u0131k \u00d6rg\u00fct\u00fcne (DS\u00d6) sa\u011flanan fonlar\u0131n kesilmemesi i\u00e7in ne t\u00fcr bir reform istediklerine ili\u015fkin, \"DS\u00d6 kendisine \u00e7ekid\u00fczen vermeli, daha iyi bir i\u015f \u00e7\u0131karmal\u0131.\" a\u00e7\u0131klamas\u0131n\u0131 yapt\u0131.\n\nTrump, Beyaz Saray'da tar\u0131m sekt\u00f6r\u00fc y\u00f6neticileri ile yapt\u0131\u011f\u0131 toplant\u0131da a\u00e7\u0131klamalarda bulundu.\n\nBir gazetecinin \"DS\u00d6'ye sa\u011flanan fonlar\u0131 dondurmamak i\u00e7in \u00f6rg\u00fctten ne t\u00fcr reformlar istiyorsunuz?\" sorusuna kar\u015f\u0131l\u0131k Trump, \"DS\u00d6'ye \u00e7ok detayl\u0131 bir mektup g\u00f6nderdik ancak esasen DS\u00d6 kendisine \u00e7ekid\u00fczen vermeli, daha iyi bir i\u015f \u00e7\u0131karmal\u0131. ABD'nin de aralar\u0131nda bulundu\u011fu di\u011fer \u00fclkelere daha adil davranmal\u0131.\" de\u011ferlendirmesinde bulundu.\n\n\u00c7\u0130FT\u00c7\u0130LER \u0130\u00c7\u0130N 19 M\u0130LYAR DOLARLIK PROGRAM\n\nYeni tip koronavir\u00fcs (Kovid-19) salg\u0131n\u0131 nedeniyle \u00e7ift\u00e7ilerin gelirinin ve \u00fclkenin g\u0131da tedarik zincirinin olumsuz etkilendi\u011fini belirten Trump, \"Tar\u0131m \u00fcreticilerini desteklemek ve g\u0131da tedariki zincirinin i\u015fleyi\u015finin devaml\u0131l\u0131\u011f\u0131n\u0131 sa\u011flamak i\u00e7in 19 milyar dolarl\u0131k program ba\u015flat\u0131yoruz. Bu program kapsam\u0131nda pandemi nedeniyle zarara u\u011frayan \u00e7ift\u00e7ilere 16 milyar dolar de\u011ferinde do\u011frudan \u00f6deme yap\u0131lacak.\" diye konu\u015ftu.\n\nABD'nin bir\u00e7ok \u00fclke ile b\u00fcy\u00fckba\u015f hayvan anla\u015fmas\u0131 oldu\u011funa dikkati \u00e7eken Trump, \"Di\u011fer \u00fclkelerden b\u00fcy\u00fckba\u015f hayvan ticareti anla\u015fmalar\u0131n\u0131 sonland\u0131rabiliriz. Biz kendi kendine yeten bir \u00fclkeyiz. Ben de bu y\u00fczden ba\u015fkan se\u00e7ildim.\" dedi.\n\nTRUMP'IN DS\u00d6'YE KOV\u0130D-19 SAVA\u015eI\n\nTrump, 14 Nisan'da DS\u00d6'y\u00fc salg\u0131nla m\u00fccadelede ba\u015far\u0131s\u0131zl\u0131k ve \u00c7in'e yak\u0131n durmakla su\u00e7lam\u0131\u015f ve \u00f6rg\u00fcte sa\u011flanan finansal deste\u011fi ask\u0131ya ald\u0131klar\u0131n\u0131 a\u00e7\u0131klam\u0131\u015ft\u0131.\n\nDS\u00d6 Genel Direkt\u00f6r\u00fc Tedros Adhanom Ghebreyesus'a d\u00fcn bir mektup g\u00f6nderen Trump, esasl\u0131 reformlar yapmamas\u0131 halinde ABD'nin bu kurulu\u015fa sa\u011flad\u0131\u011f\u0131 fonlar\u0131 30 g\u00fcn sonra \"kal\u0131c\u0131 olarak\" donduraca\u011f\u0131n\u0131 belirtmi\u015fti.",
    "keywords": [
        "vermeli",
        "i\u00e7in",
        "ba\u015fkan\u0131",
        "abd",
        "trump",
        "kendine",
        "bir",
        "daha",
        "ds\u00f6",
        "sa\u011flanan",
        "donald",
        "ve",
        "ds\u00f6ye",
        "\u00e7ekid\u00fczen",
        "\u00e7\u0131karmal\u0131",
        "bu"
    ],
    "meta_keywords": [
        ""
    ],
    "publish_date": {
        "$date": 1589906893000
    },
    "summary": "AAABD Ba\u015fkan\u0131 Donald Trump, D\u00fcnya Sa\u011fl\u0131k \u00d6rg\u00fct\u00fcne (DS\u00d6) sa\u011flanan fonlar\u0131n kesilmemesi i\u00e7in ne t\u00fcr bir reform istediklerine ili\u015fkin, \"DS\u00d6 kendisine \u00e7ekid\u00fczen vermeli, daha iyi bir i\u015f \u00e7\u0131karmal\u0131.\"\na\u00e7\u0131klamas\u0131n\u0131 yapt\u0131.\nTrump, Beyaz Saray'da tar\u0131m sekt\u00f6r\u00fc y\u00f6neticileri ile yapt\u0131\u011f\u0131 toplant\u0131da a\u00e7\u0131klamalarda bulundu.\nBir gazetecinin \"DS\u00d6'ye sa\u011flanan fonlar\u0131 dondurmamak i\u00e7in \u00f6rg\u00fctten ne t\u00fcr reformlar istiyorsunuz?\"\nsorusuna kar\u015f\u0131l\u0131k Trump, \"DS\u00d6'ye \u00e7ok detayl\u0131 bir mektup g\u00f6nderdik ancak esasen DS\u00d6 kendisine \u00e7ekid\u00fczen vermeli, daha iyi bir i\u015f \u00e7\u0131karmal\u0131.\nABD'nin de aralar\u0131nda bulundu\u011fu di\u011fer \u00fclkelere daha adil davranmal\u0131.\"\nde\u011ferlendirmesinde bulundu.\n\u00c7\u0130FT\u00c7\u0130LER \u0130\u00c7\u0130N 19 M\u0130LYAR DOLARLIK PROGRAMYeni tip koronavir\u00fcs (Kovid-19) salg\u0131n\u0131 nedeniyle \u00e7ift\u00e7ilerin gelirinin ve \u00fclkenin g\u0131da tedarik zincirinin olumsuz etkilendi\u011fini belirten Trump, \"Tar\u0131m \u00fcreticilerini desteklemek ve g\u0131da tedariki zincirinin i\u015fleyi\u015finin devaml\u0131l\u0131\u011f\u0131n\u0131 sa\u011flamak i\u00e7in 19 milyar dolarl\u0131k program ba\u015flat\u0131yoruz.\nBu program kapsam\u0131nda pandemi nedeniyle zarara u\u011frayan \u00e7ift\u00e7ilere 16 milyar dolar de\u011ferinde do\u011frudan \u00f6deme yap\u0131lacak.\"\ndiye konu\u015ftu.\nABD'nin bir\u00e7ok \u00fclke ile b\u00fcy\u00fckba\u015f hayvan anla\u015fmas\u0131 oldu\u011funa dikkati \u00e7eken Trump, \"Di\u011fer \u00fclkelerden b\u00fcy\u00fckba\u015f hayvan ticareti anla\u015fmalar\u0131n\u0131 sonland\u0131rabiliriz.\nBiz kendi kendine yeten bir \u00fclkeyiz.\nBen de bu y\u00fczden ba\u015fkan se\u00e7ildim.\"\nTRUMP'IN DS\u00d6'YE KOV\u0130D-19 SAVA\u015eITrump, 14 Nisan'da DS\u00d6'y\u00fc salg\u0131nla m\u00fccadelede ba\u015far\u0131s\u0131zl\u0131k ve \u00c7in'e yak\u0131n durmakla su\u00e7lam\u0131\u015f ve \u00f6rg\u00fcte sa\u011flanan finansal deste\u011fi ask\u0131ya ald\u0131klar\u0131n\u0131 a\u00e7\u0131klam\u0131\u015ft\u0131.\nDS\u00d6 Genel Direkt\u00f6r\u00fc Tedros Adhanom Ghebreyesus'a d\u00fcn bir mektup g\u00f6nderen Trump, esasl\u0131 reformlar yapmamas\u0131 halinde ABD'nin bu kurulu\u015fa sa\u011flad\u0131\u011f\u0131 fonlar\u0131 30 g\u00fcn sonra \"kal\u0131c\u0131 olarak\" donduraca\u011f\u0131n\u0131 belirtmi\u015fti.",
    "article_html": "",
    "meta_description": "ABD Ba\u015fkan\u0131 Donald Trump, Beyaz Saray'da a\u00e7\u0131klamalarda bulundu. \"DS\u00d6'ye kar\u015f\u0131 sa\u011flanan fonlar\u0131 dondurmamak i\u00e7in \u00f6rg\u00fctten ne t\u00fcr reformlar istiyorsunuz?\" sorusuna kar\u015f\u0131l\u0131k Trump, \"DS\u00d6 kendisine \u00e7ekid\u00fczen vermeli, daha iyi bir i\u015f \u00e7\u0131karmal\u0131. ABD'nin de aralar\u0131nda bulundu\u011fu di\u011fer \u00fclkelere daha adil davranmal\u0131.\" yan\u0131t\u0131n\u0131 verdi.- Haberler",
    "meta_lang": "tr"
}