{
    "article_id": "84b35e2ffb611067666d2bc02b7cbe30.1589926063.2526317",
    "title": "Libya Savunma Bakan Yard\u0131mc\u0131s\u0131: \"T\u00fcrkiye ile i\u015f birli\u011fi egemenlikten do\u011fan hakk\u0131m\u0131zd\u0131r\"",
    "authors": [
        "Isvalid",
        "Yazarlar",
        "Data",
        "Name",
        "Mail",
        "Title",
        "Di\u0307\u011fer Yazarlar"
    ],
    "canonical_link": "https://www.haberturk.com/libya-savunma-bakan-yardimcisi-turkiye-ile-is-birligi-egemenlikten-dogan-hakkimizdir-haberler-2684993",
    "url": "http://haberturk.com/libya-savunma-bakan-yardimcisi-turkiye-ile-is-birligi-egemenlikten-dogan-hakkimizdir-haberler-2684993",
    "top_img": "https://im.haberturk.com/2020/05/19/ver1589905029/2684993_1200x627.jpg",
    "meta_img": "https://im.haberturk.com/2020/05/19/ver1589905029/2684993_1200x627.jpg",
    "movies": [],
    "text": "AA\n\nLibya h\u00fck\u00fcmeti Savunma Bakan Yard\u0131mc\u0131s\u0131 Yarbay Salahiddin en-Nemru\u015fi, Libya h\u00fck\u00fcmeti ve T\u00fcrkiye aras\u0131ndaki i\u015f birli\u011finin \u015feffaf ve a\u00e7\u0131k bir \u015fekilde uyguland\u0131\u011f\u0131n\u0131 s\u00f6yledi.\n\nLibya h\u00fck\u00fcmeti taraf\u0131ndan y\u00fcr\u00fct\u00fclen \u00d6fke Volkan\u0131 Operasyonu sosyal medya hesab\u0131 Facebook\u2019ta yay\u0131nlanan yaz\u0131l\u0131 a\u00e7\u0131klamas\u0131nda Nemru\u015fi, \"Libya h\u00fck\u00fcmeti olarak NATO \u00fcyesi T\u00fcrkiye ile i\u015f birli\u011fi egemenli\u011fimizden do\u011fan tabii hakk\u0131m\u0131zd\u0131r. Trablus ile Ankara aras\u0131ndaki yard\u0131mla\u015fma uluslararas\u0131 yasalara da uygundur.\" ifadelerini kulland\u0131.\n\nT\u00fcrkiye ile yap\u0131lan anla\u015fmalar\u0131n; M\u0131s\u0131r, Birle\u015fik Arap Emirlikleri (BAE),\u00dcrd\u00fcn ve Rusya\u2019n\u0131n darbeci Halife Hafter'e desteklerine tepki olarak ger\u00e7ekle\u015fti\u011fini vurgulayan Nemru\u015fi, \u015funlar\u0131 kaydetti:\n\n\"Sava\u015f su\u00e7lusu Hafter, iktidar\u0131 ele ge\u00e7irmek i\u00e7in sald\u0131r\u0131lar\u0131n\u0131 s\u00fcrd\u00fcrmekte teredd\u00fct etmiyor. \u0130\u015fledi\u011fi bunca su\u00e7lar ve yapt\u0131\u011f\u0131 katliamlara ra\u011fmen ba\u015far\u0131s\u0131z oldu.\"\n\nNE OLMU\u015eTU?\n\nLibya ordusu d\u00fcn sabah Hafter'e ba\u011fl\u0131 milislerin i\u015fgalindeki Vatiyye Askeri Hava \u00dcss\u00fc'nde kontrol\u00fc sa\u011flam\u0131\u015ft\u0131.\n\nHafter, Nisan 2019'da ba\u015fkent Trablus'a y\u00f6nelik sald\u0131r\u0131 emri vermesinin ard\u0131ndan, sava\u015f u\u00e7aklar\u0131yla ba\u015fkentin \u00e7evresini vurmak i\u00e7in Vatiyye \u00dcss\u00fc'n\u00fc yo\u011fun bi\u00e7imde kullanm\u0131\u015ft\u0131.",
    "keywords": [
        "vatiyye",
        "yard\u0131mc\u0131s\u0131",
        "i\u00e7in",
        "hakk\u0131m\u0131zd\u0131r",
        "olarak",
        "i\u015f",
        "birli\u011fi",
        "h\u00fck\u00fcmeti",
        "ve",
        "savunma",
        "libya",
        "egemenlikten",
        "do\u011fan",
        "t\u00fcrkiye",
        "ile",
        "nemru\u015fi"
    ],
    "meta_keywords": [
        ""
    ],
    "publish_date": {
        "$date": 1589905029000
    },
    "summary": "AALibya h\u00fck\u00fcmeti Savunma Bakan Yard\u0131mc\u0131s\u0131 Yarbay Salahiddin en-Nemru\u015fi, Libya h\u00fck\u00fcmeti ve T\u00fcrkiye aras\u0131ndaki i\u015f birli\u011finin \u015feffaf ve a\u00e7\u0131k bir \u015fekilde uyguland\u0131\u011f\u0131n\u0131 s\u00f6yledi.\nLibya h\u00fck\u00fcmeti taraf\u0131ndan y\u00fcr\u00fct\u00fclen \u00d6fke Volkan\u0131 Operasyonu sosyal medya hesab\u0131 Facebook\u2019ta yay\u0131nlanan yaz\u0131l\u0131 a\u00e7\u0131klamas\u0131nda Nemru\u015fi, \"Libya h\u00fck\u00fcmeti olarak NATO \u00fcyesi T\u00fcrkiye ile i\u015f birli\u011fi egemenli\u011fimizden do\u011fan tabii hakk\u0131m\u0131zd\u0131r.\nTrablus ile Ankara aras\u0131ndaki yard\u0131mla\u015fma uluslararas\u0131 yasalara da uygundur.\"\nifadelerini kulland\u0131.\nT\u00fcrkiye ile yap\u0131lan anla\u015fmalar\u0131n; M\u0131s\u0131r, Birle\u015fik Arap Emirlikleri (BAE),\u00dcrd\u00fcn ve Rusya\u2019n\u0131n darbeci Halife Hafter'e desteklerine tepki olarak ger\u00e7ekle\u015fti\u011fini vurgulayan Nemru\u015fi, \u015funlar\u0131 kaydetti:\"Sava\u015f su\u00e7lusu Hafter, iktidar\u0131 ele ge\u00e7irmek i\u00e7in sald\u0131r\u0131lar\u0131n\u0131 s\u00fcrd\u00fcrmekte teredd\u00fct etmiyor.\n\u0130\u015fledi\u011fi bunca su\u00e7lar ve yapt\u0131\u011f\u0131 katliamlara ra\u011fmen ba\u015far\u0131s\u0131z oldu.\"\nNE OLMU\u015eTU?\nLibya ordusu d\u00fcn sabah Hafter'e ba\u011fl\u0131 milislerin i\u015fgalindeki Vatiyye Askeri Hava \u00dcss\u00fc'nde kontrol\u00fc sa\u011flam\u0131\u015ft\u0131.\nHafter, Nisan 2019'da ba\u015fkent Trablus'a y\u00f6nelik sald\u0131r\u0131 emri vermesinin ard\u0131ndan, sava\u015f u\u00e7aklar\u0131yla ba\u015fkentin \u00e7evresini vurmak i\u00e7in Vatiyye \u00dcss\u00fc'n\u00fc yo\u011fun bi\u00e7imde kullanm\u0131\u015ft\u0131.",
    "article_html": "",
    "meta_description": "Libya h\u00fck\u00fcmeti Savunma Bakan Yard\u0131mc\u0131s\u0131 Yarbay Salahiddin en-Nemru\u015fi, Libya h\u00fck\u00fcmeti ve T\u00fcrkiye aras\u0131ndaki i\u015f birli\u011finin \u015feffaf ve a\u00e7\u0131k bir \u015fekilde uyguland\u0131\u011f\u0131n\u0131 s\u00f6yledi. Libya ordusu d\u00fcn sabah Hafter'e ba\u011fl\u0131 milislerin i\u015fgalindeki Vatiyye Askeri Hava \u00dcss\u00fc'nde kontrol\u00fc sa\u011flam\u0131\u015ft\u0131. - Haberler",
    "meta_lang": "tr"
}