{
    "article_id": "4a5fcc7f2af4413dd9cbf0a8297e6423.1589926071.1598635",
    "title": "Su tabancas\u0131 ile kutsama sosyal medyan\u0131n g\u00fcndeminde!",
    "authors": [
        "Isvalid",
        "Yazarlar",
        "Data",
        "Name",
        "Mail",
        "Title",
        "Di\u0307\u011fer Yazarlar"
    ],
    "canonical_link": "https://www.haberturk.com/su-tabancasi-ile-kutsama-sosyal-medyanin-gundeminde-haberler-2684167",
    "url": "http://haberturk.com/su-tabancasi-ile-kutsama-sosyal-medyanin-gundeminde-haberler-2684167",
    "top_img": "https://im.haberturk.com/2020/05/19/ver1589871627/2684167_1200x627.jpg",
    "meta_img": "https://im.haberturk.com/2020/05/19/ver1589871627/2684167_1200x627.jpg",
    "movies": [],
    "text": "AA\n\nPapaz Pelc\u2019in, Paskalya kutlamalar\u0131 \u00e7er\u00e7evesinde, arabas\u0131 ile kilise merdivenlerine yana\u015fan cemaate bir oyuncak tabanca ile kutsal su s\u0131karken \u00e7ekilen foto\u011fraflar\u0131n Aziz Ambrose Kilisesi taraf\u0131ndan payla\u015f\u0131lmas\u0131 \u00fczerine sosyal medyadan t\u00fcm d\u00fcnyaya yay\u0131ld\u0131.\n\nBir anda fenomen olan 70 ya\u015f\u0131ndaki papaz\u0131n foto\u011fraflarda oyuncak su tabancas\u0131 ile sosyal mesafesi korumaya \u00e7al\u0131\u015ft\u0131\u011f\u0131, maske, eldiven ve siperlik kulland\u0131\u011f\u0131 g\u00f6r\u00fcl\u00fcrken, baz\u0131 sosyal medya kullan\u0131c\u0131lar\u0131 foto\u011fraf \u00fczerinde de\u011fi\u015fiklikler yaparak, farkl\u0131 komik hikayeler \u00fcretme yoluna gitti.\n\nPaskalya kutlamalar\u0131 s\u0131ras\u0131nda \u00e7ekilen foto\u011fraflar\u0131n yak\u0131n zamanda sosyal medyada yo\u011fun bir \u015fekilde payla\u015f\u0131lmas\u0131 \u00fczerine kendisine ula\u015fan Buzzfeed haber portal\u0131na a\u00e7\u0131klama yapan Pelc, \u2018\u2019Amac\u0131m \u00e7ocuklar\u0131n ho\u015funa gidecek e\u011flenceli bir yol bulmakt\u0131. \u015eartlar bize daha \u00f6ncekilere benzemeyen bir Paskalya getirdi. Sosyal mesafeyi bozmayacak bir yol bulmaya \u00e7al\u0131\u015ft\u0131m.\u2019\u2019 dedi.\n\nFoto\u011fraflar\u0131n s\u0131k\u00e7a payla\u015f\u0131lmas\u0131n\u0131n ard\u0131ndan Vatikan'\u0131n tepkisinden endi\u015felendi\u011fini belirten papaz Pelc, hen\u00fcz bir \u015fey duymad\u0131\u011f\u0131n\u0131 s\u00f6zlerine ekledi.\n\nMichigan, 4915 rakam\u0131 ile ABD'de Kovid-19 kaynakl\u0131 \u00f6l\u00fcmler s\u0131ralamas\u0131nda en y\u00fcksek d\u00f6rd\u00fcnc\u00fc eyalet konumunda ve 50 binden fazla vakaya ula\u015fm\u0131\u015f durumda.",
    "keywords": [
        "\u00fczerine",
        "g\u00fcndeminde",
        "pelc",
        "tabancas\u0131",
        "sosyal",
        "bir",
        "su",
        "yol",
        "medyan\u0131n",
        "ve",
        "\u00e7ekilen",
        "ile",
        "payla\u015f\u0131lmas\u0131",
        "kutsama"
    ],
    "meta_keywords": [
        ""
    ],
    "publish_date": {
        "$date": 1589871627000
    },
    "summary": "AAPapaz Pelc\u2019in, Paskalya kutlamalar\u0131 \u00e7er\u00e7evesinde, arabas\u0131 ile kilise merdivenlerine yana\u015fan cemaate bir oyuncak tabanca ile kutsal su s\u0131karken \u00e7ekilen foto\u011fraflar\u0131n Aziz Ambrose Kilisesi taraf\u0131ndan payla\u015f\u0131lmas\u0131 \u00fczerine sosyal medyadan t\u00fcm d\u00fcnyaya yay\u0131ld\u0131.\nBir anda fenomen olan 70 ya\u015f\u0131ndaki papaz\u0131n foto\u011fraflarda oyuncak su tabancas\u0131 ile sosyal mesafesi korumaya \u00e7al\u0131\u015ft\u0131\u011f\u0131, maske, eldiven ve siperlik kulland\u0131\u011f\u0131 g\u00f6r\u00fcl\u00fcrken, baz\u0131 sosyal medya kullan\u0131c\u0131lar\u0131 foto\u011fraf \u00fczerinde de\u011fi\u015fiklikler yaparak, farkl\u0131 komik hikayeler \u00fcretme yoluna gitti.\nPaskalya kutlamalar\u0131 s\u0131ras\u0131nda \u00e7ekilen foto\u011fraflar\u0131n yak\u0131n zamanda sosyal medyada yo\u011fun bir \u015fekilde payla\u015f\u0131lmas\u0131 \u00fczerine kendisine ula\u015fan Buzzfeed haber portal\u0131na a\u00e7\u0131klama yapan Pelc, \u2018\u2019Amac\u0131m \u00e7ocuklar\u0131n ho\u015funa gidecek e\u011flenceli bir yol bulmakt\u0131.\n\u015eartlar bize daha \u00f6ncekilere benzemeyen bir Paskalya getirdi.\nSosyal mesafeyi bozmayacak bir yol bulmaya \u00e7al\u0131\u015ft\u0131m.\u2019\u2019 dedi.\nFoto\u011fraflar\u0131n s\u0131k\u00e7a payla\u015f\u0131lmas\u0131n\u0131n ard\u0131ndan Vatikan'\u0131n tepkisinden endi\u015felendi\u011fini belirten papaz Pelc, hen\u00fcz bir \u015fey duymad\u0131\u011f\u0131n\u0131 s\u00f6zlerine ekledi.\nMichigan, 4915 rakam\u0131 ile ABD'de Kovid-19 kaynakl\u0131 \u00f6l\u00fcmler s\u0131ralamas\u0131nda en y\u00fcksek d\u00f6rd\u00fcnc\u00fc eyalet konumunda ve 50 binden fazla vakaya ula\u015fm\u0131\u015f durumda.",
    "article_html": "",
    "meta_description": "ABD\u2019nin Michigan eyaletinde papaz Timothy Pelc'in, yeni tip koronavir\u00fcs (Kovid-19) nedeniyle oyuncak su tabancas\u0131 ile cemaatini uzaktan kutsamas\u0131 sosyal medyada g\u00fcndem oldu.",
    "meta_lang": "tr"
}