{
    "article_id": "e60f2008f9bdf780d591557a57ed61de.1589926074.9242194",
    "title": "\u00c7avu\u015fuo\u011flu: BM G\u00fcvenlik Konseyi koronavir\u00fcs salg\u0131n ile m\u00fccadelede etkisiz kald\u0131!",
    "authors": [
        "Isvalid",
        "Yazarlar",
        "Data",
        "Name",
        "Mail",
        "Title",
        "Di\u0307\u011fer Yazarlar"
    ],
    "canonical_link": "https://www.haberturk.com/cavusuoglu-bm-guvenlik-konseyi-koronavirus-salgin-ile-mucadelede-etkisiz-kaldi-haberler-2684921",
    "url": "http://haberturk.com/cavusuoglu-bm-guvenlik-konseyi-koronavirus-salgin-ile-mucadelede-etkisiz-kaldi-haberler-2684921",
    "top_img": "https://im.haberturk.com/2020/05/19/ver1589900914/2684921_1200x627.jpg",
    "meta_img": "https://im.haberturk.com/2020/05/19/ver1589900914/2684921_1200x627.jpg",
    "movies": [],
    "text": "AA\n\nD\u0131\u015fi\u015fleri Bakan\u0131 Mevl\u00fct \u00c7avu\u015fo\u011flu, yeni tip koronavir\u00fcs (Kovid-19) salg\u0131n\u0131yla m\u00fccadelede Birle\u015fmi\u015f Milletler G\u00fcvenlik Konseyi'nin (BMGK) etkisiz kald\u0131\u011f\u0131n\u0131 ve salg\u0131n\u0131n ortaya \u00e7\u0131kmas\u0131n\u0131n \u00fczerinden aylar ge\u00e7mesine ra\u011fmen hala bir karar alamad\u0131\u011f\u0131n\u0131 belirtti.\n\n\"Dijital Diplomasi\" temas\u0131yla birincisi d\u00fczenlenen Antalya Diplomasi Forumu'nun ilk etkinli\u011fi, Uluslararas\u0131 Bar\u0131\u015f Enstit\u00fcs\u00fc (International Peace Institue) i\u015f birli\u011finde, \"Kovid-19 Salg\u0131n\u0131n\u0131n \u00c7at\u0131\u015fma Dinamikleri ve Arabuluculuk \u00dczerindeki Etkileri\" konulu video konferansla yap\u0131ld\u0131.\n\nEtkinli\u011fe \u00c7avu\u015fo\u011flu'nun yan\u0131 s\u0131ra, Finlandiya D\u0131\u015fi\u015fleri Bakan\u0131 Pekka Haavisto, \u0130svi\u00e7re D\u0131\u015fi\u015fleri Bakan\u0131 Ignazio Cassis, Birle\u015fmi\u015f Milletler (BM) Genel Sekreterinin Siyasi \u0130\u015flerden Sorumlu Genel Sekreter Yard\u0131mc\u0131s\u0131 Rosemary DiCarlo ile Uluslararas\u0131 Bar\u0131\u015f Enstit\u00fcs\u00fc (IPI) Ba\u015fkan\u0131 Terje Rod-Larsen de kat\u0131ld\u0131.\n\nSALGIN SEBEB\u0130YLE FORUM D\u0130J\u0130TAL PLATFORMA TA\u015eINDI\n\nBurada konu\u015fan \u00c7avu\u015fo\u011flu, salg\u0131n\u0131n herkesi dijital \u00e7a\u011fa h\u0131zla y\u00f6neltti\u011fini ve \u00e7o\u011fu ki\u015finin buna neredeyse haz\u0131rl\u0131ks\u0131z yakaland\u0131\u011f\u0131n\u0131 anlatarak \u0130stanbul Arabuluculuk Konferans\u0131n\u0131n, Birle\u015fmi\u015f Milletler (BM) Arabuluculuk Dostlar Grubu Toplant\u0131s\u0131n\u0131n ve Antalya Diplomasi Forumunun temalar\u0131n\u0131n da dijital \u00e7a\u011f ile alakal\u0131 oldu\u011funu hat\u0131rlatt\u0131.\n\n\u00c7avu\u015fo\u011flu, ge\u00e7en a\u011fustos ay\u0131nda, T\u00fcrkiye'nin \"Dijital Diplomasi\" inisiyatifini a\u00e7\u0131klad\u0131\u011f\u0131n\u0131 hat\u0131rlatarak, \"\u015eimdi, \u00e7abalar\u0131m\u0131z\u0131n ne kadar yerinde oldu\u011funu g\u00f6r\u00fcyoruz.\" dedi.\n\nAntalya Diplomasi Forumunun, T\u00fcrkiye'nin, bilgiye dayal\u0131 tart\u0131\u015fma ile diplomatik eylemi birle\u015ftirmek amac\u0131yla ortaya koydu\u011fu yeni bir inisiyatif oldu\u011funu da vurgulayan \u00c7avu\u015fo\u011flu, \"Salg\u0131n bizleri, Forumu dijital platforma ta\u015f\u0131maya zorlad\u0131. Bug\u00fcn de ilk etkinli\u011fimizi ger\u00e7ekle\u015ftiriyoruz. A\u00e7\u0131l\u0131\u015f etkinli\u011fimizde, Uluslararas\u0131 Bar\u0131\u015f Enstit\u00fcs\u00fc ile i\u015f birli\u011fi y\u00fcr\u00fctmekten memnuniyet duyuyoruz.\" ifadelerini kulland\u0131.\n\n\u00c7avu\u015fo\u011flu, video konferanstaki t\u00fcm kat\u0131l\u0131mc\u0131lar\u0131n bar\u0131\u015f i\u00e7in arabuluculuk faaliyetlerine do\u011frudan destek verdi\u011fini belirterek, T\u00fcrkiye'nin, Finlandiya ile BM'de Arabuluculuk Dostlar Grubunun e\u015f ba\u015fkan\u0131 oldu\u011funu, \u0130svi\u00e7re'nin, AG\u0130T i\u00e7indeki benzer bir grupta kendilerine kat\u0131ld\u0131\u011f\u0131n\u0131 ve t\u00fcm bu giri\u015fimlerin ba\u015far\u0131s\u0131n\u0131n, \u0130slam \u0130\u015fbirli\u011fi Te\u015fkilat\u0131 (\u0130\u0130T) i\u00e7inde de benzer bir grubun olu\u015fmas\u0131na yol a\u00e7t\u0131\u011f\u0131n\u0131 anlatt\u0131.\n\nBM Arabuluculuk Dostlar Grubunun 60 \u00fcyeye ula\u015ft\u0131\u011f\u0131n\u0131 vurgulayan \u00c7avu\u015fo\u011flu, ama\u00e7lar\u0131n\u0131n, arabuluculuk konusunu, uluslararas\u0131 toplumun g\u00fcndeminde ilk s\u0131ralarda tutmak oldu\u011funu da kaydetti.\n\n\u00c7avu\u015fo\u011flu, d\u00fczenlenen bu video konferans\u0131n da arabuluculu\u011fa duyulan ihtiyac\u0131 hat\u0131rlatmak \u00fczere ortaya konan \u00e7aban\u0131n bir par\u00e7as\u0131 oldu\u011funu belirterek \u015funlar\u0131 kaydetti:\n\n\"Salg\u0131n\u0131n oldu\u011fu d\u00fcnya bize daha fazla zorluk sundu\u011fundan arabuluculu\u011fa \u015fimdi her zamankinden daha fazla ihtiyac\u0131m\u0131z var. Salg\u0131n, \u00e7at\u0131\u015fmalara bar\u0131\u015f\u00e7\u0131l \u00e7\u00f6z\u00fcm bulma y\u00f6n\u00fcndeki mevcut \u00e7abalar\u0131 \u015fimdiden karma\u015f\u0131k hale getirdi. Birle\u015fmi\u015f Milletler G\u00fcvenlik Konseyi (Kovid-19'la m\u00fccadelede) etkisiz. Salg\u0131n\u0131n ortaya \u00e7\u0131kmas\u0131n\u0131n \u00fczerinden aylar ge\u00e7ti ancak Konsey hala bir karar alamad\u0131.\"",
    "keywords": [
        "salg\u0131n",
        "konseyi",
        "bir",
        "ile",
        "oldu\u011funu",
        "uluslararas\u0131",
        "m\u00fccadelede",
        "koronavir\u00fcs",
        "bm",
        "g\u00fcvenlik",
        "ortaya",
        "ve",
        "kald\u0131",
        "diplomasi",
        "etkisiz",
        "milletler",
        "\u00e7avu\u015fuo\u011flu",
        "arabuluculuk",
        "\u00e7avu\u015fo\u011flu"
    ],
    "meta_keywords": [
        ""
    ],
    "publish_date": {
        "$date": 1589900914000
    },
    "summary": "AAD\u0131\u015fi\u015fleri Bakan\u0131 Mevl\u00fct \u00c7avu\u015fo\u011flu, yeni tip koronavir\u00fcs (Kovid-19) salg\u0131n\u0131yla m\u00fccadelede Birle\u015fmi\u015f Milletler G\u00fcvenlik Konseyi'nin (BMGK) etkisiz kald\u0131\u011f\u0131n\u0131 ve salg\u0131n\u0131n ortaya \u00e7\u0131kmas\u0131n\u0131n \u00fczerinden aylar ge\u00e7mesine ra\u011fmen hala bir karar alamad\u0131\u011f\u0131n\u0131 belirtti.\n\"Dijital Diplomasi\" temas\u0131yla birincisi d\u00fczenlenen Antalya Diplomasi Forumu'nun ilk etkinli\u011fi, Uluslararas\u0131 Bar\u0131\u015f Enstit\u00fcs\u00fc (International Peace Institue) i\u015f birli\u011finde, \"Kovid-19 Salg\u0131n\u0131n\u0131n \u00c7at\u0131\u015fma Dinamikleri ve Arabuluculuk \u00dczerindeki Etkileri\" konulu video konferansla yap\u0131ld\u0131.\nEtkinli\u011fe \u00c7avu\u015fo\u011flu'nun yan\u0131 s\u0131ra, Finlandiya D\u0131\u015fi\u015fleri Bakan\u0131 Pekka Haavisto, \u0130svi\u00e7re D\u0131\u015fi\u015fleri Bakan\u0131 Ignazio Cassis, Birle\u015fmi\u015f Milletler (BM) Genel Sekreterinin Siyasi \u0130\u015flerden Sorumlu Genel Sekreter Yard\u0131mc\u0131s\u0131 Rosemary DiCarlo ile Uluslararas\u0131 Bar\u0131\u015f Enstit\u00fcs\u00fc (IPI) Ba\u015fkan\u0131 Terje Rod-Larsen de kat\u0131ld\u0131.\nSALGIN SEBEB\u0130YLE FORUM D\u0130J\u0130TAL PLATFORMA TA\u015eINDIBurada konu\u015fan \u00c7avu\u015fo\u011flu, salg\u0131n\u0131n herkesi dijital \u00e7a\u011fa h\u0131zla y\u00f6neltti\u011fini ve \u00e7o\u011fu ki\u015finin buna neredeyse haz\u0131rl\u0131ks\u0131z yakaland\u0131\u011f\u0131n\u0131 anlatarak \u0130stanbul Arabuluculuk Konferans\u0131n\u0131n, Birle\u015fmi\u015f Milletler (BM) Arabuluculuk Dostlar Grubu Toplant\u0131s\u0131n\u0131n ve Antalya Diplomasi Forumunun temalar\u0131n\u0131n da dijital \u00e7a\u011f ile alakal\u0131 oldu\u011funu hat\u0131rlatt\u0131.\n\u00c7avu\u015fo\u011flu, ge\u00e7en a\u011fustos ay\u0131nda, T\u00fcrkiye'nin \"Dijital Diplomasi\" inisiyatifini a\u00e7\u0131klad\u0131\u011f\u0131n\u0131 hat\u0131rlatarak, \"\u015eimdi, \u00e7abalar\u0131m\u0131z\u0131n ne kadar yerinde oldu\u011funu g\u00f6r\u00fcyoruz.\"\nAntalya Diplomasi Forumunun, T\u00fcrkiye'nin, bilgiye dayal\u0131 tart\u0131\u015fma ile diplomatik eylemi birle\u015ftirmek amac\u0131yla ortaya koydu\u011fu yeni bir inisiyatif oldu\u011funu da vurgulayan \u00c7avu\u015fo\u011flu, \"Salg\u0131n bizleri, Forumu dijital platforma ta\u015f\u0131maya zorlad\u0131.\nBug\u00fcn de ilk etkinli\u011fimizi ger\u00e7ekle\u015ftiriyoruz.\nA\u00e7\u0131l\u0131\u015f etkinli\u011fimizde, Uluslararas\u0131 Bar\u0131\u015f Enstit\u00fcs\u00fc ile i\u015f birli\u011fi y\u00fcr\u00fctmekten memnuniyet duyuyoruz.\"\nifadelerini kulland\u0131.\n\u00c7avu\u015fo\u011flu, video konferanstaki t\u00fcm kat\u0131l\u0131mc\u0131lar\u0131n bar\u0131\u015f i\u00e7in arabuluculuk faaliyetlerine do\u011frudan destek verdi\u011fini belirterek, T\u00fcrkiye'nin, Finlandiya ile BM'de Arabuluculuk Dostlar Grubunun e\u015f ba\u015fkan\u0131 oldu\u011funu, \u0130svi\u00e7re'nin, AG\u0130T i\u00e7indeki benzer bir grupta kendilerine kat\u0131ld\u0131\u011f\u0131n\u0131 ve t\u00fcm bu giri\u015fimlerin ba\u015far\u0131s\u0131n\u0131n, \u0130slam \u0130\u015fbirli\u011fi Te\u015fkilat\u0131 (\u0130\u0130T) i\u00e7inde de benzer bir grubun olu\u015fmas\u0131na yol a\u00e7t\u0131\u011f\u0131n\u0131 anlatt\u0131.\nBM Arabuluculuk Dostlar Grubunun 60 \u00fcyeye ula\u015ft\u0131\u011f\u0131n\u0131 vurgulayan \u00c7avu\u015fo\u011flu, ama\u00e7lar\u0131n\u0131n, arabuluculuk konusunu, uluslararas\u0131 toplumun g\u00fcndeminde ilk s\u0131ralarda tutmak oldu\u011funu da kaydetti.\n\u00c7avu\u015fo\u011flu, d\u00fczenlenen bu video konferans\u0131n da arabuluculu\u011fa duyulan ihtiyac\u0131 hat\u0131rlatmak \u00fczere ortaya konan \u00e7aban\u0131n bir par\u00e7as\u0131 oldu\u011funu belirterek \u015funlar\u0131 kaydetti:\"Salg\u0131n\u0131n oldu\u011fu d\u00fcnya bize daha fazla zorluk sundu\u011fundan arabuluculu\u011fa \u015fimdi her zamankinden daha fazla ihtiyac\u0131m\u0131z var.\nSalg\u0131n, \u00e7at\u0131\u015fmalara bar\u0131\u015f\u00e7\u0131l \u00e7\u00f6z\u00fcm bulma y\u00f6n\u00fcndeki mevcut \u00e7abalar\u0131 \u015fimdiden karma\u015f\u0131k hale getirdi.\nBirle\u015fmi\u015f Milletler G\u00fcvenlik Konseyi (Kovid-19'la m\u00fccadelede) etkisiz.\nSalg\u0131n\u0131n ortaya \u00e7\u0131kmas\u0131n\u0131n \u00fczerinden aylar ge\u00e7ti ancak Konsey hala bir karar alamad\u0131.\"",
    "article_html": "",
    "meta_description": "D\u0131\u015fi\u015fleri Bakan\u0131 Mevl\u00fct \u00c7avu\u015fo\u011flu, \"Dijital Diplomasi\" temas\u0131yla ger\u00e7ekle\u015fen \"Kovid-19 Salg\u0131n\u0131n\u0131n \u00c7at\u0131\u015fma Dinamikleri ve Arabuluculuk \u00dczerindeki Etkileri\" konulu konferansa kat\u0131ld\u0131. \u00c7avu\u015fo\u011flu, yeni tip koronavir\u00fcs (Kovid-19) salg\u0131n\u0131yla m\u00fccadelede Birle\u015fmi\u015f Milletler G\u00fcvenlik Konseyi'nin (BMGK) etkisiz kald\u0131\u011f\u0131n\u0131 ve salg\u0131n\u0131n ortaya \u00e7\u0131kmas\u0131n\u0131n \u00fczerinden aylar ge\u00e7mesine ra\u011fmen hala bir karar alamad\u0131\u011f\u0131n\u0131 vurgulad\u0131. - Haberler",
    "meta_lang": "tr"
}