{
    "article_id": "dab0495944a1c04ba0cbde39b65504f2.1589926075.6367314",
    "title": "\u0130ngiltere'de bak\u0131mevi i\u015fletmecileri Kovid-19 \u00f6l\u00fcmlerinden dolay\u0131 h\u00fck\u00fcmeti su\u00e7lad\u0131",
    "authors": [
        "Isvalid",
        "Yazarlar",
        "Data",
        "Name",
        "Mail",
        "Title",
        "Di\u0307\u011fer Yazarlar"
    ],
    "canonical_link": "https://www.haberturk.com/ingiltere-de-bakimevi-isletmecileri-kovid-19-olumlerinden-dolayi-hukumeti-sucladi-haberler-2684893",
    "url": "http://haberturk.com/ingiltere-de-bakimevi-isletmecileri-kovid-19-olumlerinden-dolayi-hukumeti-sucladi-haberler-2684893",
    "top_img": "https://im.haberturk.com/2020/05/19/ver1589899431/2684893_1200x627.jpg",
    "meta_img": "https://im.haberturk.com/2020/05/19/ver1589899431/2684893_1200x627.jpg",
    "movies": [],
    "text": "AA\n\n\u0130ngiltere'de, yakla\u015f\u0131k 15 bin ki\u015finin yeni tip koronavir\u00fcs (Kovid-19) nedeniyle hayat\u0131n\u0131 kaybetti\u011fi bak\u0131mevlerinin i\u015fletmecileri, bu durumdan h\u00fck\u00fcmeti sorumlu tuttu.\n\n\u0130ngiltere'deki bak\u0131mevleri i\u015fletmecilerini temsil eden Care England'\u0131n CEO'su Prof. Martin Green, Parlamento Sa\u011fl\u0131k ve Sosyal Bak\u0131m Komitesinde konu\u015ftu.\n\nBakanlar\u0131n vaatlerine ra\u011fmen test konusunda hala b\u00fcy\u00fck sorunlar oldu\u011funu ve sonu\u00e7lar\u0131n kayboldu\u011funu anlatan Green, personelin koronavir\u00fcs ta\u015f\u0131y\u0131p ta\u015f\u0131mad\u0131\u011f\u0131n\u0131 \u00f6\u011frenmek i\u00e7in 8-10 g\u00fcn bekledi\u011fini iddia etti.\n\n\"Bu salg\u0131n\u0131n ortaya \u00e7\u0131kt\u0131\u011f\u0131 ilk andan itibaren bak\u0131mevlerine odaklanmal\u0131yd\u0131k.\" diyen Green, testlerde ya\u015fanan sorunlardan dolay\u0131 ki\u015filerin sonu\u00e7lar\u0131 \u00f6\u011frenemeden hastaneden taburcu edildi\u011fini belirtti.\n\nH\u00fck\u00fcmetin, hastanelere odaklanmak i\u00e7in enfekte hastalar\u0131 bak\u0131mevlerine taburcu etti\u011fini kaydeden Green, \"Bak\u0131mevlerinin sa\u011fl\u0131k sorunlar\u0131 olan insanlarla dolu oldu\u011fu d\u00fc\u015f\u00fcn\u00fcld\u00fc\u011f\u00fcnde, belirli bir organizasyonu d\u00fc\u015f\u00fcnmek yerine risk alt\u0131ndaki insanlar\u0131n nerede oldu\u011funa odaklanmam\u0131z gerekiyordu.\" diye konu\u015ftu.\n\nBir\u00e7ok bak\u0131mevinin hastanelerden gelen hastalar\u0131 izole edecek do\u011fru d\u00fczene\u011fe sahip olmad\u0131\u011f\u0131n\u0131, di\u011fer \u00fclkelerde ise enfekte hastalar i\u00e7in ayr\u0131 karantina tesisleri kullan\u0131ld\u0131\u011f\u0131n\u0131 anlatan Green, \"Hastaneleri bo\u015faltma ve bak\u0131mevlerini doldurma politikam\u0131z vard\u0131, ancak di\u011fer \u00fclkelerde semptom g\u00f6sterenler bak\u0131mevlerinden karantina tesislerine al\u0131nd\u0131lar.\" dedi.\n\nBu arada, Ulusal \u0130statistik Kurumu (ONS),\u0130ngiltere ve Galler'deki koronavir\u00fcsle ili\u015fkili \u00f6l\u00fcmlerin d\u00fc\u015f\u00fc\u015fte oldu\u011funu duyurdu. ONS Sa\u011fl\u0131k Analizi Birimi Ba\u015fkan\u0131 Nick Stripe da mevcut verilerin yakla\u015f\u0131k 15 bin bak\u0131mevi sakininin koronavir\u00fcs nedeniyle \u00f6ld\u00fc\u011f\u00fcn\u00fc g\u00f6sterdi\u011fini belirtti.\n\nKovid-19 nedeniyle 34 binden fazla ki\u015finin hayat\u0131n\u0131 kaybetti\u011fi \u0130ngiltere, can kayb\u0131 say\u0131s\u0131 bak\u0131m\u0131ndan Avrupa'da birinci, d\u00fcnyada da ABD'den sonra ikinci s\u0131rada bulunuyor.",
    "keywords": [
        "taburcu",
        "i\u00e7in",
        "bak\u0131mevi",
        "dolay\u0131",
        "nedeniyle",
        "yakla\u015f\u0131k",
        "i\u015fletmecileri",
        "green",
        "oldu\u011funu",
        "su\u00e7lad\u0131",
        "\u00f6l\u00fcmlerinden",
        "sa\u011fl\u0131k",
        "koronavir\u00fcs",
        "h\u00fck\u00fcmeti",
        "ve",
        "\u00fclkelerde",
        "i\u0307ngilterede",
        "kovid19"
    ],
    "meta_keywords": [
        ""
    ],
    "publish_date": {
        "$date": 1589899431000
    },
    "summary": "AA\u0130ngiltere'de, yakla\u015f\u0131k 15 bin ki\u015finin yeni tip koronavir\u00fcs (Kovid-19) nedeniyle hayat\u0131n\u0131 kaybetti\u011fi bak\u0131mevlerinin i\u015fletmecileri, bu durumdan h\u00fck\u00fcmeti sorumlu tuttu.\n\u0130ngiltere'deki bak\u0131mevleri i\u015fletmecilerini temsil eden Care England'\u0131n CEO'su Prof. Martin Green, Parlamento Sa\u011fl\u0131k ve Sosyal Bak\u0131m Komitesinde konu\u015ftu.\nBakanlar\u0131n vaatlerine ra\u011fmen test konusunda hala b\u00fcy\u00fck sorunlar oldu\u011funu ve sonu\u00e7lar\u0131n kayboldu\u011funu anlatan Green, personelin koronavir\u00fcs ta\u015f\u0131y\u0131p ta\u015f\u0131mad\u0131\u011f\u0131n\u0131 \u00f6\u011frenmek i\u00e7in 8-10 g\u00fcn bekledi\u011fini iddia etti.\n\"Bu salg\u0131n\u0131n ortaya \u00e7\u0131kt\u0131\u011f\u0131 ilk andan itibaren bak\u0131mevlerine odaklanmal\u0131yd\u0131k.\"\ndiyen Green, testlerde ya\u015fanan sorunlardan dolay\u0131 ki\u015filerin sonu\u00e7lar\u0131 \u00f6\u011frenemeden hastaneden taburcu edildi\u011fini belirtti.\nH\u00fck\u00fcmetin, hastanelere odaklanmak i\u00e7in enfekte hastalar\u0131 bak\u0131mevlerine taburcu etti\u011fini kaydeden Green, \"Bak\u0131mevlerinin sa\u011fl\u0131k sorunlar\u0131 olan insanlarla dolu oldu\u011fu d\u00fc\u015f\u00fcn\u00fcld\u00fc\u011f\u00fcnde, belirli bir organizasyonu d\u00fc\u015f\u00fcnmek yerine risk alt\u0131ndaki insanlar\u0131n nerede oldu\u011funa odaklanmam\u0131z gerekiyordu.\"\ndiye konu\u015ftu.\nBir\u00e7ok bak\u0131mevinin hastanelerden gelen hastalar\u0131 izole edecek do\u011fru d\u00fczene\u011fe sahip olmad\u0131\u011f\u0131n\u0131, di\u011fer \u00fclkelerde ise enfekte hastalar i\u00e7in ayr\u0131 karantina tesisleri kullan\u0131ld\u0131\u011f\u0131n\u0131 anlatan Green, \"Hastaneleri bo\u015faltma ve bak\u0131mevlerini doldurma politikam\u0131z vard\u0131, ancak di\u011fer \u00fclkelerde semptom g\u00f6sterenler bak\u0131mevlerinden karantina tesislerine al\u0131nd\u0131lar.\"\nBu arada, Ulusal \u0130statistik Kurumu (ONS),\u0130ngiltere ve Galler'deki koronavir\u00fcsle ili\u015fkili \u00f6l\u00fcmlerin d\u00fc\u015f\u00fc\u015fte oldu\u011funu duyurdu.\nONS Sa\u011fl\u0131k Analizi Birimi Ba\u015fkan\u0131 Nick Stripe da mevcut verilerin yakla\u015f\u0131k 15 bin bak\u0131mevi sakininin koronavir\u00fcs nedeniyle \u00f6ld\u00fc\u011f\u00fcn\u00fc g\u00f6sterdi\u011fini belirtti.\nKovid-19 nedeniyle 34 binden fazla ki\u015finin hayat\u0131n\u0131 kaybetti\u011fi \u0130ngiltere, can kayb\u0131 say\u0131s\u0131 bak\u0131m\u0131ndan Avrupa'da birinci, d\u00fcnyada da ABD'den sonra ikinci s\u0131rada bulunuyor.",
    "article_html": "",
    "meta_description": "\u0130ngiltere'deki bak\u0131mevleri i\u015fletmecilerinin temsilcisi Prof. Martin Green, bak\u0131mevlerinde koronavir\u00fcs sebebiyle ger\u00e7ekle\u015fen \u00f6l\u00fcmler hakk\u0131nda a\u00e7\u0131klama yapt\u0131. Green, bak\u0131mevlerinde yakla\u015f\u0131k 15 bin ki\u015finin koronavir\u00fcs nedeniyle hayat\u0131n\u0131 kaybetmesinden dolay\u0131 h\u00fck\u00fcmeti sorumlu tuttu. - Haberler",
    "meta_lang": "tr"
}