{
    "article_id": "6b0bc70ba2d47ef3c617544b7d4d6a56.1589926079.7281678",
    "title": "21 Haziran: \u0130ngiltere'nin Neolitik d\u00f6nem an\u0131t\u0131 Stonehenge'de yaz g\u00fcn d\u00f6n\u00fcm\u00fc canl\u0131 yay\u0131nla izlenebilecek",
    "authors": [
        "Isvalid",
        "Yazarlar",
        "Data",
        "Name",
        "Mail",
        "Title",
        "Di\u0307\u011fer Yazarlar"
    ],
    "canonical_link": "https://www.haberturk.com/21-haziran-ingiltere-nin-neolitik-donem-aniti-stonehenge-de-yaz-gun-donumu-canli-yayinla-izlenebilecek-2682325",
    "url": "http://haberturk.com/21-haziran-ingiltere-nin-neolitik-donem-aniti-stonehenge-de-yaz-gun-donumu-canli-yayinla-izlenebilecek-2682325",
    "top_img": "https://im.haberturk.com/2020/05/17/ver1589716732/2682325_1200x627.jpg",
    "meta_img": "https://im.haberturk.com/2020/05/17/ver1589716732/2682325_1200x627.jpg",
    "movies": [],
    "text": "\u0130ngiltere'nin en eski tarihi an\u0131tlar\u0131ndan biri olan Stonehenge'e her y\u0131l yaz g\u00fcn d\u00f6n\u00fcm\u00fcnde binlerce ziyaret\u00e7i ak\u0131n ediyor.\n\nAncak Londra'n\u0131n bat\u0131s\u0131nda 130 km uzakl\u0131ktaki Wiltshire kentinde yer alan an\u0131t, bu y\u0131l koronavir\u00fcs salg\u0131n\u0131 nedeniyle ziyarete kapal\u0131.\n\nBu nedenle, \u0130ngiltere'deki tarihi eserler vakf\u0131 English Heritage, 21 Haziran'daki yaz g\u00fcn d\u00f6n\u00fcm\u00fcn\u00fc Steonehenge'den canl\u0131 yay\u0131nlama karar\u0131 ald\u0131.\n\nAn\u0131ttan sorumlu Nichola Tasker, \"Yak\u0131ndaki ve uzaktaki herkesin bu \u00f6zel g\u00fcnde bu ruhani an\u0131tla ba\u011flant\u0131 kurmas\u0131 i\u00e7in canl\u0131 yay\u0131n\u0131n alternatif bir f\u0131rsat sunaca\u011f\u0131n\u0131 umuyorum\" dedi.\n\nTravel + Leisure sitesindeki bir habere g\u00f6re, 2015 y\u0131l\u0131 yaz g\u00fcnd\u00f6n\u00fcm\u00fc etkinli\u011fi i\u00e7in 23 bin ki\u015fi Stonehenge'e gitti. Bir k\u0131sm\u0131 turistik gezi niyetiyle kat\u0131lsa da ziyaret\u00e7ilerin \u00e7o\u011funun bunu \u00f6nemli bir pagan etkinli\u011fi olarak g\u00f6rd\u00fc\u011f\u00fc belirtiliyor.\n\nNeolitik d\u00f6nem an\u0131t\u0131\n\nStonehenge'deki ta\u015f s\u00fctunlar\u0131n 4.500 y\u0131l \u00f6nce ge\u00e7 Neolitik d\u00f6nemde dikildi\u011fi, ancak daha sonra an\u0131tta bir\u00e7ok de\u011fi\u015fikli\u011fin yap\u0131ld\u0131\u011f\u0131, an\u0131t\u0131n son \u015feklini 3500 y\u0131l \u00f6nce Bronz \u00e7a\u011f\u0131nda ald\u0131\u011f\u0131 san\u0131l\u0131yor.\n\nEnglish Heritage, Stonehenge'de s\u00fctunlar\u0131n konumunun yaz ve k\u0131\u015f g\u00fcn d\u00f6n\u00fcmlerine, yani g\u00fcne\u015fin hareketine g\u00f6re belirlenmi\u015f oldu\u011funu belirtiyor.\n\n21 Haziran'daki etkinlik English Heritage'\u0131n Facebook sayfas\u0131ndan canl\u0131 izlenebilecek.\n\nZiyarete kapal\u0131 olan Stonehenge'e, vakf\u0131n web sayfas\u0131ndan sanal ziyaret de m\u00fcmk\u00fcn.",
    "keywords": [
        "haziran",
        "i\u0307ngilterenin",
        "\u00f6nce",
        "neolitik",
        "izlenebilecek",
        "bir",
        "yay\u0131nla",
        "g\u00fcn",
        "d\u00f6n\u00fcm\u00fc",
        "yaz",
        "bu",
        "ve",
        "stonehengee",
        "tarihi",
        "d\u00f6nem",
        "canl\u0131",
        "stonehengede",
        "y\u0131l"
    ],
    "meta_keywords": [
        ""
    ],
    "publish_date": {
        "$date": 1589716732000
    },
    "summary": "\u0130ngiltere'nin en eski tarihi an\u0131tlar\u0131ndan biri olan Stonehenge'e her y\u0131l yaz g\u00fcn d\u00f6n\u00fcm\u00fcnde binlerce ziyaret\u00e7i ak\u0131n ediyor.\nAncak Londra'n\u0131n bat\u0131s\u0131nda 130 km uzakl\u0131ktaki Wiltshire kentinde yer alan an\u0131t, bu y\u0131l koronavir\u00fcs salg\u0131n\u0131 nedeniyle ziyarete kapal\u0131.\nBu nedenle, \u0130ngiltere'deki tarihi eserler vakf\u0131 English Heritage, 21 Haziran'daki yaz g\u00fcn d\u00f6n\u00fcm\u00fcn\u00fc Steonehenge'den canl\u0131 yay\u0131nlama karar\u0131 ald\u0131.\nAn\u0131ttan sorumlu Nichola Tasker, \"Yak\u0131ndaki ve uzaktaki herkesin bu \u00f6zel g\u00fcnde bu ruhani an\u0131tla ba\u011flant\u0131 kurmas\u0131 i\u00e7in canl\u0131 yay\u0131n\u0131n alternatif bir f\u0131rsat sunaca\u011f\u0131n\u0131 umuyorum\" dedi.\nTravel + Leisure sitesindeki bir habere g\u00f6re, 2015 y\u0131l\u0131 yaz g\u00fcnd\u00f6n\u00fcm\u00fc etkinli\u011fi i\u00e7in 23 bin ki\u015fi Stonehenge'e gitti.\nBir k\u0131sm\u0131 turistik gezi niyetiyle kat\u0131lsa da ziyaret\u00e7ilerin \u00e7o\u011funun bunu \u00f6nemli bir pagan etkinli\u011fi olarak g\u00f6rd\u00fc\u011f\u00fc belirtiliyor.\nNeolitik d\u00f6nem an\u0131t\u0131Stonehenge'deki ta\u015f s\u00fctunlar\u0131n 4.500 y\u0131l \u00f6nce ge\u00e7 Neolitik d\u00f6nemde dikildi\u011fi, ancak daha sonra an\u0131tta bir\u00e7ok de\u011fi\u015fikli\u011fin yap\u0131ld\u0131\u011f\u0131, an\u0131t\u0131n son \u015feklini 3500 y\u0131l \u00f6nce Bronz \u00e7a\u011f\u0131nda ald\u0131\u011f\u0131 san\u0131l\u0131yor.\nEnglish Heritage, Stonehenge'de s\u00fctunlar\u0131n konumunun yaz ve k\u0131\u015f g\u00fcn d\u00f6n\u00fcmlerine, yani g\u00fcne\u015fin hareketine g\u00f6re belirlenmi\u015f oldu\u011funu belirtiyor.\n21 Haziran'daki etkinlik English Heritage'\u0131n Facebook sayfas\u0131ndan canl\u0131 izlenebilecek.\nZiyarete kapal\u0131 olan Stonehenge'e, vakf\u0131n web sayfas\u0131ndan sanal ziyaret de m\u00fcmk\u00fcn.",
    "article_html": "",
    "meta_description": "\u0130ngiltere'nin en eski tarihi an\u0131tlar\u0131ndan biri olan ve yaz g\u00fcnd\u00f6n\u00fcm\u00fc etkinliklerine binlerce ziyaret\u00e7i \u00e7eken Stonehenge koronavir\u00fcs salg\u0131n\u0131 nedeniyle ziyarete kapal\u0131. Ancak 21 Haziran'da bu etkinlik, an\u0131ttan yap\u0131lacak canl\u0131 yay\u0131nla izlenebilecek.",
    "meta_lang": "tr"
}