{
    "article_id": "9cde78e9de818a17d0d24e693c1995ff.1589925539.3303757",
    "title": "Koronavir\u00fcs yerli bulut teknolojisine talebi katlad\u0131",
    "authors": [
        "Isvalid",
        "Yazarlar",
        "Data",
        "Name",
        "Mail",
        "Title",
        "Di\u0307\u011fer Yazarlar"
    ],
    "canonical_link": "https://www.haberturk.com/koronavirus-yerli-bulut-teknolojisine-talebi-katladi-haberler-2681366-teknoloji",
    "url": "http://haberturk.com/koronavirus-yerli-bulut-teknolojisine-talebi-katladi-haberler-2681366-teknoloji",
    "top_img": "https://im.haberturk.com/2020/05/16/ver1589617177/2681366_1200x627.jpg",
    "meta_img": "https://im.haberturk.com/2020/05/16/ver1589617177/2681366_1200x627.jpg",
    "movies": [],
    "text": "HABERTURK.COM\n\n\u0130stanbul merkezli teknoloji grubu NGN Grubu'nun, Tuzla'da yapt\u0131\u011f\u0131 150 milyon dolarl\u0131k veri merkezi yat\u0131r\u0131m\u0131 ve T\u00fcrk m\u00fchendislerin sa\u011flad\u0131\u011f\u0131 \u00e7\u00f6z\u00fcmler, COVID-19 d\u00f6neminde \u00f6ne \u00e7\u0131kt\u0131. Sekt\u00f6r ortalamalar\u0131na bak\u0131ld\u0131\u011f\u0131nda, T\u00fcrkiye'de son 2 ayda, 2 y\u0131la e\u015fit bir dijital d\u00f6n\u00fc\u015f\u00fcm hesaplan\u0131rken, NGN Grubu stratejik yat\u0131r\u0131m olarak g\u00f6rd\u00fc\u011f\u00fc \"yerli bulut\u201d (cloud) ile ilgili \u00e7\u00f6z\u00fcm ve servislerinde b\u00fcy\u00fck talep art\u0131\u015f\u0131 ya\u015fand\u0131\u011f\u0131n\u0131 duyurdu.\n\nNGN Veri Merkezi ve Bulut \u00c7\u00f6z\u00fcmleri direkt\u00f6r\u00fc Beyaz\u0131t \u00d6zt\u00fcrk, \u201cSalg\u0131n \u00f6ncesine g\u00f6re yerli bulut kullanan m\u00fc\u015fterisi say\u0131m\u0131zda 5 kat art\u0131\u015f ya\u015fand\u0131. Bu art\u0131\u015fta, \u2018\u00fccretsiz 15 g\u00fcn deneme ile 1500 TL kredi kullan\u2019 \u015feklinde haz\u0131rlad\u0131\u011f\u0131m\u0131z kampanyam\u0131z\u0131n b\u00fcy\u00fck katk\u0131s\u0131 oldu. Ayr\u0131ca, 'T\u00fcrk Liras\u0131 (TL) ile \u00f6deme yap\u0131lmas\u0131; 'kulland\u0131\u011f\u0131n kadar \u00f6de' ve 'saatlik \u00f6deme' \u015feklindeki modellerimiz, rekabette bizi \u00f6ne \u00e7\u0131kard\u0131. Bu sayede y\u00fczde 5 seviyesinde olan yerli bulutun NGN\u2019in toplam m\u00fc\u015fterileri i\u00e7indeki pay\u0131n\u0131 y\u00fczde 15\u2019e ula\u015ft\u0131rm\u0131\u015f olduk. Ataca\u011f\u0131m\u0131z yeni ad\u0131mlarla, bu oran\u0131 2020 y\u0131l\u0131n\u0131n sonuna kadar y\u00fczde 25'e ta\u015f\u0131may\u0131 hedefliyoruz\u201d diye konu\u015ftu.\n\n'YATIRIMI \u00d6NE \u00c7EKT\u0130K'\n\nNGN olarak 'T\u00fcrkiye'nin Datas\u0131 T\u00fcrkiye'de Kals\u0131n' stratejisi do\u011frultusunda yapt\u0131klar\u0131 yerli teknoloji yat\u0131r\u0131m\u0131n\u0131n \u00f6nemine de\u011finen Beyaz\u0131t \u00d6zt\u00fcrk, \u015funlar\u0131 kaydetti:\n\n\u201cYerli bulutta 1. ve 2. altyap\u0131 yat\u0131r\u0131mlar\u0131m\u0131z\u0131 doldurduk. COVID-19 s\u00fcrecinde ise 3. altyap\u0131 yat\u0131r\u0131m\u0131n\u0131 tamamlad\u0131k ve bunu da doldurmay\u0131 ba\u015fard\u0131k. \u015eimdi 4. kademe yat\u0131r\u0131m ba\u015flad\u0131. Yapt\u0131\u011f\u0131m\u0131z bu hamle ile yat\u0131r\u0131m planlar\u0131m\u0131z\u0131 2021\u2019den \u00f6ne \u00e7ekerek 2020\u2019ye kayd\u0131rm\u0131\u015f oluyoruz. B\u00f6ylesine bir d\u00f6nemde ekonomik olarak \u00fclkemize katk\u0131 sa\u011flam\u0131\u015f olmak gurur verici. Bununla birlikte NGN Grubu, sadece bulut alan\u0131nda de\u011fil, i\u015f yapt\u0131\u011f\u0131m\u0131z t\u00fcm alanlarda yat\u0131r\u0131mlar\u0131n ayn\u0131 \u015fekilde h\u0131z kesmeden devam etmesini planl\u0131yor.\"\n\nKR\u0130T\u0130K VER\u0130 YURT DI\u015eINA \u00c7IKMIYOR\n\nVerilen bilgiye g\u00f6re veri merkezlerinin 'yerli' olmas\u0131n\u0131n avantajlar\u0131 \u015fu \u015fekilde s\u0131ralan\u0131yor:\n\n* T\u00fcrkiye'nin datas\u0131 yurt d\u0131\u015f\u0131na \u00e7\u0131km\u0131yor.\n\n* Veriye eri\u015fimde yak\u0131n olmas\u0131 h\u0131z ve maliyet avantaj\u0131 sa\u011fl\u0131yor.\n\n* Reg\u00fclatif ihtiya\u00e7lar\u0131 y\u00fczde 100 kar\u015f\u0131l\u0131yor.\n\n* Yabanc\u0131 sanalla\u015ft\u0131rma yaz\u0131l\u0131mlar\u0131na ba\u011f\u0131ml\u0131l\u0131\u011f\u0131 bulunmuyor.\n\n* Entegre g\u00fcvenlik mod\u00fcl\u00fc sayesinde daha g\u00fcvenli olarak de\u011ferlendiriliyor.\n\n* Sundu\u011fu yedekli ve kesintisiz yaz\u0131l\u0131m mimarisini T\u00fcrk m\u00fchendisler geli\u015ftiriliyor.\n\n* T\u00fcrk m\u00fchendislerinin destek vermesi, her an, esnek yap\u0131da m\u00fcdahale avantaj\u0131 sa\u011fl\u0131yor.",
    "keywords": [
        "yerli",
        "yat\u0131r\u0131m",
        "y\u00fczde",
        "katlad\u0131",
        "olarak",
        "\u00f6ne",
        "ile",
        "koronavir\u00fcs",
        "teknolojisine",
        "ve",
        "bulut",
        "t\u00fcrk",
        "talebi",
        "bu"
    ],
    "meta_keywords": [
        ""
    ],
    "publish_date": {
        "$date": 1589617177000
    },
    "summary": "HABERTURK.COM\u0130stanbul merkezli teknoloji grubu NGN Grubu'nun, Tuzla'da yapt\u0131\u011f\u0131 150 milyon dolarl\u0131k veri merkezi yat\u0131r\u0131m\u0131 ve T\u00fcrk m\u00fchendislerin sa\u011flad\u0131\u011f\u0131 \u00e7\u00f6z\u00fcmler, COVID-19 d\u00f6neminde \u00f6ne \u00e7\u0131kt\u0131.\nSekt\u00f6r ortalamalar\u0131na bak\u0131ld\u0131\u011f\u0131nda, T\u00fcrkiye'de son 2 ayda, 2 y\u0131la e\u015fit bir dijital d\u00f6n\u00fc\u015f\u00fcm hesaplan\u0131rken, NGN Grubu stratejik yat\u0131r\u0131m olarak g\u00f6rd\u00fc\u011f\u00fc \"yerli bulut\u201d (cloud) ile ilgili \u00e7\u00f6z\u00fcm ve servislerinde b\u00fcy\u00fck talep art\u0131\u015f\u0131 ya\u015fand\u0131\u011f\u0131n\u0131 duyurdu.\nNGN Veri Merkezi ve Bulut \u00c7\u00f6z\u00fcmleri direkt\u00f6r\u00fc Beyaz\u0131t \u00d6zt\u00fcrk, \u201cSalg\u0131n \u00f6ncesine g\u00f6re yerli bulut kullanan m\u00fc\u015fterisi say\u0131m\u0131zda 5 kat art\u0131\u015f ya\u015fand\u0131.\nBu art\u0131\u015fta, \u2018\u00fccretsiz 15 g\u00fcn deneme ile 1500 TL kredi kullan\u2019 \u015feklinde haz\u0131rlad\u0131\u011f\u0131m\u0131z kampanyam\u0131z\u0131n b\u00fcy\u00fck katk\u0131s\u0131 oldu.\nAyr\u0131ca, 'T\u00fcrk Liras\u0131 (TL) ile \u00f6deme yap\u0131lmas\u0131; 'kulland\u0131\u011f\u0131n kadar \u00f6de' ve 'saatlik \u00f6deme' \u015feklindeki modellerimiz, rekabette bizi \u00f6ne \u00e7\u0131kard\u0131.\nBu sayede y\u00fczde 5 seviyesinde olan yerli bulutun NGN\u2019in toplam m\u00fc\u015fterileri i\u00e7indeki pay\u0131n\u0131 y\u00fczde 15\u2019e ula\u015ft\u0131rm\u0131\u015f olduk.\nAtaca\u011f\u0131m\u0131z yeni ad\u0131mlarla, bu oran\u0131 2020 y\u0131l\u0131n\u0131n sonuna kadar y\u00fczde 25'e ta\u015f\u0131may\u0131 hedefliyoruz\u201d diye konu\u015ftu.\n'YATIRIMI \u00d6NE \u00c7EKT\u0130K'NGN olarak 'T\u00fcrkiye'nin Datas\u0131 T\u00fcrkiye'de Kals\u0131n' stratejisi do\u011frultusunda yapt\u0131klar\u0131 yerli teknoloji yat\u0131r\u0131m\u0131n\u0131n \u00f6nemine de\u011finen Beyaz\u0131t \u00d6zt\u00fcrk, \u015funlar\u0131 kaydetti:\u201cYerli bulutta 1. ve 2. altyap\u0131 yat\u0131r\u0131mlar\u0131m\u0131z\u0131 doldurduk.\nCOVID-19 s\u00fcrecinde ise 3. altyap\u0131 yat\u0131r\u0131m\u0131n\u0131 tamamlad\u0131k ve bunu da doldurmay\u0131 ba\u015fard\u0131k.\n\u015eimdi 4. kademe yat\u0131r\u0131m ba\u015flad\u0131.\nYapt\u0131\u011f\u0131m\u0131z bu hamle ile yat\u0131r\u0131m planlar\u0131m\u0131z\u0131 2021\u2019den \u00f6ne \u00e7ekerek 2020\u2019ye kayd\u0131rm\u0131\u015f oluyoruz.\nB\u00f6ylesine bir d\u00f6nemde ekonomik olarak \u00fclkemize katk\u0131 sa\u011flam\u0131\u015f olmak gurur verici.\nBununla birlikte NGN Grubu, sadece bulut alan\u0131nda de\u011fil, i\u015f yapt\u0131\u011f\u0131m\u0131z t\u00fcm alanlarda yat\u0131r\u0131mlar\u0131n ayn\u0131 \u015fekilde h\u0131z kesmeden devam etmesini planl\u0131yor.\"\nKR\u0130T\u0130K VER\u0130 YURT DI\u015eINA \u00c7IKMIYORVerilen bilgiye g\u00f6re veri merkezlerinin 'yerli' olmas\u0131n\u0131n avantajlar\u0131 \u015fu \u015fekilde s\u0131ralan\u0131yor:* T\u00fcrkiye'nin datas\u0131 yurt d\u0131\u015f\u0131na \u00e7\u0131km\u0131yor.\n* Veriye eri\u015fimde yak\u0131n olmas\u0131 h\u0131z ve maliyet avantaj\u0131 sa\u011fl\u0131yor.\n* Reg\u00fclatif ihtiya\u00e7lar\u0131 y\u00fczde 100 kar\u015f\u0131l\u0131yor.\n* Yabanc\u0131 sanalla\u015ft\u0131rma yaz\u0131l\u0131mlar\u0131na ba\u011f\u0131ml\u0131l\u0131\u011f\u0131 bulunmuyor.\n* Entegre g\u00fcvenlik mod\u00fcl\u00fc sayesinde daha g\u00fcvenli olarak de\u011ferlendiriliyor.\n* Sundu\u011fu yedekli ve kesintisiz yaz\u0131l\u0131m mimarisini T\u00fcrk m\u00fchendisler geli\u015ftiriliyor.\n* T\u00fcrk m\u00fchendislerinin destek vermesi, her an, esnek yap\u0131da m\u00fcdahale avantaj\u0131 sa\u011fl\u0131yor.",
    "article_html": "",
    "meta_description": "'T\u00fcrkiye'nin Datas\u0131 T\u00fcrkiye'de Kals\u0131n' stratejisi do\u011frultusunda Tuzla\u2019da hayata ge\u00e7irilen veri merkezlerine olan talebin Covid-19 d\u00f6neminde katland\u0131\u011f\u0131n\u0131 belirten NGN Veri Merkezi ve Bulut \u00c7\u00f6z\u00fcmleri direkt\u00f6r\u00fc Beyaz\u0131t \u00d6zt\u00fcrk, \u201cSalg\u0131n \u00f6ncesine g\u00f6re yerli bulut kullanan m\u00fc\u015fterisi say\u0131m\u0131zda 5 kat art\u0131\u015f ya\u015fand\u0131\u201d dedi. \u00d6zt\u00fcrk, 2021\u2019de yapmay\u0131 planlad\u0131klar\u0131 yat\u0131r\u0131mlar\u0131 2020\u2019e \u00e7ektiklerini s\u00f6yledi.",
    "meta_lang": "tr"
}