{
    "article_id": "a199fec697511b746a36f18721661eed.1589926080.7656965",
    "title": "Almanya'da bayrak yakmak nefret su\u00e7u kapsam\u0131na girdi: 3 y\u0131la kadar hapis",
    "authors": [
        "Isvalid",
        "Yazarlar",
        "Data",
        "Name",
        "Mail",
        "Title",
        "Di\u0307\u011fer Yazarlar"
    ],
    "canonical_link": "https://www.haberturk.com/almanya-da-bayrak-yakmak-nefret-sucu-kapsamina-girdi-3-yila-kadar-hapis-2680716",
    "url": "http://haberturk.com/almanya-da-bayrak-yakmak-nefret-sucu-kapsamina-girdi-3-yila-kadar-hapis-2680716",
    "top_img": "https://im.haberturk.com/2020/05/15/ver1589573135/2680716_1200x627.jpg",
    "meta_img": "https://im.haberturk.com/2020/05/15/ver1589573135/2680716_1200x627.jpg",
    "movies": [],
    "text": "2013'te K\u0131br\u0131s'taki protestocular Avrupa Birli\u011fi bayra\u011f\u0131 yakarken\n\nAlmanya \u00fclke bayraklar\u0131n\u0131 yakmay\u0131 nefret su\u00e7u kapsam\u0131na ald\u0131.\n\nBayrak yakanlara \u00fc\u00e7 y\u0131la kadar hapis cezas\u0131 verilebilecek.\n\nParlamentoda d\u00fcn onaylanan yasaya g\u00f6re yabanc\u0131 \u00fclkelerin bayraklar\u0131n\u0131 yakmak, Almanya bayra\u011f\u0131 yakmakla e\u015fde\u011fer bir su\u00e7 olacak.\n\nAvrupa Birli\u011fi bayra\u011f\u0131 da ayn\u0131 kapsamda de\u011ferlendirilecek.\n\nYasa, Berlin'de 2017 y\u0131l\u0131nda bir protestoda \u0130srail bayra\u011f\u0131n\u0131n yak\u0131lmas\u0131ndan rahats\u0131z olan Sosyal Demokrat Parti'nin (SPD) \u015fikayeti \u00fczerine haz\u0131rland\u0131.\n\nSPD'li Adalet Bakan\u0131 Christine Lambrecht \"Bayrak yakman\u0131n bar\u0131\u015f\u00e7\u0131l protestoyla hi\u00e7bir alakas\u0131 yok. Nefret, \u00f6fke ve agresiflik yarat\u0131yor\" dedi ve bunun insanlar\u0131n duygular\u0131n\u0131 incitti\u011fini vurgulad\u0131.\n\nYasa bayrak yakma d\u0131\u015f\u0131nda, y\u0131rtma gibi zarar verici di\u011fer eylemleri de kaps\u0131yor.\n\nA\u015f\u0131r\u0131 sa\u011fc\u0131 AfD ise yeni yasay\u0131, \"ifade \u00f6zg\u00fcrl\u00fc\u011f\u00fcne ve sanatsal d\u0131\u015favuruma m\u00fcdahale etti\u011fi i\u00e7in\" ele\u015ftirdi.\n\nAlmanya'da Nazi bayraklar\u0131n\u0131n da kamuya a\u00e7\u0131k yerlerde g\u00f6sterilmesi yasak.\n\nBirle\u015fik Krall\u0131k'ta Birle\u015fik Krall\u0131k Bayra\u011f\u0131 yakman\u0131n bir cezas\u0131 bulunmuyor.\n\nT\u00fcrkiye'de ise T\u00fcrkiye bayra\u011f\u0131 yakmak \u00fc\u00e7 y\u0131la kadar cezaland\u0131r\u0131labiliyor.\n\nFransa'da da alt\u0131 aya kadar hapis cezas\u0131 veya 7 bin 500 euroya kadar para cezas\u0131 var.\n\n\u0130spanya, \u0130talya ve Yunanistan'da kendi ulusal bayraklar\u0131n\u0131n yak\u0131lmas\u0131 yasak.",
    "keywords": [
        "kapsam\u0131na",
        "\u00fc\u00e7",
        "bir",
        "y\u0131la",
        "almanyada",
        "hapis",
        "yakman\u0131n",
        "ve",
        "girdi",
        "cezas\u0131",
        "nefret",
        "bayra\u011f\u0131",
        "yakmak",
        "bayrak",
        "da",
        "kadar",
        "su\u00e7u"
    ],
    "meta_keywords": [
        ""
    ],
    "publish_date": {
        "$date": 1589573135000
    },
    "summary": "2013'te K\u0131br\u0131s'taki protestocular Avrupa Birli\u011fi bayra\u011f\u0131 yakarkenAlmanya \u00fclke bayraklar\u0131n\u0131 yakmay\u0131 nefret su\u00e7u kapsam\u0131na ald\u0131.\nBayrak yakanlara \u00fc\u00e7 y\u0131la kadar hapis cezas\u0131 verilebilecek.\nParlamentoda d\u00fcn onaylanan yasaya g\u00f6re yabanc\u0131 \u00fclkelerin bayraklar\u0131n\u0131 yakmak, Almanya bayra\u011f\u0131 yakmakla e\u015fde\u011fer bir su\u00e7 olacak.\nAvrupa Birli\u011fi bayra\u011f\u0131 da ayn\u0131 kapsamda de\u011ferlendirilecek.\nYasa, Berlin'de 2017 y\u0131l\u0131nda bir protestoda \u0130srail bayra\u011f\u0131n\u0131n yak\u0131lmas\u0131ndan rahats\u0131z olan Sosyal Demokrat Parti'nin (SPD) \u015fikayeti \u00fczerine haz\u0131rland\u0131.\nSPD'li Adalet Bakan\u0131 Christine Lambrecht \"Bayrak yakman\u0131n bar\u0131\u015f\u00e7\u0131l protestoyla hi\u00e7bir alakas\u0131 yok.\nNefret, \u00f6fke ve agresiflik yarat\u0131yor\" dedi ve bunun insanlar\u0131n duygular\u0131n\u0131 incitti\u011fini vurgulad\u0131.\nYasa bayrak yakma d\u0131\u015f\u0131nda, y\u0131rtma gibi zarar verici di\u011fer eylemleri de kaps\u0131yor.\nA\u015f\u0131r\u0131 sa\u011fc\u0131 AfD ise yeni yasay\u0131, \"ifade \u00f6zg\u00fcrl\u00fc\u011f\u00fcne ve sanatsal d\u0131\u015favuruma m\u00fcdahale etti\u011fi i\u00e7in\" ele\u015ftirdi.\nAlmanya'da Nazi bayraklar\u0131n\u0131n da kamuya a\u00e7\u0131k yerlerde g\u00f6sterilmesi yasak.\nBirle\u015fik Krall\u0131k'ta Birle\u015fik Krall\u0131k Bayra\u011f\u0131 yakman\u0131n bir cezas\u0131 bulunmuyor.\nT\u00fcrkiye'de ise T\u00fcrkiye bayra\u011f\u0131 yakmak \u00fc\u00e7 y\u0131la kadar cezaland\u0131r\u0131labiliyor.\nFransa'da da alt\u0131 aya kadar hapis cezas\u0131 veya 7 bin 500 euroya kadar para cezas\u0131 var.\n\u0130spanya, \u0130talya ve Yunanistan'da kendi ulusal bayraklar\u0131n\u0131n yak\u0131lmas\u0131 yasak.",
    "article_html": "",
    "meta_description": "Almanya \u00fclke bayraklar\u0131n\u0131 yakmay\u0131 nefret su\u00e7u kapsam\u0131na ald\u0131. Bayrak yakanlara \u00fc\u00e7 y\u0131la kadar hapis cezas\u0131 verilebilecek.",
    "meta_lang": "tr"
}