{
    "article_id": "a81a28488267d61fd7d42ae07bc2a735.1589925542.8593323",
    "title": "\u00d6zel sekt\u00f6rde \u00f6denen \u00e7ocuk yard\u0131m\u0131ndan vergi kesilir mi?",
    "authors": [
        "Isvalid",
        "Yazarlar",
        "Data",
        "Name",
        "Mail",
        "Title",
        "Di\u0307\u011fer Yazarlar"
    ],
    "canonical_link": "https://www.haberturk.com/ozel-sektorde-odenen-cocuk-yardimindan-vergi-kesilir-mi-2675795-ekonomi",
    "url": "http://haberturk.com/ozel-sektorde-odenen-cocuk-yardimindan-vergi-kesilir-mi-2675795-ekonomi",
    "top_img": "https://im.haberturk.com/2020/05/11/ver1589271608/2675795_1200x627.jpg",
    "meta_img": "https://im.haberturk.com/2020/05/11/ver1589271608/2675795_1200x627.jpg",
    "movies": [],
    "text": "Ahmet K\u0131van\u00e7 akivanc@haberturk.com\n\nAsgari \u00fccretle \u00e7al\u0131\u015fanlar, y\u0131l\u0131n ikinci yar\u0131s\u0131nda y\u00fczde 20\u2019lik gelir vergisi dilimine giriyorlar. Bu y\u0131l eyl\u00fcl ay\u0131ndan itibaren y\u00fczde 20 dilimine girecekler. Vergi oran\u0131ndaki art\u0131\u015f nedeniyle ele ge\u00e7en net \u00fccretin bekar asgari \u00fccretli bir i\u015f\u00e7inin ocak ay\u0131ndaki net \u00fccretinin alt\u0131na d\u00fc\u015fmesini \u00f6nlemek amac\u0131yla ilave asgari ge\u00e7im indirimi (AG\u0130) veriliyor. \u00d6rne\u011fin, bu y\u0131l ocak ay\u0131nda \u00f6denen net asgari \u00fccret 2 bin 324.71 TL oldu. Eyl\u00fcl\u2019den itibaren vergi diliminden dolay\u0131 ele ge\u00e7en net \u00fccretin bu rakam\u0131n alt\u0131na inmesi halinde aradaki fark\u0131 kapatmak i\u00e7in her ay ilave AG\u0130 uygulanacak. Vergi diliminden dolay\u0131 net \u00fccreti 2 bin 224 TL\u2019ye d\u00fc\u015fen ki\u015fiye 100 liral\u0131k ilave AG\u0130 verilecek.\n\nBu durum, eyl\u00fcl ay\u0131ndan sonra rapor kullanan asgari \u00fccretli \u00e7al\u0131\u015fanlar a\u00e7\u0131s\u0131ndan ilave AG\u0130 konusunda teredd\u00fctlere yol a\u00e7\u0131yor. Nitekim bir firma 2018 y\u0131l\u0131 kas\u0131m ay\u0131nda 1 g\u00fcn raporlu olan personel i\u00e7in ilave AG\u0130 uygulan\u0131p uygulanmayaca\u011f\u0131 konusunda vergi dairesinden bilgi talep etti.\n\nHazine Maliye Bakanl\u0131\u011f\u0131\u2019n\u0131n yay\u0131mlad\u0131\u011f\u0131 \u00f6zelgede, 2018 y\u0131l\u0131 ocak ay\u0131nda bekar bir i\u015f\u00e7i i\u00e7in net asgari \u00fccretin 1.603 TL oldu\u011funa dikkat \u00e7ekildi. Konuyla ilgili tebli\u011f uyar\u0131nca, personelin \u00fccret ald\u0131\u011f\u0131 d\u00f6nemde i\u015fe ba\u015flamas\u0131 veya i\u015ften ayr\u0131lmas\u0131, \u00fccretsiz izin ve benzeri nedenlerle net \u00fccretinin ocak ay\u0131ndaki net \u00fccretin alt\u0131na d\u00fc\u015fmesi durumunda ilave asgari ge\u00e7im indirimi uygulanamayaca\u011f\u0131 ifade edildi. \u00d6zelgede, kas\u0131m ay\u0131ndaki \u00fccretin rapor nedeniyle 1.603 TL\u2019nin alt\u0131nda kalmas\u0131 halinde ilave asgari ge\u00e7im indirimi uygulanmas\u0131n\u0131n s\u00f6z konusu olmayaca\u011f\u0131 kaydedildi.\n\n\u00c7OCUK YARDIMINDAN VERG\u0130 KES\u0130L\u0130R M\u0130?\n\nSendikal\u0131 i\u015f yerleri ba\u015fta olmak \u00fczere baz\u0131 i\u015f yerlerinde \u00e7al\u0131\u015fanlara \u00e7ocuk yard\u0131m\u0131 ad\u0131 alt\u0131nda de\u011fi\u015fik tutarlarda \u00f6deme yap\u0131l\u0131yor. Bir firma, personeline \u00f6dedi\u011fi \u00e7ocuk yard\u0131m\u0131ndan vergi kesilip kesilmeyece\u011fini vergi dairesine sordu. Yay\u0131mlanan \u00f6zelgede, kanuna g\u00f6re \u00f6zel sekt\u00f6r \u00e7al\u0131\u015fanlar\u0131na yap\u0131lan \u00e7ocuk yard\u0131mlar\u0131n\u0131n, devlet memurlar\u0131na verilen \u00e7ocuk yard\u0131m\u0131 miktar\u0131n\u0131 a\u015fan k\u0131sm\u0131n\u0131n vergiye tabi oldu\u011fu, alt\u0131nda kalan k\u0131sm\u0131n\u0131n ise vergiden muaf oldu\u011fu belirtildi. Devlet Memurlar\u0131 Kanunu uyar\u0131nca 2011 y\u0131l\u0131na kadar 2 \u00e7ocu\u011fa kadar \u00e7ocuk yard\u0131m\u0131 yap\u0131ld\u0131\u011f\u0131, ancak 2011\u2019de yap\u0131lan de\u011fi\u015fiklik ile \u00e7ocuk say\u0131s\u0131ndaki s\u0131n\u0131rlaman\u0131n kald\u0131r\u0131ld\u0131\u011f\u0131 vurguland\u0131.\n\nKanuna g\u00f6re, \u00e7ocuk say\u0131s\u0131 ka\u00e7 olursa olsun 2020 y\u0131l\u0131nda devlet memurlar\u0131n\u0131n 6 ya\u015f\u0131ndan b\u00fcy\u00fck \u00e7ocuklar\u0131 i\u00e7in ayl\u0131k 36.52 lira, 0-6 ya\u015f (72. ay dahil) aral\u0131\u011f\u0131ndaki \u00e7ocuklar\u0131 i\u00e7in de 73.04 lira yard\u0131m yap\u0131l\u0131yor. Buna g\u00f6re, \u00f6rne\u011fin \u00f6zel sekt\u00f6rdeki \u00e7al\u0131\u015fanlara \u00e7ocuk ba\u015f\u0131na 100 lira yard\u0131m yap\u0131l\u0131yorsa, \u00e7ocuk 6 ya\u015f\u0131ndan b\u00fcy\u00fck ise bu tutar\u0131n 36.52 TL\u2019si vergiden muaf, 63.48 TL\u2019si ise vergiye tabi olacak. Bu tutar \u00fczerinden, personelin tabi oldu\u011fu vergi dilimi \u00fczerinden y\u00fczde 15 ile y\u00fczde 40 aras\u0131nda de\u011fi\u015fen oranlarda vergi al\u0131nacak.\n\nDEVRALINAN \u015e\u0130RKET \u00c7ALI\u015eANLARINA \u00d6DENEN TAZM\u0130NATTA VERG\u0130\n\n\u00d6zel sekt\u00f6rde i\u015f\u00e7i \u00e7\u0131kart\u0131l\u0131rken, k\u0131dem tazminat\u0131n\u0131n yan\u0131 s\u0131ra i\u015ften \u00e7\u0131karma tazminat\u0131 \u015feklinde ilave \u00f6demeler yap\u0131labiliyor. Bu t\u00fcr k\u0131dem tazminat\u0131 ve i\u015ften \u00e7\u0131karma tazminat\u0131n\u0131n vergilendirilmesinde, y\u0131ll\u0131k tavana kadar olan k\u0131s\u0131mdan vergi al\u0131nm\u0131yor, tavan\u0131 a\u015fan tutardan vergi al\u0131n\u0131yor.\n\n2020 y\u0131l\u0131 ilk yar\u0131s\u0131 i\u00e7in k\u0131dem tazminat\u0131 tavan\u0131 6 bin 730 lira olarak uygulan\u0131yor. \u00d6rne\u011fin, 10 y\u0131l hizmeti bulunan bir ki\u015fiye 100 bin lira tazminat \u00f6denmi\u015fse bunun 67 bin 300 liras\u0131ndan gelir vergisi al\u0131nm\u0131yor. Kalan 32 bin 700 liral\u0131k k\u0131s\u0131mdan ise y\u00fczde 15 ile y\u00fczde 40 aras\u0131nda de\u011fi\u015fen oranlarda vergi al\u0131n\u0131yor.\n\nBir firma, devrald\u0131\u011f\u0131 \u015firketin \u00e7al\u0131\u015fan\u0131na \u00f6dedi\u011fi tazminat\u0131n eski \u015firkette \u00e7al\u0131\u015f\u0131lan d\u00f6neme kar\u015f\u0131l\u0131k gelen k\u0131sm\u0131n\u0131n vergi istisnas\u0131na tabi olup olmad\u0131\u011f\u0131 konusunda teredd\u00fctte kald\u0131. Firman\u0131n bilgi talebi \u00fczerine yay\u0131mlanan \u00f6zelgede, k\u0131dem tazminat\u0131n\u0131n i\u015f akdinin feshi hallerinde kazan\u0131lan bir tazminat oldu\u011funa dikkat \u00e7ekildi. Devir al\u0131nan \u015firkette ge\u00e7en hizmet s\u00fcreleri de dikkate al\u0131narak hesaplanan k\u0131dem tazminat\u0131 tutar\u0131n\u0131n, y\u0131ll\u0131k k\u0131dem tazminat\u0131 tavan\u0131n\u0131 a\u015fmayan k\u0131sm\u0131n\u0131n gelir vergisinden istisna edilmesi, bu tutar\u0131 a\u015fan k\u0131sm\u0131n\u0131n ise gelir vergisine tabi tutulmas\u0131 gerekti\u011fi belirtildi.",
    "keywords": [
        "i\u00e7in",
        "y\u00fczde",
        "\u00e7ocuk",
        "\u00f6zel",
        "ilave",
        "sekt\u00f6rde",
        "bir",
        "yard\u0131m\u0131ndan",
        "k\u0131dem",
        "kesilir",
        "vergi",
        "\u00f6denen",
        "asgari",
        "net",
        "mi",
        "bu"
    ],
    "meta_keywords": [
        ""
    ],
    "publish_date": {
        "$date": 1589271608000
    },
    "summary": "Ahmet K\u0131van\u00e7 akivanc@haberturk.comAsgari \u00fccretle \u00e7al\u0131\u015fanlar, y\u0131l\u0131n ikinci yar\u0131s\u0131nda y\u00fczde 20\u2019lik gelir vergisi dilimine giriyorlar.\nBu y\u0131l eyl\u00fcl ay\u0131ndan itibaren y\u00fczde 20 dilimine girecekler.\nVergi oran\u0131ndaki art\u0131\u015f nedeniyle ele ge\u00e7en net \u00fccretin bekar asgari \u00fccretli bir i\u015f\u00e7inin ocak ay\u0131ndaki net \u00fccretinin alt\u0131na d\u00fc\u015fmesini \u00f6nlemek amac\u0131yla ilave asgari ge\u00e7im indirimi (AG\u0130) veriliyor.\n\u00d6rne\u011fin, bu y\u0131l ocak ay\u0131nda \u00f6denen net asgari \u00fccret 2 bin 324.71 TL oldu.\nEyl\u00fcl\u2019den itibaren vergi diliminden dolay\u0131 ele ge\u00e7en net \u00fccretin bu rakam\u0131n alt\u0131na inmesi halinde aradaki fark\u0131 kapatmak i\u00e7in her ay ilave AG\u0130 uygulanacak.\nVergi diliminden dolay\u0131 net \u00fccreti 2 bin 224 TL\u2019ye d\u00fc\u015fen ki\u015fiye 100 liral\u0131k ilave AG\u0130 verilecek.\nBu durum, eyl\u00fcl ay\u0131ndan sonra rapor kullanan asgari \u00fccretli \u00e7al\u0131\u015fanlar a\u00e7\u0131s\u0131ndan ilave AG\u0130 konusunda teredd\u00fctlere yol a\u00e7\u0131yor.\nNitekim bir firma 2018 y\u0131l\u0131 kas\u0131m ay\u0131nda 1 g\u00fcn raporlu olan personel i\u00e7in ilave AG\u0130 uygulan\u0131p uygulanmayaca\u011f\u0131 konusunda vergi dairesinden bilgi talep etti.\nHazine Maliye Bakanl\u0131\u011f\u0131\u2019n\u0131n yay\u0131mlad\u0131\u011f\u0131 \u00f6zelgede, 2018 y\u0131l\u0131 ocak ay\u0131nda bekar bir i\u015f\u00e7i i\u00e7in net asgari \u00fccretin 1.603 TL oldu\u011funa dikkat \u00e7ekildi.\nKonuyla ilgili tebli\u011f uyar\u0131nca, personelin \u00fccret ald\u0131\u011f\u0131 d\u00f6nemde i\u015fe ba\u015flamas\u0131 veya i\u015ften ayr\u0131lmas\u0131, \u00fccretsiz izin ve benzeri nedenlerle net \u00fccretinin ocak ay\u0131ndaki net \u00fccretin alt\u0131na d\u00fc\u015fmesi durumunda ilave asgari ge\u00e7im indirimi uygulanamayaca\u011f\u0131 ifade edildi.\n\u00d6zelgede, kas\u0131m ay\u0131ndaki \u00fccretin rapor nedeniyle 1.603 TL\u2019nin alt\u0131nda kalmas\u0131 halinde ilave asgari ge\u00e7im indirimi uygulanmas\u0131n\u0131n s\u00f6z konusu olmayaca\u011f\u0131 kaydedildi.\n\u00c7OCUK YARDIMINDAN VERG\u0130 KES\u0130L\u0130R M\u0130?\nSendikal\u0131 i\u015f yerleri ba\u015fta olmak \u00fczere baz\u0131 i\u015f yerlerinde \u00e7al\u0131\u015fanlara \u00e7ocuk yard\u0131m\u0131 ad\u0131 alt\u0131nda de\u011fi\u015fik tutarlarda \u00f6deme yap\u0131l\u0131yor.\nBir firma, personeline \u00f6dedi\u011fi \u00e7ocuk yard\u0131m\u0131ndan vergi kesilip kesilmeyece\u011fini vergi dairesine sordu.\nYay\u0131mlanan \u00f6zelgede, kanuna g\u00f6re \u00f6zel sekt\u00f6r \u00e7al\u0131\u015fanlar\u0131na yap\u0131lan \u00e7ocuk yard\u0131mlar\u0131n\u0131n, devlet memurlar\u0131na verilen \u00e7ocuk yard\u0131m\u0131 miktar\u0131n\u0131 a\u015fan k\u0131sm\u0131n\u0131n vergiye tabi oldu\u011fu, alt\u0131nda kalan k\u0131sm\u0131n\u0131n ise vergiden muaf oldu\u011fu belirtildi.\nDevlet Memurlar\u0131 Kanunu uyar\u0131nca 2011 y\u0131l\u0131na kadar 2 \u00e7ocu\u011fa kadar \u00e7ocuk yard\u0131m\u0131 yap\u0131ld\u0131\u011f\u0131, ancak 2011\u2019de yap\u0131lan de\u011fi\u015fiklik ile \u00e7ocuk say\u0131s\u0131ndaki s\u0131n\u0131rlaman\u0131n kald\u0131r\u0131ld\u0131\u011f\u0131 vurguland\u0131.\nKanuna g\u00f6re, \u00e7ocuk say\u0131s\u0131 ka\u00e7 olursa olsun 2020 y\u0131l\u0131nda devlet memurlar\u0131n\u0131n 6 ya\u015f\u0131ndan b\u00fcy\u00fck \u00e7ocuklar\u0131 i\u00e7in ayl\u0131k 36.52 lira, 0-6 ya\u015f (72. ay dahil) aral\u0131\u011f\u0131ndaki \u00e7ocuklar\u0131 i\u00e7in de 73.04 lira yard\u0131m yap\u0131l\u0131yor.\nBuna g\u00f6re, \u00f6rne\u011fin \u00f6zel sekt\u00f6rdeki \u00e7al\u0131\u015fanlara \u00e7ocuk ba\u015f\u0131na 100 lira yard\u0131m yap\u0131l\u0131yorsa, \u00e7ocuk 6 ya\u015f\u0131ndan b\u00fcy\u00fck ise bu tutar\u0131n 36.52 TL\u2019si vergiden muaf, 63.48 TL\u2019si ise vergiye tabi olacak.\nBu tutar \u00fczerinden, personelin tabi oldu\u011fu vergi dilimi \u00fczerinden y\u00fczde 15 ile y\u00fczde 40 aras\u0131nda de\u011fi\u015fen oranlarda vergi al\u0131nacak.\nDEVRALINAN \u015e\u0130RKET \u00c7ALI\u015eANLARINA \u00d6DENEN TAZM\u0130NATTA VERG\u0130\u00d6zel sekt\u00f6rde i\u015f\u00e7i \u00e7\u0131kart\u0131l\u0131rken, k\u0131dem tazminat\u0131n\u0131n yan\u0131 s\u0131ra i\u015ften \u00e7\u0131karma tazminat\u0131 \u015feklinde ilave \u00f6demeler yap\u0131labiliyor.\nBu t\u00fcr k\u0131dem tazminat\u0131 ve i\u015ften \u00e7\u0131karma tazminat\u0131n\u0131n vergilendirilmesinde, y\u0131ll\u0131k tavana kadar olan k\u0131s\u0131mdan vergi al\u0131nm\u0131yor, tavan\u0131 a\u015fan tutardan vergi al\u0131n\u0131yor.\n2020 y\u0131l\u0131 ilk yar\u0131s\u0131 i\u00e7in k\u0131dem tazminat\u0131 tavan\u0131 6 bin 730 lira olarak uygulan\u0131yor.\n\u00d6rne\u011fin, 10 y\u0131l hizmeti bulunan bir ki\u015fiye 100 bin lira tazminat \u00f6denmi\u015fse bunun 67 bin 300 liras\u0131ndan gelir vergisi al\u0131nm\u0131yor.\nKalan 32 bin 700 liral\u0131k k\u0131s\u0131mdan ise y\u00fczde 15 ile y\u00fczde 40 aras\u0131nda de\u011fi\u015fen oranlarda vergi al\u0131n\u0131yor.\nBir firma, devrald\u0131\u011f\u0131 \u015firketin \u00e7al\u0131\u015fan\u0131na \u00f6dedi\u011fi tazminat\u0131n eski \u015firkette \u00e7al\u0131\u015f\u0131lan d\u00f6neme kar\u015f\u0131l\u0131k gelen k\u0131sm\u0131n\u0131n vergi istisnas\u0131na tabi olup olmad\u0131\u011f\u0131 konusunda teredd\u00fctte kald\u0131.\nFirman\u0131n bilgi talebi \u00fczerine yay\u0131mlanan \u00f6zelgede, k\u0131dem tazminat\u0131n\u0131n i\u015f akdinin feshi hallerinde kazan\u0131lan bir tazminat oldu\u011funa dikkat \u00e7ekildi.\nDevir al\u0131nan \u015firkette ge\u00e7en hizmet s\u00fcreleri de dikkate al\u0131narak hesaplanan k\u0131dem tazminat\u0131 tutar\u0131n\u0131n, y\u0131ll\u0131k k\u0131dem tazminat\u0131 tavan\u0131n\u0131 a\u015fmayan k\u0131sm\u0131n\u0131n gelir vergisinden istisna edilmesi, bu tutar\u0131 a\u015fan k\u0131sm\u0131n\u0131n ise gelir vergisine tabi tutulmas\u0131 gerekti\u011fi belirtildi.",
    "article_html": "",
    "meta_description": "Asgari \u00fccretlilerin gelir vergisi dilimlerindeki art\u0131\u015f nedeniyle ellerine ge\u00e7en net \u00fccretin ocak ay\u0131nda bekar i\u015f\u00e7iye \u00f6denen asgari \u00fccretin alt\u0131na d\u00fc\u015fmesini \u00f6nlemek amac\u0131yla ilave asgari ge\u00e7im indirimi (AG\u0130) uygulan\u0131yor. Peki rapor kulland\u0131\u011f\u0131 i\u00e7in \u00fccreti ocak ay\u0131ndaki net asgari \u00fccretin alt\u0131na d\u00fc\u015fen i\u015f\u00e7iye ilave AG\u0130 uygulan\u0131r m\u0131? \u00d6zel sekt\u00f6rdeki i\u015f\u00e7iye \u00f6denen \u00e7ocuk yard\u0131m\u0131n\u0131n ne kadar\u0131 vergiye tabidir? Devral\u0131nan i\u015fyerinde \u00f6denen k\u0131dem tazminat\u0131n\u0131n eski i\u015fverende ge\u00e7en d\u00f6neme isabet eden k\u0131sm\u0131na vergi istisnas\u0131 uygulanabilir mi? Habert\u00fcrk\u2019ten Ahmet K\u0131van\u00e7, Hazine ve Maliye Bakanl\u0131\u011f\u0131\u2019n\u0131n bu konulardaki \u00f6zelgelerini yazd\u0131",
    "meta_lang": "tr"
}