{
    "article_id": "5c3b9fa4280a824b1307447fd9e0abec.1589925545.3948646",
    "title": "Koronavir\u00fcs\u00fc otizmli bireylere nas\u0131l anlatmal\u0131y\u0131z?",
    "authors": [],
    "canonical_link": "https://www.haberturk.com/virusu-otizmli-bireylere-nasil-anlatmaliyiz-2669364",
    "url": "http://haberturk.com/virusu-otizmli-bireylere-nasil-anlatmaliyiz-2669364",
    "top_img": "https://im.haberturk.com/2020/05/06/ver1589876141/2669364_1200x627.jpg",
    "meta_img": "https://im.haberturk.com/2020/05/06/ver1589876141/2669364_1200x627.jpg",
    "movies": [],
    "text": "Otizmli \u00e7ocuklar i\u00e7inde bulundu\u011fumuz bu ola\u011fan\u00fcst\u00fc durumu anlayamayabilirler. \u00d6fkelerini, korkular\u0131n\u0131 d\u0131\u015far\u0131ya yans\u0131tamayabilirler. Bu nedenle de otizmli \u00e7ocuklara koronavir\u00fcs\u00fcn ne oldu\u011funu ve neden hep beraber evde kalmam\u0131z gerekti\u011fini anlatmak son derece \u00f6nemli. Bunu yaparken de basit kelimeler kullan\u0131lmal\u0131. \u201cKoronavir\u00fcs, insanlar\u0131 hasta ediyor. Kimse hasta olmas\u0131n diye evde kal\u0131yoruz\u201d gibi \u00e7ok basit c\u00fcmle kal\u0131plar\u0131n\u0131 kullanarak anlamalar\u0131n\u0131 kolayla\u015ft\u0131rabilirsiniz.\n\nOtizmli \u00e7ocuklar, al\u0131\u015ft\u0131klar\u0131 d\u00fczenlerinin neden bozuldu\u011funu, neden kula gidemediklerini ve d\u0131\u015far\u0131 \u00e7\u0131kamad\u0131klar\u0131n\u0131, bunun bir zorunluluktan kaynakland\u0131\u011f\u0131n\u0131 anlayabilirler. Herkesin uygulamak zorunda oldu\u011fu koronavir\u00fcs tedbir kurallar\u0131n\u0131, el y\u0131kaman\u0131n ve y\u00fcz\u00fcne dokunmamas\u0131 gerekti\u011fini, sosyal mesafeye uymas\u0131n\u0131 ve maske takmak zorunda olduklar\u0131n\u0131 \u00f6\u011frenebilirler. Ancak fazla detay bilgi vermemeye \u00e7al\u0131\u015f\u0131n. Daha fazla soru sorarsa basit cevaplarla a\u00e7\u0131klay\u0131n ama sormad\u0131\u011f\u0131 taktirde kafas\u0131n\u0131n kar\u0131\u015fmas\u0131na engel olmak \u00f6nem ta\u015f\u0131yor.\n\nRutinler ve d\u00fczen otizmli \u00e7ocu\u011fun kayg\u0131ya kap\u0131lmas\u0131n\u0131 engeller\n\nOtizmli \u00e7ocuklar, rutinlere ihtiya\u00e7 duyarlar. Koronavir\u00fcs \u00f6ncesindeki rutinlerine olabildi\u011fince uymaya \u00f6zen g\u00f6sterebilirsiniz. Evde uygulamakta oldu\u011funuz d\u00fczeni, yemek saati, yatma saati, televizyon saati, kalkma saati ayn\u0131 kals\u0131n. Okula gitme d\u00fczeninin yerine ise yeni bir d\u00fczen kurmaya \u00e7al\u0131\u015f\u0131n.\n\nBaz\u0131 konularda ise se\u00e7enek sunun, s\u00f6z gelimi \u00f6\u011flen yeme\u011finde ne yemek istedi\u011fini kendisi se\u00e7sin. Okul dersleri s\u0131ras\u0131nda sonras\u0131nda ne yapmak istedi\u011fini sorabilirsiniz. Yap\u0131lacaklar\u0131 \u00f6nceden belirleyip saatleriyle bir tablo olu\u015fturabilir, bitmesine 2-3 dakika kala da alarm kurabilirsiniz. Bu rutinler ve d\u00fczen \u00e7ocu\u011fun kayg\u0131ya kap\u0131lmas\u0131n\u0131 engelleyecektir.\n\nNas\u0131l sakinle\u015ftirebiliriz?\n\nOtizmli \u00e7ocuklar \u00f6fke, endi\u015fe, korku gibi duygulara kap\u0131ld\u0131klar\u0131nda tekrar eden davran\u0131\u015flar g\u00f6sterebilirler. Sallanma, el \u00e7\u0131rpma, kafas\u0131na vurma gibi\u2026 Bunlar aileler i\u00e7in son derece zor durumlard\u0131r. \u00c7ocu\u011fun a\u015f\u0131r\u0131 y\u00fcksek duygulara kap\u0131lmas\u0131n\u0131 engelleyecek birka\u00e7 y\u00f6ntem kullanabilirsiniz. Konu\u015fmak, resim yapmak, yaz\u0131 yazmak, kuklalarla oynamak gibi duygular\u0131n\u0131 d\u0131\u015fa vurabilece\u011fi etkinlikleri tercih edebilirsiniz. Bu da krize girmelerini engelleyebilir. Ayr\u0131ca m\u00fczik dinlemek, nefes egzersizleri yapmak, en sevdi\u011fi videolar\u0131 seyretmek gibi sakinle\u015ftirici aktiviteleri de deneyebilirsiniz. \u00d6te yandan korkuya kap\u0131lmalar\u0131na neden olabilecek televizyon programlar\u0131ndan ve yanlar\u0131nda endi\u015fe verici konu\u015fabilecek ki\u015filerden de uzak tutmaya \u00f6zen g\u00f6stermek \u00f6nemli olacakt\u0131r.\n\nBizler nas\u0131l yard\u0131m alabiliriz?\n\nOtizmli \u00e7ocuklar\u0131n aileleri bu hastal\u0131\u011f\u0131n genel seyrini bilirler ancak yine i\u00e7inde bulundu\u011fumuz ola\u011fan\u00fcst\u00fc durumun nas\u0131l bir yans\u0131mas\u0131 olabilece\u011fini kestirmek de zor olabilir. Uyku, yemek gibi temel davran\u0131\u015flar\u0131nda ve al\u0131\u015fkanl\u0131klar\u0131nda sorun g\u00f6zlemlerseniz, bunu a\u015f\u0131r\u0131ya ka\u00e7mad\u0131\u011f\u0131 taktirde normal kabul edebilirsiniz. Depresyon ya da kayg\u0131 belirtisi olabilirler. \u00d6te yandan doktorunuzla s\u00fcrekli ileti\u015fim halinde kalmak ve yak\u0131ndan g\u00f6zlemlemek, koronavir\u00fcs s\u00fcrecinde daha do\u011fru bir yakla\u015f\u0131m olacakt\u0131r.\n\nVir\u00fcs\u00fc otizmli bireylere nas\u0131l anlatmal\u0131y\u0131z?\n\nOtizmli bireylerin rutinleri bozuldu\u011funda davran\u0131\u015f problemler ya\u015fayabilece\u011fini ifade eden uzmanlar, soka\u011fa \u00e7\u0131kma k\u0131s\u0131tlamalar\u0131nda ailelerin zor g\u00fcnler ge\u00e7irdi\u011fini belirtti. \u00d6zellikle ilk hafta sonu uygulanan soka\u011fa \u00e7\u0131kma k\u0131s\u0131tlamas\u0131 ile evde zor g\u00fcnler ge\u00e7iren ebeveynler ile bu konuda \u00e7al\u0131\u015fan sivil toplum kurulu\u015flar\u0131n\u0131n talebiyle, ek bir genelge \u00e7\u0131kar\u0131ld\u0131. \u0130\u00e7i\u015fleri Bakanl\u0131\u011f\u0131'nca \u00e7\u0131kar\u0131lan genelge ile \u00f6zel gereksinimi olan \u00e7ocuk ve gen\u00e7lerin ebeveyn veya bak\u0131c\u0131lar\u0131 refakatinde park ve bah\u00e7elerde dola\u015fmalar\u0131na ayn\u0131 il s\u0131n\u0131rlar\u0131 i\u00e7inde ara\u00e7la seyahat etmelerine izin verildi. Sa\u011fl\u0131k a\u00e7\u0131s\u0131ndan \u00f6nceli\u011fin evde kalmak oldu\u011funu vurgulayan uzmanlar, otizmli bireyleri salg\u0131ndan korumak i\u00e7in yapmas\u0131 gerekenleri anlatt\u0131. \u0130zmir'de \u00f6zel e\u011fitim ve rehabilitasyon merkezi m\u00fcd\u00fcr\u00fc Psikolog Ersin Sancak otizmli bireylerin ve ebeveynlerin karantina s\u00fcrecine ili\u015fkin ya\u015fayabilece\u011fi zorluklar\u0131 aktard\u0131.\n\nHer yerden bula\u015fabilir\n\nOtizmli \u00e7ocuklar\u0131n ve ebeveynlerin evde kalma s\u00fcrecini daha zor ge\u00e7ti\u011fini dile getiren Psikolog Ersin Sancak, \"Otizm \u00fc\u00e7 ya\u015f\u0131ndan \u00f6nce ba\u015flayan, n\u00f6rogeli\u015fimsel bir sorundur. Otizmli \u00e7ocuklar\u0131m\u0131z\u0131n genellikle sosyal ve ileti\u015fimsel problemleri vard\u0131r. Tekrarlayan baz\u0131 davran\u0131\u015fsal problemleri olabilir. Hepimiz i\u00e7in zor bir s\u00fcre\u00e7 ancak otizmli \u00e7ocuklar\u0131m\u0131z i\u00e7in daha zor. Bizim \u00e7ocuklar\u0131m\u0131z\u0131n rutinleri vard\u0131r. Bu rutinler bozulunca mutlaka davran\u0131\u015fsal problemler \u00e7\u0131k\u0131yor. Otizmli \u00e7ocuklarla \u00e7al\u0131\u015fan dernekler, federasyonlar, kurumlar \u0130\u00e7i\u015fleri Bakanl\u0131\u011f\u0131'na talepte bulundu ve gerekli ko\u015fullar\u0131n sa\u011flanmas\u0131 halinde \u00e7ocuklar\u0131m\u0131z\u0131n soka\u011fa \u00e7\u0131kmas\u0131 m\u00fcmk\u00fcn. Tabi \u00f6ncelikli hedefimiz soka\u011fa \u00e7\u0131kmak de\u011fil. Sonu\u00e7ta bir vir\u00fcs ve her yerden bula\u015fabilir. Bu durumun \u00f6n\u00fcne ge\u00e7ebilmenin tek yolu \u00e7ocuklar\u0131n hijyen kurallar\u0131na uygun davranmas\u0131. Aile kontrol\u00fcnde k\u0131sa s\u00fcreli soka\u011fa \u00e7\u0131kmalar\u0131na engel yok\" dedi.\n\nAilelerimiz sab\u0131rla ve sakin bir \u015fekilde vir\u00fcsten korunmay\u0131 anlatmal\u0131\n\nPsikolog Sancak, otizmli \u00e7ocuklara salg\u0131ndan korunma y\u00f6ntemlerini anlatman\u0131n \u00f6nemine de\u011findi. Vir\u00fcs\u00fc \u00e7ocuklar\u0131n somut d\u00fcnyas\u0131na indirgemek gerekti\u011fini belirten Sancak, \"Sa\u011fl\u0131k Bakanl\u0131\u011f\u0131 taraf\u0131ndan bize sunulan korunma yollar\u0131n\u0131 \u00e7ocuklar\u0131m\u0131za aktarmam\u0131z gerekiyor. Otizmli \u00e7ocuklar\u0131n \u00f6\u011frenme a\u00e7\u0131s\u0131ndan di\u011fer \u00e7ocuklara g\u00f6re baz\u0131 farkl\u0131l\u0131klar\u0131 oldu\u011fu i\u00e7in ailelerin bu konuda zorland\u0131\u011f\u0131n\u0131 biliyoruz. Vir\u00fcs gibi g\u00f6r\u00fcnmeyen bir mikrop kayna\u011f\u0131n\u0131n bizde yarataca\u011f\u0131 sorunlar\u0131 \u00e7ocuklar\u0131n somut d\u00fcnyas\u0131na indirgemek laz\u0131m. \u0130ndirgeyebilmek i\u00e7in ailelerin \u00e7ok fazla tekrarlayan anlat\u0131mlar yapmas\u0131 hatta tekrarlayan davran\u0131\u015flar sergilemesi gerekecek. Bu tekrarlayan davran\u0131\u015flar\u0131 sergilemek aileleri yoruyor. Evlerde bu y\u00fczden i\u015fler \u00e7\u0131\u011f\u0131r\u0131ndan \u00e7\u0131kabilir. Bunu \u00f6nlemek i\u00e7in ailelerimizin sab\u0131rla ve sakin bir \u015fekilde vir\u00fcsten korunmay\u0131 anlatmaya devam etmesi gerekiyor. Ellerini mutlaka s\u0131k s\u0131k y\u0131kamas\u0131n\u0131 sa\u011flamal\u0131\" diye konu\u015ftu.\n\nKazan\u0131mlar\u0131n\u0131 kaybedebilir\n\nE\u011fitim s\u00fcrecinden uzak kalan otizmli bireylerin kazan\u0131lm\u0131\u015f becerilerden uzakla\u015fma tehlikesiyle de kar\u015f\u0131 kar\u015f\u0131ya oldu\u011funu dile getiren Sancak, ebeveynlerin deste\u011fiyle ve online e\u011fitim programlar\u0131 ile e\u011fitime devam etmesini tavsiye etti. \u00c7ocuklar\u0131n e\u011fitim s\u00fcreci hakk\u0131nda a\u00e7\u0131klamalarda bulunan Sancak, \u015funlar\u0131 s\u00f6yledi:\n\n\"\u00d6zel gereksinimi olan \u00e7ocuklar\u0131n uzaktan e\u011fitim yoluyla \u00f6rg\u00fcn e\u011fitime tabi tutulmas\u0131 pek m\u00fcmk\u00fcn de\u011fil. Hedefimiz \u00e7ocuklar\u0131n rehabilitasyon merkezlerine geri d\u00f6nmesi. \u00d6zellikle otizm ya\u015fam boyu devam eden bir durum. Bu durumu bir \u015fekilde kesintiye u\u011frat\u0131rsan\u0131z \u00e7ocuklar\u0131n kazan\u0131mlar\u0131n\u0131 kaybetme olas\u0131l\u0131klar\u0131 vard\u0131r. Biz de merkez olarak uygun geli\u015fimsel \u00f6zellikleri olan \u00e7ocuklarla telefonla ya da g\u00f6r\u00fcnt\u00fcl\u00fc g\u00f6r\u00fc\u015ft\u00fck. Devam eden e\u011fitim programlar\u0131n\u0131 ailelerimize g\u00f6nderdik ve evde devam etmelerini tavsiye ettik. Bir \u015fekilde ipin ucunu b\u0131rakmam\u0131z gerekiyor.\"\n\nKendisine zarar verebiliyor\n\n9 ya\u015f\u0131ndaki otizmli Hasan Ali'nin annesi Nilg\u00fcn Elver (42),rutini bozulan \u00e7ocu\u011funun zaman zaman \u00f6fke n\u00f6betleri ge\u00e7irebildi\u011fini belirterek, \"O\u011flumun ad\u0131 Hasan Ali. 2'nci s\u0131n\u0131fa gidiyor ama okullar kapal\u0131. Uzun zamand\u0131r evden d\u0131\u015far\u0131 \u00e7\u0131kmad\u0131k. \u00d6zel gereksinimi olan \u00e7ocuklar, t\u00fcm dernek ve federasyonlar\u0131n \u00e7at\u0131 \u00f6rg\u00fct\u00fc olan T\u00fcrkiye Otizm Meclisi'nin \u00e7al\u0131\u015fmalar\u0131 sayesinde bir refakat\u00e7i ile soka\u011fa \u00e7\u0131kma yasa\u011f\u0131 olsa da \u00e7\u0131kabiliyor ama d\u0131\u015far\u0131s\u0131 bizim i\u00e7in \u00e7ok riskli. Hasan Ali maske takmak istemiyor. Bizim gidebilece\u011fimiz yerler de park, bah\u00e7e gibi alanlar. Ancak hijyenik olmad\u0131\u011f\u0131ndan bizim i\u00e7in riskli. O y\u00fczden \u00e7\u0131km\u0131yoruz ancak olduk\u00e7a zorlan\u0131yoruz. \u00c7\u00fcnk\u00fc rutini bozuldu. Bu durum b\u00fct\u00fcn otizmliler i\u00e7in ge\u00e7erli. Belirli bir d\u00fczeni vard\u0131. Bu d\u00fczen ve rutin bozulunca \u00f6fke n\u00f6betlerine sebep oluyor. Kendilerine ve ailelerine zarar verebiliyorlar. Bazen durduram\u0131yoruz, sinirleniyor, d\u0131\u015far\u0131 \u00e7\u0131kmak istiyor\" dedi.\n\nOyunlarla \u00f6\u011fretiyorum\n\nBu ya\u015fananlar\u0131n nedenini \u00e7ocu\u011funa anlatmaya \u00e7al\u0131\u015ft\u0131\u011f\u0131n\u0131 dile getiren Elver, al\u0131nmas\u0131 gereken hijyen \u00f6nlemlerini oyun oynayarak \u00f6\u011fretti\u011fini s\u00f6yledi. Elver, \"Bizim \u00e7ocu\u011fumuz konu\u015fam\u0131yor. Anlatt\u0131klar\u0131m\u0131z\u0131 \u00e7ok net anlayam\u0131yor. Koronavir\u00fcs salg\u0131n\u0131n\u0131 anlatt\u0131\u011f\u0131m\u0131zda kabul etmiyor. Parka gitmek, markete gitmek, d\u0131\u015far\u0131da yemek yemek istiyor. \u015eu an bu duruma olanak yok. Ellerini y\u0131kamas\u0131 gerekti\u011fini oyun oynayarak, \u015fark\u0131larla yap\u0131yoruz. Balkona \u00e7\u0131kar\u0131p kimsenin olmad\u0131\u011f\u0131n\u0131 g\u00f6steriyoruz. Herkesin evde olmas\u0131 gerekti\u011fini anlat\u0131yoruz. Zaman zaman a\u011fl\u0131yor. \u0130lk haftalar daha da zorland\u0131k. B\u00f6yle durumlarda dikkatini da\u011f\u0131tmak i\u00e7in m\u00fczik a\u00e7\u0131p dans ediyoruz. Sevdi\u011fi bir yiyecekle oyal\u0131yoruz. T\u00fcrkiye'de 1 milyon otizmli \u00e7ocuk varsa ailelerle birlikte 4 milyon aile etkilendi\" diye konu\u015ftu.\n\nHasan Ali'nin babas\u0131 Ayd\u0131n Elver (51) ise, \"Biz soka\u011fa \u00e7\u0131kma yasa\u011f\u0131 uyguland\u0131\u011f\u0131nda al\u0131nan karar ile \u00e7ocukla soka\u011fa \u00e7\u0131kabiliyoruz ancak bir ki\u015fi \u00e7ocu\u011fa e\u015flik edebiliyor. Bizim \u00e7ocuklar\u0131m\u0131z hiperaktif \u00e7o\u011funlukla d\u0131\u015far\u0131da bir ki\u015finin ba\u015f etmesi m\u00fcmk\u00fcn de\u011fil. Elimizden kurtularak tehlikeli giri\u015fimlerde bulunabilir. O nedenle genelgenin kapsam\u0131 geni\u015fletilmeli. Ayr\u0131ca insanlar d\u0131\u015far\u0131da olduklar\u0131 s\u00fcre boyunca hastal\u0131k yay\u0131l\u0131yor. Bizlerin de evde kalma s\u00fcreci uzuyor. Hepimiz evde kalal\u0131m ve bu s\u00fcreci daha h\u0131zl\u0131 atlatal\u0131m\" dedi.\n\nOtizmli \u00e7ocuklar korona vir\u00fcs\u00fc anlayabilirler mi?\n\n\u00c7ocuk Geli\u015fim Uzman\u0131 Selin \u015eit konuyla ilgili \u015f\u00f6yle bilgi verdi: Otizm, genel olarak bak\u0131ld\u0131\u011f\u0131nda 3 ya\u015f\u0131ndan \u00f6nce belirtilerini g\u00f6stermeye ba\u015flayan ve ya\u015fam boyunca otizmde etkilenmi\u015f bireylerin ileti\u015fimde s\u0131n\u0131rl\u0131l\u0131klar ya\u015famas\u0131na sebep olan bir bozukluktur. Nedeni tam olarak bilinmemekle birlikte, genetik bir bozukluk oldu\u011fu d\u00fc\u015f\u00fcn\u00fclmektedir.\n\nOtizm belirtileri \u015funlard\u0131r; g\u00f6z temas\u0131 kuramama ya da s\u0131n\u0131rl\u0131 g\u00f6z temas\u0131 kurma, \u0130leti\u015fimde s\u0131n\u0131rl\u0131l\u0131klar, Dil konu\u015fmada gecikme, Y\u00f6nerge/ komut alamama, Ad\u0131na tepki vermeme, \u00c7evreye kar\u015f\u0131 ilgisizlik, Streotipik (tekrarlayan) hareketler (el \u00e7\u0131rpma, yerinde sallanma...),ac\u0131ya kar\u015f\u0131 duyars\u0131zl\u0131k, baz\u0131 durumlarda kendine veya kar\u015f\u0131s\u0131ndakine zarar verme.\n\nBu gibi belirtiler otizmden etkilenmi\u015f bireylerde g\u00f6r\u00fclebilir. Otizmin t\u00fcr\u00fcne g\u00f6re bu belirtilerin hepsi g\u00f6r\u00fclmeyebilir. Bunlardan bir ya da birka\u00e7\u0131 var ise bu ki\u015fi mutlaka bir uzman kontrol\u00fcnden ge\u00e7irilmelidir. Bu konuda yanl\u0131\u015f inan\u0131\u015flar; b\u00fcy\u00fcy\u00fcnce d\u00fczelir, zamanla konu\u015fur, babas\u0131 da ge\u00e7 konu\u015fmu\u015f, anlamamas\u0131 normal, o daha \u00e7ok k\u00fc\u00e7\u00fck, evet kollar\u0131n\u0131 sall\u0131yor ama sevindi\u011fi i\u00e7in yap\u0131yor, bu \u00e7ok normal.\n\n\u015eit, a\u011f\u0131r ve orta d\u00fczeyde otizmli bireyler ile a\u011f\u0131r d\u00fczeyde zihinsel engelli bireylerin vir\u00fcs kavram\u0131n\u0131 anlamakta zorluk ya\u015fad\u0131klar\u0131n\u0131 ifade ediyor:\n\nonlara mikrop kavram\u0131n\u0131 \u00e7e\u015fitli hikayeler ve deneyler ile somut olarak \u00f6\u011fretebilirsiniz. Vir\u00fcs\u00fcn k\u00fc\u00e7\u00fck mikroplar oldu\u011funu anlatabilirsiniz. En \u00f6nemli olan \u015fey ise, onlar\u0131n kendilerini nas\u0131l koruyacaklar\u0131n\u0131 \u00f6\u011fretmek olmal\u0131d\u0131r. Hijyen kurallar\u0131 \u00f6\u011fretilmeli, e\u011fer bu kurallara uymazsak hasta olaca\u011f\u0131m\u0131z anlat\u0131lmal\u0131. Kelimeleri a\u00e7\u0131k, net bir \u015fekilde vermeli ve anlamalar\u0131n\u0131 sa\u011flamal\u0131y\u0131z.\n\nYap\u0131lan resmi a\u00e7\u0131klamada, otizm veya herhangi bir engeli bulunan \u00e7ocuklar, sa\u011fl\u0131k ko\u015fullar\u0131na uydu\u011fu takdirde, bir refakat\u00e7i e\u015fli\u011finde ya\u015f\u0131 ka\u00e7 olursa olsun, park ve bah\u00e7elerde gezebilecekleri bildirilmi\u015ftir. \u00d6zellikle otizmden etkilenmi\u015f bireyler ayn\u0131l\u0131\u011fa a\u015f\u0131r\u0131 ba\u011fl\u0131 oldu\u011fu i\u00e7in, bozulan d\u00fczenleri onlar\u0131n bir tak\u0131m sorunlar ya\u015famalar\u0131na (streotipiklerde art\u0131\u015f, \u00f6fke n\u00f6betleri vs) sebep olabilir. Bu s\u00fcre\u00e7te \u00e7ocuklar\u0131m\u0131z\u0131n psikolojik olarak etkilenmemeleri i\u00e7in d\u00fczenlerinin olabildi\u011fince bozulmamas\u0131na \u00e7al\u0131\u015f\u0131lmal\u0131d\u0131r.\n\n\u00d6zel gereksinimli \u00e7ocuklar\u0131n evdeki en b\u00fcy\u00fck ihtiyac\u0131 oyun\n\n\u00d6zel gereksinimli \u00e7ocuklarla ilgili \u00e7al\u0131\u015fmalar y\u00fcr\u00fcten sivil toplum kurulu\u015fu temsilcileri, yeni tip koronavir\u00fcsle (Kovid-19) m\u00fccadele s\u00fcrecinde ailelere, \"Durum ne kadar zorlu olursa olsun evde rutinler olu\u015fturun. Oyun, dans ve ev i\u015fi g\u00f6revleri \u00e7ocuklar i\u00e7in yararl\u0131 aktiviteler.\" \u00f6nerisinde bulundu.\n\nZihinsel \u00d6z\u00fcrl\u00fcler Federasyonu Genel Ba\u015fkan\u0131 Aynur Dankaz ile Otizm Vakf\u0131 Y\u00f6netim Kurulu Ba\u015fkan\u0131 Ayd\u0131n \u00c7ayan, yeni tip koronavir\u00fcsle m\u00fccadele s\u00fcrecinde \u00f6zel gereksinimli \u00e7ocuklar\u0131n evdeki e\u011fitim ve geli\u015fim s\u00fcrecine ili\u015fkin de\u011ferlendirmeler yapt\u0131.\n\nZihinsel engelli iki evlad\u0131 bulunan Dankaz, \"\u015eu an zihinsel engelli \u00e7ocuklar\u0131n aileleri olarak koronavir\u00fcsle birlikte ayn\u0131 anda bir\u00e7ok zorlukla da y\u00fczle\u015fiyoruz. \u00c7ocuklar\u0131n enerjilerini evin i\u00e7inde do\u011fru kanalize etmek ger\u00e7ekten \u00e7ok zor. Gece uykusuzluklar\u0131, ba\u011f\u0131rmalar gibi bir\u00e7ok olumsuzlukla sava\u015f veriyoruz.\" ifadelerini kulland\u0131.\n\nBu noktada \u00f6zel e\u011fitim ve rehabilitasyon merkezlerinin \u00f6zel gereksinimli \u00e7ocuklar a\u00e7\u0131s\u0131ndan \u00f6neminin bir kez daha anla\u015f\u0131ld\u0131\u011f\u0131n\u0131 vurgulayan Dankaz, \"Zihinsel engelli \u00e7ocuklar i\u00e7in \u00f6zel e\u011fitim vazge\u00e7ilmez, ya\u015fam boyu devam etmesi gereken bir husus. Bu da ancak y\u00fcz y\u00fcze e\u011fitimle m\u00fcmk\u00fcn. Ekran \u00fczerinden verilen e\u011fitimlere adapte olabilmeleri m\u00fcmk\u00fcn de\u011fil.\" diye konu\u015ftu.\n\n\"En b\u00fcy\u00fck kayg\u0131; bana bir \u015fey olursa \u00e7ocuklar\u0131m ne yapar\"\n\nAynur Dankaz, sadece zihinsel engelli \u00e7ocuklar\u0131n de\u011fil ailelerinin de bu s\u00fcre\u00e7le ba\u015f etmede zorland\u0131\u011f\u0131na i\u015faret ederek, s\u00f6zlerini \u015f\u00f6yle s\u00fcrd\u00fcrd\u00fc:\n\n\"Aileler zaten var olan engel durumlar\u0131yla sava\u015f\u0131rken m\u00fccadeleleri koronavir\u00fcsle birlikte daha da zorla\u015ft\u0131. En b\u00fcy\u00fck kayg\u0131; bana bir \u015fey olursa \u00e7ocuklar\u0131m ne yapar. \u00c7ocuklara bir \u015fey olsa onlara uygun sa\u011fl\u0131k imkanlar\u0131n\u0131n sunulaca\u011f\u0131 bir yer de bulunmuyor. Maskeye kar\u015f\u0131 da tepkileri olabiliyor. Bu nedenle evde ger\u00e7ekten hapis kald\u0131k.\n\n\u00d6zel e\u011fitim ve rehabilitasyon merkezlerinin, buralardaki e\u011fitimcilerin de durumlar\u0131 d\u00fc\u015f\u00fcn\u00fclerek, gereken t\u00fcm \u00f6nlemler al\u0131nmak ko\u015fuluyla en az\u0131ndan haftada bir g\u00fcn eve gelen hocalarla y\u00fcz y\u00fcze e\u011fitim imkan\u0131 tan\u0131nabilir. Rehabilitasyon \u00e7ok \u00f6nemli, \u00e7ocuklar\u0131m\u0131z i\u00e7in hayati. Devlet taraf\u0131ndan \u00f6zel e\u011fitim ve rehabilitasyon merkezlerinin de korunmaya al\u0131nmas\u0131, varl\u0131klar\u0131n\u0131 s\u00fcrd\u00fcrmelerinin sa\u011flanmas\u0131 gerekiyor.\"\n\n\"Evde de rutinleri olmal\u0131\"\n\nDankaz, aileler i\u00e7in de \"Durum ne kadar zorlu olursa olsun, mutlaka s\u00fcrecin etkilerini hafifletebilmek ad\u0131na yap\u0131labilecek \u015feyler var. Aileler her \u015feyden \u00f6nce \u00f6zel gereksinimli \u00e7ocuklar\u0131na evde de bir rutin olu\u015fturmal\u0131 ve bunu hi\u00e7 bozmamal\u0131. \u00d6zellikle \u00e7al\u0131\u015fan aileler, \u00e7ocuklar\u0131yla birlikte vakit ge\u00e7irebilmenin iyi yanlar\u0131n\u0131 da g\u00f6rmeli. \u00c7ocuklarla birlikte dans etmek, oyunlar oynamak rutinin olmazsa olmazlar\u0131. Bunlar ailelere de iyi gelecek aktiviteler.\" \u00f6nerisinde bulundu.\n\n\"\u00c7ocuklara ev i\u015fi g\u00f6revleri verin\"\n\nOtizm Vakf\u0131 Ba\u015fkan\u0131 Ayd\u0131n \u00c7ayan ise otizmli \u00e7ocuklar\u0131n ailelerinin zaten s\u0131n\u0131rl\u0131 bir sosyal ya\u015famlar\u0131 oldu\u011funa i\u015faret etti.\n\nOtizmli bir \u00e7ocu\u011fu olan \u00c7ayan, vak\u0131f olarak da ailelere evde yap\u0131labilecek aktivitelerle ilgili d\u00fczenli bilgilendirmede bulunduklar\u0131n\u0131, akademisyenlerin kat\u0131l\u0131m\u0131yla canl\u0131 yay\u0131nlar d\u00fczenlediklerini belirterek, \u015f\u00f6yle konu\u015ftu:\n\n\"Otizmli \u00e7ocuklar\u0131n aileleri a\u00e7\u0131s\u0131ndan evdeki imkanlar \u00e7ok s\u0131n\u0131rl\u0131. B\u00fct\u00fcn insanlar\u0131n sinirleri bozuldu, kayg\u0131lar\u0131 artt\u0131 ama bu aileler a\u00e7\u0131s\u0131ndan durum \u00e7ok daha zor. Bir kere konu \u00f6zel e\u011fitim oldu\u011funda bir anne-baban\u0131n \u00f6\u011fretmenlik yapabilmesi \u00e7ok zor. Aileler, her \u015feye kar\u015f\u0131n, oyun temelli i\u015flerle \u00e7ocuklar\u0131 ve kendilerindeki olumsuz etkileri azaltabilirler. \u00c7ocuklara ev i\u015fi g\u00f6revleri vermeleri \u00e7ocuklar a\u00e7\u0131s\u0131ndan yararl\u0131 olacakt\u0131r.\"\n\n\"Merkezlerinin daha faydal\u0131 hale gelmesi i\u00e7in f\u0131rsat olabilir\"\n\n\u00c7ayan, koronavir\u00fcsle m\u00fccadelede \u00f6zel e\u011fitim ve rehabilitasyon merkezlerinin zor bir s\u00fcre\u00e7ten ge\u00e7ti\u011fine, e\u011fitimcilerin i\u015fsiz kalmakla kar\u015f\u0131 kar\u015f\u0131ya bulundu\u011funa i\u015faret ederek, bu konuda merkezlere destek verilmesi gerekti\u011fini vurgulad\u0131.\n\nMerkezlerin salg\u0131nla ilgili s\u00fcrecin yan\u0131nda k\u00f6kl\u00fc sorunlar\u0131 oldu\u011funa da dikkati \u00e7eken \u00c7ayan, \"Belki bu s\u00fcre\u00e7 \u00f6zel e\u011fitim ve rehabilitasyon merkezlerinin daha faydal\u0131 hale getirilmesi a\u00e7\u0131s\u0131ndan da bir f\u0131rsat olabilir. Haftada 8 seans bireysel, 4 seans da grup e\u011fitimi ile yol al\u0131nam\u0131yor. \u00c7ocuklara faydas\u0131 minimum d\u00fczeyde. \u00c7ocuklar\u0131n g\u00fcn i\u00e7inde hem ailelerinden ba\u011f\u0131ms\u0131zl\u0131k kazanmalar\u0131 hem de e\u011fitimlerinin yo\u011fun devam etmesini sa\u011flayacak sisteme ge\u00e7memiz gerekiyor.\" de\u011ferlendirmesinde bulundu.",
    "keywords": [
        "bireylere",
        "anlatmal\u0131y\u0131z",
        "i\u00e7in",
        "\u00e7ocuklar\u0131n",
        "e\u011fitim",
        "\u00f6zel",
        "bir",
        "koronavir\u00fcs\u00fc",
        "otizmli",
        "nas\u0131l",
        "ve",
        "da",
        "evde",
        "bu"
    ],
    "meta_keywords": [
        ""
    ],
    "publish_date": {
        "$date": 1589876141000
    },
    "summary": "Otizmli \u00e7ocuklar i\u00e7inde bulundu\u011fumuz bu ola\u011fan\u00fcst\u00fc durumu anlayamayabilirler.\nBu nedenle de otizmli \u00e7ocuklara koronavir\u00fcs\u00fcn ne oldu\u011funu ve neden hep beraber evde kalmam\u0131z gerekti\u011fini anlatmak son derece \u00f6nemli.\nOtizmli \u00e7ocuklar, al\u0131\u015ft\u0131klar\u0131 d\u00fczenlerinin neden bozuldu\u011funu, neden kula gidemediklerini ve d\u0131\u015far\u0131 \u00e7\u0131kamad\u0131klar\u0131n\u0131, bunun bir zorunluluktan kaynakland\u0131\u011f\u0131n\u0131 anlayabilirler.\nHerkesin uygulamak zorunda oldu\u011fu koronavir\u00fcs tedbir kurallar\u0131n\u0131, el y\u0131kaman\u0131n ve y\u00fcz\u00fcne dokunmamas\u0131 gerekti\u011fini, sosyal mesafeye uymas\u0131n\u0131 ve maske takmak zorunda olduklar\u0131n\u0131 \u00f6\u011frenebilirler.\nRutinler ve d\u00fczen otizmli \u00e7ocu\u011fun kayg\u0131ya kap\u0131lmas\u0131n\u0131 engellerOtizmli \u00e7ocuklar, rutinlere ihtiya\u00e7 duyarlar.\nYap\u0131lacaklar\u0131 \u00f6nceden belirleyip saatleriyle bir tablo olu\u015fturabilir, bitmesine 2-3 dakika kala da alarm kurabilirsiniz.\nBu rutinler ve d\u00fczen \u00e7ocu\u011fun kayg\u0131ya kap\u0131lmas\u0131n\u0131 engelleyecektir.\nOtizmli \u00e7ocuklar \u00f6fke, endi\u015fe, korku gibi duygulara kap\u0131ld\u0131klar\u0131nda tekrar eden davran\u0131\u015flar g\u00f6sterebilirler.\nBu da krize girmelerini engelleyebilir.\n\u00d6te yandan korkuya kap\u0131lmalar\u0131na neden olabilecek televizyon programlar\u0131ndan ve yanlar\u0131nda endi\u015fe verici konu\u015fabilecek ki\u015filerden de uzak tutmaya \u00f6zen g\u00f6stermek \u00f6nemli olacakt\u0131r.\nOtizmli \u00e7ocuklar\u0131n aileleri bu hastal\u0131\u011f\u0131n genel seyrini bilirler ancak yine i\u00e7inde bulundu\u011fumuz ola\u011fan\u00fcst\u00fc durumun nas\u0131l bir yans\u0131mas\u0131 olabilece\u011fini kestirmek de zor olabilir.\nUyku, yemek gibi temel davran\u0131\u015flar\u0131nda ve al\u0131\u015fkanl\u0131klar\u0131nda sorun g\u00f6zlemlerseniz, bunu a\u015f\u0131r\u0131ya ka\u00e7mad\u0131\u011f\u0131 taktirde normal kabul edebilirsiniz.\n\u00d6te yandan doktorunuzla s\u00fcrekli ileti\u015fim halinde kalmak ve yak\u0131ndan g\u00f6zlemlemek, koronavir\u00fcs s\u00fcrecinde daha do\u011fru bir yakla\u015f\u0131m olacakt\u0131r.\nVir\u00fcs\u00fc otizmli bireylere nas\u0131l anlatmal\u0131y\u0131z?\nOtizmli bireylerin rutinleri bozuldu\u011funda davran\u0131\u015f problemler ya\u015fayabilece\u011fini ifade eden uzmanlar, soka\u011fa \u00e7\u0131kma k\u0131s\u0131tlamalar\u0131nda ailelerin zor g\u00fcnler ge\u00e7irdi\u011fini belirtti.\nSa\u011fl\u0131k a\u00e7\u0131s\u0131ndan \u00f6nceli\u011fin evde kalmak oldu\u011funu vurgulayan uzmanlar, otizmli bireyleri salg\u0131ndan korumak i\u00e7in yapmas\u0131 gerekenleri anlatt\u0131.\n\u0130zmir'de \u00f6zel e\u011fitim ve rehabilitasyon merkezi m\u00fcd\u00fcr\u00fc Psikolog Ersin Sancak otizmli bireylerin ve ebeveynlerin karantina s\u00fcrecine ili\u015fkin ya\u015fayabilece\u011fi zorluklar\u0131 aktard\u0131.\nHer yerden bula\u015fabilirOtizmli \u00e7ocuklar\u0131n ve ebeveynlerin evde kalma s\u00fcrecini daha zor ge\u00e7ti\u011fini dile getiren Psikolog Ersin Sancak, \"Otizm \u00fc\u00e7 ya\u015f\u0131ndan \u00f6nce ba\u015flayan, n\u00f6rogeli\u015fimsel bir sorundur.\nOtizmli \u00e7ocuklar\u0131m\u0131z\u0131n genellikle sosyal ve ileti\u015fimsel problemleri vard\u0131r.\nHepimiz i\u00e7in zor bir s\u00fcre\u00e7 ancak otizmli \u00e7ocuklar\u0131m\u0131z i\u00e7in daha zor.\nOtizmli \u00e7ocuklarla \u00e7al\u0131\u015fan dernekler, federasyonlar, kurumlar \u0130\u00e7i\u015fleri Bakanl\u0131\u011f\u0131'na talepte bulundu ve gerekli ko\u015fullar\u0131n sa\u011flanmas\u0131 halinde \u00e7ocuklar\u0131m\u0131z\u0131n soka\u011fa \u00e7\u0131kmas\u0131 m\u00fcmk\u00fcn.\nSonu\u00e7ta bir vir\u00fcs ve her yerden bula\u015fabilir.\nAilelerimiz sab\u0131rla ve sakin bir \u015fekilde vir\u00fcsten korunmay\u0131 anlatmal\u0131Psikolog Sancak, otizmli \u00e7ocuklara salg\u0131ndan korunma y\u00f6ntemlerini anlatman\u0131n \u00f6nemine de\u011findi.\nVir\u00fcs\u00fc \u00e7ocuklar\u0131n somut d\u00fcnyas\u0131na indirgemek gerekti\u011fini belirten Sancak, \"Sa\u011fl\u0131k Bakanl\u0131\u011f\u0131 taraf\u0131ndan bize sunulan korunma yollar\u0131n\u0131 \u00e7ocuklar\u0131m\u0131za aktarmam\u0131z gerekiyor.\nOtizmli \u00e7ocuklar\u0131n \u00f6\u011frenme a\u00e7\u0131s\u0131ndan di\u011fer \u00e7ocuklara g\u00f6re baz\u0131 farkl\u0131l\u0131klar\u0131 oldu\u011fu i\u00e7in ailelerin bu konuda zorland\u0131\u011f\u0131n\u0131 biliyoruz.\nBunu \u00f6nlemek i\u00e7in ailelerimizin sab\u0131rla ve sakin bir \u015fekilde vir\u00fcsten korunmay\u0131 anlatmaya devam etmesi gerekiyor.\nKazan\u0131mlar\u0131n\u0131 kaybedebilirE\u011fitim s\u00fcrecinden uzak kalan otizmli bireylerin kazan\u0131lm\u0131\u015f becerilerden uzakla\u015fma tehlikesiyle de kar\u015f\u0131 kar\u015f\u0131ya oldu\u011funu dile getiren Sancak, ebeveynlerin deste\u011fiyle ve online e\u011fitim programlar\u0131 ile e\u011fitime devam etmesini tavsiye etti.\n\u00c7ocuklar\u0131n e\u011fitim s\u00fcreci hakk\u0131nda a\u00e7\u0131klamalarda bulunan Sancak, \u015funlar\u0131 s\u00f6yledi:\"\u00d6zel gereksinimi olan \u00e7ocuklar\u0131n uzaktan e\u011fitim yoluyla \u00f6rg\u00fcn e\u011fitime tabi tutulmas\u0131 pek m\u00fcmk\u00fcn de\u011fil.\nBu durumu bir \u015fekilde kesintiye u\u011frat\u0131rsan\u0131z \u00e7ocuklar\u0131n kazan\u0131mlar\u0131n\u0131 kaybetme olas\u0131l\u0131klar\u0131 vard\u0131r.\nDevam eden e\u011fitim programlar\u0131n\u0131 ailelerimize g\u00f6nderdik ve evde devam etmelerini tavsiye ettik.\nKendisine zarar verebiliyor9 ya\u015f\u0131ndaki otizmli Hasan Ali'nin annesi Nilg\u00fcn Elver (42),rutini bozulan \u00e7ocu\u011funun zaman zaman \u00f6fke n\u00f6betleri ge\u00e7irebildi\u011fini belirterek, \"O\u011flumun ad\u0131 Hasan Ali.\nT\u00fcrkiye'de 1 milyon otizmli \u00e7ocuk varsa ailelerle birlikte 4 milyon aile etkilendi\" diye konu\u015ftu.\nHepimiz evde kalal\u0131m ve bu s\u00fcreci daha h\u0131zl\u0131 atlatal\u0131m\" dedi.\nBunlardan bir ya da birka\u00e7\u0131 var ise bu ki\u015fi mutlaka bir uzman kontrol\u00fcnden ge\u00e7irilmelidir.\n\u015eit, a\u011f\u0131r ve orta d\u00fczeyde otizmli bireyler ile a\u011f\u0131r d\u00fczeyde zihinsel engelli bireylerin vir\u00fcs kavram\u0131n\u0131 anlamakta zorluk ya\u015fad\u0131klar\u0131n\u0131 ifade ediyor:onlara mikrop kavram\u0131n\u0131 \u00e7e\u015fitli hikayeler ve deneyler ile somut olarak \u00f6\u011fretebilirsiniz.\n\u00d6zellikle otizmden etkilenmi\u015f bireyler ayn\u0131l\u0131\u011fa a\u015f\u0131r\u0131 ba\u011fl\u0131 oldu\u011fu i\u00e7in, bozulan d\u00fczenleri onlar\u0131n bir tak\u0131m sorunlar ya\u015famalar\u0131na (streotipiklerde art\u0131\u015f, \u00f6fke n\u00f6betleri vs) sebep olabilir.\nZihinsel \u00d6z\u00fcrl\u00fcler Federasyonu Genel Ba\u015fkan\u0131 Aynur Dankaz ile Otizm Vakf\u0131 Y\u00f6netim Kurulu Ba\u015fkan\u0131 Ayd\u0131n \u00c7ayan, yeni tip koronavir\u00fcsle m\u00fccadele s\u00fcrecinde \u00f6zel gereksinimli \u00e7ocuklar\u0131n evdeki e\u011fitim ve geli\u015fim s\u00fcrecine ili\u015fkin de\u011ferlendirmeler yapt\u0131.\nZihinsel engelli iki evlad\u0131 bulunan Dankaz, \"\u015eu an zihinsel engelli \u00e7ocuklar\u0131n aileleri olarak koronavir\u00fcsle birlikte ayn\u0131 anda bir\u00e7ok zorlukla da y\u00fczle\u015fiyoruz.\nBu noktada \u00f6zel e\u011fitim ve rehabilitasyon merkezlerinin \u00f6zel gereksinimli \u00e7ocuklar a\u00e7\u0131s\u0131ndan \u00f6neminin bir kez daha anla\u015f\u0131ld\u0131\u011f\u0131n\u0131 vurgulayan Dankaz, \"Zihinsel engelli \u00e7ocuklar i\u00e7in \u00f6zel e\u011fitim vazge\u00e7ilmez, ya\u015fam boyu devam etmesi gereken bir husus.\nBu da ancak y\u00fcz y\u00fcze e\u011fitimle m\u00fcmk\u00fcn.\n\u00d6zel e\u011fitim ve rehabilitasyon merkezlerinin, buralardaki e\u011fitimcilerin de durumlar\u0131 d\u00fc\u015f\u00fcn\u00fclerek, gereken t\u00fcm \u00f6nlemler al\u0131nmak ko\u015fuluyla en az\u0131ndan haftada bir g\u00fcn eve gelen hocalarla y\u00fcz y\u00fcze e\u011fitim imkan\u0131 tan\u0131nabilir.\nDevlet taraf\u0131ndan \u00f6zel e\u011fitim ve rehabilitasyon merkezlerinin de korunmaya al\u0131nmas\u0131, varl\u0131klar\u0131n\u0131 s\u00fcrd\u00fcrmelerinin sa\u011flanmas\u0131 gerekiyor.\"\n\"Evde de rutinleri olmal\u0131\"Dankaz, aileler i\u00e7in de \"Durum ne kadar zorlu olursa olsun, mutlaka s\u00fcrecin etkilerini hafifletebilmek ad\u0131na yap\u0131labilecek \u015feyler var.\nAileler her \u015feyden \u00f6nce \u00f6zel gereksinimli \u00e7ocuklar\u0131na evde de bir rutin olu\u015fturmal\u0131 ve bunu hi\u00e7 bozmamal\u0131.\n\"\u00c7ocuklara ev i\u015fi g\u00f6revleri verin\"Otizm Vakf\u0131 Ba\u015fkan\u0131 Ayd\u0131n \u00c7ayan ise otizmli \u00e7ocuklar\u0131n ailelerinin zaten s\u0131n\u0131rl\u0131 bir sosyal ya\u015famlar\u0131 oldu\u011funa i\u015faret etti.\nOtizmli bir \u00e7ocu\u011fu olan \u00c7ayan, vak\u0131f olarak da ailelere evde yap\u0131labilecek aktivitelerle ilgili d\u00fczenli bilgilendirmede bulunduklar\u0131n\u0131, akademisyenlerin kat\u0131l\u0131m\u0131yla canl\u0131 yay\u0131nlar d\u00fczenlediklerini belirterek, \u015f\u00f6yle konu\u015ftu:\"Otizmli \u00e7ocuklar\u0131n aileleri a\u00e7\u0131s\u0131ndan evdeki imkanlar \u00e7ok s\u0131n\u0131rl\u0131.\nBir kere konu \u00f6zel e\u011fitim oldu\u011funda bir anne-baban\u0131n \u00f6\u011fretmenlik yapabilmesi \u00e7ok zor.\n\"Merkezlerinin daha faydal\u0131 hale gelmesi i\u00e7in f\u0131rsat olabilir\"\u00c7ayan, koronavir\u00fcsle m\u00fccadelede \u00f6zel e\u011fitim ve rehabilitasyon merkezlerinin zor bir s\u00fcre\u00e7ten ge\u00e7ti\u011fine, e\u011fitimcilerin i\u015fsiz kalmakla kar\u015f\u0131 kar\u015f\u0131ya bulundu\u011funa i\u015faret ederek, bu konuda merkezlere destek verilmesi gerekti\u011fini vurgulad\u0131.\nMerkezlerin salg\u0131nla ilgili s\u00fcrecin yan\u0131nda k\u00f6kl\u00fc sorunlar\u0131 oldu\u011funa da dikkati \u00e7eken \u00c7ayan, \"Belki bu s\u00fcre\u00e7 \u00f6zel e\u011fitim ve rehabilitasyon merkezlerinin daha faydal\u0131 hale getirilmesi a\u00e7\u0131s\u0131ndan da bir f\u0131rsat olabilir.\n\u00c7ocuklar\u0131n g\u00fcn i\u00e7inde hem ailelerinden ba\u011f\u0131ms\u0131zl\u0131k kazanmalar\u0131 hem de e\u011fitimlerinin yo\u011fun devam etmesini sa\u011flayacak sisteme ge\u00e7memiz gerekiyor.\"",
    "article_html": "",
    "meta_description": "Koronavir\u00fcs nedeniyle 'Evde kal' \u00e7a\u011fr\u0131lar\u0131 devam ederken, otizmli bireyler de salg\u0131n nedeniyle soka\u011fa \u00e7\u0131kam\u0131yor. Bu durum hem onlar\u0131, hem de ailelerini etkilerken, uzmanlar evde kalan otizmli bireylere koronavir\u00fcs\u00fc anlatman\u0131n hayati \u00f6nem ta\u015f\u0131d\u0131\u011f\u0131n\u0131 vurguluyor.",
    "meta_lang": "tr"
}