{
    "article_id": "f3ca3c3016c4078e38fede8dd8f6facf.1589925546.8762383",
    "title": "Fatih Sultan Mehmet'e \u00e2\u015f\u0131k olan \u015fair",
    "authors": [],
    "canonical_link": "https://www.haberturk.com/fatih-sultan-mehmet-e-sik-olan-sair-2684048",
    "url": "http://haberturk.com/fatih-sultan-mehmet-e-sik-olan-sair-2684048",
    "top_img": "https://im.haberturk.com/2020/05/19/ver1589920251/2684048_1200x627.jpg",
    "meta_img": "https://im.haberturk.com/2020/05/19/ver1589920251/2684048_1200x627.jpg",
    "movies": [],
    "text": "Mehmet \u00c7al\u0131\u015fkan mcaliskan@cyh.com.tr\n\nOsmanl\u0131 \u0130mparatorlu\u011fu'nun bilinen ilk M\u00fcsl\u00fcman kad\u0131n \u015fairi olan Zeynep Hatun'un do\u011fum tarihi dahil olmak \u00fczere hakk\u0131nda fazla bilgi bulunmuyor.\n\nAmasya'da do\u011fan Zeynep Hatun'un babas\u0131 Kad\u0131 Mehmet \u00c7elebi.\n\n\u015eair Latifi'ye g\u00f6re Kastamonu'da, \u00c2\u015f\u0131k \u00c7elebi'ye g\u00f6re ise Amasya'da do\u011fdu. Do\u011fum yeri konusunda farkl\u0131 g\u00f6r\u00fc\u015flere sahip olsalar da her iki \u015faire g\u00f6re Zeynep Hatun, ya\u015fam\u0131n\u0131n bir d\u00f6nemini \u0130stanbul'da ge\u00e7irdi.\n\nDivan \u015fiiri motiflerine ba\u011fl\u0131 kald\u0131\u011f\u0131 eserlerinde, d\u00f6nemin erkek \u015fairlerinin a\u015fk anlay\u0131\u015f\u0131n\u0131 Zeynep Hatun, \u015fiirlerinde i\u00e7ten bir anlat\u0131mla kaleme ald\u0131.\n\nZeynep Hatun'a g\u00f6re yumu\u015fakl\u0131k, sevecenlik gibi kad\u0131na \u00f6zg\u00fc de\u011ferler zay\u0131fl\u0131k ve ruhsal eksikliktir.\n\nZeynep Hatun'un en bilinen \u015fiiri Fatih Sultan Mehmet'e a\u015fk\u0131n\u0131 ilan etti\u011fi \u015fiirdir;\n\n\u015eeh\u00e2 bu s\u00fbret-i z\u00eeb\u00e2 sana Hak'dan in\u00e2yettir,\n\nSanas\u0131n S\u00fbre-i Y\u00fbsuf cem\u00e2linden bir \u00e2yettir.\n\nSenin h\u00fcsn\u00fcn, benim a\u015fk\u0131m, senin cevrin, benim sabr\u0131m,\n\nDem\u00e2dem artar, eksilmez, t\u00fckenmez, b\u00ee-nih\u00e2yettir.\n\n\u015eiirin g\u00fcn\u00fcm\u00fcz T\u00fcrk\u00e7esi \u015f\u00f6yledir;\n\nG\u00fczel varl\u0131\u011f\u0131n Tanr\u0131'n\u0131n arma\u011fan\u0131d\u0131r sana Sultan\u0131m,\n\nYusuf S\u00fbresi'nin bir \u00e2yeti benzeri.\n\nSenin g\u00fczelli\u011fin, benim a\u015fk\u0131m, senin incitmen ve benim sabr\u0131m\n\nArt\u0131yor her an ve de artacak sonsuza dek.\n\nZeynep Hatun'un \u00f6zel hayat\u0131 konusunda da farkl\u0131 g\u00f6r\u00fc\u015fler bulunuyor.\n\n\u00c2\u015f\u0131k \u00c7elebi ve bir ka\u00e7 kayna\u011fa g\u00f6re Zeynep Hatun, \u0130shak Fehmi \u00c7elebi ile evlendi. \u015eair Latifi'ye g\u00f6re ise hi\u00e7 evlenmedi.\n\nZeynep Hatun ile \u00e7a\u011fda\u015f\u0131 olan Mihri Hatun ile aralar\u0131nda latifeler ve \u015fiir s\u00f6yle\u015fmeleri oldu. Zeynep Hatun, ya\u015fam\u0131n\u0131n son d\u00f6neminde \u015fiiri b\u0131rakarak inzivaya \u00e7ekildi\u011fi Amasya'da 1474'e vefat etti. Zeynep Hatun'un kabrinin nerede oldu\u011fu bilinmiyor.\n\nGAZEL\n\nKe\u015ffet nikab\u0131n\u0131 yeri g\u00f6\u011f\u00fc m\u00fcnevver et\n\nBu \u00e2lem anas\u0131r\u0131 firdevs-i enver et\n\nDepret lebini c\u00fc\u015fe getir hacz-i kevseri\n\nAnber sa\u00e7\u0131n\u0131 \u00e7\u00f6z bu cinan\u0131 muattar et\n\nHatt\u0131n berat verdi saba yeline dedi\n\nTez er Hatay'a \u00c7in'i tamam et m\u00fcseehhar et\n\nY\u00e2ra yolunda \u00e2\u015fk ile derdinden \u00f6lenin\n\nKim der sana ki hecr ile c\u00e2n\u0131n m\u00fckedder et\n\nZeynep \u00e7\u00fc dost z\u00fclf\u00fc gibi tar\u00fcmars\u0131n\n\nDivane olma \u015fiirini divan \u00fc defter et\n\nZeyneb ko meyli zinet-i dunyaya zen gibi\n\nMerdane var Sade-dil ol terk-i ziver it\n\nGazelin g\u00fcn\u00fcm\u00fcz T\u00fcrk\u00e7esi;\n\n\u00d6\u011fren bilinmeyeni, ayd\u0131nlat \u0131\u015f\u0131\u011f\u0131nla\n\nD\u00fcnyay\u0131 ve cennet bah\u00e7elerini.\n\nCo\u015ftur s\u00f6zlerinle cennetin \u0131rmaklar\u0131n\u0131\n\n\u00c7\u00f6z sa\u00e7lar\u0131n\u0131, yay\u0131ls\u0131n kokun d\u00fcnyaya.\n\nDuyur Hatay'dan \u00c7in'e kadar\n\nYazd\u0131klar\u0131n\u0131 bir r\u00fczgar h\u0131z\u0131yla.\n\nDertlenme, sevdi\u011fine kavu\u015fmak i\u00e7in\n\n\u00c7\u00fcnk\u00fc demez hi\u00e7 kimse, \u00fczme art\u0131k yeter kendini.\n\nZeynep, darmada\u011f\u0131n\u0131ks\u0131n sen\n\nYapma hata, topla \u015fiirlerini, yaz divan\u0131n\u0131.\n\nZeynep, b\u0131rak teferruat\u0131\n\nUla\u015f \u00f6ze, cesaretle ve de a\u00e7\u0131k s\u00f6zle.\n\nPER\u015eEMBE: Mihri Hatun\n\n'KORONA G\u00dcNLER\u0130NDE \u015e\u0130\u0130R'\u0130N D\u0130\u011eER \u015eA\u0130RLER\u0130",
    "keywords": [
        "hatun",
        "g\u00f6re",
        "bir",
        "hatunun",
        "\u00e2\u015f\u0131k",
        "fatih",
        "benim",
        "olan",
        "zeynep",
        "sana",
        "mehmete",
        "ve",
        "\u015fiiri",
        "sultan",
        "ile",
        "\u015fair"
    ],
    "meta_keywords": [
        ""
    ],
    "publish_date": {
        "$date": 1589920251000
    },
    "summary": "Mehmet \u00c7al\u0131\u015fkan mcaliskan@cyh.com.trOsmanl\u0131 \u0130mparatorlu\u011fu'nun bilinen ilk M\u00fcsl\u00fcman kad\u0131n \u015fairi olan Zeynep Hatun'un do\u011fum tarihi dahil olmak \u00fczere hakk\u0131nda fazla bilgi bulunmuyor.\nAmasya'da do\u011fan Zeynep Hatun'un babas\u0131 Kad\u0131 Mehmet \u00c7elebi.\n\u015eair Latifi'ye g\u00f6re Kastamonu'da, \u00c2\u015f\u0131k \u00c7elebi'ye g\u00f6re ise Amasya'da do\u011fdu.\nDo\u011fum yeri konusunda farkl\u0131 g\u00f6r\u00fc\u015flere sahip olsalar da her iki \u015faire g\u00f6re Zeynep Hatun, ya\u015fam\u0131n\u0131n bir d\u00f6nemini \u0130stanbul'da ge\u00e7irdi.\nDivan \u015fiiri motiflerine ba\u011fl\u0131 kald\u0131\u011f\u0131 eserlerinde, d\u00f6nemin erkek \u015fairlerinin a\u015fk anlay\u0131\u015f\u0131n\u0131 Zeynep Hatun, \u015fiirlerinde i\u00e7ten bir anlat\u0131mla kaleme ald\u0131.\nZeynep Hatun'a g\u00f6re yumu\u015fakl\u0131k, sevecenlik gibi kad\u0131na \u00f6zg\u00fc de\u011ferler zay\u0131fl\u0131k ve ruhsal eksikliktir.\nZeynep Hatun'un en bilinen \u015fiiri Fatih Sultan Mehmet'e a\u015fk\u0131n\u0131 ilan etti\u011fi \u015fiirdir;\u015eeh\u00e2 bu s\u00fbret-i z\u00eeb\u00e2 sana Hak'dan in\u00e2yettir,Sanas\u0131n S\u00fbre-i Y\u00fbsuf cem\u00e2linden bir \u00e2yettir.\nSenin h\u00fcsn\u00fcn, benim a\u015fk\u0131m, senin cevrin, benim sabr\u0131m,Dem\u00e2dem artar, eksilmez, t\u00fckenmez, b\u00ee-nih\u00e2yettir.\n\u015eiirin g\u00fcn\u00fcm\u00fcz T\u00fcrk\u00e7esi \u015f\u00f6yledir;G\u00fczel varl\u0131\u011f\u0131n Tanr\u0131'n\u0131n arma\u011fan\u0131d\u0131r sana Sultan\u0131m,Yusuf S\u00fbresi'nin bir \u00e2yeti benzeri.\nSenin g\u00fczelli\u011fin, benim a\u015fk\u0131m, senin incitmen ve benim sabr\u0131mArt\u0131yor her an ve de artacak sonsuza dek.\nZeynep Hatun'un \u00f6zel hayat\u0131 konusunda da farkl\u0131 g\u00f6r\u00fc\u015fler bulunuyor.\n\u00c2\u015f\u0131k \u00c7elebi ve bir ka\u00e7 kayna\u011fa g\u00f6re Zeynep Hatun, \u0130shak Fehmi \u00c7elebi ile evlendi.\n\u015eair Latifi'ye g\u00f6re ise hi\u00e7 evlenmedi.\nZeynep Hatun ile \u00e7a\u011fda\u015f\u0131 olan Mihri Hatun ile aralar\u0131nda latifeler ve \u015fiir s\u00f6yle\u015fmeleri oldu.\nZeynep Hatun, ya\u015fam\u0131n\u0131n son d\u00f6neminde \u015fiiri b\u0131rakarak inzivaya \u00e7ekildi\u011fi Amasya'da 1474'e vefat etti.\nZeynep Hatun'un kabrinin nerede oldu\u011fu bilinmiyor.\nGAZELKe\u015ffet nikab\u0131n\u0131 yeri g\u00f6\u011f\u00fc m\u00fcnevver etBu \u00e2lem anas\u0131r\u0131 firdevs-i enver etDepret lebini c\u00fc\u015fe getir hacz-i kevseriAnber sa\u00e7\u0131n\u0131 \u00e7\u00f6z bu cinan\u0131 muattar etHatt\u0131n berat verdi saba yeline dediTez er Hatay'a \u00c7in'i tamam et m\u00fcseehhar etY\u00e2ra yolunda \u00e2\u015fk ile derdinden \u00f6leninKim der sana ki hecr ile c\u00e2n\u0131n m\u00fckedder etZeynep \u00e7\u00fc dost z\u00fclf\u00fc gibi tar\u00fcmars\u0131nDivane olma \u015fiirini divan \u00fc defter etZeyneb ko meyli zinet-i dunyaya zen gibiMerdane var Sade-dil ol terk-i ziver itGazelin g\u00fcn\u00fcm\u00fcz T\u00fcrk\u00e7esi;\u00d6\u011fren bilinmeyeni, ayd\u0131nlat \u0131\u015f\u0131\u011f\u0131nlaD\u00fcnyay\u0131 ve cennet bah\u00e7elerini.\nCo\u015ftur s\u00f6zlerinle cennetin \u0131rmaklar\u0131n\u0131\u00c7\u00f6z sa\u00e7lar\u0131n\u0131, yay\u0131ls\u0131n kokun d\u00fcnyaya.\nDuyur Hatay'dan \u00c7in'e kadarYazd\u0131klar\u0131n\u0131 bir r\u00fczgar h\u0131z\u0131yla.\nDertlenme, sevdi\u011fine kavu\u015fmak i\u00e7in\u00c7\u00fcnk\u00fc demez hi\u00e7 kimse, \u00fczme art\u0131k yeter kendini.\nZeynep, darmada\u011f\u0131n\u0131ks\u0131n senYapma hata, topla \u015fiirlerini, yaz divan\u0131n\u0131.\nZeynep, b\u0131rak teferruat\u0131Ula\u015f \u00f6ze, cesaretle ve de a\u00e7\u0131k s\u00f6zle.\nPER\u015eEMBE: Mihri Hatun'KORONA G\u00dcNLER\u0130NDE \u015e\u0130\u0130R'\u0130N D\u0130\u011eER \u015eA\u0130RLER\u0130",
    "article_html": "",
    "meta_description": "Osmanl\u0131 \u0130mparatorlu\u011fu'nun bilinen ilk M\u00fcsl\u00fcman kad\u0131n \u015fairi olan Zeynep Hatun, Fatih Sultan Mehmet'e olan a\u015fk\u0131n\u0131 bir \u015fiiriyle dile getirdi",
    "meta_lang": "tr"
}