{
    "article_id": "1ca5c3af7b137346a13a8d79e286e827.1589925549.2315667",
    "title": "Kadir Gecesi yap\u0131lacak ibadetler neler? Kadir Gecesi ne yap\u0131lmal\u0131, hangi dualar okunmal\u0131?",
    "authors": [
        "Isvalid",
        "Yazarlar",
        "Data",
        "Name",
        "Mail",
        "Title",
        "Di\u0307\u011fer Yazarlar"
    ],
    "canonical_link": "https://www.haberturk.com/kadir-gecesi-yapilacak-ibadetler-neler-kadir-gecesi-ne-yapilmali-hangi-dualar-okunmali-2685107",
    "url": "http://haberturk.com/kadir-gecesi-yapilacak-ibadetler-neler-kadir-gecesi-ne-yapilmali-hangi-dualar-okunmali-2685107",
    "top_img": "https://im.haberturk.com/2020/05/19/ver1589911911/2685107_1200x627.jpg",
    "meta_img": "https://im.haberturk.com/2020/05/19/ver1589911911/2685107_1200x627.jpg",
    "movies": [],
    "text": "Kadir Gecesinde yap\u0131lacak ibadetler, okunacak dualar nelerdir? sorusu M\u00fcsl\u00fcman vatanda\u015flar taraf\u0131ndan ara\u015ft\u0131r\u0131l\u0131yor. Bin aydan daha hay\u0131rl\u0131 olan Kadir Gecesi 30 May\u0131s Per\u015fembe g\u00fcn\u00fcn\u00fc 31 May\u0131s Cuma'ya ba\u011flayan gece kutlanacak. Milyonlarca vatanda\u015f cami ve mescitlere ak\u0131n edecek. \u00dclkemizde bir\u00e7ok camide Kadir Gecesi'ne \u00f6zel programlar d\u00fczenlenecek. Bu \u00f6zel g\u00fcnde bol bol dua etmek, t\u00f6vbe etmekte \u00e7ok \u00f6nemlidir. Kuran'\u0131 Kerim okunmal\u0131 ve Peygamber Efendimiz Hz. Muhammed'e (S.A.V) salavat getirilmelidir. Ramazan ay\u0131n\u0131n i\u00e7erisinde bulunan Kadir Gecesi'nde oru\u00e7 tutmakta yap\u0131labilecek \u00f6nemli ibadetlerden biridir.\n\nKAD\u0130R GECES\u0130NDE YAPILACAK \u0130BADETLER NELER?\n\nHak dostlar\u0131 namaz borcu olanlar\u0131n m\u00fcb\u00e2rek gecelerde kaza namaz\u0131 k\u0131lmalar\u0131n\u0131 tavsiye etmi\u015flerdir.\n\n- Kur\u2019\u00e2n-\u0131 Ker\u00eem okumak\n\n- Tevbe isti\u011ffar etmek\n\n- Salat u selam getirmek\n\n- Hamd etmek ve \u015f\u00fck\u00fcr halinde bulunmak\n\n- Allah\u2019\u0131 \u00e7ok\u00e7a zikretmek\n\n- Sadaka vermek\n\nRamazan\u0131n her gecesini Kadir gecesi bilerek hareket edilirse Kadir gecesine rastlanm\u0131\u015f olur. Her g\u00fcn en az \u015funlar yap\u0131lmal\u0131:\n\n- Gece herhangi bir namaz k\u0131larken zamm-\u0131 sure olarak veya namaz d\u0131\u015f\u0131nda Kadir s\u00fbresini okumal\u0131.\n\n- \u015eu duay\u0131 okumal\u0131: (Allah\u00fcmme inneke af\u00fcvv\u00fcn ker\u00eem\u00fcn t\u00fch\u0131bb\u00fcl afve fa\u2019f\u00fc ann\u00ee.)\n\n- Birka\u00e7 sayfa Kur'an-\u0131 kerim okumal\u0131.\n\n- \u0130lmihalden birka\u00e7 sayfa okumal\u0131.\n\n- Az da olsa \u0130sl\u00e2miyet\u2019i do\u011fru yayan kurulu\u015flara yard\u0131m yapmal\u0131 veya sadaka vermeli.\n\n- Gece seher vakti, iki rek\u00e2t namaz k\u0131l\u0131p, silsile-i aliyyeyi okuyarak, o \u00e2limlerin h\u00fcrmetine dua etmeli.\n\n- G\u00fcnd\u00fcz\u00fc de gecesi gibi k\u0131ymetli oldu\u011fu i\u00e7in g\u00fcnd\u00fczleri de de\u011ferlendirmelidir.\n\nKAD\u0130R GECES\u0130 DUALARI\n\nKadir Gecesi, Ramazan ay\u0131n\u0131n manevi ikliminde bir ay s\u00fcren feyizli ve yo\u011fun ibadetlerin, ruhun \u00fczerindeki tesirlerini yak\u0131ndan hissedebilmek, yeni manevi hamlelere ve nefsi m\u00fccadelelere haz\u0131rlanmak i\u00e7in sunulan bulunmaz bir f\u0131rsat gecesidir. \u0130\u015fte bu anlaml\u0131 gecede okunacak dualar;\n\nKAD\u0130R S\u00dbRES\u0130 OKUNU\u015eU\n\nBismill\u00e2hirrahm\u00e2nirr\u00e2h\u00eem.\n\n\u0130nn\u00e2 enzeln\u00e2h\u00fc f\u00ee leyletilkadr.\n\nVe m\u00e2 edr\u00e2ke m\u00e2 leylet\u00fclkadr.\n\nLeylet\u00fclkadri hayr\u00fcn min elfi\u015fehr.\n\nTenezzel\u00fclmel\u00e2iket\u00fc verr\u00fbhu\n\nf\u00eeh\u00e2 bi-izni Rabb'ihim, min k\u00fclli emr.\n\nSel\u00e2m\u00fcn, hiye hatt\u00e2 matle'il fecr.\n\nKAD\u0130R S\u00dbRES\u0130 ANLAMI\n\nRahm\u00e2n ve Rah\u00eem olan Allah'\u0131n ad\u0131yla.\n\n\u015e\u00fcphesiz Biz, (Kur'an'\u0131) Kadir gecesinde indirdik. Kadir gecesinin ne oldu\u011funu sana bildiren nedir? Kadir gecesi bin aydan daha hay\u0131rl\u0131d\u0131r.Melekler ve Ruh (Cebrail),Rabb'i'nin izni ile her i\u015f i\u00e7in (sem\u00e2'dan yere) o gece inerler. O gece tan yeri a\u011farana kadar esenliktir.\n\nAllah'\u0131m;\n\n\u0130nsan\u00ee de\u011ferlerin hor g\u00f6r\u00fcld\u00fc\u011f\u00fc, d\u00een\u00ee d\u00fc\u015f\u00fcncede k\u0131r\u0131lmalar\u0131n ya\u015fand\u0131\u011f\u0131, her tarafta ba\u015f\u0131 bo\u015flar\u0131n g\u00fcr\u00fclt\u00fclerinin duyuldu\u011fu g\u00fcn\u00fcm\u00fczde, ba\u015fka bir \u015fey de\u011fil, bizleri g\u00f6n\u00fcl insanlar\u0131 eyle ya Rabbi!\n\nKadir Gecesi h\u00fcrmetine g\u00f6n\u00fcl insanlar\u0131 eyle Ya Rabbi!\n\nEY B\u0130ZLER\u0130 VARLI\u011eA ERD\u0130REN ALLAHIM;\n\nSen bizleri ufku, inanc\u0131 ve davran\u0131\u015flar\u0131yla tam bir ruh ve mana kahraman\u0131 eyle! Derinlik ve zenginli\u011fimizi bilgi ve m\u00fcktesebat\u0131m\u0131zla birlikte g\u00f6n\u00fcl zenginli\u011fi, ruh saffeti ve hakka kurbetimiz itibar\u0131yla yap Ya Rabbi!\n\n\u201cKadir gecesinde \u00fc\u00e7 defa l\u00e2il\u00e2he illallah diyenin, birincisinde b\u00fct\u00fcn g\u00fcnahlar\u0131 affolur. \u0130kincisinde Cehennemden kurtulur. \u00dc\u00e7\u00fcnc\u00fcs\u00fcnde Cennete girer.\u201d buyuruldu.\n\nKAD\u0130R GECES\u0130 NE YAPILIR?\n\nKadir gecesini, namaz k\u0131larak, Kur'\u00e2n-\u0131 Kerim okuyarak, tevbe, isti\u011ff\u00e2r ederek ve dua yaparak de\u011ferlendirmeli. \u00dczerinde namaz borcu olanlar\u0131n nafile namaz\u0131 k\u0131lmadan \u00f6nce hi\u00e7 de\u011filse be\u015f vakit kaza namaz\u0131 k\u0131lmalar\u0131 daha faziletlidir. Kazas\u0131 yoksa nafile k\u0131l\u0131nmal\u0131.\n\nHAD\u0130SLERDE KAD\u0130R GECES\u0130\n\nS\u00fcfyan-i Sevr\u00ee: \"Kadir gecesi dua ve isti\u011ffar etmek namazdan sevimlidir. Kur'\u00e2n okuyup sonra dua etmek daha g\u00fczeldir.\" (Tecrid-i Sarih Tercemesi, VI, 313) demistir.\n\nAi\u015fe demi\u015ftir ki; Hz. Muhammed (s.a.v) 'e:\n\n\"- Ey Allah'\u0131n Ras\u00fbl\u00fc! Kadir gecesine rastlarsam nas\u0131l dua edeyim?\" diye sordum. Ras\u00fbl\u00fcllah (s.a.s):\n\n\"- Allah\u00fcmme inneke af\u00fcvv\u00fcn t\u00fchibb\u00fc'l-afve fa'fu ann\u00ee: Allah'\u0131m sen \u00e7ok affedicisin, aff\u0131 seversin, beni affet.\" diye dua et, buyurdu (Tecr\u00eed-i Sarih Tercemesi, VI, 314).\n\nKur'\u00e2n'da m\u00fcbarek gecelerden \u015fu \u015fekilde bahsedilmektedir:\n\n\"Apa\u00e7\u0131k olan Kitab'a andolsun ki, biz onu m\u00fcb\u00e2rek bir gecede indirdik. \u015e\u00fcphesiz biz insanlar\u0131 uyarmaktay\u0131z.\" (Duhan 3)\n\n\"Kadir gecesi bin aydan daha hay\u0131rl\u0131d\u0131r.\" (Kadir 3)",
    "keywords": [
        "kadir",
        "ne",
        "namaz",
        "okumal\u0131",
        "gece",
        "etmek",
        "okunmal\u0131",
        "dualar",
        "gecesi",
        "bir",
        "ibadetler",
        "daha",
        "yap\u0131lmal\u0131",
        "ve",
        "dua",
        "yap\u0131lacak",
        "neler",
        "hangi"
    ],
    "meta_keywords": [
        ""
    ],
    "publish_date": {
        "$date": 1589911911000
    },
    "summary": "Kadir Gecesinde yap\u0131lacak ibadetler, okunacak dualar nelerdir?\nsorusu M\u00fcsl\u00fcman vatanda\u015flar taraf\u0131ndan ara\u015ft\u0131r\u0131l\u0131yor.\nBin aydan daha hay\u0131rl\u0131 olan Kadir Gecesi 30 May\u0131s Per\u015fembe g\u00fcn\u00fcn\u00fc 31 May\u0131s Cuma'ya ba\u011flayan gece kutlanacak.\nMilyonlarca vatanda\u015f cami ve mescitlere ak\u0131n edecek.\n\u00dclkemizde bir\u00e7ok camide Kadir Gecesi'ne \u00f6zel programlar d\u00fczenlenecek.\nBu \u00f6zel g\u00fcnde bol bol dua etmek, t\u00f6vbe etmekte \u00e7ok \u00f6nemlidir.\nKuran'\u0131 Kerim okunmal\u0131 ve Peygamber Efendimiz Hz.\nMuhammed'e (S.A.V) salavat getirilmelidir.\nRamazan ay\u0131n\u0131n i\u00e7erisinde bulunan Kadir Gecesi'nde oru\u00e7 tutmakta yap\u0131labilecek \u00f6nemli ibadetlerden biridir.\nKAD\u0130R GECES\u0130NDE YAPILACAK \u0130BADETLER NELER?\nHak dostlar\u0131 namaz borcu olanlar\u0131n m\u00fcb\u00e2rek gecelerde kaza namaz\u0131 k\u0131lmalar\u0131n\u0131 tavsiye etmi\u015flerdir.\n- Kur\u2019\u00e2n-\u0131 Ker\u00eem okumak- Tevbe isti\u011ffar etmek- Salat u selam getirmek- Hamd etmek ve \u015f\u00fck\u00fcr halinde bulunmak- Allah\u2019\u0131 \u00e7ok\u00e7a zikretmek- Sadaka vermekRamazan\u0131n her gecesini Kadir gecesi bilerek hareket edilirse Kadir gecesine rastlanm\u0131\u015f olur.\nHer g\u00fcn en az \u015funlar yap\u0131lmal\u0131:- Gece herhangi bir namaz k\u0131larken zamm-\u0131 sure olarak veya namaz d\u0131\u015f\u0131nda Kadir s\u00fbresini okumal\u0131.\n- \u015eu duay\u0131 okumal\u0131: (Allah\u00fcmme inneke af\u00fcvv\u00fcn ker\u00eem\u00fcn t\u00fch\u0131bb\u00fcl afve fa\u2019f\u00fc ann\u00ee.)\n- Birka\u00e7 sayfa Kur'an-\u0131 kerim okumal\u0131.\n- \u0130lmihalden birka\u00e7 sayfa okumal\u0131.\n- Az da olsa \u0130sl\u00e2miyet\u2019i do\u011fru yayan kurulu\u015flara yard\u0131m yapmal\u0131 veya sadaka vermeli.\n- Gece seher vakti, iki rek\u00e2t namaz k\u0131l\u0131p, silsile-i aliyyeyi okuyarak, o \u00e2limlerin h\u00fcrmetine dua etmeli.\n- G\u00fcnd\u00fcz\u00fc de gecesi gibi k\u0131ymetli oldu\u011fu i\u00e7in g\u00fcnd\u00fczleri de de\u011ferlendirmelidir.\nKAD\u0130R GECES\u0130 DUALARIKadir Gecesi, Ramazan ay\u0131n\u0131n manevi ikliminde bir ay s\u00fcren feyizli ve yo\u011fun ibadetlerin, ruhun \u00fczerindeki tesirlerini yak\u0131ndan hissedebilmek, yeni manevi hamlelere ve nefsi m\u00fccadelelere haz\u0131rlanmak i\u00e7in sunulan bulunmaz bir f\u0131rsat gecesidir.\n\u0130\u015fte bu anlaml\u0131 gecede okunacak dualar;KAD\u0130R S\u00dbRES\u0130 OKUNU\u015eUBismill\u00e2hirrahm\u00e2nirr\u00e2h\u00eem.\n\u0130nn\u00e2 enzeln\u00e2h\u00fc f\u00ee leyletilkadr.\nVe m\u00e2 edr\u00e2ke m\u00e2 leylet\u00fclkadr.\nLeylet\u00fclkadri hayr\u00fcn min elfi\u015fehr.\nTenezzel\u00fclmel\u00e2iket\u00fc verr\u00fbhuf\u00eeh\u00e2 bi-izni Rabb'ihim, min k\u00fclli emr.\nSel\u00e2m\u00fcn, hiye hatt\u00e2 matle'il fecr.\nKAD\u0130R S\u00dbRES\u0130 ANLAMIRahm\u00e2n ve Rah\u00eem olan Allah'\u0131n ad\u0131yla.\n\u015e\u00fcphesiz Biz, (Kur'an'\u0131) Kadir gecesinde indirdik.\nKadir gecesinin ne oldu\u011funu sana bildiren nedir?\nKadir gecesi bin aydan daha hay\u0131rl\u0131d\u0131r.Melekler ve Ruh (Cebrail),Rabb'i'nin izni ile her i\u015f i\u00e7in (sem\u00e2'dan yere) o gece inerler.\nO gece tan yeri a\u011farana kadar esenliktir.\nAllah'\u0131m;\u0130nsan\u00ee de\u011ferlerin hor g\u00f6r\u00fcld\u00fc\u011f\u00fc, d\u00een\u00ee d\u00fc\u015f\u00fcncede k\u0131r\u0131lmalar\u0131n ya\u015fand\u0131\u011f\u0131, her tarafta ba\u015f\u0131 bo\u015flar\u0131n g\u00fcr\u00fclt\u00fclerinin duyuldu\u011fu g\u00fcn\u00fcm\u00fczde, ba\u015fka bir \u015fey de\u011fil, bizleri g\u00f6n\u00fcl insanlar\u0131 eyle ya Rabbi!\nKadir Gecesi h\u00fcrmetine g\u00f6n\u00fcl insanlar\u0131 eyle Ya Rabbi!\nEY B\u0130ZLER\u0130 VARLI\u011eA ERD\u0130REN ALLAHIM;Sen bizleri ufku, inanc\u0131 ve davran\u0131\u015flar\u0131yla tam bir ruh ve mana kahraman\u0131 eyle!\nDerinlik ve zenginli\u011fimizi bilgi ve m\u00fcktesebat\u0131m\u0131zla birlikte g\u00f6n\u00fcl zenginli\u011fi, ruh saffeti ve hakka kurbetimiz itibar\u0131yla yap Ya Rabbi!\n\u201cKadir gecesinde \u00fc\u00e7 defa l\u00e2il\u00e2he illallah diyenin, birincisinde b\u00fct\u00fcn g\u00fcnahlar\u0131 affolur.\nKAD\u0130R GECES\u0130 NE YAPILIR?\nKadir gecesini, namaz k\u0131larak, Kur'\u00e2n-\u0131 Kerim okuyarak, tevbe, isti\u011ff\u00e2r ederek ve dua yaparak de\u011ferlendirmeli.\n\u00dczerinde namaz borcu olanlar\u0131n nafile namaz\u0131 k\u0131lmadan \u00f6nce hi\u00e7 de\u011filse be\u015f vakit kaza namaz\u0131 k\u0131lmalar\u0131 daha faziletlidir.\nHAD\u0130SLERDE KAD\u0130R GECES\u0130S\u00fcfyan-i Sevr\u00ee: \"Kadir gecesi dua ve isti\u011ffar etmek namazdan sevimlidir.\nKur'\u00e2n okuyup sonra dua etmek daha g\u00fczeldir.\"\n(Tecrid-i Sarih Tercemesi, VI, 313) demistir.\nMuhammed (s.a.v) 'e:\"- Ey Allah'\u0131n Ras\u00fbl\u00fc!\nKadir gecesine rastlarsam nas\u0131l dua edeyim?\"\ndiye sordum.\nRas\u00fbl\u00fcllah (s.a.s):\"- Allah\u00fcmme inneke af\u00fcvv\u00fcn t\u00fchibb\u00fc'l-afve fa'fu ann\u00ee: Allah'\u0131m sen \u00e7ok affedicisin, aff\u0131 seversin, beni affet.\"\ndiye dua et, buyurdu (Tecr\u00eed-i Sarih Tercemesi, VI, 314).\nKur'\u00e2n'da m\u00fcbarek gecelerden \u015fu \u015fekilde bahsedilmektedir:\"Apa\u00e7\u0131k olan Kitab'a andolsun ki, biz onu m\u00fcb\u00e2rek bir gecede indirdik.\n\u015e\u00fcphesiz biz insanlar\u0131 uyarmaktay\u0131z.\"\n(Duhan 3)\"Kadir gecesi bin aydan daha hay\u0131rl\u0131d\u0131r.\"",
    "article_html": "",
    "meta_description": "Bug\u00fcn Kadir Gecesi... M\u00fcsl\u00fcmanlar, bin aydan ve dolay\u0131s\u0131yla bir \u00f6m\u00fcrden daha hay\u0131rl\u0131 olan m\u00fcbarek geceyi ibadet ve dualarla ge\u00e7irecek. \u00d6nce y\u00fcce Allah'\u0131n r\u0131zas\u0131n\u0131 sonra sevap kazanmak i\u00e7in yap\u0131lacak ibadetler ile g\u00fcnahlar\u0131n\u0131n affedilmesini isteyecek. Peki Kadir Gecesi yap\u0131lacak ibadetler neler? Kadir Gecesi ne yap\u0131lmal\u0131, hangi dualar okunmal\u0131?",
    "meta_lang": "tr"
}