{
    "article_id": "a709c17eb429291a90c3557cd6384cf1.1589925549.8215795",
    "title": "Tesbih namaz\u0131 nas\u0131l k\u0131l\u0131n\u0131r, ka\u00e7 rekatt\u0131r? \u0130\u015fte Diyanet Tesbih namaz\u0131 k\u0131l\u0131n\u0131\u015f\u0131",
    "authors": [
        "Isvalid",
        "Yazarlar",
        "Data",
        "Name",
        "Mail",
        "Title",
        "Di\u0307\u011fer Yazarlar"
    ],
    "canonical_link": "https://www.haberturk.com/tesbih-namazi-nasil-kilinir-kac-rekattir-iste-diyanet-tesbih-namazi-kilinisi-2685191",
    "url": "http://haberturk.com/tesbih-namazi-nasil-kilinir-kac-rekattir-iste-diyanet-tesbih-namazi-kilinisi-2685191",
    "top_img": "https://im.haberturk.com/2020/05/19/ver1589917486/2685191_1200x627.jpg",
    "meta_img": "https://im.haberturk.com/2020/05/19/ver1589917486/2685191_1200x627.jpg",
    "movies": [],
    "text": "2020 y\u0131l\u0131 Kadir Gecesi'nde ibadet ve dualar\u0131n\u0131 eda edecek vatanda\u015flar Tesbih namaz\u0131n\u0131n nas\u0131l k\u0131l\u0131nd\u0131\u011f\u0131n\u0131 merak ediyor. Tesbih namaz\u0131 uzun bir namaz olmas\u0131na kar\u015f\u0131n eda edildi\u011fi zaman b\u00fcy\u00fck bir sevab\u0131 vard\u0131r. Peki, Tesbih namaz\u0131 nas\u0131l k\u0131l\u0131n\u0131r? Tesbih namaz\u0131 ka\u00e7 rekatt\u0131r? \u0130\u015fte Diyanet Tesbih namaz\u0131 k\u0131l\u0131n\u0131\u015f\u0131...\n\nTESB\u0130H NAMAZI KA\u00c7 REKATTIR?\n\nTesbih namaz\u0131 d\u00f6rt rek\u2018at olup \u015f\u00f6yle k\u0131l\u0131n\u0131r: Allah r\u0131z\u00e2s\u0131 i\u00e7in namaz k\u0131lmaya niyet edilerek namaza ba\u015flan\u0131r. S\u00fcbh\u00e2neke'den sonra 15 kere S\u00fcbh\u00e2nell\u00e2hi ve'l-hamd\u00fclill\u00e2hi vel\u00e2 il\u00e2he illall\u00e2h\u00fc vall\u00e2h\u00fc ekber denir. Sonra e\u00fbz\u00fc besmele \u00e7ekilir, F\u00e2tiha ve s\u00fbre okunduktan sonra 10 kere daha tesbih edilir yani \u2018S\u00fcbh\u00e2nell\u00e2hi ve'l-hamd\u00fclill\u00e2hi vel\u00e2 il\u00e2he illall\u00e2h\u00fc vall\u00e2h\u00fc ekber' denilir.\n\nTESB\u0130H NAMAZI NASIL KILINIR?\n\nM\u00fcsl\u00fcmanlar Tesbih namaz\u0131n\u0131n nas\u0131l k\u0131l\u0131nd\u0131\u011f\u0131n\u0131 ara\u015ft\u0131r\u0131yor. \u0130\u015fte Tesbih namaz\u0131n\u0131n k\u0131l\u0131n\u0131\u015f\u0131;\n\nG\u00fcnahlar\u0131n afv\u0131na ves\u00eele olan tesbih namaz\u0131 4 rek'atl\u0131 bir namazd\u0131r. Bu namaz\u0131 k\u0131labilmek i\u00e7in a\u015fa\u011f\u0131daki tesbihi ezbere bilmek gerekir.\n\n\"S\u00fcbh\u00e2nall\u00e2hi vel-hamd\u00fc lill\u00e2hi ve l\u00e2 il\u00e2he illall\u00e2h\u00fc vall\u00e2h\u00fc ekber. Ve l\u00e2 havle ve l\u00e2 kuvvete ill\u00e2 bill\u00e2hil-aliyyil-aziym\"\n\n1.REKAT\n\nKalben tesbih namaz\u0131 k\u0131lmaya niyet edilir.\n\nAll\u00e2h\u00fc Ekber\" diyerek namaza ba\u015flan\u0131r.\n\nS\u00fcbh\u00e2neke'den sonra\n\n15 kere tesbih\n\nFatiha ve sure'den sonra\n\n10 kere tesbih\n\nR\u00fcku tesbihinden sonra\n\n10 kere tesbih\n\nR\u00fck\u00fbdan do\u011frulunca\n\n10 kere tesbih\n\nSecde tesbihinden sonra\n\n10 kere tesbih\n\nSecdeden do\u011frulunca\n\n10 kere tesbih\n\n2.secde tesbihinden sonra\n\n10 kere tesbih okunur.\n\n\u0130kinci rek'ate kalk\u0131l\u0131r.\n\n2.REKAT\n\n\u0130kinci rek'atte oturuldu\u011funda, Et-tehiyy\u00e2t\u00fc, All\u00e2h\u00fcmme salli ve All\u00e2h\u00fcmme b\u00e2rik dualar\u0131 okunur.\n\nFatiha'dan \u00f6nce\n\n15 kere tesbih\n\nFatiha ve sure'den sonra 10 kere tesbih\n\nR\u00fcku tesbihinden sonra\n\n10 kere tesbih\n\nR\u00fck\u00fbdan do\u011frulunca\n\n10 kere tesbih\n\nSecde tesbihinden sonra\n\n10 kere tesbih\n\nSecdeden do\u011frulunca\n\n10 kere tesbih\n\n2.secde tesbihinden sonra\n\n10 kere tesbih okunur.\n\n\u00dc\u00e7\u00fcnc\u00fc rekata kalk\u0131l\u0131r.\n\n3.REKAT\n\nD\u00f6rd\u00fcnc\u00fc rek'ate kalk\u0131l\u0131r.\n\nS\u00fcbh\u00e2neke'den sonra\n\n15 kere tesbih\n\nFatiha ve sure'den sonra\n\n10 kere tesbih\n\nR\u00fcku tesbihinden sonra\n\n10 kere tesbih\n\nR\u00fck\u00fbdan do\u011frulunca\n\n10 kere tesbih\n\nSecde tesbihinden sonra\n\n10 kere tesbih\n\nSecdeden do\u011frulunca\n\n10 kere tesbih\n\n2.secde tesbihinden sonra\n\n10 kere tesbih okunur.\n\n4.REKAT\n\nD\u00f6rd\u00fcnc\u00fc rek'atte oturuldu\u011funda, Et-tehiyy\u00e2t\u00fc, All\u00e2h\u00fcmme salli, All\u00e2h\u00fcmme b\u00e2rik, Rabbena Atina ve Rabbena\u011ffirli dualar\u0131 okunur.\n\nFatiha'dan \u00f6nce\n\n15 kere tesbih\n\nFatiha ve sure'den sonra 10 kere tesbih\n\nR\u00fcku tesbihinden sonra\n\n10 kere tesbih\n\nR\u00fck\u00fbdan do\u011frulunca\n\n10 kere tesbih\n\nSecde tesbihinden sonra\n\n10 kere tesbih\n\nSecdeden do\u011frulunca\n\n10 kere tesbih\n\n2.secde tesbihinden sonra\n\n10 kere tesbih okunur.\n\n\u00d6nce sa\u011fa, sonra sola d\u00f6n\u00fclerek; Es-selam\u00fc aleyk\u00fcm ve rahmet\u00fcllah denir. Namaz tamamlan\u0131r.\n\nTesbih namaz\u0131nda her bir rek'atte okunan tesbih adedi 75'dir. D\u00f6rt rek'atte 300 tesbih okunmu\u015f olur.\n\nDua edilir.",
    "keywords": [
        "sonra",
        "k\u0131l\u0131n\u0131\u015f\u0131",
        "i\u0307\u015fte",
        "namaz\u0131",
        "tesbih",
        "sonra10",
        "tesbihinden",
        "do\u011frulunca10",
        "k\u0131l\u0131n\u0131r",
        "ka\u00e7",
        "nas\u0131l",
        "rekatt\u0131r",
        "ve",
        "diyanet",
        "tesbihsecde",
        "tesbihsecdeden",
        "kere"
    ],
    "meta_keywords": [
        ""
    ],
    "publish_date": {
        "$date": 1589917486000
    },
    "summary": "2020 y\u0131l\u0131 Kadir Gecesi'nde ibadet ve dualar\u0131n\u0131 eda edecek vatanda\u015flar Tesbih namaz\u0131n\u0131n nas\u0131l k\u0131l\u0131nd\u0131\u011f\u0131n\u0131 merak ediyor.\nTesbih namaz\u0131 uzun bir namaz olmas\u0131na kar\u015f\u0131n eda edildi\u011fi zaman b\u00fcy\u00fck bir sevab\u0131 vard\u0131r.\nPeki, Tesbih namaz\u0131 nas\u0131l k\u0131l\u0131n\u0131r?\nTesbih namaz\u0131 ka\u00e7 rekatt\u0131r?\n\u0130\u015fte Diyanet Tesbih namaz\u0131 k\u0131l\u0131n\u0131\u015f\u0131...TESB\u0130H NAMAZI KA\u00c7 REKATTIR?\nTesbih namaz\u0131 d\u00f6rt rek\u2018at olup \u015f\u00f6yle k\u0131l\u0131n\u0131r: Allah r\u0131z\u00e2s\u0131 i\u00e7in namaz k\u0131lmaya niyet edilerek namaza ba\u015flan\u0131r.\nS\u00fcbh\u00e2neke'den sonra 15 kere S\u00fcbh\u00e2nell\u00e2hi ve'l-hamd\u00fclill\u00e2hi vel\u00e2 il\u00e2he illall\u00e2h\u00fc vall\u00e2h\u00fc ekber denir.\nSonra e\u00fbz\u00fc besmele \u00e7ekilir, F\u00e2tiha ve s\u00fbre okunduktan sonra 10 kere daha tesbih edilir yani \u2018S\u00fcbh\u00e2nell\u00e2hi ve'l-hamd\u00fclill\u00e2hi vel\u00e2 il\u00e2he illall\u00e2h\u00fc vall\u00e2h\u00fc ekber' denilir.\nTESB\u0130H NAMAZI NASIL KILINIR?\nM\u00fcsl\u00fcmanlar Tesbih namaz\u0131n\u0131n nas\u0131l k\u0131l\u0131nd\u0131\u011f\u0131n\u0131 ara\u015ft\u0131r\u0131yor.\n\u0130\u015fte Tesbih namaz\u0131n\u0131n k\u0131l\u0131n\u0131\u015f\u0131;G\u00fcnahlar\u0131n afv\u0131na ves\u00eele olan tesbih namaz\u0131 4 rek'atl\u0131 bir namazd\u0131r.\nBu namaz\u0131 k\u0131labilmek i\u00e7in a\u015fa\u011f\u0131daki tesbihi ezbere bilmek gerekir.\n\"S\u00fcbh\u00e2nall\u00e2hi vel-hamd\u00fc lill\u00e2hi ve l\u00e2 il\u00e2he illall\u00e2h\u00fc vall\u00e2h\u00fc ekber.\nVe l\u00e2 havle ve l\u00e2 kuvvete ill\u00e2 bill\u00e2hil-aliyyil-aziym\"1.REKATKalben tesbih namaz\u0131 k\u0131lmaya niyet edilir.\nAll\u00e2h\u00fc Ekber\" diyerek namaza ba\u015flan\u0131r.\nS\u00fcbh\u00e2neke'den sonra15 kere tesbihFatiha ve sure'den sonra10 kere tesbihR\u00fcku tesbihinden sonra10 kere tesbihR\u00fck\u00fbdan do\u011frulunca10 kere tesbihSecde tesbihinden sonra10 kere tesbihSecdeden do\u011frulunca10 kere tesbih2.secde tesbihinden sonra10 kere tesbih okunur.\n\u0130kinci rek'ate kalk\u0131l\u0131r.\n2.REKAT\u0130kinci rek'atte oturuldu\u011funda, Et-tehiyy\u00e2t\u00fc, All\u00e2h\u00fcmme salli ve All\u00e2h\u00fcmme b\u00e2rik dualar\u0131 okunur.\nFatiha'dan \u00f6nce15 kere tesbihFatiha ve sure'den sonra 10 kere tesbihR\u00fcku tesbihinden sonra10 kere tesbihR\u00fck\u00fbdan do\u011frulunca10 kere tesbihSecde tesbihinden sonra10 kere tesbihSecdeden do\u011frulunca10 kere tesbih2.secde tesbihinden sonra10 kere tesbih okunur.\n\u00dc\u00e7\u00fcnc\u00fc rekata kalk\u0131l\u0131r.\n3.REKATD\u00f6rd\u00fcnc\u00fc rek'ate kalk\u0131l\u0131r.\nS\u00fcbh\u00e2neke'den sonra15 kere tesbihFatiha ve sure'den sonra10 kere tesbihR\u00fcku tesbihinden sonra10 kere tesbihR\u00fck\u00fbdan do\u011frulunca10 kere tesbihSecde tesbihinden sonra10 kere tesbihSecdeden do\u011frulunca10 kere tesbih2.secde tesbihinden sonra10 kere tesbih okunur.\n4.REKATD\u00f6rd\u00fcnc\u00fc rek'atte oturuldu\u011funda, Et-tehiyy\u00e2t\u00fc, All\u00e2h\u00fcmme salli, All\u00e2h\u00fcmme b\u00e2rik, Rabbena Atina ve Rabbena\u011ffirli dualar\u0131 okunur.\nFatiha'dan \u00f6nce15 kere tesbihFatiha ve sure'den sonra 10 kere tesbihR\u00fcku tesbihinden sonra10 kere tesbihR\u00fck\u00fbdan do\u011frulunca10 kere tesbihSecde tesbihinden sonra10 kere tesbihSecdeden do\u011frulunca10 kere tesbih2.secde tesbihinden sonra10 kere tesbih okunur.\n\u00d6nce sa\u011fa, sonra sola d\u00f6n\u00fclerek; Es-selam\u00fc aleyk\u00fcm ve rahmet\u00fcllah denir.\nNamaz tamamlan\u0131r.\nTesbih namaz\u0131nda her bir rek'atte okunan tesbih adedi 75'dir.\nD\u00f6rt rek'atte 300 tesbih okunmu\u015f olur.\nDua edilir.",
    "article_html": "",
    "meta_description": "Tesbih namaz\u0131 nas\u0131l k\u0131l\u0131n\u0131r? Tesbih namaz\u0131 ka\u00e7 rekatt\u0131r? sorular\u0131 Kadir Gecesi'nde ibadet eden m\u00fcsl\u00fcman vatanda\u015flar taraf\u0131ndan ara\u015ft\u0131r\u0131l\u0131yor. Kuran-\u0131 Kerim'in indirilmeye ba\u015fland\u0131\u011f\u0131 Kadir Gecesi'nde edilecek ibadetler b\u00fcy\u00fck \u00f6nem ta\u015f\u0131yor. Peki Tesbih namaz\u0131 nas\u0131l k\u0131l\u0131n\u0131r, ka\u00e7 rekatt\u0131r? \u0130\u015fte Diyanet Tesbih namaz\u0131 k\u0131l\u0131n\u0131\u015f\u0131...",
    "meta_lang": "tr"
}