{
    "article_id": "cb945e93d33bcb40b6b98b815cd1c942.1589925552.0998907",
    "title": "Ramazan ay\u0131 27. g\u00fcn iftar men\u00fcs\u00fc! Bug\u00fcn ne pi\u015firsem? (19 May\u0131s 2020)",
    "authors": [
        "Isvalid",
        "Yazarlar",
        "Data",
        "Name",
        "Mail",
        "Title",
        "Di\u0307\u011fer Yazarlar"
    ],
    "canonical_link": "https://www.haberturk.com/ramazan-ayi-26-gun-iftar-menusu-bugun-ne-pisirsem-19-mayis-2020-2684137",
    "url": "http://haberturk.com/ramazan-ayi-26-gun-iftar-menusu-bugun-ne-pisirsem-19-mayis-2020-2684137",
    "top_img": "https://im.haberturk.com/2020/05/19/ver1589870480/2684137_1200x627.jpg",
    "meta_img": "https://im.haberturk.com/2020/05/19/ver1589870480/2684137_1200x627.jpg",
    "movies": [],
    "text": "HABERTURK.COM\n\nRamazan ay\u0131nda en \u00e7ok ara\u015ft\u0131r\u0131lan konulardan biri de iftar men\u00fcleri... Orucunuzu lezzetli bir iftar men\u00fcs\u00fcyle a\u00e7mak istiyorsan\u0131z sizlere bir \u00e7orba, bir ana yemek ve bir tatl\u0131 tarifi haz\u0131rlad\u0131k! \u0130\u015fte \"Bug\u00fcn ne pi\u015firsem?\" sorusuna yan\u0131t arayanlar i\u00e7in \u00f6zenle haz\u0131rlanm\u0131\u015f iftar men\u00fcleri...\n\n\u0130FTAR MEN\u00dcS\u00dc \u0130\u00c7\u0130N \u00c7ORBA TAR\u0130F\u0130\n\nEZOGEL\u0130N \u00c7ORBASI MALZEMELER\n\n1 adet kuru so\u011fan\n\n1 adet patates\n\n2 su barda\u011f\u0131 k\u0131rm\u0131z\u0131 mercimek\n\nYar\u0131m su barda\u011f\u0131 pirin\u00e7\n\nYar\u0131m su barda\u011f\u0131 ince bulgur\n\n1 yemek ka\u015f\u0131\u011f\u0131 un\n\n1 yemek ka\u015f\u0131\u011f\u0131 biber sal\u00e7as\u0131\n\n1 yemek ka\u015f\u0131\u011f\u0131 domates sal\u00e7as\u0131\n\n1 yemek ka\u015f\u0131\u011f\u0131 tereya\u011f\u0131\n\n3 yemek ka\u015f\u0131\u011f\u0131 s\u0131v\u0131 ya\u011f\n\nTuz\n\nPul biber\n\nKekik\n\n\u00dcZER\u0130 \u0130\u00c7\u0130N\n\nTereya\u011f\u0131\n\nKuru nane\n\nEZOGEL\u0130N \u00c7ORBASI NASIL YAPILIR?\n\nEzogelin \u00e7orbas\u0131 yap\u0131m\u0131 i\u00e7in ilk olarak tencereye tereya\u011f\u0131 ve 1 yemek ka\u015f\u0131\u011f\u0131 s\u0131v\u0131 ya\u011f al\u0131n. Ard\u0131ndan so\u011fan\u0131 k\u00fc\u00e7\u00fck k\u00fc\u00e7\u00fck do\u011fray\u0131n ve tencerede kavurun. S\u0131rayla un, biber, domates sal\u00e7as\u0131 ve rendelenmi\u015f patatesleri tencereye eklenerek malzemeleri kavurun.\n\n\u00dczerine su ilave edin. Y\u0131kanm\u0131\u015f ve suyu s\u00fcz\u00fclm\u00fc\u015f olan k\u0131rm\u0131z\u0131 mercimek, pirin\u00e7 ve bulgur, keki\u011fi tencereye ilave edin. Bakliyatlar yumu\u015fay\u0131nca \u00e7orbaya tuz da eklenip oca\u011f\u0131 kapat\u0131n. Sunum kasesine al\u0131nan \u00e7orban\u0131n \u00fczerini tereya\u011f\u0131nda k\u0131zd\u0131r\u0131lm\u0131\u015f nane gezdirin. Ezogelin \u00e7orban\u0131z servise haz\u0131r. Afiyet olsun.\n\n\u0130FTAR MEN\u00dcS\u00dc \u0130\u00c7\u0130N ANA YEMEK TAR\u0130F\u0130\n\nBE\u011eEND\u0130L\u0130 K\u00d6FTE \u0130\u00c7\u0130N MALZEMELER\n\nK\u00f6fte harc\u0131 i\u00e7in\n\n600 gram orta ya\u011fl\u0131 k\u0131yma\n\n6 ince dilim bayat ekmek i\u00e7i\n\n1 yemek ka\u015f\u0131\u011f\u0131 s\u0131v\u0131 ya\u011f\n\n1 adet k\u00fc\u00e7\u00fck boy kuru so\u011fan\n\n1 \u00e7ay ka\u015f\u0131\u011f\u0131 tuz\n\n1/2 \u00e7ay ka\u015f\u0131\u011f\u0131 karabiber\n\n1/2 \u00e7ay ka\u015f\u0131\u011f\u0131 kimyon\n\nBe\u011fendi i\u00e7in\n\n4 adet orta boy patl\u0131can\n\n1,5 yemek ka\u015f\u0131\u011f\u0131 un\n\n1 yemek ka\u015f\u0131\u011f\u0131 tereya\u011f\u0131\n\n1,5 su barda\u011f\u0131 s\u00fct\n\n3 yemek ka\u015f\u0131\u011f\u0131 rendelenmi\u015f ka\u015far peyniri\n\n1/2 \u00e7ay ka\u015f\u0131\u011f\u0131 tuz\n\n1/4 \u00e7ay ka\u015f\u0131\u011f\u0131 taze \u00e7ekilmi\u015f tane karabiber\n\nServisi i\u00e7in\n\n4 yemek ka\u015f\u0131\u011f\u0131 yo\u011furt\n\n1 di\u015f rendelenmi\u015f sar\u0131msak\n\n4 yemek ka\u015f\u0131\u011f\u0131 domates sos\n\n3 yemek ka\u015f\u0131\u011f\u0131 zeytinya\u011f\u0131\n\n1/2 \u00e7ay ka\u015f\u0131\u011f\u0131 ac\u0131 toz k\u0131rm\u0131z\u0131 biber\n\n1/2 tatl\u0131 ka\u015f\u0131\u011f\u0131 nane\n\nBE\u011eEND\u0130L\u0130 K\u00d6FTE NASIL YAPILIR?\n\nBayat ekmeklerin kabuklar\u0131n\u0131 al\u0131p i\u00e7lerini suyla \u0131slat\u0131p yumu\u015famas\u0131 i\u00e7in biraz bekletin. Kuru so\u011fan\u0131 rendeden ge\u00e7irerek bir kap i\u00e7erisine koyun. Kuzu ve dana eti kar\u0131\u015f\u0131k orta ya\u011fl\u0131 k\u0131ymay\u0131 kar\u0131\u015ft\u0131rma kab\u0131na al\u0131n. K\u0131ymay\u0131, s\u0131v\u0131 ya\u011f, tuz, Kimyon ve karabiber ilavesiyle kar\u0131\u015ft\u0131r\u0131n.\n\nSuda bekletti\u011finiz bayat ekmek i\u00e7lerini suyunu tamamen s\u0131k\u0131p k\u00f6fte harc\u0131n\u0131n i\u00e7ine ekleyin. T\u00fcm malzemelerini i\u00e7ine att\u0131\u011f\u0131n\u0131z k\u00f6fte harc\u0131n\u0131 20 dakika kadar yo\u011furun. Macun k\u0131vam\u0131na gelince k\u00f6fte harc\u0131n\u0131, buzdolab\u0131nda en az 40 dakika olacak \u015fekilde dinlendirin.\n\nBe\u011fendi i\u00e7in; \u0131zgarada veya ocakta k\u00f6zledi\u011finiz patl\u0131canlar\u0131n kabuklar\u0131n\u0131 bir po\u015fet i\u00e7inde biraz terlettirdikten sonra soyun \u015fekilde soyun. Bu i\u015flem patl\u0131canlar\u0131n kolay soyulmas\u0131n\u0131 sa\u011flayacakt\u0131r. K\u00fc\u00e7\u00fck k\u00fc\u00e7\u00fck kesin. K\u00fc\u00e7\u00fck bir tencerede tereya\u011f\u0131n\u0131 eritin. Unu ekleyin ve tereya\u011f\u0131yla kavurun. S\u00fct\u00fc ve Keskin bir b\u0131\u00e7akla k\u0131yd\u0131\u011f\u0131n\u0131z ya da rondodan ge\u00e7irdi\u011finiz k\u00f6zlenmi\u015f patl\u0131canlar\u0131 ilave edin.\n\nBe\u011fendi kar\u0131\u015f\u0131m\u0131n\u0131 k\u0131s\u0131k ate\u015fte pi\u015firmeye b\u0131rakal\u0131m. Kar\u0131\u015f\u0131m kaynay\u0131nca tuzu rendelenmi\u015f ka\u015far peyniri ve taze \u00e7ekilmi\u015f tane karabiberi ekleyin. Pi\u015firme i\u015flemi bitti\u011finde ocaktan al\u0131n. Buzdolab\u0131nda dinlendirmi\u015f oldu\u011funuz k\u00f6fte harc\u0131n\u0131 ceviz b\u00fcy\u00fckl\u00fc\u011f\u00fcnde olacak \u015fekilde par\u00e7alara ay\u0131r\u0131n. Elinizi suya bat\u0131r\u0131p k\u00f6ftelere yass\u0131 \u015feklini verin.\n\nK\u0131zd\u0131r\u0131lm\u0131\u015f bir tava i\u00e7erisinde, \u0131zgara ya da tercihen d\u00f6k\u00fcm bir tavada her taraf\u0131 e\u015fit olacak \u015fekilde \u00e7evirerek y\u00fcksek ate\u015fte pi\u015firin. Servis tabaklar\u0131na be\u011fendiyi payla\u015ft\u0131r\u0131n. \u00dczerine k\u0131zarm\u0131\u015f k\u00f6fteleri yerle\u015ftirin. \u00c7\u0131rp\u0131lm\u0131\u015f yo\u011furt, rendelenmi\u015f sar\u0131msak ilavesiyle ve domates sosla s\u00fcsleyin. K\u0131zg\u0131n zeytinya\u011f\u0131nda yak\u0131lm\u0131\u015f nane ve ac\u0131 toz k\u0131rm\u0131z\u0131 biber e\u015fli\u011finde s\u0131cak s\u0131cak sofran\u0131zda sunuma haz\u0131rd\u0131r.\n\n\u0130FTAR MEN\u00dcS\u00dc \u0130\u00c7\u0130N TATLI TAR\u0130F\u0130\n\nYALANCI TAVUK G\u00d6\u011eS\u00dc \u0130\u00c7\u0130N MALZEMELER\n\n1 litre s\u00fct\n\n1 su barda\u011f\u0131 un\n\n1 su barda\u011f\u0131 toz \u015feker\n\n100 gr tereya\u011f\u0131\n\n1 paket vanilya\n\n2 adet damla sak\u0131z\u0131\n\n\u00dcZER\u0130 \u0130\u00c7\u0130N\n\nToz tar\u00e7\u0131n\n\nYALANCI TAVUK G\u00d6\u011eS\u00dc NASIL YAPILIR?\n\nDerin bir tencerede tereya\u011f\u0131n\u0131 eritin ve unu ekleyip iyice kar\u0131\u015ft\u0131rarak yo\u011fun bir k\u0131vam elde edene kadar kar\u0131\u015ft\u0131r\u0131n. 1 dakika i\u00e7inde \u015feker ve s\u00fct\u00fc pe\u015f pe\u015fe ekleyin. Damla sak\u0131zlar\u0131n\u0131 havanda d\u00f6v\u00fcp elde etti\u011finiz toz halindeki damla sak\u0131z\u0131n\u0131 kar\u0131\u015f\u0131ma ekleyin. Suda \u00e7\u00f6zd\u00fcrd\u00fc\u011f\u00fcn\u00fcz ni\u015fastay\u0131 da koyun. Hemen ard\u0131ndan vanilyay\u0131 ekleyin. \u0130\u00e7eri\u011findeki ni\u015fasta nedeniyle tatl\u0131n\u0131z yo\u011funla\u015fmaya ba\u015flayacak, topaklanmamas\u0131 i\u00e7in s\u00fcreli kar\u0131\u015ft\u0131r\u0131n. Muhallebi k\u0131vam ald\u0131ktan sonra s\u0131k\u0131 bir s\u00fczge\u00e7ten ge\u00e7irin ve 10 dakika so\u011fumaya b\u0131rak\u0131n. 10 dakika sonra 3 dakika boyunca bir mikser yard\u0131m\u0131yla \u00e7\u0131rp\u0131n. Yalanc\u0131 tavuk g\u00f6\u011fs\u00fcm\u00fcz haz\u0131r. Kaselere alarak \u00fczerine tar\u00e7\u0131n serpin. Afiyet olsun...",
    "keywords": [
        "ne",
        "yemek",
        "k\u00fc\u00e7\u00fck",
        "iftar",
        "pi\u015firsem",
        "men\u00fcs\u00fc",
        "bir",
        "ka\u015f\u0131\u011f\u0131",
        "su",
        "ay\u0131",
        "ekleyin",
        "g\u00fcn",
        "k\u00f6fte",
        "bug\u00fcn",
        "ve",
        "ramazan",
        "may\u0131s",
        "27",
        "\u00e7ay",
        "dakika"
    ],
    "meta_keywords": [
        ""
    ],
    "publish_date": {
        "$date": 1589870480000
    },
    "summary": "HABERTURK.COMRamazan ay\u0131nda en \u00e7ok ara\u015ft\u0131r\u0131lan konulardan biri de iftar men\u00fcleri... Orucunuzu lezzetli bir iftar men\u00fcs\u00fcyle a\u00e7mak istiyorsan\u0131z sizlere bir \u00e7orba, bir ana yemek ve bir tatl\u0131 tarifi haz\u0131rlad\u0131k!\n\u0130\u015fte \"Bug\u00fcn ne pi\u015firsem?\"\nsorusuna yan\u0131t arayanlar i\u00e7in \u00f6zenle haz\u0131rlanm\u0131\u015f iftar men\u00fcleri...\u0130FTAR MEN\u00dcS\u00dc \u0130\u00c7\u0130N \u00c7ORBA TAR\u0130F\u0130EZOGEL\u0130N \u00c7ORBASI MALZEMELER1 adet kuru so\u011fan1 adet patates2 su barda\u011f\u0131 k\u0131rm\u0131z\u0131 mercimekYar\u0131m su barda\u011f\u0131 pirin\u00e7Yar\u0131m su barda\u011f\u0131 ince bulgur1 yemek ka\u015f\u0131\u011f\u0131 un1 yemek ka\u015f\u0131\u011f\u0131 biber sal\u00e7as\u01311 yemek ka\u015f\u0131\u011f\u0131 domates sal\u00e7as\u01311 yemek ka\u015f\u0131\u011f\u0131 tereya\u011f\u01313 yemek ka\u015f\u0131\u011f\u0131 s\u0131v\u0131 ya\u011fTuzPul biberKekik\u00dcZER\u0130 \u0130\u00c7\u0130NTereya\u011f\u0131Kuru naneEZOGEL\u0130N \u00c7ORBASI NASIL YAPILIR?\nEzogelin \u00e7orbas\u0131 yap\u0131m\u0131 i\u00e7in ilk olarak tencereye tereya\u011f\u0131 ve 1 yemek ka\u015f\u0131\u011f\u0131 s\u0131v\u0131 ya\u011f al\u0131n.\nArd\u0131ndan so\u011fan\u0131 k\u00fc\u00e7\u00fck k\u00fc\u00e7\u00fck do\u011fray\u0131n ve tencerede kavurun.\nS\u0131rayla un, biber, domates sal\u00e7as\u0131 ve rendelenmi\u015f patatesleri tencereye eklenerek malzemeleri kavurun.\n\u00dczerine su ilave edin.\nY\u0131kanm\u0131\u015f ve suyu s\u00fcz\u00fclm\u00fc\u015f olan k\u0131rm\u0131z\u0131 mercimek, pirin\u00e7 ve bulgur, keki\u011fi tencereye ilave edin.\nBakliyatlar yumu\u015fay\u0131nca \u00e7orbaya tuz da eklenip oca\u011f\u0131 kapat\u0131n.\nSunum kasesine al\u0131nan \u00e7orban\u0131n \u00fczerini tereya\u011f\u0131nda k\u0131zd\u0131r\u0131lm\u0131\u015f nane gezdirin.\nEzogelin \u00e7orban\u0131z servise haz\u0131r.\nAfiyet olsun.\n\u0130FTAR MEN\u00dcS\u00dc \u0130\u00c7\u0130N ANA YEMEK TAR\u0130F\u0130BE\u011eEND\u0130L\u0130 K\u00d6FTE \u0130\u00c7\u0130N MALZEMELERK\u00f6fte harc\u0131 i\u00e7in600 gram orta ya\u011fl\u0131 k\u0131yma6 ince dilim bayat ekmek i\u00e7i1 yemek ka\u015f\u0131\u011f\u0131 s\u0131v\u0131 ya\u011f1 adet k\u00fc\u00e7\u00fck boy kuru so\u011fan1 \u00e7ay ka\u015f\u0131\u011f\u0131 tuz1/2 \u00e7ay ka\u015f\u0131\u011f\u0131 karabiber1/2 \u00e7ay ka\u015f\u0131\u011f\u0131 kimyonBe\u011fendi i\u00e7in4 adet orta boy patl\u0131can1,5 yemek ka\u015f\u0131\u011f\u0131 un1 yemek ka\u015f\u0131\u011f\u0131 tereya\u011f\u01311,5 su barda\u011f\u0131 s\u00fct3 yemek ka\u015f\u0131\u011f\u0131 rendelenmi\u015f ka\u015far peyniri1/2 \u00e7ay ka\u015f\u0131\u011f\u0131 tuz1/4 \u00e7ay ka\u015f\u0131\u011f\u0131 taze \u00e7ekilmi\u015f tane karabiberServisi i\u00e7in4 yemek ka\u015f\u0131\u011f\u0131 yo\u011furt1 di\u015f rendelenmi\u015f sar\u0131msak4 yemek ka\u015f\u0131\u011f\u0131 domates sos3 yemek ka\u015f\u0131\u011f\u0131 zeytinya\u011f\u01311/2 \u00e7ay ka\u015f\u0131\u011f\u0131 ac\u0131 toz k\u0131rm\u0131z\u0131 biber1/2 tatl\u0131 ka\u015f\u0131\u011f\u0131 naneBE\u011eEND\u0130L\u0130 K\u00d6FTE NASIL YAPILIR?\nBayat ekmeklerin kabuklar\u0131n\u0131 al\u0131p i\u00e7lerini suyla \u0131slat\u0131p yumu\u015famas\u0131 i\u00e7in biraz bekletin.\nKuru so\u011fan\u0131 rendeden ge\u00e7irerek bir kap i\u00e7erisine koyun.\nKuzu ve dana eti kar\u0131\u015f\u0131k orta ya\u011fl\u0131 k\u0131ymay\u0131 kar\u0131\u015ft\u0131rma kab\u0131na al\u0131n.\nK\u0131ymay\u0131, s\u0131v\u0131 ya\u011f, tuz, Kimyon ve karabiber ilavesiyle kar\u0131\u015ft\u0131r\u0131n.\nSuda bekletti\u011finiz bayat ekmek i\u00e7lerini suyunu tamamen s\u0131k\u0131p k\u00f6fte harc\u0131n\u0131n i\u00e7ine ekleyin.\nT\u00fcm malzemelerini i\u00e7ine att\u0131\u011f\u0131n\u0131z k\u00f6fte harc\u0131n\u0131 20 dakika kadar yo\u011furun.\nMacun k\u0131vam\u0131na gelince k\u00f6fte harc\u0131n\u0131, buzdolab\u0131nda en az 40 dakika olacak \u015fekilde dinlendirin.\nBe\u011fendi i\u00e7in; \u0131zgarada veya ocakta k\u00f6zledi\u011finiz patl\u0131canlar\u0131n kabuklar\u0131n\u0131 bir po\u015fet i\u00e7inde biraz terlettirdikten sonra soyun \u015fekilde soyun.\nBu i\u015flem patl\u0131canlar\u0131n kolay soyulmas\u0131n\u0131 sa\u011flayacakt\u0131r.\nK\u00fc\u00e7\u00fck k\u00fc\u00e7\u00fck kesin.\nK\u00fc\u00e7\u00fck bir tencerede tereya\u011f\u0131n\u0131 eritin.\nUnu ekleyin ve tereya\u011f\u0131yla kavurun.\nS\u00fct\u00fc ve Keskin bir b\u0131\u00e7akla k\u0131yd\u0131\u011f\u0131n\u0131z ya da rondodan ge\u00e7irdi\u011finiz k\u00f6zlenmi\u015f patl\u0131canlar\u0131 ilave edin.\nBe\u011fendi kar\u0131\u015f\u0131m\u0131n\u0131 k\u0131s\u0131k ate\u015fte pi\u015firmeye b\u0131rakal\u0131m.\nKar\u0131\u015f\u0131m kaynay\u0131nca tuzu rendelenmi\u015f ka\u015far peyniri ve taze \u00e7ekilmi\u015f tane karabiberi ekleyin.\nPi\u015firme i\u015flemi bitti\u011finde ocaktan al\u0131n.\nBuzdolab\u0131nda dinlendirmi\u015f oldu\u011funuz k\u00f6fte harc\u0131n\u0131 ceviz b\u00fcy\u00fckl\u00fc\u011f\u00fcnde olacak \u015fekilde par\u00e7alara ay\u0131r\u0131n.\nElinizi suya bat\u0131r\u0131p k\u00f6ftelere yass\u0131 \u015feklini verin.\nK\u0131zd\u0131r\u0131lm\u0131\u015f bir tava i\u00e7erisinde, \u0131zgara ya da tercihen d\u00f6k\u00fcm bir tavada her taraf\u0131 e\u015fit olacak \u015fekilde \u00e7evirerek y\u00fcksek ate\u015fte pi\u015firin.\nServis tabaklar\u0131na be\u011fendiyi payla\u015ft\u0131r\u0131n.\n\u00dczerine k\u0131zarm\u0131\u015f k\u00f6fteleri yerle\u015ftirin.\n\u00c7\u0131rp\u0131lm\u0131\u015f yo\u011furt, rendelenmi\u015f sar\u0131msak ilavesiyle ve domates sosla s\u00fcsleyin.\nK\u0131zg\u0131n zeytinya\u011f\u0131nda yak\u0131lm\u0131\u015f nane ve ac\u0131 toz k\u0131rm\u0131z\u0131 biber e\u015fli\u011finde s\u0131cak s\u0131cak sofran\u0131zda sunuma haz\u0131rd\u0131r.\n\u0130FTAR MEN\u00dcS\u00dc \u0130\u00c7\u0130N TATLI TAR\u0130F\u0130YALANCI TAVUK G\u00d6\u011eS\u00dc \u0130\u00c7\u0130N MALZEMELER1 litre s\u00fct1 su barda\u011f\u0131 un1 su barda\u011f\u0131 toz \u015feker100 gr tereya\u011f\u01311 paket vanilya2 adet damla sak\u0131z\u0131\u00dcZER\u0130 \u0130\u00c7\u0130NToz tar\u00e7\u0131nYALANCI TAVUK G\u00d6\u011eS\u00dc NASIL YAPILIR?\nDerin bir tencerede tereya\u011f\u0131n\u0131 eritin ve unu ekleyip iyice kar\u0131\u015ft\u0131rarak yo\u011fun bir k\u0131vam elde edene kadar kar\u0131\u015ft\u0131r\u0131n.\n1 dakika i\u00e7inde \u015feker ve s\u00fct\u00fc pe\u015f pe\u015fe ekleyin.\nDamla sak\u0131zlar\u0131n\u0131 havanda d\u00f6v\u00fcp elde etti\u011finiz toz halindeki damla sak\u0131z\u0131n\u0131 kar\u0131\u015f\u0131ma ekleyin.\nSuda \u00e7\u00f6zd\u00fcrd\u00fc\u011f\u00fcn\u00fcz ni\u015fastay\u0131 da koyun.\nHemen ard\u0131ndan vanilyay\u0131 ekleyin.\n\u0130\u00e7eri\u011findeki ni\u015fasta nedeniyle tatl\u0131n\u0131z yo\u011funla\u015fmaya ba\u015flayacak, topaklanmamas\u0131 i\u00e7in s\u00fcreli kar\u0131\u015ft\u0131r\u0131n.\nMuhallebi k\u0131vam ald\u0131ktan sonra s\u0131k\u0131 bir s\u00fczge\u00e7ten ge\u00e7irin ve 10 dakika so\u011fumaya b\u0131rak\u0131n.\n10 dakika sonra 3 dakika boyunca bir mikser yard\u0131m\u0131yla \u00e7\u0131rp\u0131n.\nYalanc\u0131 tavuk g\u00f6\u011fs\u00fcm\u00fcz haz\u0131r.\nKaselere alarak \u00fczerine tar\u00e7\u0131n serpin.\nAfiyet olsun...",
    "article_html": "",
    "meta_description": "Ramazan ay\u0131n\u0131n yar\u0131s\u0131n\u0131 geride b\u0131rakm\u0131\u015fken iftar men\u00fcleri de en \u00e7ok ara\u015ft\u0131r\u0131lan konular aras\u0131nda olmaya devam ediyor. S\u00fcrekli evde her g\u00fcn yemek yap\u0131yor olman\u0131n belki de en zor noktas\u0131 hangi yeme\u011fi yapaca\u011f\u0131n\u0131 uzun uzun d\u00fc\u015f\u00fcnmek, \"Bug\u00fcn ne pi\u015firsem?\" derdine d\u00fc\u015fmek. E\u011fer iftar yeme\u011fi olarak ne pi\u015firece\u011finize hen\u00fcz karar vermediyseniz i\u015fte sizler i\u00e7in 19 May\u0131s Sal\u0131 iftar men\u00fcs\u00fc...",
    "meta_lang": "tr"
}