{
    "article_id": "db74bfef935852d505f2aee1833310c3.1589925556.7868671",
    "title": "Standard Liege'den G\u00f6ztepeli Alpaslan'a \u015fok",
    "authors": [
        "Isvalid",
        "Yazarlar",
        "Data",
        "Name",
        "Mail",
        "Title",
        "Di\u0307\u011fer Yazarlar"
    ],
    "canonical_link": "https://www.haberturk.com/standard-liege-den-goztepeli-alpaslan-a-sok-2684566-spor",
    "url": "http://haberturk.com/standard-liege-den-goztepeli-alpaslan-a-sok-2684566-spor",
    "top_img": "https://im.haberturk.com/2020/05/19/ver1589884849/2684566_1200x627.jpg",
    "meta_img": "https://im.haberturk.com/2020/05/19/ver1589884849/2684566_1200x627.jpg",
    "movies": [],
    "text": "DHA\n\nS\u00fcper Lig ekiplerinden G\u00f6ztepe'de transferin g\u00f6zde oyuncusu Alpaslan \u00d6zt\u00fcrk'e Bel\u00e7ika'dan \u015fok bir haber geldi. DHA'n\u0131n haberine g\u00f6re; Sar\u0131-k\u0131rm\u0131z\u0131l\u0131larda 2 sezondur forma giyen deneyimli oyuncunun, 2016 y\u0131l\u0131nda Standard Liege'le s\u00f6zle\u015fmesini tek tarafl\u0131 sonland\u0131rmas\u0131n\u0131n ard\u0131ndan Bel\u00e7ika ekibinin FIFA'ya a\u00e7t\u0131\u011f\u0131 haks\u0131z fesih davas\u0131n\u0131 kaybetti\u011fi \u00f6\u011frenildi. Liege'i hakl\u0131 bulan FIFA'n\u0131n haks\u0131z fesih nedeniyle Alpaslan'\u0131n eski kul\u00fcb\u00fcne 440 bin Euro ceza \u00f6demesini kararla\u015ft\u0131rd\u0131\u011f\u0131 ortaya \u00e7\u0131kt\u0131. Liege'den ayr\u0131l\u0131p 2016-17 sezonunda Elaz\u0131\u011fspor'a imza atan Alpaslan veya futbolcuyu transfer eden kul\u00fcp, Bel\u00e7ika ekibine 3 milyon 300 bin TL \u00f6deyecek.\n\nFIFA'dan ald\u0131\u011f\u0131 haberle sars\u0131lan 26 ya\u015f\u0131ndaki oyuncu karara itiraz etti. G\u00f6ztepe'de g\u00f6sterdi\u011fi performansla S\u00fcper Lig'de Fenerbah\u00e7e, Trabzonspor ve Medipol Ba\u015fak\u015fehir'in transfer listesine giren Alpaslan, 2013-14 sezonunda Standard Liege'de 11 ma\u00e7a \u00e7\u0131k\u0131p ard\u0131ndan Kas\u0131mpa\u015fa ve Eski\u015fehirspor'a kiraland\u0131. Standard Liege'e 2016-17 sezonu ba\u015f\u0131nda geri d\u00f6nen oyuncu ard\u0131ndan Bel\u00e7ika'dan ayr\u0131l\u0131p Elaz\u0131\u011fspor\u00b4a imza att\u0131. G\u00f6ztepe'ye ise ge\u00e7en sezon ba\u015f\u0131nda transfer olan Alpaslan \u00d6zt\u00fcrk, sar\u0131-k\u0131rm\u0131z\u0131l\u0131larda toplam 49 resmi ma\u00e7a \u00e7\u0131kt\u0131.",
    "keywords": [
        "\u015fok",
        "alpaslana",
        "sezonunda",
        "oyuncu",
        "sar\u0131k\u0131rm\u0131z\u0131l\u0131larda",
        "ma\u00e7a",
        "standard",
        "transfer",
        "ard\u0131ndan",
        "\u00e7\u0131kt\u0131",
        "ve",
        "alpaslan",
        "liegeden",
        "g\u00f6ztepeli"
    ],
    "meta_keywords": [
        ""
    ],
    "publish_date": {
        "$date": 1589884849000
    },
    "summary": "DHAS\u00fcper Lig ekiplerinden G\u00f6ztepe'de transferin g\u00f6zde oyuncusu Alpaslan \u00d6zt\u00fcrk'e Bel\u00e7ika'dan \u015fok bir haber geldi.\nDHA'n\u0131n haberine g\u00f6re; Sar\u0131-k\u0131rm\u0131z\u0131l\u0131larda 2 sezondur forma giyen deneyimli oyuncunun, 2016 y\u0131l\u0131nda Standard Liege'le s\u00f6zle\u015fmesini tek tarafl\u0131 sonland\u0131rmas\u0131n\u0131n ard\u0131ndan Bel\u00e7ika ekibinin FIFA'ya a\u00e7t\u0131\u011f\u0131 haks\u0131z fesih davas\u0131n\u0131 kaybetti\u011fi \u00f6\u011frenildi.\nLiege'i hakl\u0131 bulan FIFA'n\u0131n haks\u0131z fesih nedeniyle Alpaslan'\u0131n eski kul\u00fcb\u00fcne 440 bin Euro ceza \u00f6demesini kararla\u015ft\u0131rd\u0131\u011f\u0131 ortaya \u00e7\u0131kt\u0131.\nLiege'den ayr\u0131l\u0131p 2016-17 sezonunda Elaz\u0131\u011fspor'a imza atan Alpaslan veya futbolcuyu transfer eden kul\u00fcp, Bel\u00e7ika ekibine 3 milyon 300 bin TL \u00f6deyecek.\nFIFA'dan ald\u0131\u011f\u0131 haberle sars\u0131lan 26 ya\u015f\u0131ndaki oyuncu karara itiraz etti.\nG\u00f6ztepe'de g\u00f6sterdi\u011fi performansla S\u00fcper Lig'de Fenerbah\u00e7e, Trabzonspor ve Medipol Ba\u015fak\u015fehir'in transfer listesine giren Alpaslan, 2013-14 sezonunda Standard Liege'de 11 ma\u00e7a \u00e7\u0131k\u0131p ard\u0131ndan Kas\u0131mpa\u015fa ve Eski\u015fehirspor'a kiraland\u0131.\nStandard Liege'e 2016-17 sezonu ba\u015f\u0131nda geri d\u00f6nen oyuncu ard\u0131ndan Bel\u00e7ika'dan ayr\u0131l\u0131p Elaz\u0131\u011fspor\u00b4a imza att\u0131.\nG\u00f6ztepe'ye ise ge\u00e7en sezon ba\u015f\u0131nda transfer olan Alpaslan \u00d6zt\u00fcrk, sar\u0131-k\u0131rm\u0131z\u0131l\u0131larda toplam 49 resmi ma\u00e7a \u00e7\u0131kt\u0131.",
    "article_html": "",
    "meta_description": "S\u00fcper Lig tak\u0131mlar\u0131ndan G\u00f6ztepe'nin oyuncusu Alpaslan \u00d6zt\u00fcrk'\u00fcn 2016 y\u0131l\u0131nda Standard Liege ile olan s\u00f6zle\u015fmesini haks\u0131z feshetti\u011fi gerek\u00e7esiyle 440 bin euro ceza \u00f6demesine karar verildi",
    "meta_lang": "tr"
}