{
    "article_id": "0266f3d776b68e9a3182b8c9609a2de2.1589925560.3544114",
    "title": "Son dakika haberler... Bir il\u00e7eyi saran kronomid istilas\u0131!",
    "authors": [
        "Isvalid",
        "Yazarlar",
        "Data",
        "Name",
        "Mail",
        "Title",
        "Di\u0307\u011fer Yazarlar"
    ],
    "canonical_link": "https://www.haberturk.com/son-dakika-haberler-bir-ilceyi-saran-kronomid-istilasi-2684807",
    "url": "http://haberturk.com/son-dakika-haberler-bir-ilceyi-saran-kronomid-istilasi-2684807",
    "top_img": "https://im.haberturk.com/2020/05/19/ver1589895264/2684807_1200x627.jpg",
    "meta_img": "https://im.haberturk.com/2020/05/19/ver1589895264/2684807_1200x627.jpg",
    "movies": [],
    "text": "DHA\n\nSinekler il\u00e7ede bulunan \u00f6zellikle 19 May\u0131s, Dizdariye, Mimarsinan, Kamiloba, P\u0131nartepe, Sinanoba Mahallesi'nde yayg\u0131n g\u00f6r\u00fcl\u00fcyor. Son bir haftada B\u00fcy\u00fck\u00e7ekmece Belediyesi'ne a\u00e7\u0131lan ihbar telefonlar\u0131n\u0131n neredeyse tamam\u0131n\u0131n bu konuda oldu\u011fu belirtildi. Ye\u015fil renkli bu sineklerden \u015fikayet\u00e7i olanlar, kronomidlerin duvar\u0131n rengini kapatt\u0131klar\u0131n\u0131, perdelere yap\u0131\u015ft\u0131klar\u0131n\u0131 anlatt\u0131.\n\nPENCERE A\u00c7AMIYORLAR\n\nBir\u00e7ok ki\u015fi, sineklilerin aras\u0131ndan bile i\u00e7eri giren, sivrisineklere benzer, birbiri \u00fczerine katlanm\u0131\u015f kanatlar yerine g\u00f6vde boyunca paralel tutulan kanatlar ve \u00e7ok uzun olmayan emici hortumlar\u0131 bulunan sineklerin istilas\u0131 nedeniyle, s\u0131cak havada balkona \u00e7\u0131kamaz, pencere a\u00e7amaz olmaktan yak\u0131nd\u0131.\n\nGenellikle B\u00fcy\u00fck\u00e7ekmece G\u00f6l\u00fc \u00e7evresindeki sazl\u0131k alanlarda duran, geceleri binlercesi \u0131\u015f\u0131\u011fa do\u011fru giden sineklerin eri\u015fkinlerin k\u0131sa \u00f6m\u00fcrl\u00fc olduklar\u0131, larvalar\u0131n temel olarak bitkilerden emdikleri ile beslendikleri ifade edildi.\n\n\"\u0130LA\u00c7LAMA YETERS\u0130Z\" \u0130DD\u0130ASI\n\n\u0130l\u00e7e sakinlerinin \u015fikayetleri \u00fczerine B\u00fcy\u00fck\u00e7ekmece Belediyesi sosyal medya hesab\u0131ndan yapt\u0131\u011f\u0131 a\u00e7\u0131klamada \"B\u00fcy\u00fck\u00e7ekmece G\u00f6l\u00fc taban\u0131nda olu\u015fan kronomid t\u00fcr\u00fc sinek yo\u011funlu\u011fu B\u00fcy\u00fck\u00e7ekmecemizde baz\u0131 mahallelerde yo\u011fun olarak g\u00f6r\u00fclmektedir. \u0130stanbul B\u00fcy\u00fck\u015fehir Belediyesi ila\u00e7lama ekipleri b\u00f6lgemizde olu\u015fan yo\u011funluk nedeni ile \u00e7al\u0131\u015fmalar\u0131n\u0131 artt\u0131rm\u0131\u015ft\u0131r \" a\u00e7\u0131klamas\u0131n\u0131 yapt\u0131.\n\nAncak bu duyurunun alt\u0131ndaki yorumlarda belediye y\u00f6netimi yeterince ve zaman\u0131nda ila\u00e7lama yapmamakla su\u00e7land\u0131.",
    "keywords": [
        "il\u00e7eyi",
        "b\u00fcy\u00fck\u00e7ekmece",
        "sineklerin",
        "son",
        "saran",
        "bir",
        "olarak",
        "ile",
        "haberler",
        "ila\u00e7lama",
        "istilas\u0131",
        "bu",
        "ve",
        "olu\u015fan",
        "kanatlar",
        "kronomid",
        "\u00fczerine",
        "dakika"
    ],
    "meta_keywords": [
        ""
    ],
    "publish_date": {
        "$date": 1589895264000
    },
    "summary": "DHASinekler il\u00e7ede bulunan \u00f6zellikle 19 May\u0131s, Dizdariye, Mimarsinan, Kamiloba, P\u0131nartepe, Sinanoba Mahallesi'nde yayg\u0131n g\u00f6r\u00fcl\u00fcyor.\nSon bir haftada B\u00fcy\u00fck\u00e7ekmece Belediyesi'ne a\u00e7\u0131lan ihbar telefonlar\u0131n\u0131n neredeyse tamam\u0131n\u0131n bu konuda oldu\u011fu belirtildi.\nYe\u015fil renkli bu sineklerden \u015fikayet\u00e7i olanlar, kronomidlerin duvar\u0131n rengini kapatt\u0131klar\u0131n\u0131, perdelere yap\u0131\u015ft\u0131klar\u0131n\u0131 anlatt\u0131.\nPENCERE A\u00c7AMIYORLARBir\u00e7ok ki\u015fi, sineklilerin aras\u0131ndan bile i\u00e7eri giren, sivrisineklere benzer, birbiri \u00fczerine katlanm\u0131\u015f kanatlar yerine g\u00f6vde boyunca paralel tutulan kanatlar ve \u00e7ok uzun olmayan emici hortumlar\u0131 bulunan sineklerin istilas\u0131 nedeniyle, s\u0131cak havada balkona \u00e7\u0131kamaz, pencere a\u00e7amaz olmaktan yak\u0131nd\u0131.\nGenellikle B\u00fcy\u00fck\u00e7ekmece G\u00f6l\u00fc \u00e7evresindeki sazl\u0131k alanlarda duran, geceleri binlercesi \u0131\u015f\u0131\u011fa do\u011fru giden sineklerin eri\u015fkinlerin k\u0131sa \u00f6m\u00fcrl\u00fc olduklar\u0131, larvalar\u0131n temel olarak bitkilerden emdikleri ile beslendikleri ifade edildi.\n\"\u0130LA\u00c7LAMA YETERS\u0130Z\" \u0130DD\u0130ASI\u0130l\u00e7e sakinlerinin \u015fikayetleri \u00fczerine B\u00fcy\u00fck\u00e7ekmece Belediyesi sosyal medya hesab\u0131ndan yapt\u0131\u011f\u0131 a\u00e7\u0131klamada \"B\u00fcy\u00fck\u00e7ekmece G\u00f6l\u00fc taban\u0131nda olu\u015fan kronomid t\u00fcr\u00fc sinek yo\u011funlu\u011fu B\u00fcy\u00fck\u00e7ekmecemizde baz\u0131 mahallelerde yo\u011fun olarak g\u00f6r\u00fclmektedir.\n\u0130stanbul B\u00fcy\u00fck\u015fehir Belediyesi ila\u00e7lama ekipleri b\u00f6lgemizde olu\u015fan yo\u011funluk nedeni ile \u00e7al\u0131\u015fmalar\u0131n\u0131 artt\u0131rm\u0131\u015ft\u0131r \" a\u00e7\u0131klamas\u0131n\u0131 yapt\u0131.\nAncak bu duyurunun alt\u0131ndaki yorumlarda belediye y\u00f6netimi yeterince ve zaman\u0131nda ila\u00e7lama yapmamakla su\u00e7land\u0131.",
    "article_html": "",
    "meta_description": "Son dakika haberi! \u0130stanbul B\u00fcy\u00fck\u00e7ekmece'deki hemen hemen b\u00fct\u00fcn mahallelerde 'kronomid' olarak bilinen sivrisineklere benzer sinek istilas\u0131, il\u00e7ede oturanlar\u0131 b\u0131kt\u0131rd\u0131. \u00c7evre sakinleri ise ila\u00e7laman\u0131n yetersiz oldu\u011funu \u00f6ne s\u00fcrd\u00fc",
    "meta_lang": "tr"
}