{
    "article_id": "092f2edc009171ef3d915cfbda5b80f3.1589925562.4152107",
    "title": "Ankapark'\u0131n ikinci kez elektri\u011fi kesildi",
    "authors": [
        "Isvalid",
        "Yazarlar",
        "Data",
        "Name",
        "Mail",
        "Title",
        "Di\u0307\u011fer Yazarlar"
    ],
    "canonical_link": "https://www.haberturk.com/ankapark-in-ikinci-kez-elektrigi-kesildi-2684155-ekonomi",
    "url": "http://haberturk.com/ankapark-in-ikinci-kez-elektrigi-kesildi-2684155-ekonomi",
    "top_img": "https://im.haberturk.com/2020/05/19/ver1589871599/2684155_1200x627.jpg",
    "meta_img": "https://im.haberturk.com/2020/05/19/ver1589871599/2684155_1200x627.jpg",
    "movies": [],
    "text": "Olcay Aydilek oaydilek@haberturk.com\n\nWonderland Eurasia, istifa ettirilen eski Ankara B\u00fcy\u00fck\u015fehir Belediye Ba\u015fkan\u0131 Melih G\u00f6k\u00e7ek d\u00f6neminde in\u015fa edildi. Hayvanat Bah\u00e7esi\u2019nin bulundu\u011fu Atat\u00fcrk Orman \u00c7iftli\u011fi (AO\u00c7) arazisine kurulan park, gerek y\u00fcksek yat\u0131r\u0131m maliyeti, gerek in\u015fa edildi\u011fi arazi nedeniyle tart\u0131\u015fma konusu oldu. Park, i\u015fletmeye girdi\u011fi g\u00fcnden bu yana ya\u015fad\u0131\u011f\u0131 finansal sorunlarla g\u00fcndeme geldi. Bu sorununun yak\u0131c\u0131 bi\u00e7imde devam etti\u011fi bir kez daha ortaya \u00e7\u0131kt\u0131.\n\nG\u00dcVENCE BEDEL\u0130N\u0130 DE \u00d6DEMED\u0130\n\nAnkara B\u00fcy\u00fck\u015fehir Belediye Ba\u015fkan\u0131 Mansur Yava\u015f\u2019\u0131n, g\u00fcncellenmi\u015f fiyatlarla 750 milyon dolara mal oldu\u011funu a\u00e7\u0131klad\u0131\u011f\u0131 park\u0131n elektri\u011fi, faturas\u0131n\u0131 ve g\u00fcvence bedelini \u00f6demedi\u011fi gerek\u00e7esiyle ikinci kez kesildi.\n\nWonderland Eurasia\u2019n\u0131n (Ankapark) ge\u00e7en y\u0131l\u0131n sonuna do\u011fru da bor\u00e7lar\u0131 nedeniyle elektri\u011fi kesilmi\u015fti. Ba\u015fkent Elektrik ile park\u0131n i\u015fletmesici, birka\u00e7 ay sonra \u00f6demeye ili\u015fkin bir protokol imzalam\u0131\u015f ve parka yeniden elektrik verilmi\u015fti. Park\u0131n, o d\u00f6nemde 2.5 milyon TL dolay\u0131nda birikmi\u015f elektrik borcu bulunuyordu.\n\nKaynaklar, \u015firketin g\u00fcvence bedelinden do\u011fan y\u00fckl\u00fc miktarda borcu oldu\u011funu belirterek, \u201cPark, hem t\u00fcketti\u011fi elektri\u011fin faturas\u0131n\u0131 \u00f6demedi. Hem de g\u00fcvence bedelini. Bu nedenle k\u0131sa s\u00fcre \u00f6nce de elektri\u011fi kesildi\u201d dedi.",
    "keywords": [
        "kesildi",
        "nedeniyle",
        "oldu\u011funu",
        "milyon",
        "park",
        "ve",
        "g\u00fcvence",
        "ankapark\u0131n",
        "park\u0131n",
        "elektrik",
        "ikinci",
        "elektri\u011fi",
        "kez",
        "bu"
    ],
    "meta_keywords": [
        ""
    ],
    "publish_date": {
        "$date": 1589871599000
    },
    "summary": "Olcay Aydilek oaydilek@haberturk.comWonderland Eurasia, istifa ettirilen eski Ankara B\u00fcy\u00fck\u015fehir Belediye Ba\u015fkan\u0131 Melih G\u00f6k\u00e7ek d\u00f6neminde in\u015fa edildi.\nHayvanat Bah\u00e7esi\u2019nin bulundu\u011fu Atat\u00fcrk Orman \u00c7iftli\u011fi (AO\u00c7) arazisine kurulan park, gerek y\u00fcksek yat\u0131r\u0131m maliyeti, gerek in\u015fa edildi\u011fi arazi nedeniyle tart\u0131\u015fma konusu oldu.\nPark, i\u015fletmeye girdi\u011fi g\u00fcnden bu yana ya\u015fad\u0131\u011f\u0131 finansal sorunlarla g\u00fcndeme geldi.\nBu sorununun yak\u0131c\u0131 bi\u00e7imde devam etti\u011fi bir kez daha ortaya \u00e7\u0131kt\u0131.\nG\u00dcVENCE BEDEL\u0130N\u0130 DE \u00d6DEMED\u0130Ankara B\u00fcy\u00fck\u015fehir Belediye Ba\u015fkan\u0131 Mansur Yava\u015f\u2019\u0131n, g\u00fcncellenmi\u015f fiyatlarla 750 milyon dolara mal oldu\u011funu a\u00e7\u0131klad\u0131\u011f\u0131 park\u0131n elektri\u011fi, faturas\u0131n\u0131 ve g\u00fcvence bedelini \u00f6demedi\u011fi gerek\u00e7esiyle ikinci kez kesildi.\nWonderland Eurasia\u2019n\u0131n (Ankapark) ge\u00e7en y\u0131l\u0131n sonuna do\u011fru da bor\u00e7lar\u0131 nedeniyle elektri\u011fi kesilmi\u015fti.\nBa\u015fkent Elektrik ile park\u0131n i\u015fletmesici, birka\u00e7 ay sonra \u00f6demeye ili\u015fkin bir protokol imzalam\u0131\u015f ve parka yeniden elektrik verilmi\u015fti.\nPark\u0131n, o d\u00f6nemde 2.5 milyon TL dolay\u0131nda birikmi\u015f elektrik borcu bulunuyordu.\nKaynaklar, \u015firketin g\u00fcvence bedelinden do\u011fan y\u00fckl\u00fc miktarda borcu oldu\u011funu belirterek, \u201cPark, hem t\u00fcketti\u011fi elektri\u011fin faturas\u0131n\u0131 \u00f6demedi.\nHem de g\u00fcvence bedelini.\nBu nedenle k\u0131sa s\u00fcre \u00f6nce de elektri\u011fi kesildi\u201d dedi.",
    "article_html": "",
    "meta_description": "Wonderland Eurasia (Ankapark),ikinci kez karanl\u0131kta kald\u0131. E\u011flence park\u0131, faturas\u0131n\u0131 ve y\u00fckl\u00fc miktardaki g\u00fcvence bedelini \u00f6demedi\u011fi gerek\u00e7esiyle elektri\u011fi kesildi. Wonderland Eurasia\u2019n\u0131n daha \u00f6nce de elektri\u011fi birikmi\u015f bor\u00e7lar\u0131 nedeniyle kesilmi\u015fti. Ba\u015fkent Elektrik ile park\u0131n i\u015fletmesici aras\u0131nda \u00f6demeye ili\u015fkin bir protokol imzalanm\u0131\u015f ve elektrik yeniden verilmi\u015fti.",
    "meta_lang": "tr"
}