{
    "article_id": "bc5ad82c8632835dbee48a0b76c5f5e9.1589925562.9739184",
    "title": "Son dakika haberleri! Van'da deredeki bal\u0131k \u00f6l\u00fcmlerinin sebebi tespit edildi",
    "authors": [
        "Isvalid",
        "Yazarlar",
        "Data",
        "Name",
        "Mail",
        "Title",
        "Di\u0307\u011fer Yazarlar"
    ],
    "canonical_link": "https://www.haberturk.com/son-dakika-haberleri-van-da-deredeki-balik-olumlerinin-sebebi-tespit-edildi-2684769",
    "url": "http://haberturk.com/son-dakika-haberleri-van-da-deredeki-balik-olumlerinin-sebebi-tespit-edildi-2684769",
    "top_img": "https://im.haberturk.com/2020/05/19/ver1589893547/2684769_1200x627.jpg",
    "meta_img": "https://im.haberturk.com/2020/05/19/ver1589893547/2684769_1200x627.jpg",
    "movies": [],
    "text": "AA\n\nVan'daki Er\u00e7ek G\u00f6l\u00fc'ne d\u00f6k\u00fclen derede bulunan cans\u0131z bal\u0131klar\u0131n, y\u00fcksek su s\u0131cakl\u0131\u011f\u0131 nedeniyle \u00f6ld\u00fckleri belirlendi.\n\nTar\u0131m ve Orman \u0130l M\u00fcd\u00fcrl\u00fc\u011f\u00fcnden yap\u0131lan a\u00e7\u0131klamaya g\u00f6re, Tu\u015fba il\u00e7esine ba\u011fl\u0131 Gedelova Mahallesi'ndeki derede \u00f6nceki g\u00fcn \u00e7ok say\u0131da \u00f6l\u00fc bal\u0131\u011f\u0131n g\u00f6r\u00fclmesi \u00fczerine uzmanlar harekete ge\u00e7ti.\n\nBu kapsamda Tar\u0131m ve Orman \u0130l M\u00fcd\u00fcrl\u00fc\u011f\u00fc Bal\u0131k\u00e7\u0131l\u0131k ve Su \u00dcr\u00fcnleri \u015eube M\u00fcd\u00fcr\u00fc Muhammet Demir ve Van Y\u00fcz\u00fcnc\u00fc Y\u0131l \u00dcniversitesi (YY\u00dc) Su \u00dcr\u00fcnleri Fak\u00fcltesi Dekan\u0131 Prof. Dr. Faz\u0131l \u015een, b\u00f6lgede inceleme yapt\u0131. Demir ve \u015een, suyun i\u00e7eri\u011findeki materyaller ile tatl\u0131 su kayna\u011f\u0131n\u0131n etraf\u0131nda herhangi bir kirletici ve kimyevi madde olup olmad\u0131\u011f\u0131n\u0131 inceledi. Tatl\u0131 su kayna\u011f\u0131n\u0131n farkl\u0131 noktalar\u0131ndan al\u0131nan numuneler \u00fcniversite laboratuvar\u0131na g\u00f6t\u00fcr\u00fcld\u00fc.\n\n\u00c7al\u0131\u015fmalar sonucunda, bal\u0131klar\u0131n y\u00fcksek su s\u0131cakl\u0131\u011f\u0131ndan dolay\u0131 telef olduklar\u0131 tespit edildi.",
    "keywords": [
        "sebebi",
        "\u00f6l\u00fcmlerinin",
        "bal\u0131k",
        "son",
        "tespit",
        "haberleri",
        "su",
        "\u00fcr\u00fcnleri",
        "i\u0307l",
        "kayna\u011f\u0131n\u0131n",
        "vanda",
        "ve",
        "y\u00fcksek",
        "derede",
        "edildi",
        "tatl\u0131",
        "\u015fen",
        "orman",
        "deredeki",
        "dakika"
    ],
    "meta_keywords": [
        ""
    ],
    "publish_date": {
        "$date": 1589893547000
    },
    "summary": "AAVan'daki Er\u00e7ek G\u00f6l\u00fc'ne d\u00f6k\u00fclen derede bulunan cans\u0131z bal\u0131klar\u0131n, y\u00fcksek su s\u0131cakl\u0131\u011f\u0131 nedeniyle \u00f6ld\u00fckleri belirlendi.\nTar\u0131m ve Orman \u0130l M\u00fcd\u00fcrl\u00fc\u011f\u00fcnden yap\u0131lan a\u00e7\u0131klamaya g\u00f6re, Tu\u015fba il\u00e7esine ba\u011fl\u0131 Gedelova Mahallesi'ndeki derede \u00f6nceki g\u00fcn \u00e7ok say\u0131da \u00f6l\u00fc bal\u0131\u011f\u0131n g\u00f6r\u00fclmesi \u00fczerine uzmanlar harekete ge\u00e7ti.\nBu kapsamda Tar\u0131m ve Orman \u0130l M\u00fcd\u00fcrl\u00fc\u011f\u00fc Bal\u0131k\u00e7\u0131l\u0131k ve Su \u00dcr\u00fcnleri \u015eube M\u00fcd\u00fcr\u00fc Muhammet Demir ve Van Y\u00fcz\u00fcnc\u00fc Y\u0131l \u00dcniversitesi (YY\u00dc) Su \u00dcr\u00fcnleri Fak\u00fcltesi Dekan\u0131 Prof. Dr. Faz\u0131l \u015een, b\u00f6lgede inceleme yapt\u0131.\nDemir ve \u015een, suyun i\u00e7eri\u011findeki materyaller ile tatl\u0131 su kayna\u011f\u0131n\u0131n etraf\u0131nda herhangi bir kirletici ve kimyevi madde olup olmad\u0131\u011f\u0131n\u0131 inceledi.\nTatl\u0131 su kayna\u011f\u0131n\u0131n farkl\u0131 noktalar\u0131ndan al\u0131nan numuneler \u00fcniversite laboratuvar\u0131na g\u00f6t\u00fcr\u00fcld\u00fc.\n\u00c7al\u0131\u015fmalar sonucunda, bal\u0131klar\u0131n y\u00fcksek su s\u0131cakl\u0131\u011f\u0131ndan dolay\u0131 telef olduklar\u0131 tespit edildi.",
    "article_html": "",
    "meta_description": "Son dakika haberi... Van'daki Er\u00e7ek G\u00f6l\u00fc'ne d\u00f6k\u00fclen derede bulunan cans\u0131z bal\u0131klar korkuttu. \u0130hbar\u0131n ard\u0131ndan uzmanlar b\u00f6lgede inceleme yapt\u0131. \u0131n, y\u00fcksek su s\u0131cakl\u0131\u011f\u0131 nedeniyle \u00f6ld\u00fckleri belirlendi. \u00c7al\u0131\u015fmalar sonucunda, bal\u0131klar\u0131n \u00f6l\u00fcm sebebi tespit edildi",
    "meta_lang": "tr"
}