{
    "article_id": "0d11c2167ddc1ec4978efde5ee7060bc.1589925564.8098114",
    "title": "S\u0131rlarla dolu k\u00f6y evindeki \u015fekillerin gizemi \u00e7\u00f6z\u00fclemiyor",
    "authors": [
        "Isvalid",
        "Yazarlar",
        "Data",
        "Name",
        "Mail",
        "Title",
        "Di\u0307\u011fer Yazarlar"
    ],
    "canonical_link": "https://www.haberturk.com/sirlarla-dolu-koy-evindeki-sekillerin-gizemi-cozulemiyor-2684510",
    "url": "http://haberturk.com/sirlarla-dolu-koy-evindeki-sekillerin-gizemi-cozulemiyor-2684510",
    "top_img": "https://im.haberturk.com/2020/05/19/ver1589882910/2684510_1200x627.jpg",
    "meta_img": "https://im.haberturk.com/2020/05/19/ver1589882910/2684510_1200x627.jpg",
    "movies": [],
    "text": "\u0130HA\n\nBursa'n\u0131n Keles il\u00e7esine ba\u011fl\u0131 Kocakovac\u0131k k\u00f6y\u00fcnde bulunan k\u00f6y misafirhanesinin ah\u015fap tavan\u0131na y\u00fczy\u0131llar \u00f6nce yap\u0131ld\u0131\u011f\u0131 d\u00fc\u015f\u00fcn\u00fclen ah\u015fap \u015fekiller k\u00f6y\u00fcn ve b\u00f6lgenin tarihini anlat\u0131yor.\n\n\u0130HA'n\u0131n haberine g\u00f6re kimin yapt\u0131\u011f\u0131 bilinmeyen ah\u015faba i\u015flenmi\u015f \u015fekillerin b\u00f6lgede ya\u015fam\u0131\u015f hayvanlar\u0131 a\u011fa\u00e7lar\u0131, kullan\u0131lan alet ve edevatlar\u0131 temsil etti\u011fi d\u00fc\u015f\u00fcn\u00fcl\u00fcyor.\n\nOnlarca \u015fekli inceleyen k\u00f6yl\u00fcler k\u00f6ylerinin y\u00fczy\u0131llar \u00f6nceki ya\u015fant\u0131s\u0131n\u0131 \u00e7\u00f6zmeye \u00e7al\u0131\u015f\u0131yor. 600 y\u0131ll\u0131k oldu\u011fu tahmin edilen k\u00f6y evi ise ziyaret edilenler taraf\u0131ndan hayranl\u0131kla inceleniyor.\n\nKocakovac\u0131k k\u00f6y\u00fc Dernek Ba\u015fkan\u0131 Mustafa Ferik, \"K\u00f6y\u00fcm\u00fcz\u00fcn tarihi \u00e7ok eski. B\u00f6lgede Osmanl\u0131'n\u0131n kurulu\u015fundaki 3'\u00fcnc\u00fc Y\u00f6r\u00fck \u00e7ad\u0131r\u0131n\u0131 kuran k\u00f6y bizimkisi. Bizim k\u00f6y\u00fcm\u00fcz \u0130pek Yolu \u00fczerinde bulunuyor. K\u00f6y\u00fcm\u00fczde bulunan misafir evinin ise y\u00fczlerce y\u0131ll\u0131k tarihi var. Evin i\u00e7inde ah\u015faptan semboller var. Bu semboller y\u00fczlerce y\u0131l buralarda ya\u015fam\u0131\u015f hayvanlar\u0131, a\u011fa\u00e7lar\u0131, el aletlerini ve bilmedi\u011fimiz \u015feyleri anlat\u0131yor. Bu sembollere bakarak y\u00fczy\u0131llar \u00f6nce k\u00f6y\u00fcm\u00fczde ve \u00e7evrede neler ya\u015fand\u0131\u011f\u0131n\u0131 anlamaya \u00e7al\u0131\u015f\u0131yoruz. Bu ev 2007 y\u0131l\u0131nda Osmangazi Belediyesi taraf\u0131ndan restore edildi. \u015eimdi k\u00f6y\u00fcm\u00fcz\u00fc ziyarete gelen misafirlere gezdiriyoruz\" dedi.",
    "keywords": [
        "ya\u015fam\u0131\u015f",
        "var",
        "\u00f6nce",
        "\u015fekillerin",
        "y\u0131ll\u0131k",
        "\u00e7\u00f6z\u00fclemiyor",
        "y\u00fczy\u0131llar",
        "dolu",
        "y\u00fczlerce",
        "evindeki",
        "tarihi",
        "ve",
        "gizemi",
        "s\u0131rlarla",
        "k\u00f6y",
        "bu"
    ],
    "meta_keywords": [
        ""
    ],
    "publish_date": {
        "$date": 1589882910000
    },
    "summary": "\u0130HABursa'n\u0131n Keles il\u00e7esine ba\u011fl\u0131 Kocakovac\u0131k k\u00f6y\u00fcnde bulunan k\u00f6y misafirhanesinin ah\u015fap tavan\u0131na y\u00fczy\u0131llar \u00f6nce yap\u0131ld\u0131\u011f\u0131 d\u00fc\u015f\u00fcn\u00fclen ah\u015fap \u015fekiller k\u00f6y\u00fcn ve b\u00f6lgenin tarihini anlat\u0131yor.\n\u0130HA'n\u0131n haberine g\u00f6re kimin yapt\u0131\u011f\u0131 bilinmeyen ah\u015faba i\u015flenmi\u015f \u015fekillerin b\u00f6lgede ya\u015fam\u0131\u015f hayvanlar\u0131 a\u011fa\u00e7lar\u0131, kullan\u0131lan alet ve edevatlar\u0131 temsil etti\u011fi d\u00fc\u015f\u00fcn\u00fcl\u00fcyor.\nOnlarca \u015fekli inceleyen k\u00f6yl\u00fcler k\u00f6ylerinin y\u00fczy\u0131llar \u00f6nceki ya\u015fant\u0131s\u0131n\u0131 \u00e7\u00f6zmeye \u00e7al\u0131\u015f\u0131yor.\n600 y\u0131ll\u0131k oldu\u011fu tahmin edilen k\u00f6y evi ise ziyaret edilenler taraf\u0131ndan hayranl\u0131kla inceleniyor.\nKocakovac\u0131k k\u00f6y\u00fc Dernek Ba\u015fkan\u0131 Mustafa Ferik, \"K\u00f6y\u00fcm\u00fcz\u00fcn tarihi \u00e7ok eski.\nB\u00f6lgede Osmanl\u0131'n\u0131n kurulu\u015fundaki 3'\u00fcnc\u00fc Y\u00f6r\u00fck \u00e7ad\u0131r\u0131n\u0131 kuran k\u00f6y bizimkisi.\nBizim k\u00f6y\u00fcm\u00fcz \u0130pek Yolu \u00fczerinde bulunuyor.\nK\u00f6y\u00fcm\u00fczde bulunan misafir evinin ise y\u00fczlerce y\u0131ll\u0131k tarihi var.\nEvin i\u00e7inde ah\u015faptan semboller var.\nBu semboller y\u00fczlerce y\u0131l buralarda ya\u015fam\u0131\u015f hayvanlar\u0131, a\u011fa\u00e7lar\u0131, el aletlerini ve bilmedi\u011fimiz \u015feyleri anlat\u0131yor.\nBu sembollere bakarak y\u00fczy\u0131llar \u00f6nce k\u00f6y\u00fcm\u00fczde ve \u00e7evrede neler ya\u015fand\u0131\u011f\u0131n\u0131 anlamaya \u00e7al\u0131\u015f\u0131yoruz.\nBu ev 2007 y\u0131l\u0131nda Osmangazi Belediyesi taraf\u0131ndan restore edildi.\n\u015eimdi k\u00f6y\u00fcm\u00fcz\u00fc ziyarete gelen misafirlere gezdiriyoruz\" dedi.",
    "article_html": "",
    "meta_description": "Bursa'da 600 y\u0131ll\u0131k oldu\u011fu tahmin edilen k\u00f6y evi ziyaret edilenler taraf\u0131ndan hayranl\u0131kla inceleniyor. K\u00f6y misafirhanesindeki y\u00fczlerce y\u0131l \u00f6nce ah\u015faba i\u015flenen \u015fekiller bug\u00fcn hala gizemini koruyor...",
    "meta_lang": "tr"
}