{
    "article_id": "2272c18d086e80c4a833b677185bab09.1589925566.0431309",
    "title": "Son dakika haberler! Karantina b\u00f6lgesine girerken yakaland\u0131! A\u011flayad\u0131 ama kurtulamad\u0131",
    "authors": [
        "Isvalid",
        "Yazarlar",
        "Data",
        "Name",
        "Mail",
        "Title",
        "Di\u0307\u011fer Yazarlar"
    ],
    "canonical_link": "https://www.haberturk.com/son-dakika-haberler-karantina-bolgesine-girerken-yakalandi-aglayadi-ama-kurtulamadi-2684442",
    "url": "http://haberturk.com/son-dakika-haberler-karantina-bolgesine-girerken-yakalandi-aglayadi-ama-kurtulamadi-2684442",
    "top_img": "https://im.haberturk.com/2020/05/19/ver1589881262/2684442_1200x627.jpg",
    "meta_img": "https://im.haberturk.com/2020/05/19/ver1589881262/2684442_1200x627.jpg",
    "movies": [],
    "text": "DHA\n\nAntalyada, karantina b\u00f6lgesine girmeye \u00e7al\u0131\u015ft\u0131\u011f\u0131 \u00f6ne s\u00fcr\u00fclen B\u00fclent G. (29),polise a\u011flayarak itiraz etti ama cezadan kurtulamad\u0131.\n\nOlay, d\u00fcn saat 17.00 s\u0131ralar\u0131nda, Muratpa\u015fa il\u00e7esi Ye\u015fildere Mahallesi'nde meydana geldi. Koronavir\u00fcs tedbirleri kapsam\u0131nda H\u0131fz\u0131ss\u0131hha Kurulu karar\u0131yla karantinaya al\u0131nan mahalleye giri\u015f ve \u00e7\u0131k\u0131\u015flar yasakland\u0131. Ak\u015fam saatlerinde Gazi Bulvar\u0131 \u00fczerindeki bariyerlerden atlayarak, mahalleye girmeye \u00e7al\u0131\u015ft\u0131\u011f\u0131 iddia edilen B\u00fclent G., polis taraf\u0131ndan yakaland\u0131.\n\nB\u00fclent G., idari para cezas\u0131 uygulayan polise a\u011flayarak, b\u00f6lgeye girmeye \u00e7al\u0131\u015fmad\u0131\u011f\u0131n\u0131 s\u00f6yleyip, itirazda bulundu. \u00c7abalar\u0131 sonu\u00e7suz kalan gence karantina kurallar\u0131n\u0131 ihlal etti\u011fi gerek\u00e7esiyle 3 bin 150 lira idari para cezas\u0131 uyguland\u0131. B\u00fclent G., i\u015flemlerin ard\u0131ndan b\u00f6lgeden y\u00fcr\u00fcyerek ayr\u0131ld\u0131.\n\nBAR\u0130YERLER\u0130 A\u015eIP KA\u00c7MAYA \u00c7ALI\u015eAN 2 K\u0130\u015e\u0130 DE YAKALANDI\n\nGebizli Mahallesi'nde d\u00fcn yine ayn\u0131 saatlerde bariyerlerin \u00fczerinden atlayarak ka\u00e7maya \u00e7al\u0131\u015fan 2 ki\u015fi de, polis taraf\u0131ndan yakaland\u0131.\n\nKoronavir\u00fcs tedbirleri kapsam\u0131nda H\u0131fz\u0131ss\u0131hha Kurulu karar\u0131yla Gebizli Mahallelesi'nin de baz\u0131 b\u00f6l\u00fcmlerine giri\u015f \u00e7\u0131k\u0131\u015f yasakland\u0131. D\u00fcn ak\u015fam saatlerinde mahalleyi \u00e7evreleyen A\u015f\u0131k Veysel Caddesi \u00fczerindeki bariyerler \u00fczerinden atlayan 2 ki\u015fi, ko\u015farak ka\u00e7maya ba\u015flad\u0131.\n\nPolis ekiplerinin ka\u00e7an ki\u015fileri fark etmesi \u00fczerine kovalamaca ba\u015flad\u0131. Bu s\u0131rada cadde \u00fczerinde seyir halindeki bir polis arac\u0131n\u0131 yol ortas\u0131nda durduran polisler, ka\u00e7an ki\u015fileri kovalamaya ba\u015flad\u0131. Polisler, yakalanan 2 ki\u015fiye yere yatmalar\u0131n\u0131 s\u00f6yledi. Bu s\u0131rada yakalanan ki\u015filerden birisi, \"Ter\u00f6rist miyiz, torbac\u0131 m\u0131y\u0131z?\" diyerek ayakkab\u0131lar\u0131n\u0131 f\u0131rlatt\u0131. O anlar ise anbean kameralara yans\u0131d\u0131.\n\n2 ki\u015fiye, karantina kurallar\u0131n\u0131 ihlal ettikleri gerek\u00e7esiyle 3 bin 150'\u015fer lira idari para cezas\u0131 uyguland\u0131. 2 ki\u015fi daha sonra karantina b\u00f6lgesine geri g\u00f6t\u00fcr\u00fcld\u00fc.\n\nKORONAV\u0130R\u00dcS SON DAK\u0130KA HABERLER\u0130 \u0130\u00c7\u0130N TIKLAYINIZ!",
    "keywords": [
        "ka\u00e7maya",
        "girerken",
        "yakaland\u0131",
        "karantina",
        "son",
        "a\u011flayad\u0131",
        "idari",
        "d\u00fcn",
        "kurtulamad\u0131",
        "g",
        "haberler",
        "para",
        "ama",
        "girmeye",
        "cezas\u0131",
        "ki\u015fi",
        "b\u00f6lgesine",
        "polis",
        "dakika"
    ],
    "meta_keywords": [
        ""
    ],
    "publish_date": {
        "$date": 1589881262000
    },
    "summary": "DHAAntalyada, karantina b\u00f6lgesine girmeye \u00e7al\u0131\u015ft\u0131\u011f\u0131 \u00f6ne s\u00fcr\u00fclen B\u00fclent G. (29),polise a\u011flayarak itiraz etti ama cezadan kurtulamad\u0131.\nOlay, d\u00fcn saat 17.00 s\u0131ralar\u0131nda, Muratpa\u015fa il\u00e7esi Ye\u015fildere Mahallesi'nde meydana geldi.\nKoronavir\u00fcs tedbirleri kapsam\u0131nda H\u0131fz\u0131ss\u0131hha Kurulu karar\u0131yla karantinaya al\u0131nan mahalleye giri\u015f ve \u00e7\u0131k\u0131\u015flar yasakland\u0131.\nAk\u015fam saatlerinde Gazi Bulvar\u0131 \u00fczerindeki bariyerlerden atlayarak, mahalleye girmeye \u00e7al\u0131\u015ft\u0131\u011f\u0131 iddia edilen B\u00fclent G., polis taraf\u0131ndan yakaland\u0131.\nB\u00fclent G., idari para cezas\u0131 uygulayan polise a\u011flayarak, b\u00f6lgeye girmeye \u00e7al\u0131\u015fmad\u0131\u011f\u0131n\u0131 s\u00f6yleyip, itirazda bulundu.\n\u00c7abalar\u0131 sonu\u00e7suz kalan gence karantina kurallar\u0131n\u0131 ihlal etti\u011fi gerek\u00e7esiyle 3 bin 150 lira idari para cezas\u0131 uyguland\u0131.\nB\u00fclent G., i\u015flemlerin ard\u0131ndan b\u00f6lgeden y\u00fcr\u00fcyerek ayr\u0131ld\u0131.\nBAR\u0130YERLER\u0130 A\u015eIP KA\u00c7MAYA \u00c7ALI\u015eAN 2 K\u0130\u015e\u0130 DE YAKALANDIGebizli Mahallesi'nde d\u00fcn yine ayn\u0131 saatlerde bariyerlerin \u00fczerinden atlayarak ka\u00e7maya \u00e7al\u0131\u015fan 2 ki\u015fi de, polis taraf\u0131ndan yakaland\u0131.\nKoronavir\u00fcs tedbirleri kapsam\u0131nda H\u0131fz\u0131ss\u0131hha Kurulu karar\u0131yla Gebizli Mahallelesi'nin de baz\u0131 b\u00f6l\u00fcmlerine giri\u015f \u00e7\u0131k\u0131\u015f yasakland\u0131.\nD\u00fcn ak\u015fam saatlerinde mahalleyi \u00e7evreleyen A\u015f\u0131k Veysel Caddesi \u00fczerindeki bariyerler \u00fczerinden atlayan 2 ki\u015fi, ko\u015farak ka\u00e7maya ba\u015flad\u0131.\nPolis ekiplerinin ka\u00e7an ki\u015fileri fark etmesi \u00fczerine kovalamaca ba\u015flad\u0131.\nBu s\u0131rada cadde \u00fczerinde seyir halindeki bir polis arac\u0131n\u0131 yol ortas\u0131nda durduran polisler, ka\u00e7an ki\u015fileri kovalamaya ba\u015flad\u0131.\nPolisler, yakalanan 2 ki\u015fiye yere yatmalar\u0131n\u0131 s\u00f6yledi.\nBu s\u0131rada yakalanan ki\u015filerden birisi, \"Ter\u00f6rist miyiz, torbac\u0131 m\u0131y\u0131z?\"\ndiyerek ayakkab\u0131lar\u0131n\u0131 f\u0131rlatt\u0131.\nO anlar ise anbean kameralara yans\u0131d\u0131.\n2 ki\u015fiye, karantina kurallar\u0131n\u0131 ihlal ettikleri gerek\u00e7esiyle 3 bin 150'\u015fer lira idari para cezas\u0131 uyguland\u0131.\n2 ki\u015fi daha sonra karantina b\u00f6lgesine geri g\u00f6t\u00fcr\u00fcld\u00fc.\nKORONAV\u0130R\u00dcS SON DAK\u0130KA HABERLER\u0130 \u0130\u00c7\u0130N TIKLAYINIZ!",
    "article_html": "",
    "meta_description": "Son dakika haberi... Antalya'da, karantina b\u00f6lgesine girmeye \u00e7al\u0131\u015ft\u0131\u011f\u0131 \u00f6ne s\u00fcr\u00fclen B\u00fclent G., polis ekiplerince yakaland\u0131. Polise a\u011flayarak, b\u00f6lgeye girmeye \u00e7al\u0131\u015fmad\u0131\u011f\u0131n\u0131 s\u00f6yleyen B\u00fclent G.'ye, cezadan kurtulamad\u0131. \u015eahsa,'karantina kurallar\u0131n\u0131 ihlal'den 3 bin 150 liral\u0131k ceza uyguland\u0131",
    "meta_lang": "tr"
}