{
    "article_id": "5ffddf4a89e1da86f10fefda7d892b3b.1589925566.7494543",
    "title": "Son dakika konserve \u00f6ld\u00fcrd\u00fc... Kar\u0131 koca konserveden zehirlenmi\u015flerdi! Kahreden haber!",
    "authors": [
        "Isvalid",
        "Yazarlar",
        "Data",
        "Name",
        "Mail",
        "Title",
        "Di\u0307\u011fer Yazarlar"
    ],
    "canonical_link": "https://www.haberturk.com/son-dakika-konserve-oldurdu-kari-koca-konserveden-zehirlenmislerdi-kahreden-haber-haberler-2684421",
    "url": "http://haberturk.com/son-dakika-konserve-oldurdu-kari-koca-konserveden-zehirlenmislerdi-kahreden-haber-haberler-2684421",
    "top_img": "https://im.haberturk.com/2020/05/19/ver1589889015/2684421_1200x627.jpg",
    "meta_img": "https://im.haberturk.com/2020/05/19/ver1589889015/2684421_1200x627.jpg",
    "movies": [],
    "text": "DHA\n\nZonguldak'\u0131n \u00c7aycuma il\u00e7esine ba\u011fl\u0131 Kay\u0131k\u00e7\u0131lar k\u00f6y\u00fcnde ya\u015fayan Zuhriye-Ramazan Y\u0131ld\u0131z \u00e7ifti, ge\u00e7en y\u0131l 28 Kas\u0131m g\u00fcn\u00fc, ak\u015fam yeme\u011finde, konserve kavonozu i\u00e7indeki ev yap\u0131m\u0131 tur\u015fuyu yedi. Rahats\u0131zlanan \u00e7iftten ilk olarak Ramazan Y\u0131ld\u0131z (55),bir g\u00fcn sonra da e\u015fi Zuhriye Y\u0131ld\u0131z (54) hastaneye kald\u0131r\u0131ld\u0131.\n\nYO\u011eUN BAKIMDA TEDAV\u0130YE ALINDILAR\n\nDHA'da yer alan habere g\u00f6re Y\u0131ld\u0131z \u00e7ifti, B\u00fclent Ecevit \u00dcniversitesi (BE\u00dc) Sa\u011fl\u0131k Uygulama ve Ara\u015ft\u0131rma Merkezi'ne sevk edildi. Yo\u011fun bak\u0131mda tedaviye al\u0131nan \u00e7iftin evindeki konserveden al\u0131nan \u00f6rneklerde yap\u0131lan inceleme sonunda, 'clostridium botulinum' bakterisinin zehirlenmeye neden olmu\u015f olabilece\u011fi saptand\u0131.\n\nD\u00d6RD\u00dcNC\u00dc AY TEDAV\u0130YE CEVAP VERD\u0130\n\nUlusal Zehir Dan\u0131\u015fma Merkezi'nden g\u00f6nderileyn 'clostridium botulinum' bakterisine kar\u015f\u0131 antitoksinler enjekte edilen Y\u0131ld\u0131z \u00e7ifti i\u00e7in doktorlar ve sa\u011fl\u0131k personeli seferber oldu. Bilin\u00e7leri kapal\u0131 ve solunum cihaz\u0131na ba\u011fl\u0131 olan \u00e7iftten, Zuhriye Y\u0131ld\u0131z, 4'\u00fcnc\u00fc ay\u0131n sonunda tedaviye cevap verdi. Zuhriye Y\u0131ld\u0131z daha sonra uygulanan fizik tedavi ile sa\u011fl\u0131\u011f\u0131na kavu\u015ftu ve taburcu edildi.\n\n170 G\u00dcN SONRA CAN VERD\u0130\n\nTedavisi devam eden Ramazan Y\u0131ld\u0131z ise koronavir\u00fcs salg\u0131n\u0131 nedeniyle Ere\u011fli il\u00e7esindeki \u00f6zel hastaneye sevk edildi. Ramazan Y\u0131ld\u0131z, 170 g\u00fcn s\u00fcren ya\u015fam m\u00fccadelesini 14 Nisan g\u00fcn\u00fc kaybetti. Ramazan Y\u0131ld\u0131z'\u0131n cenazesi, koronavir\u00fcs salg\u0131n\u0131 nedeniyle al\u0131nan tedbirler kapsam\u0131nda sadece aile bireylerinin kald\u0131\u011f\u0131n\u0131 cenaze namaz\u0131 sonras\u0131 k\u00f6y\u00fcnde topra\u011fa verildi. \u00c7ocuklar\u0131yla birlikte ya\u015fayan Zuhriye Y\u0131ld\u0131z, ya\u015fad\u0131\u011f\u0131 olayla ilgili hi\u00e7bir \u015fey hat\u0131rlamad\u0131\u011f\u0131n\u0131 s\u00f6yledi.\n\nTESTTE ZEH\u0130RL\u0130 BAKTER\u0130YE RASTLANMADI\n\nSa\u011fl\u0131k Bakanl\u0131\u011f\u0131'nca evdeki konserve ve di\u011fer yiyeceklerden al\u0131nan numunelerle yap\u0131lan testte ise 'clostridium botulinum' bakterisine rastlanmad\u0131. Ancak \u00e7iftin yiyecekte zehirli toksinin bulundu\u011fu k\u0131sm\u0131 yemi\u015f olabilecekleri, yiyece\u011fin di\u011fer k\u0131s\u0131mlar\u0131nda bu toksin bulunmad\u0131\u011f\u0131 i\u00e7in raporda \u00e7\u0131kmamas\u0131n\u0131n normal oldu\u011fu belirtildi.",
    "keywords": [
        "\u00f6ld\u00fcrd\u00fc",
        "sonra",
        "son",
        "kar\u0131",
        "zuhriye",
        "al\u0131nan",
        "zehirlenmi\u015flerdi",
        "kahreden",
        "y\u0131ld\u0131z",
        "clostridium",
        "konserve",
        "g\u00fcn",
        "ve",
        "konserveden",
        "haber",
        "ramazan",
        "botulinum",
        "\u00e7ifti",
        "koca",
        "dakika"
    ],
    "meta_keywords": [
        ""
    ],
    "publish_date": {
        "$date": 1589889015000
    },
    "summary": "DHAZonguldak'\u0131n \u00c7aycuma il\u00e7esine ba\u011fl\u0131 Kay\u0131k\u00e7\u0131lar k\u00f6y\u00fcnde ya\u015fayan Zuhriye-Ramazan Y\u0131ld\u0131z \u00e7ifti, ge\u00e7en y\u0131l 28 Kas\u0131m g\u00fcn\u00fc, ak\u015fam yeme\u011finde, konserve kavonozu i\u00e7indeki ev yap\u0131m\u0131 tur\u015fuyu yedi.\nRahats\u0131zlanan \u00e7iftten ilk olarak Ramazan Y\u0131ld\u0131z (55),bir g\u00fcn sonra da e\u015fi Zuhriye Y\u0131ld\u0131z (54) hastaneye kald\u0131r\u0131ld\u0131.\nYO\u011eUN BAKIMDA TEDAV\u0130YE ALINDILARDHA'da yer alan habere g\u00f6re Y\u0131ld\u0131z \u00e7ifti, B\u00fclent Ecevit \u00dcniversitesi (BE\u00dc) Sa\u011fl\u0131k Uygulama ve Ara\u015ft\u0131rma Merkezi'ne sevk edildi.\nYo\u011fun bak\u0131mda tedaviye al\u0131nan \u00e7iftin evindeki konserveden al\u0131nan \u00f6rneklerde yap\u0131lan inceleme sonunda, 'clostridium botulinum' bakterisinin zehirlenmeye neden olmu\u015f olabilece\u011fi saptand\u0131.\nD\u00d6RD\u00dcNC\u00dc AY TEDAV\u0130YE CEVAP VERD\u0130Ulusal Zehir Dan\u0131\u015fma Merkezi'nden g\u00f6nderileyn 'clostridium botulinum' bakterisine kar\u015f\u0131 antitoksinler enjekte edilen Y\u0131ld\u0131z \u00e7ifti i\u00e7in doktorlar ve sa\u011fl\u0131k personeli seferber oldu.\nBilin\u00e7leri kapal\u0131 ve solunum cihaz\u0131na ba\u011fl\u0131 olan \u00e7iftten, Zuhriye Y\u0131ld\u0131z, 4'\u00fcnc\u00fc ay\u0131n sonunda tedaviye cevap verdi.\nZuhriye Y\u0131ld\u0131z daha sonra uygulanan fizik tedavi ile sa\u011fl\u0131\u011f\u0131na kavu\u015ftu ve taburcu edildi.\n170 G\u00dcN SONRA CAN VERD\u0130Tedavisi devam eden Ramazan Y\u0131ld\u0131z ise koronavir\u00fcs salg\u0131n\u0131 nedeniyle Ere\u011fli il\u00e7esindeki \u00f6zel hastaneye sevk edildi.\nRamazan Y\u0131ld\u0131z, 170 g\u00fcn s\u00fcren ya\u015fam m\u00fccadelesini 14 Nisan g\u00fcn\u00fc kaybetti.\nRamazan Y\u0131ld\u0131z'\u0131n cenazesi, koronavir\u00fcs salg\u0131n\u0131 nedeniyle al\u0131nan tedbirler kapsam\u0131nda sadece aile bireylerinin kald\u0131\u011f\u0131n\u0131 cenaze namaz\u0131 sonras\u0131 k\u00f6y\u00fcnde topra\u011fa verildi.\n\u00c7ocuklar\u0131yla birlikte ya\u015fayan Zuhriye Y\u0131ld\u0131z, ya\u015fad\u0131\u011f\u0131 olayla ilgili hi\u00e7bir \u015fey hat\u0131rlamad\u0131\u011f\u0131n\u0131 s\u00f6yledi.\nTESTTE ZEH\u0130RL\u0130 BAKTER\u0130YE RASTLANMADISa\u011fl\u0131k Bakanl\u0131\u011f\u0131'nca evdeki konserve ve di\u011fer yiyeceklerden al\u0131nan numunelerle yap\u0131lan testte ise 'clostridium botulinum' bakterisine rastlanmad\u0131.\nAncak \u00e7iftin yiyecekte zehirli toksinin bulundu\u011fu k\u0131sm\u0131 yemi\u015f olabilecekleri, yiyece\u011fin di\u011fer k\u0131s\u0131mlar\u0131nda bu toksin bulunmad\u0131\u011f\u0131 i\u00e7in raporda \u00e7\u0131kmamas\u0131n\u0131n normal oldu\u011fu belirtildi.",
    "article_html": "",
    "meta_description": "Son dakika haberi! Zonguldak'ta, ge\u00e7en kas\u0131m ay\u0131nda, ev yap\u0131m\u0131 konserveden yedikten sonra zehirlenen ve yo\u011fun bak\u0131ma al\u0131nan \u00e7iftten Ramazan Y\u0131ld\u0131z (55),yo\u011fun bak\u0131mda 170 g\u00fcn s\u00fcren ya\u015fam sava\u015f\u0131n\u0131 kaybetti. E\u015fi Zuhriye Y\u0131ld\u0131z (54) ise tedavisinin ard\u0131ndan sa\u011fl\u0131\u011f\u0131na kavu\u015farak, evine g\u00f6nderildi",
    "meta_lang": "tr"
}