{
    "article_id": "5b8bd1339afeda50ca101c1f2703a7f6.1589925567.0920827",
    "title": "T\u00fcrkiye otomobil pazar\u0131 Nisan'da Avrupa ikincisi oldu",
    "authors": [
        "Isvalid",
        "Yazarlar",
        "Data",
        "Name",
        "Mail",
        "Title",
        "Di\u0307\u011fer Yazarlar"
    ],
    "canonical_link": "https://www.haberturk.com/avrupa-otomobil-pazari-nisan-da-eridi-2684410-ekonomi",
    "url": "http://haberturk.com/avrupa-otomobil-pazari-nisan-da-eridi-2684410-ekonomi",
    "top_img": "https://im.haberturk.com/2020/05/19/ver1589880508/2684410_1200x627.jpg",
    "meta_img": "https://im.haberturk.com/2020/05/19/ver1589880508/2684410_1200x627.jpg",
    "movies": [],
    "text": "Yi\u011fitcan Y\u0131ld\u0131z yyildiz@htgazete.com.tr\n\nKoronavir\u00fcs salg\u0131n\u0131 nedeniyle \u00fcretime ara verilen ve bayilerin kapal\u0131 kald\u0131\u011f\u0131 Avrupa otomotiv sekt\u00f6r\u00fcnde, Nisan ay\u0131 sat\u0131\u015f rakamlar\u0131 ortaya \u00e7\u0131kt\u0131.\n\nAvrupa Otomobil \u00dcreticileri Birli\u011fi'nden (ACEA) yap\u0131lan a\u00e7\u0131klamada, Nisan ay\u0131nda k\u0131tadaki sat\u0131\u015flar\u0131n y\u00fczde 76.3 oran\u0131nda azald\u0131\u011f\u0131 bildirildi.\n\nAvrupa Birli\u011fi (AB) \u00fclkelerinde Nisan ay\u0131nda 270 bin 682 adet ara\u00e7 otomobil sat\u0131\u015f\u0131 ger\u00e7ekle\u015fti\u011fi a\u00e7\u0131klan\u0131rken, 2019'un Nisan ay\u0131nda ise s\u00f6z konusu rakam\u0131n 1 milyon 143 bin 46 adet oldu\u011fu kaydedildi.\n\nACEA'dan yap\u0131lan a\u00e7\u0131klamada, Nisan ay\u0131nda 27 AB \u00fclkesindeki otomobil sat\u0131\u015flar\u0131nda \u00e7ift haneli daralmalar g\u00f6r\u00fcld\u00fc\u011f\u00fc, \u0130talya ve \u0130spanya'n\u0131n ise en \u00e7ok kan kaybeden \u00fclkeler oldu\u011fu aktar\u0131ld\u0131.\n\nBuna g\u00f6re, \u0130talya'daki yeni otomobil sat\u0131\u015flar\u0131 Nisan'da y\u00fczde 97.6 azal\u0131rken, \u0130spanya'da da y\u00fczde 96.5 oran\u0131nda daralma g\u00f6r\u00fcld\u00fc.\n\nAvrupa'n\u0131n otomotiv \u00fcss\u00fc Almanya'daki daralma oran\u0131 ise Nisan'da y\u00fczde 61.1 oran\u0131nda ger\u00e7ekle\u015fti. Fransa'daki otomobil sat\u0131\u015flar\u0131 ise Nisan'da y\u00fczde 88.8 oran\u0131nda d\u00fc\u015ft\u00fc.\n\nT\u00dcRK\u0130YE'DEK\u0130 SATI\u015eLAR AVRUPA'NIN Y\u00dcZDE 10'UNA YAKLA\u015eTI\n\nAlmanya 120 bin ara\u00e7 sat\u0131\u015f\u0131 ile Nisan'da Avrupa Birli\u011fi pazar\u0131n\u0131 lider tamamlarken, Fransa 20 bin 997 adet otomobil sat\u0131\u015f\u0131 ile ikinci ve \u0130sve\u00e7 18 bin 916 adet otomobil sat\u0131\u015f\u0131na ev sahipli\u011fi yaparak en b\u00fcy\u00fck \u00fc\u00e7\u00fcnc\u00fc pazar oldu.\n\nOtomotiv Distrib\u00fct\u00f6rleri Derne\u011fi'nden (ODD) yap\u0131lan a\u00e7\u0131klamaya g\u00f6re, Nisan ay\u0131nda T\u00fcrkiye'deki otomobil sat\u0131\u015flar\u0131 y\u00fczde 10.6 oran\u0131nda azalarak 21 bin 825 adet seviyesinde ger\u00e7ekle\u015fti.\n\nB\u00f6ylece, T\u00fcrkiye otomobil pazar\u0131n\u0131n Nisan'da Almanya hari\u00e7 di\u011fer t\u00fcm Avrupa \u00fclkelerinden daha iyi bir performans ortaya koydu\u011fu anla\u015f\u0131l\u0131yor.\n\nAyr\u0131ca, Nisan ay\u0131nda T\u00fcrkiye'de sat\u0131lan yeni otomobil sat\u0131\u015flar\u0131n\u0131n, ayn\u0131 d\u00f6nemde Avrupa'da ger\u00e7ekle\u015fen toplam sat\u0131\u015flar\u0131n y\u00fczde 8'ini olu\u015fturmas\u0131 da dikkat \u00e7ekiyor.\n\nD\u00d6RT AYLIK DARALMA ORANI Y\u00dcZDE 39 SEV\u0130YES\u0130NDE\n\nACEA verilerine g\u00f6re, Avrupa'da Ocak-Nisan d\u00f6neminde otomobil sat\u0131\u015flar\u0131 y\u00fczde 38.5 oran\u0131nda azalarak 2 milyon 750 bin 845 adet \u015feklinde ger\u00e7ekle\u015fti.\n\n\u0130talya'da y\u0131l\u0131n ilk d\u00f6rt ay\u0131nda otomobil sat\u0131\u015flar\u0131n\u0131n y\u00fczde 50.7 oran\u0131nda d\u00fc\u015ft\u00fc\u011f\u00fc bilgisi payla\u015f\u0131l\u0131rken, bu oran\u0131n \u0130spanya'da y\u00fczde 49.7, Fransa'da y\u00fczde 48 ve Almanya'da da y\u00fczde 31 oran\u0131nda ger\u00e7ekle\u015fti\u011fi bildirildi.\n\nBu d\u00f6nemde T\u00fcrkiye'deki otomobil sat\u0131\u015flar\u0131n\u0131n y\u00fczde 30 art\u0131\u015f ile 121 bin 455 adedi buldu\u011fu g\u00f6z \u00f6n\u00fcne al\u0131nd\u0131\u011f\u0131nda, T\u00fcrkiye otomobil pazar\u0131n\u0131n ilk d\u00f6rt ayda Avrupa toplam pazar\u0131n\u0131n y\u00fczde 4.4'\u00fcne denk geldi\u011fi ortaya \u00e7\u0131k\u0131yor.\n\nKORONAV\u0130R\u00dcS SON DAK\u0130KA HABERLER\u0130 \u0130\u00c7\u0130N TIKLAYINIZ!",
    "keywords": [
        "oran\u0131nda",
        "y\u00fczde",
        "adet",
        "nisanda",
        "pazar\u0131",
        "nisan",
        "sat\u0131\u015flar\u0131",
        "bin",
        "ay\u0131nda",
        "ve",
        "otomobil",
        "oldu",
        "t\u00fcrkiye",
        "ikincisi",
        "avrupa"
    ],
    "meta_keywords": [
        ""
    ],
    "publish_date": {
        "$date": 1589880508000
    },
    "summary": "Yi\u011fitcan Y\u0131ld\u0131z yyildiz@htgazete.com.trKoronavir\u00fcs salg\u0131n\u0131 nedeniyle \u00fcretime ara verilen ve bayilerin kapal\u0131 kald\u0131\u011f\u0131 Avrupa otomotiv sekt\u00f6r\u00fcnde, Nisan ay\u0131 sat\u0131\u015f rakamlar\u0131 ortaya \u00e7\u0131kt\u0131.\nAvrupa Otomobil \u00dcreticileri Birli\u011fi'nden (ACEA) yap\u0131lan a\u00e7\u0131klamada, Nisan ay\u0131nda k\u0131tadaki sat\u0131\u015flar\u0131n y\u00fczde 76.3 oran\u0131nda azald\u0131\u011f\u0131 bildirildi.\nAvrupa Birli\u011fi (AB) \u00fclkelerinde Nisan ay\u0131nda 270 bin 682 adet ara\u00e7 otomobil sat\u0131\u015f\u0131 ger\u00e7ekle\u015fti\u011fi a\u00e7\u0131klan\u0131rken, 2019'un Nisan ay\u0131nda ise s\u00f6z konusu rakam\u0131n 1 milyon 143 bin 46 adet oldu\u011fu kaydedildi.\nACEA'dan yap\u0131lan a\u00e7\u0131klamada, Nisan ay\u0131nda 27 AB \u00fclkesindeki otomobil sat\u0131\u015flar\u0131nda \u00e7ift haneli daralmalar g\u00f6r\u00fcld\u00fc\u011f\u00fc, \u0130talya ve \u0130spanya'n\u0131n ise en \u00e7ok kan kaybeden \u00fclkeler oldu\u011fu aktar\u0131ld\u0131.\nBuna g\u00f6re, \u0130talya'daki yeni otomobil sat\u0131\u015flar\u0131 Nisan'da y\u00fczde 97.6 azal\u0131rken, \u0130spanya'da da y\u00fczde 96.5 oran\u0131nda daralma g\u00f6r\u00fcld\u00fc.\nAvrupa'n\u0131n otomotiv \u00fcss\u00fc Almanya'daki daralma oran\u0131 ise Nisan'da y\u00fczde 61.1 oran\u0131nda ger\u00e7ekle\u015fti.\nFransa'daki otomobil sat\u0131\u015flar\u0131 ise Nisan'da y\u00fczde 88.8 oran\u0131nda d\u00fc\u015ft\u00fc.\nT\u00dcRK\u0130YE'DEK\u0130 SATI\u015eLAR AVRUPA'NIN Y\u00dcZDE 10'UNA YAKLA\u015eTIAlmanya 120 bin ara\u00e7 sat\u0131\u015f\u0131 ile Nisan'da Avrupa Birli\u011fi pazar\u0131n\u0131 lider tamamlarken, Fransa 20 bin 997 adet otomobil sat\u0131\u015f\u0131 ile ikinci ve \u0130sve\u00e7 18 bin 916 adet otomobil sat\u0131\u015f\u0131na ev sahipli\u011fi yaparak en b\u00fcy\u00fck \u00fc\u00e7\u00fcnc\u00fc pazar oldu.\nOtomotiv Distrib\u00fct\u00f6rleri Derne\u011fi'nden (ODD) yap\u0131lan a\u00e7\u0131klamaya g\u00f6re, Nisan ay\u0131nda T\u00fcrkiye'deki otomobil sat\u0131\u015flar\u0131 y\u00fczde 10.6 oran\u0131nda azalarak 21 bin 825 adet seviyesinde ger\u00e7ekle\u015fti.\nB\u00f6ylece, T\u00fcrkiye otomobil pazar\u0131n\u0131n Nisan'da Almanya hari\u00e7 di\u011fer t\u00fcm Avrupa \u00fclkelerinden daha iyi bir performans ortaya koydu\u011fu anla\u015f\u0131l\u0131yor.\nAyr\u0131ca, Nisan ay\u0131nda T\u00fcrkiye'de sat\u0131lan yeni otomobil sat\u0131\u015flar\u0131n\u0131n, ayn\u0131 d\u00f6nemde Avrupa'da ger\u00e7ekle\u015fen toplam sat\u0131\u015flar\u0131n y\u00fczde 8'ini olu\u015fturmas\u0131 da dikkat \u00e7ekiyor.\nD\u00d6RT AYLIK DARALMA ORANI Y\u00dcZDE 39 SEV\u0130YES\u0130NDEACEA verilerine g\u00f6re, Avrupa'da Ocak-Nisan d\u00f6neminde otomobil sat\u0131\u015flar\u0131 y\u00fczde 38.5 oran\u0131nda azalarak 2 milyon 750 bin 845 adet \u015feklinde ger\u00e7ekle\u015fti.\n\u0130talya'da y\u0131l\u0131n ilk d\u00f6rt ay\u0131nda otomobil sat\u0131\u015flar\u0131n\u0131n y\u00fczde 50.7 oran\u0131nda d\u00fc\u015ft\u00fc\u011f\u00fc bilgisi payla\u015f\u0131l\u0131rken, bu oran\u0131n \u0130spanya'da y\u00fczde 49.7, Fransa'da y\u00fczde 48 ve Almanya'da da y\u00fczde 31 oran\u0131nda ger\u00e7ekle\u015fti\u011fi bildirildi.\nBu d\u00f6nemde T\u00fcrkiye'deki otomobil sat\u0131\u015flar\u0131n\u0131n y\u00fczde 30 art\u0131\u015f ile 121 bin 455 adedi buldu\u011fu g\u00f6z \u00f6n\u00fcne al\u0131nd\u0131\u011f\u0131nda, T\u00fcrkiye otomobil pazar\u0131n\u0131n ilk d\u00f6rt ayda Avrupa toplam pazar\u0131n\u0131n y\u00fczde 4.4'\u00fcne denk geldi\u011fi ortaya \u00e7\u0131k\u0131yor.\nKORONAV\u0130R\u00dcS SON DAK\u0130KA HABERLER\u0130 \u0130\u00c7\u0130N TIKLAYINIZ!",
    "article_html": "",
    "meta_description": "Koronavir\u00fcs salg\u0131n\u0131 nedeniyle \u00fcretim ve sat\u0131\u015f faaliyetlerinin ask\u0131ya al\u0131nd\u0131\u011f\u0131 Avrupa'da, otomobil sat\u0131\u015flar\u0131 Nisan'da y\u00fczde 76.3 oran\u0131nda azald\u0131. Avrupa Otomobil \u00dcreticileri Birli\u011fi'nden (ACEA) yap\u0131lan a\u00e7\u0131klamada, Nisan ay\u0131nda 27 AB \u00fclkesindeki otomobil sat\u0131\u015flar\u0131nda \u00e7ift haneli daralmalar g\u00f6r\u00fcld\u00fc\u011f\u00fc, \u0130talya ve \u0130spanya'n\u0131n ise en \u00e7ok kan kaybeden \u00fclkeler oldu\u011fu aktar\u0131ld\u0131. Buna g\u00f6re, \u0130talya'daki yeni otomobil sat\u0131\u015flar\u0131 Nisan'da y\u00fczde 97.6 azal\u0131rken, \u0130spanya'da da y\u00fczde 96.5 oran\u0131nda daralma ya\u015fand\u0131",
    "meta_lang": "tr"
}