{
    "article_id": "2e7ee14df5be7f273cdf1d3da5a32e8d.1589925569.6888523",
    "title": "Fransa ve Almanya'dan 500 milyar euroluk plan!",
    "authors": [
        "Isvalid",
        "Yazarlar",
        "Data",
        "Name",
        "Mail",
        "Title",
        "Di\u0307\u011fer Yazarlar"
    ],
    "canonical_link": "https://www.haberturk.com/fransa-ve-almanya-dan-500-milyar-euroluk-plan-2684226",
    "url": "http://haberturk.com/fransa-ve-almanya-dan-500-milyar-euroluk-plan-2684226",
    "top_img": "https://im.haberturk.com/2020/05/19/ver1589876252/2684226_1200x627.jpg",
    "meta_img": "https://im.haberturk.com/2020/05/19/ver1589876252/2684226_1200x627.jpg",
    "movies": [],
    "text": "\u0130HA\n\nKorona vir\u00fcs salg\u0131n\u0131 nedeni ile ekonomisi durma noktas\u0131na gelen Avrupa Birli\u011fi\u2019nde (AB) liderler krizi atlatman\u0131n yollar\u0131n\u0131 ar\u0131yor.\n\nFransa Cumhurba\u015fkan\u0131 Emmanuel Macron ile Almanya Ba\u015fbakan\u0131 Angela Merkel bug\u00fcn video konferans yolu ile g\u00f6r\u00fc\u015fme ger\u00e7ekle\u015ftirdi.\n\n\u0130ki lider g\u00f6r\u00fc\u015fmenin ard\u0131ndan ortak bas\u0131n toplant\u0131s\u0131 d\u00fczenledi. Liderler, bas\u0131n toplant\u0131s\u0131nda yapt\u0131klar\u0131 a\u00e7\u0131klamada AB ekonomisini canland\u0131rmak amac\u0131 ile 500 milyar Euroluk ekonomi paketini AB \u00fcyesi \u00fclkelerin onay\u0131na sunacaklar\u0131n\u0131 aktard\u0131lar. Liderler, AB \u00fcyesi \u00fclkelerin ekonomi paketine onay vermesi halinde AB i\u00e7erisindeki b\u00fcy\u00fcmeyi g\u00fc\u00e7lendirmek ve rekabeti artt\u0131rmak istediklerini a\u00e7\u0131klad\u0131lar. Macron ve Merkel, ekonomi paketi ile inovasyon, ara\u015ft\u0131rma, dijitalle\u015fme ve ekoloji alanlar\u0131na yat\u0131r\u0131m yapmak istediklerini dile getirdiler.\n\nLiderler, ekonomi paketinin ihtiyac\u0131 olan AB \u00fclkeleri aras\u0131nda da\u011f\u0131t\u0131laca\u011f\u0131n\u0131 ifade ettiler.\n\nMerkel, ekonomi paketi hakk\u0131nda \u201cAma\u00e7, Avrupa'n\u0131n bu krizden daha g\u00fc\u00e7l\u00fc, daha uyumlu ve dayan\u0131\u015fma i\u00e7inde \u00e7\u0131kmas\u0131d\u0131r'' ifadelerini kullan\u0131rken, \"Avrupa \u015fimdi birlikte durmal\u0131\" dedi.",
    "keywords": [
        "milyar",
        "plan",
        "merkel",
        "ekonomi",
        "\u00fcyesi",
        "macron",
        "liderler",
        "euroluk",
        "500",
        "fransa",
        "ve",
        "ab",
        "almanyadan",
        "ile",
        "\u00fclkelerin",
        "paketi"
    ],
    "meta_keywords": [
        ""
    ],
    "publish_date": {
        "$date": 1589876252000
    },
    "summary": "\u0130HAKorona vir\u00fcs salg\u0131n\u0131 nedeni ile ekonomisi durma noktas\u0131na gelen Avrupa Birli\u011fi\u2019nde (AB) liderler krizi atlatman\u0131n yollar\u0131n\u0131 ar\u0131yor.\nFransa Cumhurba\u015fkan\u0131 Emmanuel Macron ile Almanya Ba\u015fbakan\u0131 Angela Merkel bug\u00fcn video konferans yolu ile g\u00f6r\u00fc\u015fme ger\u00e7ekle\u015ftirdi.\n\u0130ki lider g\u00f6r\u00fc\u015fmenin ard\u0131ndan ortak bas\u0131n toplant\u0131s\u0131 d\u00fczenledi.\nLiderler, bas\u0131n toplant\u0131s\u0131nda yapt\u0131klar\u0131 a\u00e7\u0131klamada AB ekonomisini canland\u0131rmak amac\u0131 ile 500 milyar Euroluk ekonomi paketini AB \u00fcyesi \u00fclkelerin onay\u0131na sunacaklar\u0131n\u0131 aktard\u0131lar.\nLiderler, AB \u00fcyesi \u00fclkelerin ekonomi paketine onay vermesi halinde AB i\u00e7erisindeki b\u00fcy\u00fcmeyi g\u00fc\u00e7lendirmek ve rekabeti artt\u0131rmak istediklerini a\u00e7\u0131klad\u0131lar.\nMacron ve Merkel, ekonomi paketi ile inovasyon, ara\u015ft\u0131rma, dijitalle\u015fme ve ekoloji alanlar\u0131na yat\u0131r\u0131m yapmak istediklerini dile getirdiler.\nLiderler, ekonomi paketinin ihtiyac\u0131 olan AB \u00fclkeleri aras\u0131nda da\u011f\u0131t\u0131laca\u011f\u0131n\u0131 ifade ettiler.\nMerkel, ekonomi paketi hakk\u0131nda \u201cAma\u00e7, Avrupa'n\u0131n bu krizden daha g\u00fc\u00e7l\u00fc, daha uyumlu ve dayan\u0131\u015fma i\u00e7inde \u00e7\u0131kmas\u0131d\u0131r'' ifadelerini kullan\u0131rken, \"Avrupa \u015fimdi birlikte durmal\u0131\" dedi.",
    "article_html": "",
    "meta_description": "Fransa Cumhurba\u015fkan\u0131 Emmanuel Macron ile Almanya Ba\u015fbakan\u0131 Angela Merkel video konferans yolu ile toplant\u0131 ger\u00e7ekle\u015ftirdi. Toplant\u0131 sonras\u0131 iki lider Avrupa Birli\u011fi (AB) ekonomisini canland\u0131rmak i\u00e7in 500 milyar Euroluk ekonomi plan\u0131n\u0131 oylamaya sunacaklar\u0131n\u0131 duyurdu.",
    "meta_lang": "tr"
}