{
    "article_id": "eaa2a44f6b93668e9bcdc32ae0974a70.1589925570.2580984",
    "title": "Haberturk.com okuyucular\u0131na \u00f6zel! \u00c7ocuklar i\u00e7in evde spor saati",
    "authors": [],
    "canonical_link": "https://www.haberturk.com/cocuklar-icin-evde-spor-saati-2644018",
    "url": "http://haberturk.com/cocuklar-icin-evde-spor-saati-2644018",
    "top_img": "https://im.haberturk.com/2020/04/12/ver1589871670/2644018_1200x627.jpg",
    "meta_img": "https://im.haberturk.com/2020/04/12/ver1589871670/2644018_1200x627.jpg",
    "movies": [],
    "text": "\u0130lker Coach ile spor zaman\u0131 34. b\u00f6l\u00fcm\n\n\u0130lker Coach ile spor zaman\u0131 - Sal\u0131ncak 33. b\u00f6l\u00fcm\n\n\u0130lker Coach ile spor zaman\u0131 32. b\u00f6l\u00fcm\n\n\u0130lker Coach ile spor zaman\u0131 - Mandal Kapmaca 31. b\u00f6l\u00fcm\n\n\u0130lker Coach ile spor zaman\u0131 30. b\u00f6l\u00fcm\n\n\u0130lker Coach ile spor zaman\u0131 29. b\u00f6l\u00fcm\n\n\u0130lker Coach ile spor zaman\u0131 28. b\u00f6l\u00fcm\n\n\u0130lker Coach ile spor zaman\u0131 27. b\u00f6l\u00fcm\n\n\u0130lker Coach ile spor zaman\u0131 26. b\u00f6l\u00fcm\n\n\u0130lker Coach ile spor zaman\u0131 25. b\u00f6l\u00fcm\n\n\u0130lker Coach ile spor zaman\u0131 24. b\u00f6l\u00fcm\n\n\u0130lker Coach ile spor zaman\u0131 23. b\u00f6l\u00fcm\n\n\u0130lker Coach ile spor zaman\u0131 22. b\u00f6l\u00fcm\n\n\u0130lker Coach ile spor zaman\u0131 21. b\u00f6l\u00fcm\n\n\u0130lker Coach ile spor zaman\u0131 20. b\u00f6l\u00fcm\n\n\u0130lker Coach ile spor zaman\u0131 19. b\u00f6l\u00fcm\n\n\u0130lker Coach ile spor zaman\u0131 18. b\u00f6l\u00fcm\n\n\u0130lker Coach ile spor zaman\u0131 17. b\u00f6l\u00fcm\n\n\u0130lker Coach ile spor zaman\u0131 16. b\u00f6l\u00fcm\n\n\u0130lker Coach ile spor zaman\u0131 15. b\u00f6l\u00fcm\n\n\u0130lker Coach ile spor zaman\u0131 14. b\u00f6l\u00fcm\n\n\u0130lker Coach ile spor zaman\u0131 13. b\u00f6l\u00fcm\n\n\u0130lker Coach ile spor zaman\u0131 12. b\u00f6l\u00fcm\n\n\u0130lker Coach ile spor zaman\u0131 11. b\u00f6l\u00fcm\n\n\u0130lker Coach ile spor zaman\u0131 10. b\u00f6l\u00fcm\n\nlker Coach ile 23 Nisan \u00d6zel\n\n\u0130lker Coach ile spor zaman\u0131 9. b\u00f6l\u00fcm\n\n\u0130lker Coach ile spor zaman\u0131 8. b\u00f6l\u00fcm\n\n\u0130lker Coach ile spor zaman\u0131 7. b\u00f6l\u00fcm\n\n\u0130lker Coach ile spor zaman\u0131 6. b\u00f6l\u00fcm\n\n\u0130lker Coach ile spor zaman\u0131 5. b\u00f6l\u00fcm\n\n\u0130lker Coach ile spor zaman\u0131 4. b\u00f6l\u00fcm\n\n\u0130lker Coach ile spor zaman\u0131 3. b\u00f6l\u00fcm\n\n\u0130lker Coach ile spor zaman\u0131 2. b\u00f6l\u00fcm\n\n\u0130lker Coach ile spor zaman\u0131 1. b\u00f6l\u00fcm\n\n\u0130lker Saat\u00e7io\u011flu, \u0130lker Coach Hareket E\u011fitim Merkezi kurucu ve antren\u00f6r\u00fc olarak 12 ay-12 ya\u015f aras\u0131 \u00e7ocuklarla hareket e\u011fitim \u00e7al\u0131\u015fmalar\u0131 yapmaktad\u0131r. \u00c7ocuklar\u0131n koordinasyon, beceri, esneklik, denge, s\u00fcrat gibi temel becerilerini geli\u015ftirirken sosyal ve duygusal geli\u015fimlerine de katk\u0131da bulunur. \u0130lker Saat\u00e7\u0131o\u011flu Marmara \u00dcniversitesi Beden E\u011fitimi ve Spor b\u00f6l\u00fcm\u00fcnden 1994 y\u0131l\u0131nda mezun olmu\u015f uzun y\u0131llar \u00f6zel sekt\u00f6rde beden e\u011fitimi \u00f6\u011fretmenli\u011fi ve antren\u00f6rl\u00fck yaparken Beyzbol ve Softbol Milli Tak\u0131m oyuncu ve antren\u00f6r\u00fc olarak yurt d\u0131\u015f\u0131nda bir\u00e7ok turnuvada \u00fclkesini ba\u015far\u0131 ile temsil etmi\u015ftir. Halen ekibiyle bir\u00e7ok anaokuluna kidsfitness, crossfit, cimnastik, do\u011fa sporlar\u0131alan\u0131nda yapt\u0131\u011f\u0131 \u00e7al\u0131\u015fmalar\u0131yla destek verirken Beylikd\u00fcz\u00fc\u2019nde bulunan \u0130lker Coach Hareket E\u011fitim Merkezi'nde \u00e7ocuklarla keyifli dersler yapmaya devam etmektedir.",
    "keywords": [
        "i\u00e7in",
        "okuyucular\u0131na",
        "e\u011fitim",
        "\u00f6zel",
        "haberturkcom",
        "zaman\u0131",
        "saati",
        "b\u00f6l\u00fcmi\u0307lker",
        "\u00e7ocuklarla",
        "\u00e7ocuklar",
        "spor",
        "ve",
        "evde",
        "i\u0307lker",
        "coach",
        "ile",
        "hareket"
    ],
    "meta_keywords": [
        ""
    ],
    "publish_date": {
        "$date": 1589871670000
    },
    "summary": "\u0130lker Coach ile spor zaman\u0131 34. b\u00f6l\u00fcm\u0130lker Coach ile spor zaman\u0131 - Sal\u0131ncak 33. b\u00f6l\u00fcm\u0130lker Coach ile spor zaman\u0131 32. b\u00f6l\u00fcm\u0130lker Coach ile spor zaman\u0131 - Mandal Kapmaca 31. b\u00f6l\u00fcm\u0130lker Coach ile spor zaman\u0131 30. b\u00f6l\u00fcm\u0130lker Coach ile spor zaman\u0131 29. b\u00f6l\u00fcm\u0130lker Coach ile spor zaman\u0131 28. b\u00f6l\u00fcm\u0130lker Coach ile spor zaman\u0131 27. b\u00f6l\u00fcm\u0130lker Coach ile spor zaman\u0131 26. b\u00f6l\u00fcm\u0130lker Coach ile spor zaman\u0131 25. b\u00f6l\u00fcm\u0130lker Coach ile spor zaman\u0131 24. b\u00f6l\u00fcm\u0130lker Coach ile spor zaman\u0131 23. b\u00f6l\u00fcm\u0130lker Coach ile spor zaman\u0131 22. b\u00f6l\u00fcm\u0130lker Coach ile spor zaman\u0131 21. b\u00f6l\u00fcm\u0130lker Coach ile spor zaman\u0131 20. b\u00f6l\u00fcm\u0130lker Coach ile spor zaman\u0131 19. b\u00f6l\u00fcm\u0130lker Coach ile spor zaman\u0131 18. b\u00f6l\u00fcm\u0130lker Coach ile spor zaman\u0131 17. b\u00f6l\u00fcm\u0130lker Coach ile spor zaman\u0131 16. b\u00f6l\u00fcm\u0130lker Coach ile spor zaman\u0131 15. b\u00f6l\u00fcm\u0130lker Coach ile spor zaman\u0131 14. b\u00f6l\u00fcm\u0130lker Coach ile spor zaman\u0131 13. b\u00f6l\u00fcm\u0130lker Coach ile spor zaman\u0131 12. b\u00f6l\u00fcm\u0130lker Coach ile spor zaman\u0131 11. b\u00f6l\u00fcm\u0130lker Coach ile spor zaman\u0131 10. b\u00f6l\u00fcmlker Coach ile 23 Nisan \u00d6zel\u0130lker Coach ile spor zaman\u0131 9. b\u00f6l\u00fcm\u0130lker Coach ile spor zaman\u0131 8. b\u00f6l\u00fcm\u0130lker Coach ile spor zaman\u0131 7. b\u00f6l\u00fcm\u0130lker Coach ile spor zaman\u0131 6. b\u00f6l\u00fcm\u0130lker Coach ile spor zaman\u0131 5. b\u00f6l\u00fcm\u0130lker Coach ile spor zaman\u0131 4. b\u00f6l\u00fcm\u0130lker Coach ile spor zaman\u0131 3. b\u00f6l\u00fcm\u0130lker Coach ile spor zaman\u0131 2. b\u00f6l\u00fcm\u0130lker Coach ile spor zaman\u0131 1. b\u00f6l\u00fcm\u0130lker Saat\u00e7io\u011flu, \u0130lker Coach Hareket E\u011fitim Merkezi kurucu ve antren\u00f6r\u00fc olarak 12 ay-12 ya\u015f aras\u0131 \u00e7ocuklarla hareket e\u011fitim \u00e7al\u0131\u015fmalar\u0131 yapmaktad\u0131r.\n\u00c7ocuklar\u0131n koordinasyon, beceri, esneklik, denge, s\u00fcrat gibi temel becerilerini geli\u015ftirirken sosyal ve duygusal geli\u015fimlerine de katk\u0131da bulunur.\n\u0130lker Saat\u00e7\u0131o\u011flu Marmara \u00dcniversitesi Beden E\u011fitimi ve Spor b\u00f6l\u00fcm\u00fcnden 1994 y\u0131l\u0131nda mezun olmu\u015f uzun y\u0131llar \u00f6zel sekt\u00f6rde beden e\u011fitimi \u00f6\u011fretmenli\u011fi ve antren\u00f6rl\u00fck yaparken Beyzbol ve Softbol Milli Tak\u0131m oyuncu ve antren\u00f6r\u00fc olarak yurt d\u0131\u015f\u0131nda bir\u00e7ok turnuvada \u00fclkesini ba\u015far\u0131 ile temsil etmi\u015ftir.\nHalen ekibiyle bir\u00e7ok anaokuluna kidsfitness, crossfit, cimnastik, do\u011fa sporlar\u0131alan\u0131nda yapt\u0131\u011f\u0131 \u00e7al\u0131\u015fmalar\u0131yla destek verirken Beylikd\u00fcz\u00fc\u2019nde bulunan \u0130lker Coach Hareket E\u011fitim Merkezi'nde \u00e7ocuklarla keyifli dersler yapmaya devam etmektedir.",
    "article_html": "",
    "meta_description": "Ev bizi iyile\u015ftirecek. Kendinizle, e\u015finizle ya da \u00e7ocuklar\u0131n\u0131zla ba\u015fba\u015fa vakit ge\u00e7irmeye hasret kald\u0131\u011f\u0131n\u0131z o eski temponuzu d\u00fc\u015f\u00fcn\u00fcn. Hayat\u0131n sizin i\u00e7in bir mola ald\u0131\u011f\u0131n\u0131 hayal edin. Biraz daha sabredip ayn\u0131 tempoda devam etmelisiniz. Bu arada\n\u00e7ocuklar hareketsiz kalmas\u0131n. Evde \u00e7ift kale ma\u00e7 yap\u0131n, voleybol oynay\u0131n, siz \u00e7evirin \u00e7ocuklar ip atlas\u0131n. Masal dinlemeden evvel bu hareketleri yapt\u0131r\u0131n.",
    "meta_lang": "tr"
}