{
    "article_id": "dd062ff87ba344ad8494dd60b225be4b.1589925571.927076",
    "title": "Denizlisporlu Sedat \u015eahint\u00fcrk: \"Sergen hoca bize g\u00fcvenmeli\"",
    "authors": [
        "Isvalid",
        "Yazarlar",
        "Data",
        "Name",
        "Mail",
        "Title",
        "Di\u0307\u011fer Yazarlar"
    ],
    "canonical_link": "https://www.haberturk.com/denizlisporlu-sedat-sahinturk-sergen-hoca-bize-guvenmeli-2684528-spor",
    "url": "http://haberturk.com/denizlisporlu-sedat-sahinturk-sergen-hoca-bize-guvenmeli-2684528-spor",
    "top_img": "https://im.haberturk.com/2020/05/19/ver1589883444/2684528_1200x627.jpg",
    "meta_img": "https://im.haberturk.com/2020/05/19/ver1589883444/2684528_1200x627.jpg",
    "movies": [],
    "text": "AA\n\nSiyah-beyazl\u0131lar\u0131n kendisinde \u00e7ok ayr\u0131 bir yeri oldu\u011funu belirten gen\u00e7 futbolcu, a\u00e7\u0131klamada bulundu.\n\nFutbola Be\u015fikta\u015f altyap\u0131s\u0131nda ba\u015flad\u0131\u011f\u0131n\u0131 ve orada A Tak\u0131m'a y\u00fckselerek profesyonel oldu\u011funu hat\u0131rlatan Sedat, \"Sergen hoca Be\u015fikta\u015f'\u0131n \u00f6z kayna\u011f\u0131ndan yeti\u015fmi\u015f, Be\u015fikta\u015f'\u0131n efsanele\u015fmi\u015f bir ismi. Biz de onu \u00f6rnek al\u0131yoruz. Biz de \u00f6z kaynaktan yeti\u015fip Sergen hocam\u0131z\u0131n yolundan ilerleyip, Be\u015fikta\u015f\u0131m\u0131za faydal\u0131 i\u015fler yapmak istiyoruz.\" ifadelerini kulland\u0131.\n\n24 ya\u015f\u0131ndaki ba\u015far\u0131l\u0131 oyuncu, 3 sezondur kiral\u0131k olarak ba\u015fka tak\u0131mlarda oynad\u0131\u011f\u0131n\u0131 ve \u00f6nemli tecr\u00fcbeler kazand\u0131\u011f\u0131n\u0131 vurgulayarak, \u015f\u00f6yle devam etti:\n\n\"Sergen hocan\u0131n Be\u015fikta\u015f'a gelmesi bizim i\u00e7in (gen\u00e7 oyuncular) b\u00fcy\u00fck bir \u015fans. Kendisi gen\u00e7lere \u00f6nem veren bir isim. Sergen hoca bize g\u00fcvenmeli. Kul\u00fcplerimizin maddi durumlar\u0131 ortada. Kul\u00fcplerimiz art\u0131k yerli oyunculara ve altyap\u0131ya y\u00f6nelmi\u015f durumda. Biz de \u00e7al\u0131\u015fmalar\u0131m\u0131za devam ediyoruz, elimizden geleni yap\u0131yoruz. Ben de f\u0131rsat verilmesi durumunda tak\u0131m\u0131ma (Be\u015fikta\u015f) faydal\u0131 olmak ad\u0131na elimden gelenin en iyisini yapaca\u011f\u0131m\u0131n s\u00f6z\u00fcn\u00fc veriyorum. Kiral\u0131k giden di\u011fer arkada\u015flar\u0131m ve altyap\u0131dan \u00e7\u0131kan karde\u015flerimle tak\u0131ma faydal\u0131 olaca\u011f\u0131m\u0131z\u0131 d\u00fc\u015f\u00fcn\u00fcyorum.\"\n\n\"BE\u015e\u0130KTA\u015e FORMASI ALTINDA KALMAK \u0130ST\u0130YORUM\"\n\nSedat, kiral\u0131k olarak forma giydi\u011fi Yukatel Denizlispor'da \u00e7ok mutlu oldu\u011funu ifade etti.\n\nDenizli'den \u00f6nce 2 sezon TFF 1. Lig'de boy g\u00f6sterdi\u011fini ve iyi bir performans sergiledi\u011fine inand\u0131\u011f\u0131n\u0131 aktaran Sedat, \"Be\u015fikta\u015f benim altyap\u0131s\u0131nda yeti\u015fti\u011fim, A Tak\u0131m'a y\u00fckselerek profesyonel oldu\u011fum ve ilk profesyonel ma\u00e7\u0131ma \u00e7\u0131kt\u0131\u011f\u0131m tak\u0131m. Benim i\u00e7in \u00e7ok \u00f6nemli bir yeri var. Be\u015fikta\u015f sayesinde buralara geldim. 3 senedir kiral\u0131k olarak tak\u0131mdan ayr\u0131l\u0131yorum. \u015eimdiki en b\u00fcy\u00fck hedefim oraya en g\u00fc\u00e7l\u00fc \u015fekilde d\u00f6nebilmek. Bu sezon da S\u00fcper Lig'de \u015fans buldum. \u0130n\u015fallah seneye Be\u015fikta\u015f formas\u0131 alt\u0131nda kalmak istiyorum.\" diye konu\u015ftu.\n\n\"BE\u015e\u0130KTA\u015e TARAFTARI T\u00dcRK\u0130YE'N\u0130N EN B\u00dcY\u00dc\u011e\u00dc\"\n\nBa\u015far\u0131l\u0131 kanat oyuncusu, Be\u015fikta\u015f'\u0131n T\u00fcrkiye'nin en b\u00fcy\u00fck taraftar grubuna sahip oldu\u011funu dile getirdi.\n\nSiyah-beyazl\u0131 taraftarlar\u0131n \u00f6n\u00fcnde top oynaman\u0131n b\u00fcy\u00fck bir ayr\u0131cal\u0131k oldu\u011funu vurgulayan Sedat, \"Be\u015fikta\u015f taraftar\u0131 T\u00fcrkiye'nin en b\u00fcy\u00fck taraftarlar\u0131ndan biri. Bence T\u00fcrkiye'nin en b\u00fcy\u00fc\u011f\u00fc. Onlar\u0131n \u00f6n\u00fcnde oynamak inan\u0131lmaz bir duygu, t\u00fcyleri diken diken ediyor. Onun hayali bir ba\u015fka. Onun hayaliyle biz de \u00e7al\u0131\u015fmalar\u0131m\u0131z\u0131 s\u00fcrd\u00fcr\u00fcyoruz. \u0130n\u015fallah tekrar o formay\u0131 o taraftarlar\u0131n \u00f6n\u00fcnde giymek nasip olur.\" de\u011ferlendirmesinde bulundu.\n\n\"ALTYAPI OYUNCULARINA DE\u011eER VER\u0130LMEL\u0130\"\n\nG\u00f6sterdi\u011fi performansla dikkatleri \u00fczerine \u00e7eken Sedat, kul\u00fcplerine ekonomik a\u00e7\u0131dan d\u00fczelmeleri ad\u0131na altyap\u0131ya y\u00f6nelmeleri gerekti\u011fini vurgulad\u0131.\n\nKul\u00fcplerin maddi olarak k\u00f6t\u00fc durumda oldu\u011funu hat\u0131rlatan gen\u00e7 oyuncu, \u015f\u00f6yle konu\u015ftu:\n\n\"Yabanc\u0131 oyunculara verilen paralar\u0131n \u00e7o\u011fu bo\u015fa gidiyor. Elde sportif bir ba\u015far\u0131m\u0131z da yok. Bakt\u0131\u011f\u0131n\u0131z zaman kul\u00fcplerimiz ciddi manada bor\u00e7 bata\u011f\u0131nda. Bunun en \u00f6nemli \u00e7\u0131k\u0131\u015f yolu altyap\u0131m\u0131z. Biraz da teknik direkt\u00f6rlerimiz ve y\u00f6neticilerimizin destekte bulunmas\u0131 gerekiyor. Altyap\u0131 oyuncular\u0131na de\u011fer verilmesi gerekti\u011fini d\u00fc\u015f\u00fcn\u00fcyorum. De\u011fer verildi\u011finde de bizler elimizden geleni yap\u0131p, \u00e7al\u0131\u015f\u0131p o forman\u0131n hakk\u0131n\u0131 verece\u011fimize kesinlikle inan\u0131yorum.\"\n\nDEN\u0130ZL\u0130SPOR'UN HEDEF\u0130 L\u0130GDE KALICI OLMAK\n\nKoronavir\u00fcs s\u00fcrecine de de\u011finen Sedat, pandemi d\u00f6neminde en \u00e7ok ailesini \u00f6zledi\u011fini ifade etti.\n\nFutbola yeniden ba\u015flad\u0131ktan sonra sadece ailesine \u00f6zlem duydu\u011funu ifade eden Sedat, \"Ailemi \u00e7ok \u00f6zledim. Uzun s\u00fcredir yanlar\u0131na gidemiyorum. Soka\u011fa \u00e7\u0131kma yasa\u011f\u0131, \u015fehirleraras\u0131 ge\u00e7i\u015f yasa\u011f\u0131 derken 2-3 ayd\u0131r ailemi g\u00f6remiyorum. \u015eu anki \u00f6zlemim bir tek ailem diyebilirim.\" \u015feklinde g\u00f6r\u00fc\u015f belirtti.\n\nDenizlispor'un hedefinin ligde kal\u0131c\u0131 olmak \u015feklinde niteleyen gen\u00e7 futbolcu, \u015funlar\u0131 kaydetti:\n\n\"Tak\u0131m\u0131m\u0131z \u015fu anda hedefledi\u011fimiz yerde. Bu sezon ligde kald\u0131\u011f\u0131m\u0131z s\u00fcrece bence ba\u015far\u0131l\u0131 olaca\u011f\u0131z. Tabii ki eksikliklerimiz var ama tak\u0131m S\u00fcper Lig'de kal\u0131c\u0131 oldu\u011fu taktirde bu eksiklikleri de giderece\u011fini d\u00fc\u015f\u00fcn\u00fcyorum. B\u00fclent hoca herkesle ileti\u015fimi iyi olan bir hoca. Sa\u011f olsun herkesle ilgileniyor. Tak\u0131ma geldi ve olumlu bir etki yapt\u0131. \u015eu anda yapt\u0131\u011f\u0131m\u0131z antrenmanlarla fiziksel a\u00e7\u0131\u011f\u0131m\u0131z\u0131 en iyi \u015fekilde kapatarak sezonu en iyi yerde bitirmek istiyoruz.\"\n\nEvde kald\u0131klar\u0131 s\u00fcre\u00e7te kendi imkanlar\u0131yla kondisyonlar\u0131n\u0131 korumaya gayret g\u00f6sterdiklerini anlatan gen\u00e7 futbolcu, tak\u0131mlar\u0131n pandemi s\u00fcrecinden piskolojik olarak k\u00f6t\u00fc etkilendi\u011fini belirtti.\n\nSedat, S\u00fcper Lig'de kanat oyuncusu olarak Edin Visca'y\u0131, orta saha olarak ise Jose Sosa'y\u0131 be\u011fendi\u011fini s\u00f6yleyerek s\u00f6zlerini noktalad\u0131.",
    "keywords": [
        "be\u015fikta\u015f",
        "gen\u00e7",
        "bize",
        "ligde",
        "sergen",
        "bir",
        "olarak",
        "denizlisporlu",
        "oldu\u011funu",
        "g\u00fcvenmeli",
        "\u00e7ok",
        "ve",
        "hoca",
        "en",
        "\u015fahint\u00fcrk",
        "sedat"
    ],
    "meta_keywords": [
        ""
    ],
    "publish_date": {
        "$date": 1589883444000
    },
    "summary": "AASiyah-beyazl\u0131lar\u0131n kendisinde \u00e7ok ayr\u0131 bir yeri oldu\u011funu belirten gen\u00e7 futbolcu, a\u00e7\u0131klamada bulundu.\nFutbola Be\u015fikta\u015f altyap\u0131s\u0131nda ba\u015flad\u0131\u011f\u0131n\u0131 ve orada A Tak\u0131m'a y\u00fckselerek profesyonel oldu\u011funu hat\u0131rlatan Sedat, \"Sergen hoca Be\u015fikta\u015f'\u0131n \u00f6z kayna\u011f\u0131ndan yeti\u015fmi\u015f, Be\u015fikta\u015f'\u0131n efsanele\u015fmi\u015f bir ismi.\nBiz de onu \u00f6rnek al\u0131yoruz.\nBiz de \u00f6z kaynaktan yeti\u015fip Sergen hocam\u0131z\u0131n yolundan ilerleyip, Be\u015fikta\u015f\u0131m\u0131za faydal\u0131 i\u015fler yapmak istiyoruz.\"\nifadelerini kulland\u0131.\n24 ya\u015f\u0131ndaki ba\u015far\u0131l\u0131 oyuncu, 3 sezondur kiral\u0131k olarak ba\u015fka tak\u0131mlarda oynad\u0131\u011f\u0131n\u0131 ve \u00f6nemli tecr\u00fcbeler kazand\u0131\u011f\u0131n\u0131 vurgulayarak, \u015f\u00f6yle devam etti:\"Sergen hocan\u0131n Be\u015fikta\u015f'a gelmesi bizim i\u00e7in (gen\u00e7 oyuncular) b\u00fcy\u00fck bir \u015fans.\nKendisi gen\u00e7lere \u00f6nem veren bir isim.\nSergen hoca bize g\u00fcvenmeli.\nKul\u00fcplerimizin maddi durumlar\u0131 ortada.\nKul\u00fcplerimiz art\u0131k yerli oyunculara ve altyap\u0131ya y\u00f6nelmi\u015f durumda.\nBiz de \u00e7al\u0131\u015fmalar\u0131m\u0131za devam ediyoruz, elimizden geleni yap\u0131yoruz.\nBen de f\u0131rsat verilmesi durumunda tak\u0131m\u0131ma (Be\u015fikta\u015f) faydal\u0131 olmak ad\u0131na elimden gelenin en iyisini yapaca\u011f\u0131m\u0131n s\u00f6z\u00fcn\u00fc veriyorum.\nKiral\u0131k giden di\u011fer arkada\u015flar\u0131m ve altyap\u0131dan \u00e7\u0131kan karde\u015flerimle tak\u0131ma faydal\u0131 olaca\u011f\u0131m\u0131z\u0131 d\u00fc\u015f\u00fcn\u00fcyorum.\"\n\"BE\u015e\u0130KTA\u015e FORMASI ALTINDA KALMAK \u0130ST\u0130YORUM\"Sedat, kiral\u0131k olarak forma giydi\u011fi Yukatel Denizlispor'da \u00e7ok mutlu oldu\u011funu ifade etti.\nDenizli'den \u00f6nce 2 sezon TFF 1.\nLig'de boy g\u00f6sterdi\u011fini ve iyi bir performans sergiledi\u011fine inand\u0131\u011f\u0131n\u0131 aktaran Sedat, \"Be\u015fikta\u015f benim altyap\u0131s\u0131nda yeti\u015fti\u011fim, A Tak\u0131m'a y\u00fckselerek profesyonel oldu\u011fum ve ilk profesyonel ma\u00e7\u0131ma \u00e7\u0131kt\u0131\u011f\u0131m tak\u0131m.\nBenim i\u00e7in \u00e7ok \u00f6nemli bir yeri var.\nBe\u015fikta\u015f sayesinde buralara geldim.\n3 senedir kiral\u0131k olarak tak\u0131mdan ayr\u0131l\u0131yorum.\n\u015eimdiki en b\u00fcy\u00fck hedefim oraya en g\u00fc\u00e7l\u00fc \u015fekilde d\u00f6nebilmek.\nBu sezon da S\u00fcper Lig'de \u015fans buldum.\n\u0130n\u015fallah seneye Be\u015fikta\u015f formas\u0131 alt\u0131nda kalmak istiyorum.\"\n\"BE\u015e\u0130KTA\u015e TARAFTARI T\u00dcRK\u0130YE'N\u0130N EN B\u00dcY\u00dc\u011e\u00dc\"Ba\u015far\u0131l\u0131 kanat oyuncusu, Be\u015fikta\u015f'\u0131n T\u00fcrkiye'nin en b\u00fcy\u00fck taraftar grubuna sahip oldu\u011funu dile getirdi.\nSiyah-beyazl\u0131 taraftarlar\u0131n \u00f6n\u00fcnde top oynaman\u0131n b\u00fcy\u00fck bir ayr\u0131cal\u0131k oldu\u011funu vurgulayan Sedat, \"Be\u015fikta\u015f taraftar\u0131 T\u00fcrkiye'nin en b\u00fcy\u00fck taraftarlar\u0131ndan biri.\nBence T\u00fcrkiye'nin en b\u00fcy\u00fc\u011f\u00fc.\nOnlar\u0131n \u00f6n\u00fcnde oynamak inan\u0131lmaz bir duygu, t\u00fcyleri diken diken ediyor.\nOnun hayali bir ba\u015fka.\nOnun hayaliyle biz de \u00e7al\u0131\u015fmalar\u0131m\u0131z\u0131 s\u00fcrd\u00fcr\u00fcyoruz.\n\u0130n\u015fallah tekrar o formay\u0131 o taraftarlar\u0131n \u00f6n\u00fcnde giymek nasip olur.\"\n\"ALTYAPI OYUNCULARINA DE\u011eER VER\u0130LMEL\u0130\"G\u00f6sterdi\u011fi performansla dikkatleri \u00fczerine \u00e7eken Sedat, kul\u00fcplerine ekonomik a\u00e7\u0131dan d\u00fczelmeleri ad\u0131na altyap\u0131ya y\u00f6nelmeleri gerekti\u011fini vurgulad\u0131.\nKul\u00fcplerin maddi olarak k\u00f6t\u00fc durumda oldu\u011funu hat\u0131rlatan gen\u00e7 oyuncu, \u015f\u00f6yle konu\u015ftu:\"Yabanc\u0131 oyunculara verilen paralar\u0131n \u00e7o\u011fu bo\u015fa gidiyor.\nElde sportif bir ba\u015far\u0131m\u0131z da yok.\nBakt\u0131\u011f\u0131n\u0131z zaman kul\u00fcplerimiz ciddi manada bor\u00e7 bata\u011f\u0131nda.\nBunun en \u00f6nemli \u00e7\u0131k\u0131\u015f yolu altyap\u0131m\u0131z.\nBiraz da teknik direkt\u00f6rlerimiz ve y\u00f6neticilerimizin destekte bulunmas\u0131 gerekiyor.\nAltyap\u0131 oyuncular\u0131na de\u011fer verilmesi gerekti\u011fini d\u00fc\u015f\u00fcn\u00fcyorum.\nDe\u011fer verildi\u011finde de bizler elimizden geleni yap\u0131p, \u00e7al\u0131\u015f\u0131p o forman\u0131n hakk\u0131n\u0131 verece\u011fimize kesinlikle inan\u0131yorum.\"\nDEN\u0130ZL\u0130SPOR'UN HEDEF\u0130 L\u0130GDE KALICI OLMAKKoronavir\u00fcs s\u00fcrecine de de\u011finen Sedat, pandemi d\u00f6neminde en \u00e7ok ailesini \u00f6zledi\u011fini ifade etti.\nFutbola yeniden ba\u015flad\u0131ktan sonra sadece ailesine \u00f6zlem duydu\u011funu ifade eden Sedat, \"Ailemi \u00e7ok \u00f6zledim.\nSoka\u011fa \u00e7\u0131kma yasa\u011f\u0131, \u015fehirleraras\u0131 ge\u00e7i\u015f yasa\u011f\u0131 derken 2-3 ayd\u0131r ailemi g\u00f6remiyorum.\n\u015eu anki \u00f6zlemim bir tek ailem diyebilirim.\"\nDenizlispor'un hedefinin ligde kal\u0131c\u0131 olmak \u015feklinde niteleyen gen\u00e7 futbolcu, \u015funlar\u0131 kaydetti:\"Tak\u0131m\u0131m\u0131z \u015fu anda hedefledi\u011fimiz yerde.\nBu sezon ligde kald\u0131\u011f\u0131m\u0131z s\u00fcrece bence ba\u015far\u0131l\u0131 olaca\u011f\u0131z.\nTabii ki eksikliklerimiz var ama tak\u0131m S\u00fcper Lig'de kal\u0131c\u0131 oldu\u011fu taktirde bu eksiklikleri de giderece\u011fini d\u00fc\u015f\u00fcn\u00fcyorum.\nB\u00fclent hoca herkesle ileti\u015fimi iyi olan bir hoca.\nSa\u011f olsun herkesle ilgileniyor.\nTak\u0131ma geldi ve olumlu bir etki yapt\u0131.\n\u015eu anda yapt\u0131\u011f\u0131m\u0131z antrenmanlarla fiziksel a\u00e7\u0131\u011f\u0131m\u0131z\u0131 en iyi \u015fekilde kapatarak sezonu en iyi yerde bitirmek istiyoruz.\"\nEvde kald\u0131klar\u0131 s\u00fcre\u00e7te kendi imkanlar\u0131yla kondisyonlar\u0131n\u0131 korumaya gayret g\u00f6sterdiklerini anlatan gen\u00e7 futbolcu, tak\u0131mlar\u0131n pandemi s\u00fcrecinden piskolojik olarak k\u00f6t\u00fc etkilendi\u011fini belirtti.\nSedat, S\u00fcper Lig'de kanat oyuncusu olarak Edin Visca'y\u0131, orta saha olarak ise Jose Sosa'y\u0131 be\u011fendi\u011fini s\u00f6yleyerek s\u00f6zlerini noktalad\u0131.",
    "article_html": "",
    "meta_description": "Be\u015fikta\u015f'\u0131n Yukatel Denizlispor'da kiral\u0131k forma giyen futbolcusu Sedat \u015eahint\u00fcrk, teknik direkt\u00f6r Sergen Yal\u00e7\u0131n'dan gen\u00e7 futbolculara g\u00fcvenmesini istedi",
    "meta_lang": "tr"
}