{
    "article_id": "78785514c2ccf02df03a020c5262f0c9.1589925582.914364",
    "title": "T\u00fcrk Hava Yollar\u0131 tarihi yolculuk hat\u0131ra bileti i\u00e7in TIKLA! THY u\u00e7u\u015f bileti 19 May\u0131s nas\u0131l ve nereden al\u0131n\u0131r?",
    "authors": [
        "Isvalid",
        "Yazarlar",
        "Data",
        "Name",
        "Mail",
        "Title",
        "Di\u0307\u011fer Yazarlar"
    ],
    "canonical_link": "https://www.haberturk.com/turk-hava-yollari-tarihi-yolculuk-hatira-bileti-icin-tikla-thy-ucus-bileti-19-mayis-nasil-ve-nereden-alinir-2685020",
    "url": "http://haberturk.com/turk-hava-yollari-tarihi-yolculuk-hatira-bileti-icin-tikla-thy-ucus-bileti-19-mayis-nasil-ve-nereden-alinir-2685020",
    "top_img": "https://im.haberturk.com/2020/05/19/ver1589906185/2685020_1200x627.jpg",
    "meta_img": "https://im.haberturk.com/2020/05/19/ver1589906185/2685020_1200x627.jpg",
    "movies": [],
    "text": "THY u\u00e7u\u015f bileti 19 May\u0131s nas\u0131l ve nereden al\u0131n\u0131r? sorular\u0131 vatanda\u015flar taraf\u0131ndan son g\u00fcnlerin en \u00e7ok merak edilen konular\u0131n ba\u015f\u0131nda geliyor. Gazi Mustafa Kemal Atat\u00fcrk`\u00fcn Milli M\u00fccadele`yi ba\u015flatmas\u0131ndan 101 y\u0131l sonra T\u00fcrk Hava Yollar\u0131 taraf\u0131ndan yap\u0131lacak u\u00e7u\u015f, TK1919 sefer say\u0131s\u0131 ile Samsun'a ger\u00e7ekle\u015fecek. 19 May\u0131s g\u00fcn\u00fcne \u00f6zel milyonlarca vatanda\u015f T\u00fcrk Hava Yollar\u0131 tarihi yolculuk bileti sahibi oluyor. \u0130\u015fte T\u00fcrk Hava Yollar\u0131 tarihi yolculuk hat\u0131ra bileti alma ekran\u0131...\n\nTHY'DEN 19 MAYIS'TA SAMSUN'A TAR\u0130H\u0130 YOLCULUK!\n\nTarihi yolculuk i\u00e7in isteyenler www.tarihiyolculuk.com adresi \u00fczerinden birer hat\u0131ra bileti de olu\u015fturabilecek. Hat\u0131ra biletleri #TarihiYolculuk ve #TK1919 etiketleriyle sosyal medya hesaplar\u0131 \u00fczerinden payla\u015f\u0131labilecek. U\u00e7u\u015f, kaptan pilot Selin Sevimli ve ikinci pilot Zafer Do\u011fukan Demir taraf\u0131ndan yap\u0131lacak.\n\nTHY resmi sitesinde yapt\u0131\u011f\u0131 a\u00e7\u0131klamada; \"19 May\u0131s\u2019ta Gazi Mustafa Kemal Atat\u00fcrk\u2019\u00fcn Milli M\u00fccadele\u2019yi ba\u015flatt\u0131\u011f\u0131 yere,\n\nSamsun\u2019a u\u00e7uyoruz.\n\nT\u00fcrkiye\u2019nin bayrak ta\u015f\u0131y\u0131c\u0131 havayolu olarak, t\u00fcm vatanda\u015flar\u0131m\u0131z\u0131 bu \u00f6zel u\u00e7u\u015fa davet ediyoruz.\n\nSiz de bu tarihi u\u00e7u\u015fumuza kat\u0131larak hat\u0131ra biletinizi al\u0131n, d\u00fcnyan\u0131n en y\u00fcksek kat\u0131l\u0131ml\u0131 u\u00e7u\u015funa hep birlikte imza atal\u0131m!\" denildi.\n\nT\u00dcRK HAVA YOLLARI (THY) SAMSUN 19 MAYIS HATIRA B\u0130LET\u0130\n\nTHY 19 May\u0131s hat\u0131ra bileti almak i\u00e7in, a\u015fa\u011f\u0131daki ba\u011flant\u0131y\u0131 t\u0131klayarak, ad\u0131n\u0131z\u0131 ve soyad\u0131n\u0131z\u0131 yaz\u0131p bilgilendirmeyi okuduktan sonra u\u00e7u\u015fa kat\u0131labilirsiniz.\n\nTHY 19 MAYIS B\u0130LET\u0130 \u0130\u00c7\u0130N TIKLA\n\nTAR\u0130H\u0130 YOLCULUK B\u0130LET\u0130 \u00dcCRETL\u0130 M\u0130?\n\nT\u00fcrk Hava Yollar\u0131'n\u0131n bu tarihi yolculu\u011funa evlerinde kalarak kat\u0131lmak isteyen ki\u015filer \"www.tarihiyolculuk.com\" adresi \u00fczerinden hat\u0131ra biletlerini olu\u015fturabiliyor. Olu\u015fturulan hat\u0131ra biletler bug\u00fcnden itibaren \"#TarihiYolculuk ve #TK1919\" etiketleriyle sosyal medya hesaplar\u0131 \u00fczerinden payla\u015f\u0131labiliyor. Biletler \u00fccretsizdir.",
    "keywords": [
        "yolculuk",
        "hava",
        "yollar\u0131",
        "thy",
        "19",
        "hat\u0131ra",
        "nereden",
        "ve",
        "bileti",
        "t\u00fcrk",
        "tikla",
        "\u00fczerinden",
        "tarihi",
        "u\u00e7u\u015f"
    ],
    "meta_keywords": [
        ""
    ],
    "publish_date": {
        "$date": 1589906185000
    },
    "summary": "THY u\u00e7u\u015f bileti 19 May\u0131s nas\u0131l ve nereden al\u0131n\u0131r?\nsorular\u0131 vatanda\u015flar taraf\u0131ndan son g\u00fcnlerin en \u00e7ok merak edilen konular\u0131n ba\u015f\u0131nda geliyor.\nGazi Mustafa Kemal Atat\u00fcrk`\u00fcn Milli M\u00fccadele`yi ba\u015flatmas\u0131ndan 101 y\u0131l sonra T\u00fcrk Hava Yollar\u0131 taraf\u0131ndan yap\u0131lacak u\u00e7u\u015f, TK1919 sefer say\u0131s\u0131 ile Samsun'a ger\u00e7ekle\u015fecek.\n19 May\u0131s g\u00fcn\u00fcne \u00f6zel milyonlarca vatanda\u015f T\u00fcrk Hava Yollar\u0131 tarihi yolculuk bileti sahibi oluyor.\n\u0130\u015fte T\u00fcrk Hava Yollar\u0131 tarihi yolculuk hat\u0131ra bileti alma ekran\u0131...THY'DEN 19 MAYIS'TA SAMSUN'A TAR\u0130H\u0130 YOLCULUK!\nTarihi yolculuk i\u00e7in isteyenler www.tarihiyolculuk.com adresi \u00fczerinden birer hat\u0131ra bileti de olu\u015fturabilecek.\nHat\u0131ra biletleri #TarihiYolculuk ve #TK1919 etiketleriyle sosyal medya hesaplar\u0131 \u00fczerinden payla\u015f\u0131labilecek.\nU\u00e7u\u015f, kaptan pilot Selin Sevimli ve ikinci pilot Zafer Do\u011fukan Demir taraf\u0131ndan yap\u0131lacak.\nTHY resmi sitesinde yapt\u0131\u011f\u0131 a\u00e7\u0131klamada; \"19 May\u0131s\u2019ta Gazi Mustafa Kemal Atat\u00fcrk\u2019\u00fcn Milli M\u00fccadele\u2019yi ba\u015flatt\u0131\u011f\u0131 yere,Samsun\u2019a u\u00e7uyoruz.\nT\u00fcrkiye\u2019nin bayrak ta\u015f\u0131y\u0131c\u0131 havayolu olarak, t\u00fcm vatanda\u015flar\u0131m\u0131z\u0131 bu \u00f6zel u\u00e7u\u015fa davet ediyoruz.\nSiz de bu tarihi u\u00e7u\u015fumuza kat\u0131larak hat\u0131ra biletinizi al\u0131n, d\u00fcnyan\u0131n en y\u00fcksek kat\u0131l\u0131ml\u0131 u\u00e7u\u015funa hep birlikte imza atal\u0131m!\"\nT\u00dcRK HAVA YOLLARI (THY) SAMSUN 19 MAYIS HATIRA B\u0130LET\u0130THY 19 May\u0131s hat\u0131ra bileti almak i\u00e7in, a\u015fa\u011f\u0131daki ba\u011flant\u0131y\u0131 t\u0131klayarak, ad\u0131n\u0131z\u0131 ve soyad\u0131n\u0131z\u0131 yaz\u0131p bilgilendirmeyi okuduktan sonra u\u00e7u\u015fa kat\u0131labilirsiniz.\nTHY 19 MAYIS B\u0130LET\u0130 \u0130\u00c7\u0130N TIKLATAR\u0130H\u0130 YOLCULUK B\u0130LET\u0130 \u00dcCRETL\u0130 M\u0130?\nT\u00fcrk Hava Yollar\u0131'n\u0131n bu tarihi yolculu\u011funa evlerinde kalarak kat\u0131lmak isteyen ki\u015filer \"www.tarihiyolculuk.com\" adresi \u00fczerinden hat\u0131ra biletlerini olu\u015fturabiliyor.\nOlu\u015fturulan hat\u0131ra biletler bug\u00fcnden itibaren \"#TarihiYolculuk ve #TK1919\" etiketleriyle sosyal medya hesaplar\u0131 \u00fczerinden payla\u015f\u0131labiliyor.\nBiletler \u00fccretsizdir.",
    "article_html": "",
    "meta_description": "T\u00fcrk Hava Yollar\u0131, 19 May\u0131s Atat\u00fcrk\u2019\u00fc Anma, Gen\u00e7lik ve Spor Bayram\u0131\u2019nda \u00f6zel Samsun'a bir u\u00e7u\u015f ger\u00e7ekle\u015ftirecek. THY 19 May\u0131s bileti ile Samsun'a tarihi yolculuk yap\u0131yor ve sosyal medya kullan\u0131c\u0131lar\u0131 ise bu biletleri sembolik olarak elde edebiliyor. Peki THY u\u00e7u\u015f bileti 19 May\u0131s nas\u0131l ve nereden al\u0131n\u0131r? \u0130\u015fte T\u00fcrk Hava Yollar\u0131 tarihi yolculuk hat\u0131ra bileti alma ekran\u0131...",
    "meta_lang": "tr"
}