{
    "article_id": "5886a9e69feb247865820cc173036d44.1589925594.752404",
    "title": "Be\u015fikta\u015fl\u0131 5 futbolcu karantinadan \u00e7\u0131kt\u0131",
    "authors": [
        "Isvalid",
        "Yazarlar",
        "Data",
        "Name",
        "Mail",
        "Title",
        "Di\u0307\u011fer Yazarlar"
    ],
    "canonical_link": "https://www.haberturk.com/besiktasli-5-futbolcu-karantinadan-cikti-2683467-spor",
    "url": "http://haberturk.com/besiktasli-5-futbolcu-karantinadan-cikti-2683467-spor",
    "top_img": "https://im.haberturk.com/2020/05/18/ver1589801787/2683467_1200x627.jpg",
    "meta_img": "https://im.haberturk.com/2020/05/18/ver1589801787/2683467_1200x627.jpg",
    "movies": [],
    "text": "DHA\n\nKoronavir\u00fcs sebebiyle S\u00fcper Lig\u00b4e ara verilmesinin ard\u0131ndan futbolcular kul\u00fcplerinden izin alarak \u00fclkelerine gitmi\u015fti. Tak\u0131mlar\u0131n antrenmanlara ba\u015flamas\u0131n\u0131n ard\u0131ndan T\u00fcrkiye\u00b4ye d\u00f6n\u00fc\u015f yapan Be\u015fikta\u015fl\u0131 Boateng, Lens, Ljajic, Ruiz ve N'Koudou; Gen\u00e7lerbirli\u011fi\u00b4nde forma giyen Nadir \u00c7ift\u00e7i ve Yasin Pehlivan ile Altayl\u0131 Kappel\u00b4in 14 g\u00fcnl\u00fck karantina s\u00fcreleri doldu. Oyuncular 18 May\u0131s itibar\u0131yla s\u00fcrelerinin dolmas\u0131n\u0131n ard\u0131ndan d\u00fcn gece saat 00.00\u00b4dan sonra G\u00fcng\u00f6ren\u00b4de bulunan Fatih Sultan Mehmet \u00d6\u011frenci Yurdu\u00b4ndan ayr\u0131ld\u0131.\n\nNAD\u0130R \u00c7\u0130FT\u00c7\u0130 VE YAS\u0130N PEHL\u0130VAN ANKARA\u00b4YA G\u0130TT\u0130\n\nGen\u00e7lerbirli\u011fi formas\u0131 giyen Nadir \u00c7ift\u00e7i ve Yasin Pehlivan da yurttan ayr\u0131larak Ankara\u00b4ya gitti. \u0130ki futbolcu, \u00f6\u011fle saatlerinde bir kez daha Kovid-19 testine girdi. Nadir ve Yasin \u00e7\u0131kan sonu\u00e7lara g\u00f6re ya karantinaya al\u0131nacak ya da tak\u0131mla birlikte \u00e7al\u0131\u015fmalarda yer alacak.",
    "keywords": [
        "yasin",
        "\u00e7ift\u00e7i",
        "nadir",
        "karantinadan",
        "giyen",
        "futbolcu",
        "ankaraya",
        "pehlivan",
        "ve",
        "\u00e7\u0131kt\u0131",
        "ard\u0131ndan",
        "da",
        "ya",
        "be\u015fikta\u015fl\u0131"
    ],
    "meta_keywords": [
        ""
    ],
    "publish_date": {
        "$date": 1589801787000
    },
    "summary": "DHAKoronavir\u00fcs sebebiyle S\u00fcper Lig\u00b4e ara verilmesinin ard\u0131ndan futbolcular kul\u00fcplerinden izin alarak \u00fclkelerine gitmi\u015fti.\nTak\u0131mlar\u0131n antrenmanlara ba\u015flamas\u0131n\u0131n ard\u0131ndan T\u00fcrkiye\u00b4ye d\u00f6n\u00fc\u015f yapan Be\u015fikta\u015fl\u0131 Boateng, Lens, Ljajic, Ruiz ve N'Koudou; Gen\u00e7lerbirli\u011fi\u00b4nde forma giyen Nadir \u00c7ift\u00e7i ve Yasin Pehlivan ile Altayl\u0131 Kappel\u00b4in 14 g\u00fcnl\u00fck karantina s\u00fcreleri doldu.\nOyuncular 18 May\u0131s itibar\u0131yla s\u00fcrelerinin dolmas\u0131n\u0131n ard\u0131ndan d\u00fcn gece saat 00.00\u00b4dan sonra G\u00fcng\u00f6ren\u00b4de bulunan Fatih Sultan Mehmet \u00d6\u011frenci Yurdu\u00b4ndan ayr\u0131ld\u0131.\nNAD\u0130R \u00c7\u0130FT\u00c7\u0130 VE YAS\u0130N PEHL\u0130VAN ANKARA\u00b4YA G\u0130TT\u0130Gen\u00e7lerbirli\u011fi formas\u0131 giyen Nadir \u00c7ift\u00e7i ve Yasin Pehlivan da yurttan ayr\u0131larak Ankara\u00b4ya gitti.\n\u0130ki futbolcu, \u00f6\u011fle saatlerinde bir kez daha Kovid-19 testine girdi.\nNadir ve Yasin \u00e7\u0131kan sonu\u00e7lara g\u00f6re ya karantinaya al\u0131nacak ya da tak\u0131mla birlikte \u00e7al\u0131\u015fmalarda yer alacak.",
    "article_html": "",
    "meta_description": "Be\u015fikta\u015fl\u0131 futbolcular Kevin Prince Boateng, Jeremain Lens, Adem Ljajic, Victor Ruiz ve Kevin N'Koudou, yurt d\u0131\u015f\u0131 d\u00f6n\u00fc\u015f\u00fcnde 14 g\u00fcn kald\u0131klar\u0131 karantina yurdundan d\u00fcn gece ayr\u0131ld\u0131. Ayr\u0131ca Gen\u00e7lerbirli\u011fi formas\u0131 giyen Nadir \u00c7ift\u00e7i ve Yasin Pehlivan da G\u00fcng\u00f6ren\u00b4deki karantina yurdundan \u00e7\u0131kt\u0131",
    "meta_lang": "tr"
}