{
    "article_id": "3a777d42ad35f0ba46b1de1c1592eb43.1589925595.687176",
    "title": "A\u00c7IKLANDI! Survivor'da kim elendi? Survivor'da elenen isim \u015fa\u015fk\u0131nl\u0131k yaratt\u0131! Survivor SMS s\u0131ralamas\u0131! Survivo",
    "authors": [
        "Isvalid",
        "Yazarlar",
        "Data",
        "Name",
        "Mail",
        "Title",
        "Di\u0307\u011fer Yazarlar"
    ],
    "canonical_link": "https://www.haberturk.com/aciklandi-survivor-da-kim-elendi-19-mayis-survivor-sms-siralamasi-survivor-acun-ilicali-acikladi-2685251-magazin",
    "url": "http://haberturk.com/aciklandi-survivor-da-kim-elendi-19-mayis-survivor-sms-siralamasi-survivor-acun-ilicali-acikladi-2685251-magazin",
    "top_img": "https://im.haberturk.com/2020/05/19/ver1589924292/2685251_1200x627.jpg",
    "meta_img": "https://im.haberturk.com/2020/05/19/ver1589924292/2685251_1200x627.jpg",
    "movies": [],
    "text": "Survivor 2020'nin 81. b\u00f6l\u00fcm\u00fcnde adaya veda eden yar\u0131\u015fmac\u0131 kim oldu? sorusu Survivor 2020 izleyicileri taraf\u0131ndan merak konusu. K\u0131yas\u0131ya m\u00fccadelenin ortaya konuldu\u011fu Survivor 2020'de son b\u00f6l\u00fcmde \u00f6d\u00fcl oyunu i\u00e7in \u00dcnl\u00fcler ve G\u00f6n\u00fcll\u00fcler tak\u0131m\u0131 m\u00fccadele etti. Survivor'dan elenen yar\u0131\u015fmac\u0131 belli oldu. \u0130\u015fte 19 May\u0131s Survivor'da ya\u015fananlar ve SMS s\u0131rlamas\u0131...\n\nSURVIVOR'DA K\u0130M ELEND\u0130?\n\nSurvivor 81. yeni b\u00f6l\u00fcmde yarp\u0131lan SMS oylamas\u0131 sonucunda en az oyu al\u0131p yar\u0131\u015fmaya veda eden isim Mert \u00d6cal oldu. Survivor eleme potas\u0131nda Mert, Aycan, Yasin, Sercan ve Cemal Can isimleri yer al\u0131yordu.\n\nSURVIVOR SMS SIRALAMASI\n\nSurvivor'da bu hafta ada konseyinde \u00dcnl\u00fcler ve G\u00f6n\u00fcll\u00fcler tak\u0131m\u0131 SMS s\u0131ralamas\u0131 belli oldu. Survivor 2020 \u00dcnl\u00fcler tak\u0131m\u0131nda Elif haftan\u0131n SMS birincisi oldu. G\u00f6n\u00fcll\u00fcler tak\u0131m\u0131nda ise Bar\u0131\u015f birinci oldu.\n\nSURVIVOR 14. HAFTA G\u00d6N\u00dcLL\u00dcLER SMS SIRALAMASI\n\n7 - Evrim\n\n6 - Nisa\n\n5 - Ardahan\n\n4 - Yasin\n\n3 - Berkan\n\n2 - Cemal Can\n\n1 - Bar\u0131\u015f\n\nSURVIVOR 14. HAFTA \u00dcNL\u00dcLER SMS SIRALAMASI\n\n5 - Yunus Emre\n\n4 - Mert\n\n3 - Aycan\n\n2 - Sercan\n\n1 - Elif\n\nELEME ADAYLARI K\u0130MLER OLDU?\n\nSurvivor'da bu hafta yap\u0131lan oylamalar sonucunda eleme adaylar\u0131 belli oldu. Survivor 2020 \u00dcnl\u00fcler G\u00f6n\u00fcll\u00fcler tak\u0131m\u0131nda eleme adaylar\u0131 Mert, Aycan ve Yasin oldu. Survivor'da bu ak\u015fam SMS oylamas\u0131nda \u00dcnl\u00fcler tak\u0131m\u0131nda birinci \u00e7\u0131kan Elif, Sercan'\u0131n ismini verdi. G\u00f6n\u00fcll\u00fcler tak\u0131m\u0131nda ise Bar\u0131\u015f, eleme aday\u0131 olarak Cemal Can'\u0131n ismini verdi. Survivor'da eleme adaylar\u0131 Mert, Aycan, Yasin, Sercan ve Cemal Can oldu.\n\nSURVIVOR \u0130LET\u0130\u015e\u0130M \u00d6D\u00dcL\u00dcN\u00dc K\u0130M KAZANDI?\n\nSurvivor 2020\u2019de \u00dcnl\u00fcler ile G\u00f6n\u00fcll\u00fcler ileti\u015fim \u00f6d\u00fcl oyunu i\u00e7in kar\u015f\u0131 kar\u015f\u0131ya geldi. Survivor 81. B\u00f6l\u00fcmde oynanan \u00f6d\u00fcl oyunu i\u00e7in voleybol ma\u00e7\u0131 yap\u0131ld\u0131 Survivor'da bu hafta ileti\u015fim \u00f6d\u00fcl\u00fcn\u00fc kazanan tak\u0131m G\u00f6n\u00fcll\u00fcler oldu",
    "keywords": [
        "sms",
        "tak\u0131m\u0131nda",
        "g\u00f6n\u00fcll\u00fcler",
        "eleme",
        "yaratt\u0131",
        "survivo",
        "kim",
        "\u015fa\u015fk\u0131nl\u0131k",
        "isim",
        "ve",
        "s\u0131ralamas\u0131",
        "survivorda",
        "oldu",
        "\u00fcnl\u00fcler",
        "elenen",
        "survivor",
        "hafta"
    ],
    "meta_keywords": [
        ""
    ],
    "publish_date": {
        "$date": 1589924292000
    },
    "summary": "Survivor 2020'nin 81. b\u00f6l\u00fcm\u00fcnde adaya veda eden yar\u0131\u015fmac\u0131 kim oldu?\nsorusu Survivor 2020 izleyicileri taraf\u0131ndan merak konusu.\nK\u0131yas\u0131ya m\u00fccadelenin ortaya konuldu\u011fu Survivor 2020'de son b\u00f6l\u00fcmde \u00f6d\u00fcl oyunu i\u00e7in \u00dcnl\u00fcler ve G\u00f6n\u00fcll\u00fcler tak\u0131m\u0131 m\u00fccadele etti.\nSurvivor'dan elenen yar\u0131\u015fmac\u0131 belli oldu.\n\u0130\u015fte 19 May\u0131s Survivor'da ya\u015fananlar ve SMS s\u0131rlamas\u0131...\nSURVIVOR'DA K\u0130M ELEND\u0130?\nSurvivor 81. yeni b\u00f6l\u00fcmde yarp\u0131lan SMS oylamas\u0131 sonucunda en az oyu al\u0131p yar\u0131\u015fmaya veda eden isim Mert \u00d6cal oldu.\nSurvivor eleme potas\u0131nda Mert, Aycan, Yasin, Sercan ve Cemal Can isimleri yer al\u0131yordu.\nSURVIVOR SMS SIRALAMASISurvivor'da bu hafta ada konseyinde \u00dcnl\u00fcler ve G\u00f6n\u00fcll\u00fcler tak\u0131m\u0131 SMS s\u0131ralamas\u0131 belli oldu.\nSurvivor 2020 \u00dcnl\u00fcler tak\u0131m\u0131nda Elif haftan\u0131n SMS birincisi oldu.\nG\u00f6n\u00fcll\u00fcler tak\u0131m\u0131nda ise Bar\u0131\u015f birinci oldu.\nSURVIVOR 14.\nHAFTA G\u00d6N\u00dcLL\u00dcLER SMS SIRALAMASI7 - Evrim6 - Nisa5 - Ardahan4 - Yasin3 - Berkan2 - Cemal Can1 - Bar\u0131\u015fSURVIVOR 14.\nHAFTA \u00dcNL\u00dcLER SMS SIRALAMASI5 - Yunus Emre4 - Mert3 - Aycan2 - Sercan1 - ElifELEME ADAYLARI K\u0130MLER OLDU?\nSurvivor'da bu hafta yap\u0131lan oylamalar sonucunda eleme adaylar\u0131 belli oldu.\nSurvivor 2020 \u00dcnl\u00fcler G\u00f6n\u00fcll\u00fcler tak\u0131m\u0131nda eleme adaylar\u0131 Mert, Aycan ve Yasin oldu.\nSurvivor'da bu ak\u015fam SMS oylamas\u0131nda \u00dcnl\u00fcler tak\u0131m\u0131nda birinci \u00e7\u0131kan Elif, Sercan'\u0131n ismini verdi.\nG\u00f6n\u00fcll\u00fcler tak\u0131m\u0131nda ise Bar\u0131\u015f, eleme aday\u0131 olarak Cemal Can'\u0131n ismini verdi.\nSurvivor'da eleme adaylar\u0131 Mert, Aycan, Yasin, Sercan ve Cemal Can oldu.\nSURVIVOR \u0130LET\u0130\u015e\u0130M \u00d6D\u00dcL\u00dcN\u00dc K\u0130M KAZANDI?\nSurvivor 2020\u2019de \u00dcnl\u00fcler ile G\u00f6n\u00fcll\u00fcler ileti\u015fim \u00f6d\u00fcl oyunu i\u00e7in kar\u015f\u0131 kar\u015f\u0131ya geldi.\nSurvivor 81.\nB\u00f6l\u00fcmde oynanan \u00f6d\u00fcl oyunu i\u00e7in voleybol ma\u00e7\u0131 yap\u0131ld\u0131 Survivor'da bu hafta ileti\u015fim \u00f6d\u00fcl\u00fcn\u00fc kazanan tak\u0131m G\u00f6n\u00fcll\u00fcler oldu",
    "article_html": "",
    "meta_description": "Survivor'da kim elendi? sorusu merakla takip ediliyor. Survivor bug\u00fcn ekrana 81. b\u00f6l\u00fcm ekrana geldi. Survivor 2020 \u00dcnl\u00fcler ve G\u00f6n\u00fcll\u00fcler tak\u0131m\u0131 son b\u00f6l\u00fcmde ileti\u015fim \u00f6d\u00fcl oyunu i\u00e7in m\u00fccadele etti. Survivor'da adaya veda eden ismi SMS oylamas\u0131n\u0131n ard\u0131ndan ada konseyinde Acun Il\u0131cal\u0131 taraf\u0131ndan a\u00e7\u0131kland\u0131. Elenen yar\u0131\u015fmac\u0131 \u015fa\u015fk\u0131nl\u0131k yaratt\u0131. \u0130\u015fte 19 May\u0131s Survivor'da ya\u015fananlar",
    "meta_lang": "tr"
}