{
    "article_id": "3a6e9700ac7c306703058d53dd4c2b1f.1589925597.936205",
    "title": "1000 TL Pandemi ba\u015fvuru sonu\u00e7lar\u0131 sorgulama i\u00e7in TIKLA! E-Devlet 4. faz sosyal yard\u0131m ba\u015fvurusu yap!",
    "authors": [
        "Isvalid",
        "Yazarlar",
        "Data",
        "Name",
        "Mail",
        "Title",
        "Di\u0307\u011fer Yazarlar"
    ],
    "canonical_link": "https://www.haberturk.com/1000-tl-pandemi-basvuru-sonuclari-sorgulama-icin-tikla-e-devlet-4-faz-sosyal-yardim-basvurusu-yap-2684954",
    "url": "http://haberturk.com/1000-tl-pandemi-basvuru-sonuclari-sorgulama-icin-tikla-e-devlet-4-faz-sosyal-yardim-basvurusu-yap-2684954",
    "top_img": "https://im.haberturk.com/2020/05/19/ver1589902257/2684954_1200x627.jpg",
    "meta_img": "https://im.haberturk.com/2020/05/19/ver1589902257/2684954_1200x627.jpg",
    "movies": [],
    "text": "Koronavir\u00fcs salg\u0131n\u0131 nedeniyle Aile \u00c7al\u0131\u015fma ve Sosyal Hizmetler Bakanl\u0131\u011f\u0131 ihtiya\u00e7 sahibi vatanda\u015flara 1000 TL yard\u0131m paras\u0131 veriyor. Pandemi ba\u015fvuru sonucu e-devlet \u00fczerinden sorgulanabiliyor. Sosyal yard\u0131m alacak ki\u015filerin evlerine PTT g\u00f6revlileri taraf\u0131ndan 1000 TL zarfta teslim ediliyor. Bakan Zehra Z\u00fcmr\u00fct Sel\u00e7uk, bug\u00fcn yapt\u0131\u011f\u0131 a\u00e7\u0131klamada \"3. Faz sosyal yard\u0131m program\u0131m\u0131za 6 milyonun \u00fczerinde ba\u015fvuru alm\u0131\u015f durumday\u0131z. 3. Fazda \u015fu ana kadar 620 bin \u00f6demeyi ger\u00e7ekle\u015ftirdik.\" dedi. Peki E-Devlet 4. faz sosyal yard\u0131m ba\u015fvurusu nas\u0131l yap\u0131l\u0131r? \u0130\u015fte 1000 TL Pandemi ba\u015fvuru sonu\u00e7lar\u0131 sorgulama...\n\nPANDEM\u0130 BA\u015eVURU SONU\u00c7LARI 2020\n\n\u201cSosyal Yard\u0131m Bilgileri Sorgulama\u201d Aile ve Sosyal Politikalar Bakanl\u0131\u011f\u0131\u2019na ba\u011fl\u0131 bir hizmettir. \u015eehit Yak\u0131nlar\u0131, Gazi ve Gazi Yak\u0131nlar\u0131 \u0130stihdam Ba\u015fvuru Sorgulama, \u015eehit Yak\u0131nlar\u0131, Gazi ve Gazi Yak\u0131nlar\u0131 \u00dccretsiz Seyahat Kart\u0131 Ba\u015fvuru Sorgulama Sosyal Hizmetler Kanunu Kapsam\u0131nda \u0130\u015fe Yerle\u015ftirme Tercih \u0130\u015flemleri, Gelir Testi Sonucu Sorgulama gibi Sosyal Yard\u0131m Bilgileri Sorgulama i\u015flemi e Devlet \u00fczerinden yap\u0131labiliyor.\n\nPANDEM\u0130 BA\u015eVURU SONUCU SORGULAMA\n\n1000 TL SOSYAL YARDIMI BA\u015eVURUSU NASIL YAPILIR?\n\nE-Devlet'te Pandemi Sosyal Destek Program mod\u00fcl\u00fc \u00fczerinden 3. Faz ba\u015fvurular\u0131 ba\u015flad\u0131.\n\nTC Kimlik Numaran\u0131z\u0131n son hanesine g\u00f6re;\n\n0- Pazartesi\n\n2-Sal\u0131\n\n4-\u00c7ar\u015famba\n\n6-Per\u015fembe\n\n8- Cuma\n\ng\u00fcnlerinde ba\u015fvurular\u0131n\u0131z\u0131 yapabilirsiniz.\n\nCumartesi ve Pazar g\u00fcnleri ise herhangi bir s\u0131n\u0131rlama olmas\u0131z\u0131n herkes ba\u015fvuru yapabilir.\n\nE-DEVLET SOSYAL YARDIM BA\u015eVURU FORMU\n\nSOSYAL YARDIMLA\u015eMA BA\u015eVURU \u015eARTLARI NELERD\u0130R?\n\nA\u00c7SHB Pandemi Sosyal Destek Faz-3 Ba\u015fvurular\u0131, e-Devlet \u00fczerinden \u201cT.C. Kimlik Numaras\u0131n\u0131n\u201d son hanesine g\u00f6re al\u0131nmaya ba\u015flanm\u0131\u015ft\u0131r.\n\nBa\u015fvuru s\u00fcre\u00e7leri e-devlet \u00fczerinden takip edilebilecektir.\n\nDe\u011ferlendirmeler, ki\u015fi bazl\u0131 de\u011fil, hane bazl\u0131 yap\u0131lacakt\u0131r.\n\nAyn\u0131 haneden birden \u00e7ok ba\u015fvuru yap\u0131lmas\u0131 halinde, tek ba\u015fvuru olarak de\u011ferlendirilecektir.\n\nBa\u015fvuran ki\u015finin hanesinde a\u015fa\u011f\u0131da belirtilen kapsamlarda yer alan birinin bulunmas\u0131 halinde ba\u015fvuru de\u011ferlendirmeye al\u0131nmayacakt\u0131r:\n\nPandemi Sosyal Destek Program\u0131 Faz 1 ve Faz 2 kapsam\u0131nda verilen 1000 TL\u2019lik nakdi destekten faydalanm\u0131\u015f olanlar,\n\n5510 say\u0131l\u0131 Kanunun 4/a maddesi kapsam\u0131ndaki kamu i\u015f\u00e7ileri,\n\n5510 say\u0131l\u0131 Kanunun 4/c maddesi kapsam\u0131ndaki memurlar,\n\nSosyal G\u00fcvenlik Kurumu (SGK)\u2019ndan gelir veya ayl\u0131k alanlar (emekliler),\n\n\u0130\u015eKUR \u0130\u015fsizlik \u00d6dene\u011finden faydalananlar,\n\n\u0130\u015eKUR K\u0131sa \u00c7al\u0131\u015fma \u00d6dene\u011finden faydalananlar\n\nK\u0130MLER SOSYAL DESTEK BA\u015eVURUSU YAPAB\u0130L\u0130R?\n\n5510 say\u0131l\u0131 kanunun 4/A maddesi kapsam\u0131ndaki kamu i\u015f\u00e7ileri yararlanamayacak.\n\n5510 say\u0131l\u0131 kanunun 4/C maddesi kapsam\u0131ndaki memurlar faydalanamayacak.\n\nSosyal G\u00fcvenlik Kurumu\u2019ndan gelir veya ayl\u0131k alanlar yani emekliler faydalanamayacak.\n\n\u0130\u015eKUR \u0130\u015fsizlik \u00d6dene\u011finden faydalananlar yararlanamayacak. \u0130\u015eKUR K\u0131sa \u00c7al\u0131\u015fma \u00d6dene\u011fi\u2019nden faydalananlar yararlanamayacak.",
    "keywords": [
        "i\u00e7in",
        "sosyal",
        "sorgulama",
        "faz",
        "\u00f6dene\u011finden",
        "tl",
        "yard\u0131m",
        "ve",
        "tikla",
        "sonu\u00e7lar\u0131",
        "yap",
        "\u00fczerinden",
        "yak\u0131nlar\u0131",
        "pandemi",
        "ba\u015fvuru"
    ],
    "meta_keywords": [
        ""
    ],
    "publish_date": {
        "$date": 1589902257000
    },
    "summary": "Koronavir\u00fcs salg\u0131n\u0131 nedeniyle Aile \u00c7al\u0131\u015fma ve Sosyal Hizmetler Bakanl\u0131\u011f\u0131 ihtiya\u00e7 sahibi vatanda\u015flara 1000 TL yard\u0131m paras\u0131 veriyor.\nPandemi ba\u015fvuru sonucu e-devlet \u00fczerinden sorgulanabiliyor.\nSosyal yard\u0131m alacak ki\u015filerin evlerine PTT g\u00f6revlileri taraf\u0131ndan 1000 TL zarfta teslim ediliyor.\nBakan Zehra Z\u00fcmr\u00fct Sel\u00e7uk, bug\u00fcn yapt\u0131\u011f\u0131 a\u00e7\u0131klamada \"3.\nFaz sosyal yard\u0131m program\u0131m\u0131za 6 milyonun \u00fczerinde ba\u015fvuru alm\u0131\u015f durumday\u0131z.\nFazda \u015fu ana kadar 620 bin \u00f6demeyi ger\u00e7ekle\u015ftirdik.\"\nPeki E-Devlet 4. faz sosyal yard\u0131m ba\u015fvurusu nas\u0131l yap\u0131l\u0131r?\n\u0130\u015fte 1000 TL Pandemi ba\u015fvuru sonu\u00e7lar\u0131 sorgulama...PANDEM\u0130 BA\u015eVURU SONU\u00c7LARI 2020\u201cSosyal Yard\u0131m Bilgileri Sorgulama\u201d Aile ve Sosyal Politikalar Bakanl\u0131\u011f\u0131\u2019na ba\u011fl\u0131 bir hizmettir.\n\u015eehit Yak\u0131nlar\u0131, Gazi ve Gazi Yak\u0131nlar\u0131 \u0130stihdam Ba\u015fvuru Sorgulama, \u015eehit Yak\u0131nlar\u0131, Gazi ve Gazi Yak\u0131nlar\u0131 \u00dccretsiz Seyahat Kart\u0131 Ba\u015fvuru Sorgulama Sosyal Hizmetler Kanunu Kapsam\u0131nda \u0130\u015fe Yerle\u015ftirme Tercih \u0130\u015flemleri, Gelir Testi Sonucu Sorgulama gibi Sosyal Yard\u0131m Bilgileri Sorgulama i\u015flemi e Devlet \u00fczerinden yap\u0131labiliyor.\nPANDEM\u0130 BA\u015eVURU SONUCU SORGULAMA1000 TL SOSYAL YARDIMI BA\u015eVURUSU NASIL YAPILIR?\nE-Devlet'te Pandemi Sosyal Destek Program mod\u00fcl\u00fc \u00fczerinden 3.\nFaz ba\u015fvurular\u0131 ba\u015flad\u0131.\nTC Kimlik Numaran\u0131z\u0131n son hanesine g\u00f6re;0- Pazartesi2-Sal\u01314-\u00c7ar\u015famba6-Per\u015fembe8- Cumag\u00fcnlerinde ba\u015fvurular\u0131n\u0131z\u0131 yapabilirsiniz.\nCumartesi ve Pazar g\u00fcnleri ise herhangi bir s\u0131n\u0131rlama olmas\u0131z\u0131n herkes ba\u015fvuru yapabilir.\nE-DEVLET SOSYAL YARDIM BA\u015eVURU FORMUSOSYAL YARDIMLA\u015eMA BA\u015eVURU \u015eARTLARI NELERD\u0130R?\nA\u00c7SHB Pandemi Sosyal Destek Faz-3 Ba\u015fvurular\u0131, e-Devlet \u00fczerinden \u201cT.C.\nKimlik Numaras\u0131n\u0131n\u201d son hanesine g\u00f6re al\u0131nmaya ba\u015flanm\u0131\u015ft\u0131r.\nBa\u015fvuru s\u00fcre\u00e7leri e-devlet \u00fczerinden takip edilebilecektir.\nDe\u011ferlendirmeler, ki\u015fi bazl\u0131 de\u011fil, hane bazl\u0131 yap\u0131lacakt\u0131r.\nAyn\u0131 haneden birden \u00e7ok ba\u015fvuru yap\u0131lmas\u0131 halinde, tek ba\u015fvuru olarak de\u011ferlendirilecektir.\nBa\u015fvuran ki\u015finin hanesinde a\u015fa\u011f\u0131da belirtilen kapsamlarda yer alan birinin bulunmas\u0131 halinde ba\u015fvuru de\u011ferlendirmeye al\u0131nmayacakt\u0131r:Pandemi Sosyal Destek Program\u0131 Faz 1 ve Faz 2 kapsam\u0131nda verilen 1000 TL\u2019lik nakdi destekten faydalanm\u0131\u015f olanlar,5510 say\u0131l\u0131 Kanunun 4/a maddesi kapsam\u0131ndaki kamu i\u015f\u00e7ileri,5510 say\u0131l\u0131 Kanunun 4/c maddesi kapsam\u0131ndaki memurlar,Sosyal G\u00fcvenlik Kurumu (SGK)\u2019ndan gelir veya ayl\u0131k alanlar (emekliler),\u0130\u015eKUR \u0130\u015fsizlik \u00d6dene\u011finden faydalananlar,\u0130\u015eKUR K\u0131sa \u00c7al\u0131\u015fma \u00d6dene\u011finden faydalananlarK\u0130MLER SOSYAL DESTEK BA\u015eVURUSU YAPAB\u0130L\u0130R?\n5510 say\u0131l\u0131 kanunun 4/A maddesi kapsam\u0131ndaki kamu i\u015f\u00e7ileri yararlanamayacak.\n5510 say\u0131l\u0131 kanunun 4/C maddesi kapsam\u0131ndaki memurlar faydalanamayacak.\nSosyal G\u00fcvenlik Kurumu\u2019ndan gelir veya ayl\u0131k alanlar yani emekliler faydalanamayacak.\n\u0130\u015eKUR \u0130\u015fsizlik \u00d6dene\u011finden faydalananlar yararlanamayacak.\n\u0130\u015eKUR K\u0131sa \u00c7al\u0131\u015fma \u00d6dene\u011fi\u2019nden faydalananlar yararlanamayacak.",
    "article_html": "",
    "meta_description": "Aile \u00c7al\u0131\u015fma ve Sosyal Hizmetler Bakanl\u0131\u011f\u0131 koronavir\u00fcs salg\u0131n\u0131 sebebiyle ihtiya\u00e7 sahibi vatanda\u015flara 1000 TL sosyal yard\u0131m paras\u0131 veriyor. Pandemi sosyal yard\u0131m\u0131 ba\u015fvurusu yapmak isteyen vatanda\u015flar e-devlet sistemi \u00fczerinden yapabilirken di\u011fer yandan ise \u00f6demelerin ba\u015flamas\u0131yla pandemi ba\u015fvuru sonucu sorgulama i\u015flemi yap\u0131labiliyor. Peki E-Devlet 4. faz sosyal yard\u0131m ba\u015fvurusu nas\u0131l yap\u0131l\u0131r? \u0130\u015fte 1000 TL Pandemi ba\u015fvuru sonu\u00e7lar\u0131 sorgulama...",
    "meta_lang": "tr"
}