{
    "article_id": "2d4fcf92529f9eaf0298f19c9434a862.1589925599.5876038",
    "title": "Okullar ne zaman a\u00e7\u0131l\u0131yor 2020? Cumhurba\u015fkan\u0131 Erdo\u011fan'dan okullar\u0131n a\u00e7\u0131laca\u011f\u0131 tarih",
    "authors": [
        "Isvalid",
        "Yazarlar",
        "Data",
        "Name",
        "Mail",
        "Title",
        "Di\u0307\u011fer Yazarlar"
    ],
    "canonical_link": "https://www.haberturk.com/okullar-ne-zaman-aciliyor-2020-cumhurbaskani-erdogan-dan-okullarin-acilacagi-tarih-2685176",
    "url": "http://haberturk.com/okullar-ne-zaman-aciliyor-2020-cumhurbaskani-erdogan-dan-okullarin-acilacagi-tarih-2685176",
    "top_img": "https://im.haberturk.com/2020/05/19/ver1589916301/2685176_1200x627.jpg",
    "meta_img": "https://im.haberturk.com/2020/05/19/ver1589916301/2685176_1200x627.jpg",
    "movies": [],
    "text": "Okullar ne zaman a\u00e7\u0131lacak? sorusu merak edilmeye devam ediyor. Konuyla ilgili g\u00fcncel olarak Milli E\u011fitim Bakan\u0131 Ziya Sel\u00e7uk a\u00e7\u0131klamalarda bulunmu\u015f ve net bir tarih vermekten ka\u00e7\u0131nm\u0131\u015ft\u0131. Cumhurba\u015fkan\u0131 Erdo\u011fan bug\u00fcn ger\u00e7ekle\u015ftirilen kabine toplant\u0131s\u0131n\u0131n ard\u0131ndan okullar\u0131n a\u00e7\u0131laca\u011f\u0131 tarihi a\u00e7\u0131klad\u0131. \u0130\u015fte detaylar...\n\nOKULLAR NE ZAMAN A\u00c7ILIYOR 2020?\n\nCumhurba\u015fkan\u0131 Erdo\u011fan, Kabine Toplant\u0131s\u0131n\u0131n ard\u0131ndan yapt\u0131\u011f\u0131 a\u00e7\u0131klamada, \"Milli E\u011fitim Bakanl\u0131\u011f\u0131m\u0131za ba\u011fl\u0131 e\u011fitim \u00f6\u011fretim y\u0131l\u0131n\u0131 sona erdirmeyi kararla\u015ft\u0131rd\u0131k. Yeni e\u011fitim \u00f6\u011fretim y\u0131l\u0131 \u00f6n\u00fcm\u00fczdeki Eyl\u00fcl ay\u0131nda ba\u015flayacakt\u0131r.\" dedi.\n\nBAKAN SEL\u00c7UK NE DEM\u0130\u015eT\u0130?\n\n11 May\u0131s'ta AVM'ler ile berber ve kuaf\u00f6rlerin a\u00e7\u0131lmas\u0131n\u0131n ard\u0131ndan sonraki ad\u0131mlar i\u00e7inde okullar\u0131n ne zaman a\u00e7\u0131laca\u011f\u0131 konusu merak ediliyor. Milli E\u011fitim Bakan\u0131 Ziya Sel\u00e7uk'un bu ay ba\u015f\u0131nda \"Normalle\u015fme s\u00fcreci planland\u0131\u011f\u0131 \u015fekliyle devam ederse 1 Haziran'da okullar a\u00e7\u0131labilir\" mesaj\u0131 vermesiyle Haziran i\u00e7in beklenti olu\u015ftu. Ancak bu planlanm\u0131\u015f resmiyet kazanm\u0131\u015f bir tarih de\u011fil. Zira Bakan Sel\u00e7uk bu hafta i\u00e7i yapt\u0131\u011f\u0131 a\u00e7\u0131klamada \"Okullar ne zaman a\u00e7\u0131lacak sorusunun \u015fu an tek bir cevab\u0131 var: \u00c7ocuklar\u0131m\u0131z, \u00f6\u011fretmenlerimiz ve ailelerimiz i\u00e7in en g\u00fcvenli zamanda, en g\u00fcvenli \u015fekilde a\u00e7\u0131lacak. Bu tarihi ve uygulama \u015feklini de bize bilimsel veriler s\u00f6yleyecek\" ifadelerini kullanarak tarih konusunda halen bir belirsizlik oldu\u011funu s\u00f6ylemi\u015fti.",
    "keywords": [
        "okullar\u0131n",
        "ne",
        "milli",
        "tarih",
        "e\u011fitim",
        "erdo\u011fandan",
        "bir",
        "okullar",
        "sel\u00e7uk",
        "cumhurba\u015fkan\u0131",
        "a\u00e7\u0131l\u0131yor",
        "ve",
        "bu",
        "2020",
        "zaman",
        "a\u00e7\u0131laca\u011f\u0131"
    ],
    "meta_keywords": [
        ""
    ],
    "publish_date": {
        "$date": 1589916301000
    },
    "summary": "Okullar ne zaman a\u00e7\u0131lacak?\nsorusu merak edilmeye devam ediyor.\nKonuyla ilgili g\u00fcncel olarak Milli E\u011fitim Bakan\u0131 Ziya Sel\u00e7uk a\u00e7\u0131klamalarda bulunmu\u015f ve net bir tarih vermekten ka\u00e7\u0131nm\u0131\u015ft\u0131.\nCumhurba\u015fkan\u0131 Erdo\u011fan bug\u00fcn ger\u00e7ekle\u015ftirilen kabine toplant\u0131s\u0131n\u0131n ard\u0131ndan okullar\u0131n a\u00e7\u0131laca\u011f\u0131 tarihi a\u00e7\u0131klad\u0131.\n\u0130\u015fte detaylar...OKULLAR NE ZAMAN A\u00c7ILIYOR 2020?\nCumhurba\u015fkan\u0131 Erdo\u011fan, Kabine Toplant\u0131s\u0131n\u0131n ard\u0131ndan yapt\u0131\u011f\u0131 a\u00e7\u0131klamada, \"Milli E\u011fitim Bakanl\u0131\u011f\u0131m\u0131za ba\u011fl\u0131 e\u011fitim \u00f6\u011fretim y\u0131l\u0131n\u0131 sona erdirmeyi kararla\u015ft\u0131rd\u0131k.\nYeni e\u011fitim \u00f6\u011fretim y\u0131l\u0131 \u00f6n\u00fcm\u00fczdeki Eyl\u00fcl ay\u0131nda ba\u015flayacakt\u0131r.\"\nBAKAN SEL\u00c7UK NE DEM\u0130\u015eT\u0130?\n11 May\u0131s'ta AVM'ler ile berber ve kuaf\u00f6rlerin a\u00e7\u0131lmas\u0131n\u0131n ard\u0131ndan sonraki ad\u0131mlar i\u00e7inde okullar\u0131n ne zaman a\u00e7\u0131laca\u011f\u0131 konusu merak ediliyor.\nMilli E\u011fitim Bakan\u0131 Ziya Sel\u00e7uk'un bu ay ba\u015f\u0131nda \"Normalle\u015fme s\u00fcreci planland\u0131\u011f\u0131 \u015fekliyle devam ederse 1 Haziran'da okullar a\u00e7\u0131labilir\" mesaj\u0131 vermesiyle Haziran i\u00e7in beklenti olu\u015ftu.\nAncak bu planlanm\u0131\u015f resmiyet kazanm\u0131\u015f bir tarih de\u011fil.\nZira Bakan Sel\u00e7uk bu hafta i\u00e7i yapt\u0131\u011f\u0131 a\u00e7\u0131klamada \"Okullar ne zaman a\u00e7\u0131lacak sorusunun \u015fu an tek bir cevab\u0131 var: \u00c7ocuklar\u0131m\u0131z, \u00f6\u011fretmenlerimiz ve ailelerimiz i\u00e7in en g\u00fcvenli zamanda, en g\u00fcvenli \u015fekilde a\u00e7\u0131lacak.\nBu tarihi ve uygulama \u015feklini de bize bilimsel veriler s\u00f6yleyecek\" ifadelerini kullanarak tarih konusunda halen bir belirsizlik oldu\u011funu s\u00f6ylemi\u015fti.",
    "article_html": "",
    "meta_description": "Okullar ne zaman a\u00e7\u0131l\u0131yor 2020? sorusu \u00f6\u011frenci ve veliler taraf\u0131ndan ara\u015ft\u0131r\u0131l\u0131yor. Koronavir\u00fcs salg\u0131n\u0131 sebebiyle uzun bir s\u00fcredir Milli E\u011fitim Bakanl\u0131\u011f\u0131 taraf\u0131ndan \u00f6\u011frencilere uzaktan e\u011fitim veriliyor. Cumhurba\u015fkan\u0131 Erdo\u011fan, d\u00fcn ak\u015fam okullar\u0131n a\u00e7\u0131laca\u011f\u0131 tarihi duyurdu. Peki Okullar ne zaman a\u00e7\u0131lacak? \u0130\u015fte cevab\u0131...",
    "meta_lang": "tr"
}