{
    "article_id": "533686cb303e23a2b507298a4dbdf951.1589925601.5873337",
    "title": "Kadir Gecesi bu gece mi? Kadir gecesi ne zaman 2020? \u0130\u015fte Kadir Gecesi duas\u0131",
    "authors": [
        "Isvalid",
        "Yazarlar",
        "Data",
        "Name",
        "Mail",
        "Title",
        "Di\u0307\u011fer Yazarlar"
    ],
    "canonical_link": "https://www.haberturk.com/kadir-gecesi-bu-gece-mi-kadir-gecesi-ne-zaman-2020-iste-kadir-gecesi-duasi-2685004",
    "url": "http://haberturk.com/kadir-gecesi-bu-gece-mi-kadir-gecesi-ne-zaman-2020-iste-kadir-gecesi-duasi-2685004",
    "top_img": "https://im.haberturk.com/2020/05/19/ver1589905321/2685004_1200x627.jpg",
    "meta_img": "https://im.haberturk.com/2020/05/19/ver1589905321/2685004_1200x627.jpg",
    "movies": [],
    "text": "Kadir Gecesi, 2020 Ramazan Ay\u0131'n\u0131n 26. g\u00fcn\u00fcn 27. g\u00fcn\u00fcne ba\u011flayan gece \u00e7e\u015fitli ibadetler ve dualar ile idrak edilecek. Kur'an'da \"bin aydan daha hay\u0131rl\u0131 gece\" olarak an\u0131lan Kadir Gecesi i\u00e7in t\u00fcm \u0130slam aleminde haz\u0131rl\u0131klar ba\u015flad\u0131. Peki Kadir Gecesi bug\u00fcn m\u00fc? Kadir gecesi ne zaman 2020? \u0130\u015fte Kadir Gecesi duas\u0131...\n\nKAD\u0130R GECES\u0130 NE ZAMAN 2020?\n\nDiyanet \u0130\u015fleri Ba\u015fkanl\u0131\u011f\u0131'n\u0131n haz\u0131rlad\u0131\u011f\u0131 2020 dini g\u00fcnler takviminde Ramazan ay\u0131n\u0131n 26. g\u00fcn\u00fcne denk gelen 19 May\u0131s 2020 Sal\u0131 g\u00fcn\u00fc, Kadir Gecesi idrak edilecek.\n\nKAD\u0130R GECES\u0130'N\u0130N \u00d6NEM\u0130 NED\u0130R?\n\nKadir gecesi, Y\u00fcce Allah\u2019\u0131n insanl\u0131\u011fa kurtulu\u015f \u00e7a\u011fr\u0131s\u0131 olan Kuran\u2019\u0131n indirilmeye ba\u015flad\u0131\u011f\u0131, esenlik ve g\u00fcvenli\u011fin her tarafa yay\u0131ld\u0131\u011f\u0131, sema kap\u0131lar\u0131n\u0131n a\u00e7\u0131ld\u0131\u011f\u0131, dua ve t\u00f6vbelerin kabul edildi\u011fi bir gecedir.\n\nKadir gecesi; Y\u00fcce Mevla\u2019n\u0131n hakk\u0131nda m\u00fcstakil bir sure indirdi\u011fi ve bu surede, \u201cDo\u011frusu biz Kur\u2019an\u2019\u0131 Kadir Gecesi\u2019nde indirdik. Kadir Gecesi\u2019nin ne oldu\u011funu sen nereden bileceksin? Kadir Gecesi bin aydan daha hay\u0131rl\u0131d\u0131r. Melekler ve Cebrail O gece, Rablerinin izniyle her t\u00fcrl\u00fc i\u015f i\u00e7in iner de inerler. O gece,tan yerinin a\u011farmas\u0131na kadar s\u00fcren bir esenliktir.\u201d buyurdu\u011fu m\u00fcstesna bir gecedir.\n\nKAD\u0130R GECES\u0130 DUALARI\n\nKadir Gecesi, Ramazan ay\u0131n\u0131n manevi ikliminde bir ay s\u00fcren feyizli ve yo\u011fun ibadetlerin, ruhun \u00fczerindeki tesirlerini yak\u0131ndan hissedebilmek, yeni manevi hamlelere ve nefsi m\u00fccadelelere haz\u0131rlanmak i\u00e7in sunulan bulunmaz bir f\u0131rsat gecesidir. \u0130\u015fte bu anlaml\u0131 gecede okunacak dualar;\n\nEY B\u0130ZLER\u0130 VARLI\u011eA ERD\u0130REN ALLAHIM;\n\nSen bizleri ufku, inanc\u0131 ve davran\u0131\u015flar\u0131yla tam bir ruh ve mana kahraman\u0131 eyle! Derinlik ve zenginli\u011fimizi bilgi ve m\u00fcktesebat\u0131m\u0131zla birlikte g\u00f6n\u00fcl zenginli\u011fi, ruh saffeti ve hakka kurbetimiz itibar\u0131yla yap Ya Rabbi!\n\n\u201cKadir gecesinde \u00fc\u00e7 defa l\u00e2il\u00e2he illallah diyenin, birincisinde b\u00fct\u00fcn g\u00fcnahlar\u0131 affolur. \u0130kincisinde Cehennemden kurtulur. \u00dc\u00e7\u00fcnc\u00fcs\u00fcnde Cennete girer.\u201d buyuruldu.\n\nKAD\u0130R GECES\u0130 YAPILACAK \u0130BADETLER\n\nKadir gecesini, namaz k\u0131larak, Kur'\u00e2n-\u0131 Kerim okuyarak, tevbe, isti\u011ff\u00e2r ederek ve dua yaparak de\u011ferlendirmeli. \u00dczerinde namaz borcu olanlar\u0131n nafile namaz\u0131 k\u0131lmadan \u00f6nce hi\u00e7 de\u011filse be\u015f vakit kaza namaz\u0131 k\u0131lmalar\u0131 daha faziletlidir. Kazas\u0131 yoksa nafile k\u0131l\u0131nmal\u0131.\n\nS\u00fcfyan-i Sevr\u00ee: \"Kadir gecesi dua ve isti\u011ffar etmek namazdan sevimlidir. Kur'\u00e2n okuyup sonra dua etmek daha g\u00fczeldir.\" (Tecrid-i Sarih Tercemesi, VI, 313) demistir.\n\nAi\u015fe demi\u015ftir ki; Hz. Muhammed (s.a.v) 'e:\n\n\"- Ey Allah'\u0131n Ras\u00fbl\u00fc! Kadir gecesine rastlarsam nas\u0131l dua edeyim?\" diye sordum. Ras\u00fbl\u00fcllah (s.a.s):\n\n\"- Allah\u00fcmme inneke af\u00fcvv\u00fcn t\u00fchibb\u00fc'l-afve fa'fu ann\u00ee: Allah'\u0131m sen \u00e7ok affedicisin, aff\u0131 seversin, beni affet.\" diye dua et, buyurdu (Tecr\u00eed-i Sarih Tercemesi, VI, 314).\n\nKur'\u00e2n'da m\u00fcbarek gecelerden \u015fu \u015fekilde bahsedilmektedir:\n\n\"Apa\u00e7\u0131k olan Kitab'a andolsun ki, biz onu m\u00fcb\u00e2rek bir gecede indirdik. \u015e\u00fcphesiz biz insanlar\u0131 uyarmaktay\u0131z.\" (Duhan 3)\n\n\"Kadir gecesi bin aydan daha hay\u0131rl\u0131d\u0131r.\" (Kadir 3)",
    "keywords": [
        "kadir",
        "ne",
        "i\u00e7in",
        "i\u0307\u015fte",
        "gece",
        "duas\u0131",
        "bir",
        "gecesi",
        "daha",
        "ve",
        "dua",
        "2020",
        "ramazan",
        "zaman",
        "mi",
        "bu"
    ],
    "meta_keywords": [
        ""
    ],
    "publish_date": {
        "$date": 1589905321000
    },
    "summary": "Kadir Gecesi, 2020 Ramazan Ay\u0131'n\u0131n 26. g\u00fcn\u00fcn 27. g\u00fcn\u00fcne ba\u011flayan gece \u00e7e\u015fitli ibadetler ve dualar ile idrak edilecek.\nKur'an'da \"bin aydan daha hay\u0131rl\u0131 gece\" olarak an\u0131lan Kadir Gecesi i\u00e7in t\u00fcm \u0130slam aleminde haz\u0131rl\u0131klar ba\u015flad\u0131.\nPeki Kadir Gecesi bug\u00fcn m\u00fc?\nKadir gecesi ne zaman 2020?\n\u0130\u015fte Kadir Gecesi duas\u0131...KAD\u0130R GECES\u0130 NE ZAMAN 2020?\nDiyanet \u0130\u015fleri Ba\u015fkanl\u0131\u011f\u0131'n\u0131n haz\u0131rlad\u0131\u011f\u0131 2020 dini g\u00fcnler takviminde Ramazan ay\u0131n\u0131n 26. g\u00fcn\u00fcne denk gelen 19 May\u0131s 2020 Sal\u0131 g\u00fcn\u00fc, Kadir Gecesi idrak edilecek.\nKAD\u0130R GECES\u0130'N\u0130N \u00d6NEM\u0130 NED\u0130R?\nKadir gecesi, Y\u00fcce Allah\u2019\u0131n insanl\u0131\u011fa kurtulu\u015f \u00e7a\u011fr\u0131s\u0131 olan Kuran\u2019\u0131n indirilmeye ba\u015flad\u0131\u011f\u0131, esenlik ve g\u00fcvenli\u011fin her tarafa yay\u0131ld\u0131\u011f\u0131, sema kap\u0131lar\u0131n\u0131n a\u00e7\u0131ld\u0131\u011f\u0131, dua ve t\u00f6vbelerin kabul edildi\u011fi bir gecedir.\nKadir gecesi; Y\u00fcce Mevla\u2019n\u0131n hakk\u0131nda m\u00fcstakil bir sure indirdi\u011fi ve bu surede, \u201cDo\u011frusu biz Kur\u2019an\u2019\u0131 Kadir Gecesi\u2019nde indirdik.\nKadir Gecesi\u2019nin ne oldu\u011funu sen nereden bileceksin?\nKadir Gecesi bin aydan daha hay\u0131rl\u0131d\u0131r.\nMelekler ve Cebrail O gece, Rablerinin izniyle her t\u00fcrl\u00fc i\u015f i\u00e7in iner de inerler.\nO gece,tan yerinin a\u011farmas\u0131na kadar s\u00fcren bir esenliktir.\u201d buyurdu\u011fu m\u00fcstesna bir gecedir.\nKAD\u0130R GECES\u0130 DUALARIKadir Gecesi, Ramazan ay\u0131n\u0131n manevi ikliminde bir ay s\u00fcren feyizli ve yo\u011fun ibadetlerin, ruhun \u00fczerindeki tesirlerini yak\u0131ndan hissedebilmek, yeni manevi hamlelere ve nefsi m\u00fccadelelere haz\u0131rlanmak i\u00e7in sunulan bulunmaz bir f\u0131rsat gecesidir.\n\u0130\u015fte bu anlaml\u0131 gecede okunacak dualar;EY B\u0130ZLER\u0130 VARLI\u011eA ERD\u0130REN ALLAHIM;Sen bizleri ufku, inanc\u0131 ve davran\u0131\u015flar\u0131yla tam bir ruh ve mana kahraman\u0131 eyle!\nDerinlik ve zenginli\u011fimizi bilgi ve m\u00fcktesebat\u0131m\u0131zla birlikte g\u00f6n\u00fcl zenginli\u011fi, ruh saffeti ve hakka kurbetimiz itibar\u0131yla yap Ya Rabbi!\n\u201cKadir gecesinde \u00fc\u00e7 defa l\u00e2il\u00e2he illallah diyenin, birincisinde b\u00fct\u00fcn g\u00fcnahlar\u0131 affolur.\n\u0130kincisinde Cehennemden kurtulur.\n\u00dc\u00e7\u00fcnc\u00fcs\u00fcnde Cennete girer.\u201d buyuruldu.\nKAD\u0130R GECES\u0130 YAPILACAK \u0130BADETLERKadir gecesini, namaz k\u0131larak, Kur'\u00e2n-\u0131 Kerim okuyarak, tevbe, isti\u011ff\u00e2r ederek ve dua yaparak de\u011ferlendirmeli.\n\u00dczerinde namaz borcu olanlar\u0131n nafile namaz\u0131 k\u0131lmadan \u00f6nce hi\u00e7 de\u011filse be\u015f vakit kaza namaz\u0131 k\u0131lmalar\u0131 daha faziletlidir.\nKazas\u0131 yoksa nafile k\u0131l\u0131nmal\u0131.\nS\u00fcfyan-i Sevr\u00ee: \"Kadir gecesi dua ve isti\u011ffar etmek namazdan sevimlidir.\nKur'\u00e2n okuyup sonra dua etmek daha g\u00fczeldir.\"\n(Tecrid-i Sarih Tercemesi, VI, 313) demistir.\nAi\u015fe demi\u015ftir ki; Hz.\nMuhammed (s.a.v) 'e:\"- Ey Allah'\u0131n Ras\u00fbl\u00fc!\nKadir gecesine rastlarsam nas\u0131l dua edeyim?\"\ndiye sordum.\nRas\u00fbl\u00fcllah (s.a.s):\"- Allah\u00fcmme inneke af\u00fcvv\u00fcn t\u00fchibb\u00fc'l-afve fa'fu ann\u00ee: Allah'\u0131m sen \u00e7ok affedicisin, aff\u0131 seversin, beni affet.\"\ndiye dua et, buyurdu (Tecr\u00eed-i Sarih Tercemesi, VI, 314).\nKur'\u00e2n'da m\u00fcbarek gecelerden \u015fu \u015fekilde bahsedilmektedir:\"Apa\u00e7\u0131k olan Kitab'a andolsun ki, biz onu m\u00fcb\u00e2rek bir gecede indirdik.\n\u015e\u00fcphesiz biz insanlar\u0131 uyarmaktay\u0131z.\"\n(Duhan 3)\"Kadir gecesi bin aydan daha hay\u0131rl\u0131d\u0131r.\"",
    "article_html": "",
    "meta_description": "Kuran-\u0131 Kerim'in Allah taraf\u0131ndan Cebrail arac\u0131l\u0131\u011f\u0131yla Hz. Muhammed'e (sav) vahyedilmeye ba\u015flad\u0131\u011f\u0131 gece olan Kadir Gecesi, t\u00fcm islam aleminde dualar ve ibadetler ile eda edilecek. Bu m\u00fcbarek gecede ibadet edeceler \"Kadir Gecesi bu gece mi?\" sorusunu ara\u015ft\u0131r\u0131yor. Peki Kadir gecesi ne zaman 2020? \u0130\u015fte Kadir Gecesi duas\u0131...",
    "meta_lang": "tr"
}