{
    "article_id": "e32120072afc7e6405dbb090ab438b30.1589925492.6819673",
    "title": "Diyanet \u0130\u015fleri Ba\u015fkan\u0131 Erba\u015f 'Kadir Gecesi \u00d6zel' program\u0131nda konu\u015ftu",
    "authors": [],
    "canonical_link": "https://www.milliyet.com.tr/gundem/diyanet-isleri-baskani-erbas-kadir-gecesi-ozel-programinda-konustu-6215955",
    "url": "http://milliyet.com.tr/gundem/diyanet-isleri-baskani-erbas-kadir-gecesi-ozel-programinda-konustu-6215955",
    "top_img": "https://i2.milimaj.com/i/milliyet/75/0x0/5ec454ff55428017543de272.jpg",
    "meta_img": "https://i2.milimaj.com/i/milliyet/75/0x0/5ec454ff55428017543de272.jpg",
    "movies": [],
    "text": "Diyanet TV'de yay\u0131mlanan \"Kadir Gecesi \u00d6zel\" program\u0131nda konu\u015fan Erba\u015f, t\u00fcm \u0130slam aleminin kandilini tebrik etti.\n\nKadir Gecesi'nin zihinleri ve g\u00f6n\u00fclleri Kur'an-\u0131 Kerim'e g\u00f6re yeniden in\u015fa etme gecesi oldu\u011funu belirten Erba\u015f, manen bin aydan daha hay\u0131rl\u0131 oldu\u011fu m\u00fcjdelenen, yakla\u015f\u0131k 80 y\u0131ll\u0131k insan \u00f6mr\u00fcne bedel olan bu geceden istifade edilmesi gerekti\u011fini s\u00f6yledi.\n\nErba\u015f, Kur'an-\u0131 Kerim'in yery\u00fcz\u00fcne indirildi\u011fi, say\u0131s\u0131z manevi g\u00fczelli\u011fin, m\u00fckafat\u0131n s\u0131n\u0131rs\u0131z olarak verildi\u011fi bu gecede insano\u011flunun \u00f6z\u00fcne d\u00f6nerek kendisiyle y\u00fczle\u015fmesi ve k\u00f6t\u00fc davran\u0131\u015flardan uzak kalabilmesi i\u00e7in b\u00fcy\u00fck bir gayret i\u00e7inde olmas\u0131 gerekti\u011fini dile getirdi.\n\n\u0130nsano\u011flunun b\u00fct\u00fcn hata ve g\u00fcnahlar\u0131na samimiyetle t\u00f6vbe etmesi ve bir daha ayn\u0131 yanl\u0131\u015flara d\u00fc\u015fmeme azmi ve bilinciyle Allah'tan af dilemesi gerekti\u011fini vurgulayan Erba\u015f, \u015funlar\u0131 kaydetti:\n\n\"\u0130drak etme \u015feref ve bahtiyarl\u0131\u011f\u0131na eri\u015fti\u011fimiz bu geceyi dolu dolu ya\u015fayal\u0131m. Bu geceye de\u011fer katan hayat kitab\u0131m\u0131z Kur'an-\u0131 Kerim'i okuyarak, tefekk\u00fcr ederek, t\u00f6vbe ve dua ile ihya edelim. \u0130\u00e7ten ve samimi dualar\u0131m\u0131zla b\u00fct\u00fcn insanl\u0131\u011fa dua edelim. Bu gecede kin, haset, nefret, korku, umutsuzluk ve \u00f6tekile\u015ftirmenin olmad\u0131\u011f\u0131, g\u00fcven, sevgi, sayg\u0131, karde\u015flik ve dayan\u0131\u015fman\u0131n hakim oldu\u011fu bir hayat\u0131n ve d\u00fcnyan\u0131n in\u015fas\u0131 i\u00e7in \u00e7al\u0131\u015fma azmimizi yenileyelim. Bunu ba\u015farabildi\u011fimizde g\u00f6n\u00fcllerimize huzur, hanelerimize bereket, toplumsal hayat\u0131m\u0131za merhamet ve adalet egemen olacak, yery\u00fcz\u00fc \u0130slam'\u0131n ideali olan esenlik yurduna d\u00f6n\u00fc\u015fecektir.\n\nBu duygu ve d\u00fc\u015f\u00fcncelerle, y\u00fcce Rabbimizden oru\u00e7lar\u0131m\u0131z\u0131 ve t\u00fcm ibadetlerimizi kabul buyurmas\u0131n\u0131 niyaz ediyorum. Bu gecenin \u0130slam aleminin birlik ve beraberli\u011fine, insanl\u0131\u011f\u0131n bar\u0131\u015f ve huzuruna vesile olmas\u0131n\u0131 y\u00fcce Rabbimden diliyorum.\"\n\nCAM\u0130LER\u0130N A\u00c7ILI\u015e TAR\u0130H\u0130\n\nDiyanet \u0130\u015fleri Ba\u015fkan\u0131 Ali Erba\u015f, yeni tip Corona vir\u00fcs (Covid-19) tedbirleri nedeniyle kapal\u0131 olan camilerin ibadete a\u00e7\u0131lmas\u0131na ili\u015fkin, \"29 May\u0131s'tan itibaren cuma namazlar\u0131m\u0131zla birlikte tedbirlerimizi alarak ba\u015flayaca\u011f\u0131z.\" dedi.\n\nDiyanet TV'de canl\u0131 yay\u0131nlanan \"\u0130ftar\u0131 Beklerken\" program\u0131na konuk olan Erba\u015f, koronavir\u00fcs nedeniyle ramazanda evlerin birer mescide d\u00f6n\u00fc\u015ft\u00fcr\u00fcld\u00fc\u011f\u00fcn\u00fc, yuvalarda \u00e7ocuklar ve e\u015flerle \u015fu ana kadar tad\u0131lmayan g\u00fczelliklerin tad\u0131ld\u0131\u011f\u0131n\u0131 s\u00f6yledi.\n\nEvlerde iftarlar yap\u0131ld\u0131\u011f\u0131n\u0131, teravih namaz\u0131 k\u0131l\u0131nd\u0131\u011f\u0131n\u0131, Kur'an-\u0131 Kerim ve kitap okundu\u011funu aktaran Erba\u015f, \"Bu ramazan birbirimizin fark\u0131na vard\u0131k. An\u0131 ya\u015fad\u0131k, yar\u0131n\u0131 umutla bekledik, d\u00fcn\u00fc tefekk\u00fcr ettik, d\u00fcnden ders almaya \u00e7al\u0131\u015ft\u0131k.\" ifadelerini kulland\u0131.\n\nYap\u0131lan ara\u015ft\u0131rmalara g\u00f6re salg\u0131n s\u00fcrecinde insanlar\u0131n ibadetlere olan ilgisinde ve kitap okuma oranlar\u0131nda art\u0131\u015f oldu\u011funa dikkati \u00e7eken Erba\u015f, \u0130slam'\u0131n yery\u00fcz\u00fcnde insano\u011fluna nasip olmu\u015f en b\u00fcy\u00fck nimet oldu\u011funu vurgulad\u0131.\n\nErba\u015f, \"\u0130slam dinini Rabbimizin b\u00fct\u00fcn insanl\u0131\u011fa kurtulu\u015f vesilesi olarak g\u00f6nderdi\u011fini, bunun da en b\u00fcy\u00fck nimet oldu\u011funu Kur'an-\u0131 Kerim'den \u00f6\u011freniyoruz. Bunu \u00e7ok iyi bir \u015fekilde anlamal\u0131y\u0131z. \u0130slam k\u00fc\u00e7\u00fcc\u00fck \u015feyleri dahi kurtulu\u015fumuza vesile k\u0131l\u0131yor.\" diye konu\u015ftu.\n\nT\u00fcrkiye Cumhuriyeti'nin temelinin 100 y\u0131l \u00f6nce Hac\u0131 Bayram Camisi'nde Kur'an ile kurbanlarla, dualarla at\u0131ld\u0131\u011f\u0131n\u0131 an\u0131msatan Erba\u015f, \"Bu vesile ile hem \u0130stiklal Mar\u015f\u0131 \u015fairimize rahmet diliyor hem de milli m\u00fccadelede bu topraklar\u0131n d\u00fc\u015fman i\u015fgalinden kurtulu\u015funda m\u00fccadele eden t\u00fcm \u015fehitlerimize, gazilerimize, t\u00fcm devlet b\u00fcy\u00fcklerimize Rabbimden rahmet diliyorum. \u0130nsano\u011flu fanidir i\u015fte. 100 sene \u00f6nce neler yapt\u0131lar, biz bug\u00fcn onlar\u0131 hay\u0131rla yad ediyoruz.\" de\u011ferlendirmesinde bulundu.\n\nKovid-19 tedbirleri kapsam\u0131nda cemaatle namaza ara verilen camilerde 29 May\u0131s Cuma g\u00fcn\u00fc yeniden cemaatle namaza ba\u015flanaca\u011f\u0131n\u0131 hat\u0131rlatan Ba\u015fkan Erba\u015f, \u015funlar\u0131 kaydetti:\n\n\"29 May\u0131s'tan itibaren cuma namazlar\u0131m\u0131zla birlikte tedbirlerimizi alarak ba\u015flayaca\u011f\u0131z. Bununla ilgili geni\u015f kat\u0131l\u0131ml\u0131 bir toplant\u0131 yapt\u0131k. \u0130\u00e7i\u015fleri Bakan Yard\u0131mc\u0131m\u0131z, Sa\u011fl\u0131k Bakan Yard\u0131mc\u0131m\u0131z da kat\u0131ld\u0131lar. Per\u015fembe g\u00fcn\u00fc yine bir toplant\u0131 yapaca\u011f\u0131z. Tedbirlerimizi al\u0131p ondan sonra in\u015fallah hasret, \u00f6zlem bitecek. Vatanda\u015flar\u0131m\u0131z\u0131n biraz daha sab\u0131rl\u0131 olmas\u0131n\u0131 bekliyoruz. G\u00f6r\u00fcyorum, ger\u00e7ekten cami ve cemaat i\u00e7in sab\u0131rs\u0131zlanmak g\u00fczel bir \u015fey. Bu sevindiriyor ama ya\u015fad\u0131\u011f\u0131m\u0131z salg\u0131n da bizim \u00e7ok tedbirli olmam\u0131z\u0131 gerektiriyor. Ben buradan devletimizin ba\u015fta Sa\u011fl\u0131k Bakanl\u0131\u011f\u0131m\u0131z olmak \u00fczere b\u00fct\u00fcn \u00e7al\u0131\u015fanlar\u0131na bu s\u00fcre\u00e7teki gayretlerinden dolay\u0131 te\u015fekk\u00fcrlerimi arz ediyorum. Gece, g\u00fcnd\u00fcz demediler. \u00dclkemiz, bu salg\u0131nla m\u00fccadele noktas\u0131nda d\u00fcnyaya \u00f6rnek oldu.\"\n\n\u0130slam aleminin Kadir Gecesi'ni tebrik eden Erba\u015f, gecenin birlik ve beraberli\u011fe, insanl\u0131\u011f\u0131n s\u0131hhat, hidayet, bar\u0131\u015f ve huzuruna vesile olmas\u0131 niyaz\u0131nda bulundu.",
    "keywords": [
        "kadir",
        "i\u0307slam",
        "b\u00fct\u00fcn",
        "ba\u015fkan\u0131",
        "\u00f6zel",
        "bir",
        "gecesi",
        "program\u0131nda",
        "konu\u015ftu",
        "i\u0307\u015fleri",
        "olan",
        "erba\u015f",
        "ve",
        "diyanet",
        "vesile",
        "kuran\u0131",
        "t\u00fcm",
        "bu"
    ],
    "meta_keywords": [
        ""
    ],
    "publish_date": null,
    "summary": "Diyanet TV'de yay\u0131mlanan \"Kadir Gecesi \u00d6zel\" program\u0131nda konu\u015fan Erba\u015f, t\u00fcm \u0130slam aleminin kandilini tebrik etti.\nKadir Gecesi'nin zihinleri ve g\u00f6n\u00fclleri Kur'an-\u0131 Kerim'e g\u00f6re yeniden in\u015fa etme gecesi oldu\u011funu belirten Erba\u015f, manen bin aydan daha hay\u0131rl\u0131 oldu\u011fu m\u00fcjdelenen, yakla\u015f\u0131k 80 y\u0131ll\u0131k insan \u00f6mr\u00fcne bedel olan bu geceden istifade edilmesi gerekti\u011fini s\u00f6yledi.\nErba\u015f, Kur'an-\u0131 Kerim'in yery\u00fcz\u00fcne indirildi\u011fi, say\u0131s\u0131z manevi g\u00fczelli\u011fin, m\u00fckafat\u0131n s\u0131n\u0131rs\u0131z olarak verildi\u011fi bu gecede insano\u011flunun \u00f6z\u00fcne d\u00f6nerek kendisiyle y\u00fczle\u015fmesi ve k\u00f6t\u00fc davran\u0131\u015flardan uzak kalabilmesi i\u00e7in b\u00fcy\u00fck bir gayret i\u00e7inde olmas\u0131 gerekti\u011fini dile getirdi.\n\u0130nsano\u011flunun b\u00fct\u00fcn hata ve g\u00fcnahlar\u0131na samimiyetle t\u00f6vbe etmesi ve bir daha ayn\u0131 yanl\u0131\u015flara d\u00fc\u015fmeme azmi ve bilinciyle Allah'tan af dilemesi gerekti\u011fini vurgulayan Erba\u015f, \u015funlar\u0131 kaydetti:\"\u0130drak etme \u015feref ve bahtiyarl\u0131\u011f\u0131na eri\u015fti\u011fimiz bu geceyi dolu dolu ya\u015fayal\u0131m.\nBu geceye de\u011fer katan hayat kitab\u0131m\u0131z Kur'an-\u0131 Kerim'i okuyarak, tefekk\u00fcr ederek, t\u00f6vbe ve dua ile ihya edelim.\n\u0130\u00e7ten ve samimi dualar\u0131m\u0131zla b\u00fct\u00fcn insanl\u0131\u011fa dua edelim.\nBu gecede kin, haset, nefret, korku, umutsuzluk ve \u00f6tekile\u015ftirmenin olmad\u0131\u011f\u0131, g\u00fcven, sevgi, sayg\u0131, karde\u015flik ve dayan\u0131\u015fman\u0131n hakim oldu\u011fu bir hayat\u0131n ve d\u00fcnyan\u0131n in\u015fas\u0131 i\u00e7in \u00e7al\u0131\u015fma azmimizi yenileyelim.\nBunu ba\u015farabildi\u011fimizde g\u00f6n\u00fcllerimize huzur, hanelerimize bereket, toplumsal hayat\u0131m\u0131za merhamet ve adalet egemen olacak, yery\u00fcz\u00fc \u0130slam'\u0131n ideali olan esenlik yurduna d\u00f6n\u00fc\u015fecektir.\nBu duygu ve d\u00fc\u015f\u00fcncelerle, y\u00fcce Rabbimizden oru\u00e7lar\u0131m\u0131z\u0131 ve t\u00fcm ibadetlerimizi kabul buyurmas\u0131n\u0131 niyaz ediyorum.\nBu gecenin \u0130slam aleminin birlik ve beraberli\u011fine, insanl\u0131\u011f\u0131n bar\u0131\u015f ve huzuruna vesile olmas\u0131n\u0131 y\u00fcce Rabbimden diliyorum.\"\nCAM\u0130LER\u0130N A\u00c7ILI\u015e TAR\u0130H\u0130Diyanet \u0130\u015fleri Ba\u015fkan\u0131 Ali Erba\u015f, yeni tip Corona vir\u00fcs (Covid-19) tedbirleri nedeniyle kapal\u0131 olan camilerin ibadete a\u00e7\u0131lmas\u0131na ili\u015fkin, \"29 May\u0131s'tan itibaren cuma namazlar\u0131m\u0131zla birlikte tedbirlerimizi alarak ba\u015flayaca\u011f\u0131z.\"\nDiyanet TV'de canl\u0131 yay\u0131nlanan \"\u0130ftar\u0131 Beklerken\" program\u0131na konuk olan Erba\u015f, koronavir\u00fcs nedeniyle ramazanda evlerin birer mescide d\u00f6n\u00fc\u015ft\u00fcr\u00fcld\u00fc\u011f\u00fcn\u00fc, yuvalarda \u00e7ocuklar ve e\u015flerle \u015fu ana kadar tad\u0131lmayan g\u00fczelliklerin tad\u0131ld\u0131\u011f\u0131n\u0131 s\u00f6yledi.\nEvlerde iftarlar yap\u0131ld\u0131\u011f\u0131n\u0131, teravih namaz\u0131 k\u0131l\u0131nd\u0131\u011f\u0131n\u0131, Kur'an-\u0131 Kerim ve kitap okundu\u011funu aktaran Erba\u015f, \"Bu ramazan birbirimizin fark\u0131na vard\u0131k.\nAn\u0131 ya\u015fad\u0131k, yar\u0131n\u0131 umutla bekledik, d\u00fcn\u00fc tefekk\u00fcr ettik, d\u00fcnden ders almaya \u00e7al\u0131\u015ft\u0131k.\"\nifadelerini kulland\u0131.\nYap\u0131lan ara\u015ft\u0131rmalara g\u00f6re salg\u0131n s\u00fcrecinde insanlar\u0131n ibadetlere olan ilgisinde ve kitap okuma oranlar\u0131nda art\u0131\u015f oldu\u011funa dikkati \u00e7eken Erba\u015f, \u0130slam'\u0131n yery\u00fcz\u00fcnde insano\u011fluna nasip olmu\u015f en b\u00fcy\u00fck nimet oldu\u011funu vurgulad\u0131.\nErba\u015f, \"\u0130slam dinini Rabbimizin b\u00fct\u00fcn insanl\u0131\u011fa kurtulu\u015f vesilesi olarak g\u00f6nderdi\u011fini, bunun da en b\u00fcy\u00fck nimet oldu\u011funu Kur'an-\u0131 Kerim'den \u00f6\u011freniyoruz.\nBunu \u00e7ok iyi bir \u015fekilde anlamal\u0131y\u0131z.\n\u0130slam k\u00fc\u00e7\u00fcc\u00fck \u015feyleri dahi kurtulu\u015fumuza vesile k\u0131l\u0131yor.\"\ndiye konu\u015ftu.\nT\u00fcrkiye Cumhuriyeti'nin temelinin 100 y\u0131l \u00f6nce Hac\u0131 Bayram Camisi'nde Kur'an ile kurbanlarla, dualarla at\u0131ld\u0131\u011f\u0131n\u0131 an\u0131msatan Erba\u015f, \"Bu vesile ile hem \u0130stiklal Mar\u015f\u0131 \u015fairimize rahmet diliyor hem de milli m\u00fccadelede bu topraklar\u0131n d\u00fc\u015fman i\u015fgalinden kurtulu\u015funda m\u00fccadele eden t\u00fcm \u015fehitlerimize, gazilerimize, t\u00fcm devlet b\u00fcy\u00fcklerimize Rabbimden rahmet diliyorum.\n\u0130nsano\u011flu fanidir i\u015fte.\n100 sene \u00f6nce neler yapt\u0131lar, biz bug\u00fcn onlar\u0131 hay\u0131rla yad ediyoruz.\"\nde\u011ferlendirmesinde bulundu.\nKovid-19 tedbirleri kapsam\u0131nda cemaatle namaza ara verilen camilerde 29 May\u0131s Cuma g\u00fcn\u00fc yeniden cemaatle namaza ba\u015flanaca\u011f\u0131n\u0131 hat\u0131rlatan Ba\u015fkan Erba\u015f, \u015funlar\u0131 kaydetti:\"29 May\u0131s'tan itibaren cuma namazlar\u0131m\u0131zla birlikte tedbirlerimizi alarak ba\u015flayaca\u011f\u0131z.\nBununla ilgili geni\u015f kat\u0131l\u0131ml\u0131 bir toplant\u0131 yapt\u0131k.\n\u0130\u00e7i\u015fleri Bakan Yard\u0131mc\u0131m\u0131z, Sa\u011fl\u0131k Bakan Yard\u0131mc\u0131m\u0131z da kat\u0131ld\u0131lar.\nPer\u015fembe g\u00fcn\u00fc yine bir toplant\u0131 yapaca\u011f\u0131z.\nTedbirlerimizi al\u0131p ondan sonra in\u015fallah hasret, \u00f6zlem bitecek.\nVatanda\u015flar\u0131m\u0131z\u0131n biraz daha sab\u0131rl\u0131 olmas\u0131n\u0131 bekliyoruz.\nG\u00f6r\u00fcyorum, ger\u00e7ekten cami ve cemaat i\u00e7in sab\u0131rs\u0131zlanmak g\u00fczel bir \u015fey.\nBu sevindiriyor ama ya\u015fad\u0131\u011f\u0131m\u0131z salg\u0131n da bizim \u00e7ok tedbirli olmam\u0131z\u0131 gerektiriyor.\nBen buradan devletimizin ba\u015fta Sa\u011fl\u0131k Bakanl\u0131\u011f\u0131m\u0131z olmak \u00fczere b\u00fct\u00fcn \u00e7al\u0131\u015fanlar\u0131na bu s\u00fcre\u00e7teki gayretlerinden dolay\u0131 te\u015fekk\u00fcrlerimi arz ediyorum.\nGece, g\u00fcnd\u00fcz demediler.\n\u00dclkemiz, bu salg\u0131nla m\u00fccadele noktas\u0131nda d\u00fcnyaya \u00f6rnek oldu.\"\n\u0130slam aleminin Kadir Gecesi'ni tebrik eden Erba\u015f, gecenin birlik ve beraberli\u011fe, insanl\u0131\u011f\u0131n s\u0131hhat, hidayet, bar\u0131\u015f ve huzuruna vesile olmas\u0131 niyaz\u0131nda bulundu.",
    "article_html": "",
    "meta_description": "Son Dakika G\u00fcncel Haberler - Diyanet \u0130\u015fleri Ba\u015fkan\u0131 Ali Erba\u015f, Kadir Gecesi'ne ili\u015fkin, Bu gecede kin, haset, nefret, korku, umutsuzluk ve \u00f6tekile\u015ftirmenin olmad\u0131\u011f\u0131, g\u00fcven, sevgi, sayg\u0131, karde\u015flik ve dayan\u0131\u015fman\u0131n hakim oldu\u011fu bir hayat\u0131n ve d\u00fcnyan\u0131n in\u015fas\u0131 i\u00e7in \u00e7al\u0131\u015fma azmimizi yenileyelim. dedi. Diyanet \u0130\u015fleri Ba\u015fkan\u0131 Ali Erba\u015f, yeni tip Corona vir\u00fcs (Covid-19) tedbirleri nedeniyle kapal\u0131 olan camilerin ibadete a\u00e7\u0131lmas\u0131na ili\u015fkin, 29 May\u0131s'tan itibaren cuma namazlar\u0131m\u0131zla birlikte tedbirlerimizi alarak ba\u015flayaca\u011f\u0131z. dedi.",
    "meta_lang": "tr"
}