{
    "article_id": "f63ae0261e3d8548a4fe8b930999ded4.1589925667.7363172",
    "title": "Bakan Kasapo\u011flu, milli sporcularla saat 19.19'da \u0130stiklal Mar\u015f\u0131'n\u0131 okudu",
    "authors": [],
    "canonical_link": "https://www.milliyet.com.tr/skorer/bakan-kasapoglu-milli-sporcularla-saat-19-19da-istiklal-marsini-okudu-6215890",
    "url": "http://milliyet.com.tr/skorer/bakan-kasapoglu-milli-sporcularla-saat-19-19da-istiklal-marsini-okudu-6215890",
    "top_img": "https://i2.milimaj.com/i/milliyet/75/0x0/5ec42d635542871b408d64da.jpg",
    "meta_img": "https://i2.milimaj.com/i/milliyet/75/0x0/5ec42d635542871b408d64da.jpg",
    "movies": [],
    "text": "Bakan Kasapo\u011flu, T\u00fcrkiye'nin 81 ilinde ger\u00e7ekle\u015ftirilen etkinli\u011fe Ankara'da Eryaman'daki T\u00fcrkiye Olimpiyat Haz\u0131rl\u0131k Merkezi'nde (TOHM) kat\u0131ld\u0131.\n\nSaatler 19.19'u g\u00f6sterdi\u011finde Bakan Kasapo\u011flu ve 27 milli sporcu, \u0130stiklal Mar\u015f\u0131'n\u0131 co\u015fkuyla s\u00f6yledi.\n\n\"\u0130N\u015eALLAH YARINLARIN T\u00dcRK\u0130YE'S\u0130 DAHA AYDINLIK GEN\u00c7LER\u0130M\u0130ZLE B\u0130RL\u0130KTE VAR OLACAKTIR\"\n\n\u0130stiklal Mar\u015f\u0131'n\u0131n okunmas\u0131n\u0131n ard\u0131ndan a\u00e7\u0131klamalarda bulunan Bakan Kasapo\u011flu, ba\u015fta gen\u00e7ler olmak \u00fczere t\u00fcm T\u00fcrkiye'nin bayram\u0131n\u0131 kutlad\u0131 ve \u015fu ifadeleri kulland\u0131: \"Milli m\u00fccadelenin 101'inci y\u0131l\u0131. Biliyorsunuz o at\u0131lan ilk ad\u0131m. Yak\u0131lan ilk me\u015fale sonras\u0131 o g\u00fcnden bug\u00fcne \u00f6n\u00fcm\u00fcze \u00e7\u0131kan engelleri bir bir a\u015ft\u0131k. Bu, aziz milletin ne kadar asil ne kadar g\u00fc\u00e7l\u00fc ve hi\u00e7bir zaman engellenemez bir ruha sahip oldu\u011funu g\u00f6steriyor. G\u00f6n\u00fcllerimiz bir oldu\u011fu m\u00fcddet\u00e7e bu birlik tablosuyla beraberlik ruhuyla her t\u00fcrl\u00fc engeli a\u015faca\u011f\u0131m\u0131zdan hi\u00e7bir \u015f\u00fcphemiz yok. Milli m\u00fccadele ruhuyla gen\u00e7lerimizle, sporcular\u0131m\u0131zla, milletimizin t\u00fcm fertleriyle, yar\u0131nlara olan g\u00fc\u00e7l\u00fc y\u00fcr\u00fcy\u00fc\u015f\u00fcm\u00fczden asla ve asla hi\u00e7bir \u015fekilde \u015f\u00fcphemiz yok. \u0130n\u015fallah, yar\u0131nlar\u0131n T\u00fcrkiye'si daha ayd\u0131nl\u0131k gen\u00e7lerimizle birlikte var olacakt\u0131r.\"\n\n\"B\u0130Z GEN\u00c7LER\u0130M\u0130ZE G\u00dcVEN\u0130YORUZ\"\n\nBakan Kasapo\u011flu, Gazi Mustafa Kemal Atat\u00fcrk'\u00fc ve silah arkada\u015flar\u0131n\u0131 rahmetle anarken, \"Sporcular\u0131m\u0131z bug\u00fcn \u00fclkemizin d\u00f6rt bir yan\u0131nda mar\u015f\u0131m\u0131z\u0131 s\u00f6yledi. \u0130stiklal Mar\u015f\u0131m\u0131z salonlar\u0131m\u0131zdan, statlar\u0131m\u0131zdan, yurtlar\u0131m\u0131zdan y\u00fckseldi ve hi\u00e7bir zaman ne mar\u015flar\u0131m\u0131z ne ezanlar\u0131m\u0131z kesilmeyecektir, ona inan\u0131yoruz. Biz gen\u00e7lerimize g\u00fcveniyoruz. Bug\u00fcn gen\u00e7lerimizin bayram\u0131. Gen\u00e7lerimiz bizim en b\u00fcy\u00fck umudumuz en b\u00fcy\u00fck g\u00fcc\u00fcm\u00fcz. Say\u0131n Cumhurba\u015fkan\u0131m\u0131z\u0131n gen\u00e7lerimize verdi\u011fi de\u011ferle, o engin vizyonla, gen\u00e7lerimiz i\u00e7in \u00fcretmeye devam edece\u011fiz. Gen\u00e7lerimiz i\u00e7in \u00e7al\u0131\u015fmaya ve onlar\u0131 her alanda, bilimde, sanatta, sporda, k\u00fclt\u00fcrde g\u00fc\u00e7l\u00fc olmalar\u0131 y\u00f6n\u00fcnde ve yar\u0131nlar\u0131n sadece T\u00fcrkiye'sine de\u011fil d\u00fcnyaya adeta imzas\u0131n\u0131 atacak \u015fahsiyette yeti\u015ftirme y\u00f6n\u00fcnde \u00e7abam\u0131z, gayretimiz devam edecek\" dedi.\n\nBakan Kasapo\u011flu'na milli sporcular E\u015fref Apak, K\u0131v\u0131lc\u0131m Kaya Salman, O\u011fuz Akg\u00fcl, Sava\u015f Parlak (Atletizm), \u0130lke \u00d6zy\u00fcksel (Modern pentatlon), Enver Y\u0131ld\u0131r\u0131m, Deniz Selin \u00dcnl\u00fcda\u011f (Eskrim), Beril B\u00f6cekler, Merve Tuncel, Ece Tanr\u0131verdi, Duru Tanr\u0131verdi, Deniz Ertan, Defne Ta\u00e7y\u0131ld\u0131z (Y\u00fczme), \u0130layda Tarhan, Zeynep G\u00f6k\u00e7e, Azra L\u00f6keli (At\u0131c\u0131l\u0131k), Murat O\u011fuz (Paralimpik at\u0131c\u0131l\u0131k), Abdullah \u00d6zt\u00fcrk (Paralimpik masa tenisi), Soner Demirta\u015f, Selahattin K\u0131l\u0131\u00e7sallayan, Fatih Erdin, Selim Kozan (G\u00fcre\u015f), Hasan Gezik, H\u00fcseyin Gezik, Mustafa \u00c7avdar, Ozan Can Aslanta\u015f, (Boks) ve Cebrail Acar (Halter) e\u015flik etti.\n\nT\u00fcrkiye'nin di\u011fer illerinde ise Ramil Guliyev, Nur Tatar Askari, Ecem G\u00fczel, Cenk \u0130ldem ba\u015fta olmak \u00fczere y\u00fczlerce milli sporcu \u0130stiklal Mar\u015f\u0131 okuma etkinli\u011fine kat\u0131ld\u0131.\n\nTesisin etraf\u0131ndaki binalarda bulunan vatanda\u015flar da balkonlar\u0131na \u00e7\u0131karak \u0130stiklal Mar\u015f\u0131'n\u0131 Bakan Kasapo\u011flu ve sporcularla birlikte okudu.",
    "keywords": [
        "milli",
        "okudu",
        "i\u0307stiklal",
        "1919da",
        "ne",
        "sporcularla",
        "bir",
        "g\u00fc\u00e7l\u00fc",
        "gen\u00e7lerimiz",
        "ve",
        "saat",
        "hi\u00e7bir",
        "kasapo\u011flu",
        "bakan",
        "mar\u015f\u0131n\u0131"
    ],
    "meta_keywords": [
        ""
    ],
    "publish_date": null,
    "summary": "Bakan Kasapo\u011flu, T\u00fcrkiye'nin 81 ilinde ger\u00e7ekle\u015ftirilen etkinli\u011fe Ankara'da Eryaman'daki T\u00fcrkiye Olimpiyat Haz\u0131rl\u0131k Merkezi'nde (TOHM) kat\u0131ld\u0131.\nSaatler 19.19'u g\u00f6sterdi\u011finde Bakan Kasapo\u011flu ve 27 milli sporcu, \u0130stiklal Mar\u015f\u0131'n\u0131 co\u015fkuyla s\u00f6yledi.\n\"\u0130N\u015eALLAH YARINLARIN T\u00dcRK\u0130YE'S\u0130 DAHA AYDINLIK GEN\u00c7LER\u0130M\u0130ZLE B\u0130RL\u0130KTE VAR OLACAKTIR\"\u0130stiklal Mar\u015f\u0131'n\u0131n okunmas\u0131n\u0131n ard\u0131ndan a\u00e7\u0131klamalarda bulunan Bakan Kasapo\u011flu, ba\u015fta gen\u00e7ler olmak \u00fczere t\u00fcm T\u00fcrkiye'nin bayram\u0131n\u0131 kutlad\u0131 ve \u015fu ifadeleri kulland\u0131: \"Milli m\u00fccadelenin 101'inci y\u0131l\u0131.\nBiliyorsunuz o at\u0131lan ilk ad\u0131m.\nYak\u0131lan ilk me\u015fale sonras\u0131 o g\u00fcnden bug\u00fcne \u00f6n\u00fcm\u00fcze \u00e7\u0131kan engelleri bir bir a\u015ft\u0131k.\nBu, aziz milletin ne kadar asil ne kadar g\u00fc\u00e7l\u00fc ve hi\u00e7bir zaman engellenemez bir ruha sahip oldu\u011funu g\u00f6steriyor.\nG\u00f6n\u00fcllerimiz bir oldu\u011fu m\u00fcddet\u00e7e bu birlik tablosuyla beraberlik ruhuyla her t\u00fcrl\u00fc engeli a\u015faca\u011f\u0131m\u0131zdan hi\u00e7bir \u015f\u00fcphemiz yok.\nMilli m\u00fccadele ruhuyla gen\u00e7lerimizle, sporcular\u0131m\u0131zla, milletimizin t\u00fcm fertleriyle, yar\u0131nlara olan g\u00fc\u00e7l\u00fc y\u00fcr\u00fcy\u00fc\u015f\u00fcm\u00fczden asla ve asla hi\u00e7bir \u015fekilde \u015f\u00fcphemiz yok.\n\u0130n\u015fallah, yar\u0131nlar\u0131n T\u00fcrkiye'si daha ayd\u0131nl\u0131k gen\u00e7lerimizle birlikte var olacakt\u0131r.\"\n\"B\u0130Z GEN\u00c7LER\u0130M\u0130ZE G\u00dcVEN\u0130YORUZ\"Bakan Kasapo\u011flu, Gazi Mustafa Kemal Atat\u00fcrk'\u00fc ve silah arkada\u015flar\u0131n\u0131 rahmetle anarken, \"Sporcular\u0131m\u0131z bug\u00fcn \u00fclkemizin d\u00f6rt bir yan\u0131nda mar\u015f\u0131m\u0131z\u0131 s\u00f6yledi.\n\u0130stiklal Mar\u015f\u0131m\u0131z salonlar\u0131m\u0131zdan, statlar\u0131m\u0131zdan, yurtlar\u0131m\u0131zdan y\u00fckseldi ve hi\u00e7bir zaman ne mar\u015flar\u0131m\u0131z ne ezanlar\u0131m\u0131z kesilmeyecektir, ona inan\u0131yoruz.\nBiz gen\u00e7lerimize g\u00fcveniyoruz.\nBug\u00fcn gen\u00e7lerimizin bayram\u0131.\nGen\u00e7lerimiz bizim en b\u00fcy\u00fck umudumuz en b\u00fcy\u00fck g\u00fcc\u00fcm\u00fcz.\nSay\u0131n Cumhurba\u015fkan\u0131m\u0131z\u0131n gen\u00e7lerimize verdi\u011fi de\u011ferle, o engin vizyonla, gen\u00e7lerimiz i\u00e7in \u00fcretmeye devam edece\u011fiz.\nGen\u00e7lerimiz i\u00e7in \u00e7al\u0131\u015fmaya ve onlar\u0131 her alanda, bilimde, sanatta, sporda, k\u00fclt\u00fcrde g\u00fc\u00e7l\u00fc olmalar\u0131 y\u00f6n\u00fcnde ve yar\u0131nlar\u0131n sadece T\u00fcrkiye'sine de\u011fil d\u00fcnyaya adeta imzas\u0131n\u0131 atacak \u015fahsiyette yeti\u015ftirme y\u00f6n\u00fcnde \u00e7abam\u0131z, gayretimiz devam edecek\" dedi.\nBakan Kasapo\u011flu'na milli sporcular E\u015fref Apak, K\u0131v\u0131lc\u0131m Kaya Salman, O\u011fuz Akg\u00fcl, Sava\u015f Parlak (Atletizm), \u0130lke \u00d6zy\u00fcksel (Modern pentatlon), Enver Y\u0131ld\u0131r\u0131m, Deniz Selin \u00dcnl\u00fcda\u011f (Eskrim), Beril B\u00f6cekler, Merve Tuncel, Ece Tanr\u0131verdi, Duru Tanr\u0131verdi, Deniz Ertan, Defne Ta\u00e7y\u0131ld\u0131z (Y\u00fczme), \u0130layda Tarhan, Zeynep G\u00f6k\u00e7e, Azra L\u00f6keli (At\u0131c\u0131l\u0131k), Murat O\u011fuz (Paralimpik at\u0131c\u0131l\u0131k), Abdullah \u00d6zt\u00fcrk (Paralimpik masa tenisi), Soner Demirta\u015f, Selahattin K\u0131l\u0131\u00e7sallayan, Fatih Erdin, Selim Kozan (G\u00fcre\u015f), Hasan Gezik, H\u00fcseyin Gezik, Mustafa \u00c7avdar, Ozan Can Aslanta\u015f, (Boks) ve Cebrail Acar (Halter) e\u015flik etti.\nT\u00fcrkiye'nin di\u011fer illerinde ise Ramil Guliyev, Nur Tatar Askari, Ecem G\u00fczel, Cenk \u0130ldem ba\u015fta olmak \u00fczere y\u00fczlerce milli sporcu \u0130stiklal Mar\u015f\u0131 okuma etkinli\u011fine kat\u0131ld\u0131.\nTesisin etraf\u0131ndaki binalarda bulunan vatanda\u015flar da balkonlar\u0131na \u00e7\u0131karak \u0130stiklal Mar\u015f\u0131'n\u0131 Bakan Kasapo\u011flu ve sporcularla birlikte okudu.",
    "article_html": "",
    "meta_description": "Gen\u00e7lik ve Spor Bakan\u0131 Mehmet Muharrem Kasapo\u011flu, 19 May\u0131s Atat\u00fcrk'\u00fc Anma, Gen\u00e7lik ve Spor Bayram\u0131 kutlamalar\u0131 kapsam\u0131nda milli sporcularla saat 19.19'da \u0130stiklal Mar\u015f\u0131'n\u0131 okudu.",
    "meta_lang": "tr"
}