{
    "article_id": "2a3dbef09f497632af18187217e5af79.1589925668.1551814",
    "title": "Almanya'da Bavyera eyaletinden basketbola ye\u015fil \u0131\u015f\u0131k",
    "authors": [],
    "canonical_link": "https://www.milliyet.com.tr/skorer/almanyada-bavyera-eyaletinden-basketbola-yesil-isik-6215825",
    "url": "http://milliyet.com.tr/skorer/almanyada-bavyera-eyaletinden-basketbola-yesil-isik-6215825",
    "top_img": "https://i2.milimaj.com/i/milliyet/75/0x0/5ec414d15542871b408d6448.jpg",
    "meta_img": "https://i2.milimaj.com/i/milliyet/75/0x0/5ec414d15542871b408d6448.jpg",
    "movies": [],
    "text": "1. Basketbol Ligi\u2019nin sayfas\u0131nda yer alan a\u00e7\u0131klamada, 8 Mart\u2019tan beri Basketbol Ligi\u2019nde ma\u00e7lar\u0131n oynanmad\u0131\u011f\u0131na i\u015faret edilerek, mart ve nisan aylar\u0131nda d\u00fczenlenen toplant\u0131larda 2019-2020 sezonun M\u00fcnih ketinde 10 tak\u0131m\u0131n yer ald\u0131\u011f\u0131 bir turnuvayla sonland\u0131r\u0131lmas\u0131na karar verildi\u011fi an\u0131msat\u0131ld\u0131.\n\nA\u00e7\u0131klamada, turnuvan\u0131n oynanmas\u0131 i\u00e7in haz\u0131rlanan \u201chijyen ve g\u00fcvenlik\u201d tasar\u0131n\u0131n daha \u00f6nce \u0130\u00e7i\u015fleri ve \u00c7al\u0131\u015fma bakanl\u0131lar\u0131na ve Bavyera eyalet h\u00fck\u00fcmetine sunuldu\u011fu aktar\u0131larak turnuvan\u0131n oynanmas\u0131 i\u00e7in gerekli iznin bug\u00fcn Bavyera eyaleti h\u00fck\u00fcmeti taraf\u0131ndan verildi\u011fi kaydedildi.\n\nTak\u0131mlar\u0131n bulunduklar\u0131 \u015fehirlerde antrenmana ba\u015flayabilece\u011fi ifade edilen a\u00e7\u0131klamada, turnuvan\u0131n da haziran\u0131n ilk haftas\u0131nda M\u00fcnih'te ba\u015flayaca\u011f\u0131 belirtildi.\n\nA\u00e7\u0131klamada, 3 hafta s\u00fcrecek turnuvan\u0131n fikst\u00fcr\u00fcn\u00fcn gelecek hafta a\u00e7\u0131klanaca\u011f\u0131 aktar\u0131ld\u0131.\n\nHerkesin sa\u011fl\u0131\u011f\u0131n\u0131 koruman\u0131n hedeflendi\u011fi belirtilen a\u00e7\u0131klamada, bunun \u201chijyen ve g\u00fcvenlik\u201d tasar\u0131s\u0131 kapsam\u0131nda tak\u0131mlar\u0131n ve akt\u00f6rlerin tamamen tecrit edilmesi ve s\u00fcrekli testlerin yap\u0131lmas\u0131yla sa\u011flanaca\u011f\u0131n\u0131 kaydedildi.\n\nTasar\u0131da, seyircisiz oynanacak ma\u00e7lar\u0131n Bayern M\u00fcnih\u2019in kar\u015f\u0131la\u015fmalar\u0131 oynad\u0131\u011f\u0131 Audi-Dome\u2019da yap\u0131laca\u011f\u0131 bilgisi payla\u015f\u0131ld\u0131.\n\nKovid-19 salg\u0131n\u0131 sebebiyle mart ay\u0131nda ask\u0131ya al\u0131nan Bundesliga\u2019daki ma\u00e7lar da ge\u00e7en hafta kald\u0131\u011f\u0131 yerden seyircisiz olarak yeniden ba\u015flam\u0131\u015ft\u0131.",
    "keywords": [
        "a\u00e7\u0131klamada",
        "yer",
        "ye\u015fil",
        "seyircisiz",
        "ma\u00e7lar\u0131n",
        "bavyera",
        "verildi\u011fi",
        "mart",
        "almanyada",
        "oynanmas\u0131",
        "ve",
        "turnuvan\u0131n",
        "\u0131\u015f\u0131k",
        "basketbola",
        "eyaletinden",
        "hafta"
    ],
    "meta_keywords": [
        ""
    ],
    "publish_date": null,
    "summary": "Basketbol Ligi\u2019nin sayfas\u0131nda yer alan a\u00e7\u0131klamada, 8 Mart\u2019tan beri Basketbol Ligi\u2019nde ma\u00e7lar\u0131n oynanmad\u0131\u011f\u0131na i\u015faret edilerek, mart ve nisan aylar\u0131nda d\u00fczenlenen toplant\u0131larda 2019-2020 sezonun M\u00fcnih ketinde 10 tak\u0131m\u0131n yer ald\u0131\u011f\u0131 bir turnuvayla sonland\u0131r\u0131lmas\u0131na karar verildi\u011fi an\u0131msat\u0131ld\u0131.\nA\u00e7\u0131klamada, turnuvan\u0131n oynanmas\u0131 i\u00e7in haz\u0131rlanan \u201chijyen ve g\u00fcvenlik\u201d tasar\u0131n\u0131n daha \u00f6nce \u0130\u00e7i\u015fleri ve \u00c7al\u0131\u015fma bakanl\u0131lar\u0131na ve Bavyera eyalet h\u00fck\u00fcmetine sunuldu\u011fu aktar\u0131larak turnuvan\u0131n oynanmas\u0131 i\u00e7in gerekli iznin bug\u00fcn Bavyera eyaleti h\u00fck\u00fcmeti taraf\u0131ndan verildi\u011fi kaydedildi.\nTak\u0131mlar\u0131n bulunduklar\u0131 \u015fehirlerde antrenmana ba\u015flayabilece\u011fi ifade edilen a\u00e7\u0131klamada, turnuvan\u0131n da haziran\u0131n ilk haftas\u0131nda M\u00fcnih'te ba\u015flayaca\u011f\u0131 belirtildi.\nA\u00e7\u0131klamada, 3 hafta s\u00fcrecek turnuvan\u0131n fikst\u00fcr\u00fcn\u00fcn gelecek hafta a\u00e7\u0131klanaca\u011f\u0131 aktar\u0131ld\u0131.\nHerkesin sa\u011fl\u0131\u011f\u0131n\u0131 koruman\u0131n hedeflendi\u011fi belirtilen a\u00e7\u0131klamada, bunun \u201chijyen ve g\u00fcvenlik\u201d tasar\u0131s\u0131 kapsam\u0131nda tak\u0131mlar\u0131n ve akt\u00f6rlerin tamamen tecrit edilmesi ve s\u00fcrekli testlerin yap\u0131lmas\u0131yla sa\u011flanaca\u011f\u0131n\u0131 kaydedildi.\nTasar\u0131da, seyircisiz oynanacak ma\u00e7lar\u0131n Bayern M\u00fcnih\u2019in kar\u015f\u0131la\u015fmalar\u0131 oynad\u0131\u011f\u0131 Audi-Dome\u2019da yap\u0131laca\u011f\u0131 bilgisi payla\u015f\u0131ld\u0131.\nKovid-19 salg\u0131n\u0131 sebebiyle mart ay\u0131nda ask\u0131ya al\u0131nan Bundesliga\u2019daki ma\u00e7lar da ge\u00e7en hafta kald\u0131\u011f\u0131 yerden seyircisiz olarak yeniden ba\u015flam\u0131\u015ft\u0131.",
    "article_html": "",
    "meta_description": "Almanya\u2019da yeni tip koronavir\u00fcs (Kovid-19) sebebiyle mart ay\u0131 ba\u015f\u0131nda ask\u0131ya al\u0131nan 1. Basketbol Ligi sezonun yeniden ba\u015flamas\u0131 i\u00e7in Bavyera eyalet h\u00fck\u00fcmetinin onay verdi\u011fi bildirildi.",
    "meta_lang": "tr"
}