{
    "article_id": "06556ffb10207f060a1cfa9f45ccc2d7.1589925670.0353072",
    "title": "La Liga'da forma giyen \u00c7olak ve \u00dcnal'dan 19 May\u0131s kutlamas\u0131",
    "authors": [],
    "canonical_link": "https://www.milliyet.com.tr/skorer/la-ligada-forma-giyen-colak-ve-unaldan-19-mayis-kutlamasi-6215805",
    "url": "http://milliyet.com.tr/skorer/la-ligada-forma-giyen-colak-ve-unaldan-19-mayis-kutlamasi-6215805",
    "top_img": "https://i2.milimaj.com/i/milliyet/75/0x0/5ec4083e5542871b408d63dc.jpg",
    "meta_img": "https://i2.milimaj.com/i/milliyet/75/0x0/5ec4083e5542871b408d63dc.jpg",
    "movies": [],
    "text": "Spor yaparken neler hissettiklerinden ve spordaki en g\u00fczel an\u0131lar\u0131ndan bahseden ikili, 19 May\u0131s i\u00e7in de T\u00fcrkiye'ye mesaj g\u00f6nderdi. \u00c7olak ve \u00dcnal, 19 May\u0131s Atat\u00fcrk'\u00fc Anma, Gen\u00e7lik ve Spor Bayram\u0131'n\u0131 kutlad\u0131.\n\nEMRE \u00c7OLAK: EN G\u00dcZEL ANIM DEN\u0130ZL\u0130 BELED\u0130YESPOR MA\u00c7I\n\nEmre \u00c7olak en g\u00fczel an\u0131s\u0131n\u0131n Galatasaray - Denizli Belediyespor ma\u00e7\u0131 oldu\u011funu aktar\u0131rken, \u015fu ifadeleri kulland\u0131: \"Galatasaray ile birlikte bir gol\u00fc frikikten, bir gol\u00fc penalt\u0131dan att\u0131\u011f\u0131m Denizli Belediyespor ma\u00e7\u0131. En g\u00fczel an\u0131m olmas\u0131n\u0131n sebebi ise hem Ali Sami Yen Stadyumu'nda olmas\u0131, hem de profesyonel kariyerimin ilk ma\u00e7\u0131 olmas\u0131.\"\n\nENES \u00dcNAL:\n\nEnes \u00dcnal ise en g\u00fczel an\u0131s\u0131yla ilgili olarak, \u015f\u00f6yle konu\u015ftu: \"Babam\u0131n antrenmanlar\u0131na gitmek, La Liga'da ilk gol\u00fcm\u00fc atmak, milli tak\u0131m formas\u0131n\u0131 giymek, mahallede arkada\u015flar\u0131mla top oynamak... Bir s\u00fcr\u00fc g\u00fczel an\u0131m var sporda.\"",
    "keywords": [
        "\u00fcnal",
        "ise",
        "\u00e7olak",
        "bir",
        "ma\u00e7\u0131",
        "giyen",
        "g\u00fczel",
        "ligada",
        "\u00fcnaldan",
        "19",
        "ve",
        "kutlamas\u0131",
        "en",
        "may\u0131s",
        "spor",
        "forma",
        "la"
    ],
    "meta_keywords": [
        ""
    ],
    "publish_date": null,
    "summary": "Spor yaparken neler hissettiklerinden ve spordaki en g\u00fczel an\u0131lar\u0131ndan bahseden ikili, 19 May\u0131s i\u00e7in de T\u00fcrkiye'ye mesaj g\u00f6nderdi.\n\u00c7olak ve \u00dcnal, 19 May\u0131s Atat\u00fcrk'\u00fc Anma, Gen\u00e7lik ve Spor Bayram\u0131'n\u0131 kutlad\u0131.\nEMRE \u00c7OLAK: EN G\u00dcZEL ANIM DEN\u0130ZL\u0130 BELED\u0130YESPOR MA\u00c7IEmre \u00c7olak en g\u00fczel an\u0131s\u0131n\u0131n Galatasaray - Denizli Belediyespor ma\u00e7\u0131 oldu\u011funu aktar\u0131rken, \u015fu ifadeleri kulland\u0131: \"Galatasaray ile birlikte bir gol\u00fc frikikten, bir gol\u00fc penalt\u0131dan att\u0131\u011f\u0131m Denizli Belediyespor ma\u00e7\u0131.\nEn g\u00fczel an\u0131m olmas\u0131n\u0131n sebebi ise hem Ali Sami Yen Stadyumu'nda olmas\u0131, hem de profesyonel kariyerimin ilk ma\u00e7\u0131 olmas\u0131.\"\nENES \u00dcNAL:Enes \u00dcnal ise en g\u00fczel an\u0131s\u0131yla ilgili olarak, \u015f\u00f6yle konu\u015ftu: \"Babam\u0131n antrenmanlar\u0131na gitmek, La Liga'da ilk gol\u00fcm\u00fc atmak, milli tak\u0131m formas\u0131n\u0131 giymek, mahallede arkada\u015flar\u0131mla top oynamak... Bir s\u00fcr\u00fc g\u00fczel an\u0131m var sporda.\"",
    "article_html": "",
    "meta_description": "La Liga ekiplerinden Deportivo La Coruna'da forma giyen Emre \u00c7olak ve Real Valladoid formas\u0131n\u0131 terleten Enes \u00dcnal, 19 May\u0131s Atat\u00fcrk'\u00fc Anma, Gen\u00e7lik ve Spor Bayram\u0131'n\u0131 kutlad\u0131.",
    "meta_lang": "tr"
}