{
    "article_id": "9ded05ef38faf1ca03613d0a421553a6.1589925676.3556454",
    "title": "Merih Demiral: Ronaldo ile kar\u015f\u0131la\u015fmay\u0131 hi\u00e7 istemezdim",
    "authors": [],
    "canonical_link": "https://www.milliyet.com.tr/skorer/merih-demiral-ronaldo-ile-karsilasmayi-hic-istemezdim-6215695",
    "url": "http://milliyet.com.tr/skorer/merih-demiral-ronaldo-ile-karsilasmayi-hic-istemezdim-6215695",
    "top_img": "https://i2.milimaj.com/i/milliyet/75/0x0/5ec3d7bb55427f162c981ad0.jpg",
    "meta_img": "https://i2.milimaj.com/i/milliyet/75/0x0/5ec3d7bb55427f162c981ad0.jpg",
    "movies": [],
    "text": "Giyim markas\u0131 Mavi'nin YouTube kanal\u0131na konuk olan milli oyuncu, gen\u00e7lerden gelen sorular\u0131 cevaplad\u0131.\n\nHangi futbolcuyla rakip olmak istemezdin sorusunu cevaplayan 22 ya\u015f\u0131ndaki defans oyuncusu, \"\u00d6yle birisi var ama ayn\u0131 tak\u0131mda oynad\u0131\u011f\u0131m\u0131z i\u00e7in s\u0131k\u0131nt\u0131 yok. Ronaldo ile kar\u015f\u0131la\u015fmay\u0131 hi\u00e7 istemezdim.\" ifadelerini kulland\u0131.\n\nSahada \u00e7ok agresif fakat d\u0131\u015farda sakin olmas\u0131 hat\u0131rlat\u0131lan Merih Demiral \u015f\u00f6yle konu\u015ftu:\n\n\"Burada tak\u0131m olmak \u00e7ok \u00f6nemli. \u00c7\u00fcnk\u00fc tak\u0131m arkada\u015flar\u0131m\u0131 g\u00f6r\u00fcnce onlar\u0131n bir ama\u00e7 u\u011fruna m\u00fccadele etti\u011fini g\u00f6r\u00fcnce benim motivasyonum 2 kat art\u0131yor. \u00c7\u00fcnk\u00fc hem kendim hem de tak\u0131m\u0131m i\u00e7in oynuyorum. B\u0131 y\u00fczden sahada hi\u00e7bir zaman pes etmemeyi ve her zaman tak\u0131m\u0131m ve kendim i\u00e7in oynamay\u0131 tercih ediyorum. Bu da sahaya bu \u015fekilde yans\u0131yor.\"",
    "keywords": [
        "tak\u0131m\u0131m",
        "istemezdim",
        "i\u00e7in",
        "merih",
        "olmak",
        "kendim",
        "kar\u015f\u0131la\u015fmay\u0131",
        "hi\u00e7",
        "\u00e7\u00fcnk\u00fc",
        "ronaldo",
        "\u00e7ok",
        "ve",
        "tak\u0131m",
        "hem",
        "ile",
        "zaman",
        "demiral"
    ],
    "meta_keywords": [
        ""
    ],
    "publish_date": null,
    "summary": "Giyim markas\u0131 Mavi'nin YouTube kanal\u0131na konuk olan milli oyuncu, gen\u00e7lerden gelen sorular\u0131 cevaplad\u0131.\nHangi futbolcuyla rakip olmak istemezdin sorusunu cevaplayan 22 ya\u015f\u0131ndaki defans oyuncusu, \"\u00d6yle birisi var ama ayn\u0131 tak\u0131mda oynad\u0131\u011f\u0131m\u0131z i\u00e7in s\u0131k\u0131nt\u0131 yok.\nRonaldo ile kar\u015f\u0131la\u015fmay\u0131 hi\u00e7 istemezdim.\"\nifadelerini kulland\u0131.\nSahada \u00e7ok agresif fakat d\u0131\u015farda sakin olmas\u0131 hat\u0131rlat\u0131lan Merih Demiral \u015f\u00f6yle konu\u015ftu:\"Burada tak\u0131m olmak \u00e7ok \u00f6nemli.\n\u00c7\u00fcnk\u00fc tak\u0131m arkada\u015flar\u0131m\u0131 g\u00f6r\u00fcnce onlar\u0131n bir ama\u00e7 u\u011fruna m\u00fccadele etti\u011fini g\u00f6r\u00fcnce benim motivasyonum 2 kat art\u0131yor.\n\u00c7\u00fcnk\u00fc hem kendim hem de tak\u0131m\u0131m i\u00e7in oynuyorum.\nB\u0131 y\u00fczden sahada hi\u00e7bir zaman pes etmemeyi ve her zaman tak\u0131m\u0131m ve kendim i\u00e7in oynamay\u0131 tercih ediyorum.\nBu da sahaya bu \u015fekilde yans\u0131yor.\"",
    "article_html": "",
    "meta_description": "Juventus formas\u0131 giyen milli oyuncu Merih Demiral, 19  May\u0131s Atat\u00fcrk\u2019\u00fc Anma Gen\u00e7lik ve Spor Bayram\u0131\u2019n\u0131 online bir bulu\u015fmayla kutlad\u0131.",
    "meta_lang": "tr"
}