{
    "article_id": "2fa66312bb3248d7b855b9a425efbd84.1589925698.3342493",
    "title": "Nas Suresi Okunu\u015fu Ve Anlam\u0131: T\u00fcrk\u00e7e Tefsiri, Arap\u00e7a Yaz\u0131l\u0131\u015f\u0131, Fazileti, Diyanet Meali",
    "authors": [],
    "canonical_link": "https://www.milliyet.com.tr/ramazan/sureler/nas-suresi-okunusu-ve-anlami-turkce-tefsiri-arapca-yazilisi-fazileti-diyanet-meali-6189876",
    "url": "http://milliyet.com.tr/ramazan/sureler/nas-suresi-okunusu-ve-anlami-turkce-tefsiri-arapca-yazilisi-fazileti-diyanet-meali-6189876",
    "top_img": "https://i2.milimaj.com/i/milliyet/75/0x0/5e97a693adcdeb18340eaee7.jpg",
    "meta_img": "https://i2.milimaj.com/i/milliyet/75/0x0/5e97a693adcdeb18340eaee7.jpg",
    "movies": [
        "https://www.youtube.com/embed/3LqA73rgGpA?enablejsapi=1"
    ],
    "text": "Nas suresi anlam\u0131, T\u00fcrk\u00e7e ve Arap\u00e7a okunu\u015fu, surenin meali ile fazileti pek \u00e7ok insan taraf\u0131ndan merak ediliyor. Nas suresi Kur'an - \u0131 kerimde y\u00fcz on d\u00f6rd\u00fcnc\u00fc s\u0131rada yer almaktad\u0131r. Nas suresi, Felak suresinin devam\u0131 olarak indirilmi\u015ftir. Peygamberimiz Hz. Muhammed'e Yahudiler taraf\u0131ndan yap\u0131lm\u0131\u015f olan b\u00fcy\u00fcn\u00fcn bozulmas\u0131 amac\u0131yla Nas suresi Felak suresi ile birlikte indirilmi\u015ftir. Bu bak\u0131mdan Nas suresi, insanlardan gelebilecek k\u00f6t\u00fcl\u00fcklere kar\u015f\u0131 koruyucu bir \u00f6zellik bar\u0131nd\u0131rmaktad\u0131r. Nas suresi dinlemek ve ezberlemek isteyenler makalede detayl\u0131 olarak bilgileri verilmi\u015f olan Nas suresini kolayl\u0131kla inceleyebilirler.\n\n\n\nNas Suresi T\u00fcrk\u00e7e Okunu\u015fu\n\n\n\nBismillahirrahm\u00e2nirrah\u00eem.\n\n1- Kul e'\u00fbz\u00fc birabbinn\u00e2s\n\n2- Melikinn\u00e2s\n\n3- \u0130l\u00e2hinn\u00e2s\n\n4- Min \u015ferrilvesv\u00e2silhann\u00e2s\n\n5- Ellez\u00ee y\u00fcvesvis\u00fc f\u00ee sud\u00fbrinn\u00e2si\n\n6- Minelcinneti venn\u00e2s\n\n\n\nNas Suresi Dinle\n\n\n\n\n\n\n\n\n\nNas Suresi T\u00fcrk\u00e7e Anlam\u0131 (Diyanet Meali)\n\n\n\n\n\nRahm\u00e2n ve Rah\u00eem (olan) Allah'\u0131n ad\u0131yla.\n\n1. De ki: S\u0131\u011f\u0131n\u0131r\u0131m ben insanlar\u0131n Rabbine,\n\n2. \u0130nsanlar\u0131n Melikine (mutlak sahip ve hakimine),\n\n3. \u0130nsanlar\u0131n \u0130l\u00e2h\u0131na.\n\n4. O sinsi vesvesenin \u015ferrinden,\n\n5. O ki insanlar\u0131n g\u00f6\u011f\u00fcslerine (k\u00f6t\u00fc d\u00fc\u015f\u00fcnceler)f\u0131s\u0131ldar.\n\n6. Gerek cinlerden,gerek insanlardan(olan b\u00fct\u00fcn vesvesecilerin \u015ferrinden Allah'a s\u0131\u011f\u0131n\u0131r\u0131m!\n\n\n\n\n\nNas Suresi Arap\u00e7a Okunu\u015fu\n\n\n\n\n\n\n\n\n\nNas Suresi Tefsiri\n\n\n\nAllah Te\u00e2l\u00e2 insanlar\u0131 yarat\u0131p madd\u00ee ve m\u00e2nev\u00ee nimetleriyle hem bedenen hem de ruhen besledi\u011fi, yeti\u015ftirdi\u011fi, e\u011fitti\u011fi i\u00e7in kendi z\u00e2t\u0131n\u0131 rab ismiyle anm\u0131\u015ft\u0131r. R\u00e2g\u0131b el-\u0130sfah\u00e2n\u00ee, \u201cm\u00e2lik ve h\u00e2kim\u201d diye \u00e7evirdi\u011fimiz 2. \u00e2yetteki melik kelimesini \u00f6zetle \u015f\u00f6yle a\u00e7\u0131klar: Melik, em\u00eer ve yasaklarla insan toplulu\u011funu y\u00f6neten ki\u015fidir. Bu kelime \u00f6zellikle ak\u0131ll\u0131 varl\u0131klar\u0131 y\u00f6neten i\u00e7in kullan\u0131l\u0131r; mesel\u00e2 \u201cinsanlar\u0131n meliki\u201d denir, \u201ce\u015fyan\u0131n meliki\u201d denmez (M\u00fcfred\u00e2t\u00fc\u2019l-Kur\u2019\u00e2n, \u201cmlk\u201d md.). Y\u00f6netilen b\u00fct\u00fcn insanlar olunca kanunlar\u0131yla, buyruk ve yasaklar\u0131yla onlar\u0131n y\u00f6neticisi, m\u00e2lik ve h\u00e2kimi de Allah\u2019tan ba\u015fkas\u0131 de\u011fildir. \u201cM\u00e2bud\u201d diye \u00e7evirdi\u011fimiz il\u00e2htan maksat da sadece kendisi ibadete l\u00e2y\u0131k olan Allah\u2019t\u0131r (il\u00e2h hakk\u0131nda bilgi i\u00e7in bk. Bakara 2/163). Allah Te\u00e2l\u00e2 b\u00fct\u00fcn mahl\u00fbkat\u0131n rabbi oldu\u011fu halde burada \u00fc\u00e7 \u00e2yette de, \u201cinsanlar\u201d\u0131n tekrarlanarak vurgulanmas\u0131, onlar\u0131n mahl\u00fbkat\u0131n en \u00fcst\u00fcn\u00fc ve en \u015fereflisi oldu\u011funa i\u015farettir. Ayr\u0131ca d\u00fcnyada insanlar\u0131 y\u00f6neten h\u00fck\u00fcmdarlar, krallar ve bunlar\u0131 tanr\u0131 say\u0131p tapan kavimler ge\u00e7mi\u015fte g\u00f6r\u00fclm\u00fc\u015ft\u00fcr, bug\u00fcn de farkl\u0131 boyut ve tezah\u00fcrlerde g\u00f6r\u00fclebilmektedir. Bu sebeple s\u00fbrede insanlar\u0131n rablerinin de, h\u00fck\u00fcmdarlar\u0131n\u0131n da, il\u00e2hlar\u0131n\u0131n da sadece Allah oldu\u011funa ve yaln\u0131zca O\u2019na s\u0131\u011f\u0131nmak, O\u2019na tapmak, O\u2019nun h\u00fck\u00fcmranl\u0131\u011f\u0131n\u0131 tan\u0131mak gerekti\u011fine dikkat \u00e7ekilmi\u015ftir.\n\n\u201c\u015eeytan\u201d diye \u00e7evirdi\u011fimiz vesv\u00e2s kelimesi, vesveseden t\u00fcremi\u015f, a\u015f\u0131r\u0131l\u0131k ifade eden bir s\u0131fat olup \u201c\u00e7ok\u00e7a vesvese veren\u201d demektir. Vesvese \u201c\u015f\u00fcphe, teredd\u00fct, kuruntu, gizli s\u00f6z, ki\u015finin i\u00e7inden ge\u00e7en d\u00fc\u015f\u00fcnce\u201d demektir; terim olarak, \u201czihinde irade d\u0131\u015f\u0131 beliren ve ki\u015fiyi k\u00f6t\u00fc ya da faydas\u0131z bir d\u00fc\u015f\u00fcnce ve davran\u0131\u015fa s\u00fcr\u00fckleyen kayna\u011f\u0131 belirsiz fikir, \u015f\u00fcphe ve kuruntu\u201d anlam\u0131na gelir. Bir kimseye b\u00f6yle bir d\u00fc\u015f\u00fcnceyi telkin etmeye de \u201cvesvese vermek\u201d denir. Vesvese genel olarak insan\u0131 k\u00f6t\u00fc, din ve ahl\u00e2k d\u0131\u015f\u0131 davran\u0131\u015flara y\u00f6nelten bir i\u00e7 itilme olarak hissedilir. Bu anlamdaki vesvesenin kayna\u011f\u0131 \u015feytand\u0131r. Nitekim bir\u00e7ok \u00e2yette \u015feytan\u0131n insana vesvese verdi\u011fi ifade edilmi\u015ftir (mesel\u00e2 bk. A\u2018r\u00e2f 7/20; T\u00e2h\u00e2 20/120). K\u00f6t\u00fcl\u00fck sembol\u00fc olan \u015feytan, ger\u00e7ek bir varl\u0131\u011fa sahip olmakla birlikte onun insan \u00fczerindeki etkisini psikolojik yolla ger\u00e7ekle\u015ftirdi\u011fi d\u00fc\u015f\u00fcn\u00fclmektedir (geni\u015f bilgi i\u00e7in bk. Hayati H\u00f6kelekli, \u201cVesvese\u201d, \u0130FAV Ans., IV, 458). Vesvesenin bir di\u011fer kayna\u011f\u0131 ise ki\u015finin nefsidir; Kaf s\u00fbresinin 16. \u00e2yeti de bunu ifade etmektedir\n\n\n\nVesv\u00e2s kelimesi hem insanlara vesvese veren g\u00f6r\u00fcnmez \u015feytan\u0131 hem de insanlar\u0131 yoldan \u00e7\u0131karmak ve onlara k\u00f6t\u00fcl\u00fck yapt\u0131rmak i\u00e7in gizlice tuzak kuran insan \u015feytanlar\u0131n\u0131, \u015feytan karakterli insanlar\u0131 ifade eder. \u201cSinsi\u201d diye terc\u00fcme etti\u011fimiz hann\u00e2s kelimesi ise \u201cgizli hareket eden ve geride kalmay\u0131 \u00e2det haline getiren\u201d anlam\u0131nda bir s\u0131fatt\u0131r.\n\nS\u00fbrede cin ve insan \u015ferrinden Allah\u2019a s\u0131\u011f\u0131nmay\u0131 isteyen buyruk, bizce belirsiz bir kaynaktan veya i\u00e7imizden gelen arzu, duygu ve d\u00fc\u015f\u00fcnceler kar\u015f\u0131s\u0131nda uyan\u0131k olmay\u0131, bunlar\u0131 ak\u0131l, vicdan ve din\u00ee de\u011ferler s\u00fczgecinden ge\u00e7irmeyi de i\u00e7ermektedir.\n\nSon \u00e2yet-i ker\u00eemeden de anla\u015f\u0131ld\u0131\u011f\u0131 \u00fczere insanlar\u0131 aldatmaya ve do\u011fru yoldan sapt\u0131rmaya \u00e7al\u0131\u015fan iki t\u00fcr \u015feytan vard\u0131r: Birincisi cin \u015feytanlar\u0131d\u0131r ki bunlar insanlar\u0131n i\u00e7ine vesvese d\u00fc\u015f\u00fcrerek onlar\u0131 yanl\u0131\u015f yola s\u00fcr\u00fcklemek isterler. Her insan\u0131n, kendisini k\u00f6t\u00fcl\u00fcklere s\u00fcr\u00fcklemeye, k\u00f6t\u00fc i\u015fleri onun g\u00f6z\u00fcnde g\u00fczel g\u00f6stermeye \u00e7al\u0131\u015fan bir \u015feytan\u0131 vard\u0131r. Nitekim Hz. Peygamber, her insan\u0131n kendine ait bir cini (\u015feytan\u0131) bulundu\u011funu bildirmi\u015ftir (D\u00e2rim\u00ee, \u201cRikak\u201d, 25; M\u00fcsned, I, 385). Ba\u015fka bir hadiste de \u201c\u015eeytan \u00e2demo\u011flunun kan damarlar\u0131nda dola\u015f\u0131r\u201d buyurulur (bk. Buh\u00e2r\u00ee, \u201cAhk\u00e2m\u201d, 21). \u0130nsanlar\u0131 do\u011fru yoldan sapt\u0131ran di\u011fer \u015feytan ise insan \u015feytanlar\u0131d\u0131r. Bunlar, ger\u00e7eklik ve de\u011fer \u00f6l\u00e7\u00fclerini kaybetmi\u015f, kendilerini nefs\u00e2n\u00ee haz ve arzular\u0131n ak\u0131nt\u0131s\u0131na kapt\u0131rm\u0131\u015f, bu m\u00e2nada \u015feytan\u0131n esiri olmu\u015f insanlard\u0131r. Bunlar insana \u00e7o\u011fu zaman sureti haktan g\u00f6r\u00fcnerek yakla\u015f\u0131r ve insan\u0131 sonu h\u00fcsranla biten davran\u0131\u015flara y\u00f6neltirler.\n\n\u201cEy rabbimiz! Bize bu d\u00fcnyada da nimet, g\u00fczellik ve iyilik ver, \u00f6teki d\u00fcnyada da nimet, g\u00fczellik ve iyilik ver\u201d (Bakara 2/201).\n\n\u201cOrada onlar\u0131n dualar\u0131, \u2018Sen b\u00fct\u00fcn noksan s\u0131fatlardan uzaks\u0131n Allah\u2019\u0131m!\u2019, kar\u015f\u0131l\u0131kl\u0131 iyi dilekleri de \u2018sel\u00e2m\u2019 \u015feklinde olacakt\u0131r. Dualar\u0131 ise \u2018\u00c2lemlerin rabbi olan Allah\u2019a hamdolsun\u2019 diyerek son bulur\u201d (Y\u00fbnus 10/10).\n\nY\u00fcce kel\u00e2m\u0131n\u0131n tefsiri i\u00e7in ortaya konan bu m\u00fctevazi \u00e7al\u0131\u015fman\u0131n tamamlanmas\u0131na muvaffak k\u0131ld\u0131\u011f\u0131ndan dolay\u0131 Cenab-\u0131 Allah\u2019a hamdediyor, kusurlar\u0131m\u0131z\u0131 ba\u011f\u0131\u015flamas\u0131 i\u00e7in engin rahmetine s\u0131\u011f\u0131n\u0131yor, bu eseri yararl\u0131 ve feyizli k\u0131lmas\u0131n\u0131 niyaz ediyoruz.\n\nNas Suresi Konusu\n\n\n\nS\u00fbrede sinsice k\u00f6t\u00fcl\u00fc\u011fe s\u00fcr\u00fckleyen cinlerin ve insanlar\u0131n \u015ferrinden Allah\u2019a s\u0131\u011f\u0131n\u0131lmas\u0131 \u00f6\u011f\u00fctlenmektedir.\n\n\n\n",
    "keywords": [
        "i\u00e7in",
        "nas",
        "bir",
        "vesvese",
        "insan",
        "meali",
        "olan",
        "yaz\u0131l\u0131\u015f\u0131",
        "fazileti",
        "insanlar\u0131n",
        "ve",
        "diyanet",
        "suresi",
        "okunu\u015fu",
        "t\u00fcrk\u00e7e",
        "tefsiri",
        "bu"
    ],
    "meta_keywords": [
        ""
    ],
    "publish_date": null,
    "summary": "Nas suresi anlam\u0131, T\u00fcrk\u00e7e ve Arap\u00e7a okunu\u015fu, surenin meali ile fazileti pek \u00e7ok insan taraf\u0131ndan merak ediliyor.\nNas suresi Kur'an - \u0131 kerimde y\u00fcz on d\u00f6rd\u00fcnc\u00fc s\u0131rada yer almaktad\u0131r.\nNas suresi, Felak suresinin devam\u0131 olarak indirilmi\u015ftir.\nPeygamberimiz Hz.\nMuhammed'e Yahudiler taraf\u0131ndan yap\u0131lm\u0131\u015f olan b\u00fcy\u00fcn\u00fcn bozulmas\u0131 amac\u0131yla Nas suresi Felak suresi ile birlikte indirilmi\u015ftir.\nBu bak\u0131mdan Nas suresi, insanlardan gelebilecek k\u00f6t\u00fcl\u00fcklere kar\u015f\u0131 koruyucu bir \u00f6zellik bar\u0131nd\u0131rmaktad\u0131r.\nNas suresi dinlemek ve ezberlemek isteyenler makalede detayl\u0131 olarak bilgileri verilmi\u015f olan Nas suresini kolayl\u0131kla inceleyebilirler.\nNas Suresi T\u00fcrk\u00e7e Okunu\u015fuBismillahirrahm\u00e2nirrah\u00eem.\n1- Kul e'\u00fbz\u00fc birabbinn\u00e2s2- Melikinn\u00e2s3- \u0130l\u00e2hinn\u00e2s4- Min \u015ferrilvesv\u00e2silhann\u00e2s5- Ellez\u00ee y\u00fcvesvis\u00fc f\u00ee sud\u00fbrinn\u00e2si6- Minelcinneti venn\u00e2sNas Suresi DinleNas Suresi T\u00fcrk\u00e7e Anlam\u0131 (Diyanet Meali)Rahm\u00e2n ve Rah\u00eem (olan) Allah'\u0131n ad\u0131yla.\nDe ki: S\u0131\u011f\u0131n\u0131r\u0131m ben insanlar\u0131n Rabbine,2.\n\u0130nsanlar\u0131n Melikine (mutlak sahip ve hakimine),3.\n\u0130nsanlar\u0131n \u0130l\u00e2h\u0131na.\nO sinsi vesvesenin \u015ferrinden,5.\nO ki insanlar\u0131n g\u00f6\u011f\u00fcslerine (k\u00f6t\u00fc d\u00fc\u015f\u00fcnceler)f\u0131s\u0131ldar.\nGerek cinlerden,gerek insanlardan(olan b\u00fct\u00fcn vesvesecilerin \u015ferrinden Allah'a s\u0131\u011f\u0131n\u0131r\u0131m!\nNas Suresi Arap\u00e7a Okunu\u015fuNas Suresi TefsiriAllah Te\u00e2l\u00e2 insanlar\u0131 yarat\u0131p madd\u00ee ve m\u00e2nev\u00ee nimetleriyle hem bedenen hem de ruhen besledi\u011fi, yeti\u015ftirdi\u011fi, e\u011fitti\u011fi i\u00e7in kendi z\u00e2t\u0131n\u0131 rab ismiyle anm\u0131\u015ft\u0131r.\nR\u00e2g\u0131b el-\u0130sfah\u00e2n\u00ee, \u201cm\u00e2lik ve h\u00e2kim\u201d diye \u00e7evirdi\u011fimiz 2. \u00e2yetteki melik kelimesini \u00f6zetle \u015f\u00f6yle a\u00e7\u0131klar: Melik, em\u00eer ve yasaklarla insan toplulu\u011funu y\u00f6neten ki\u015fidir.\nBu kelime \u00f6zellikle ak\u0131ll\u0131 varl\u0131klar\u0131 y\u00f6neten i\u00e7in kullan\u0131l\u0131r; mesel\u00e2 \u201cinsanlar\u0131n meliki\u201d denir, \u201ce\u015fyan\u0131n meliki\u201d denmez (M\u00fcfred\u00e2t\u00fc\u2019l-Kur\u2019\u00e2n, \u201cmlk\u201d md.).\nY\u00f6netilen b\u00fct\u00fcn insanlar olunca kanunlar\u0131yla, buyruk ve yasaklar\u0131yla onlar\u0131n y\u00f6neticisi, m\u00e2lik ve h\u00e2kimi de Allah\u2019tan ba\u015fkas\u0131 de\u011fildir.\n\u201cM\u00e2bud\u201d diye \u00e7evirdi\u011fimiz il\u00e2htan maksat da sadece kendisi ibadete l\u00e2y\u0131k olan Allah\u2019t\u0131r (il\u00e2h hakk\u0131nda bilgi i\u00e7in bk.\nBakara 2/163).\nAllah Te\u00e2l\u00e2 b\u00fct\u00fcn mahl\u00fbkat\u0131n rabbi oldu\u011fu halde burada \u00fc\u00e7 \u00e2yette de, \u201cinsanlar\u201d\u0131n tekrarlanarak vurgulanmas\u0131, onlar\u0131n mahl\u00fbkat\u0131n en \u00fcst\u00fcn\u00fc ve en \u015fereflisi oldu\u011funa i\u015farettir.\nAyr\u0131ca d\u00fcnyada insanlar\u0131 y\u00f6neten h\u00fck\u00fcmdarlar, krallar ve bunlar\u0131 tanr\u0131 say\u0131p tapan kavimler ge\u00e7mi\u015fte g\u00f6r\u00fclm\u00fc\u015ft\u00fcr, bug\u00fcn de farkl\u0131 boyut ve tezah\u00fcrlerde g\u00f6r\u00fclebilmektedir.\nBu sebeple s\u00fbrede insanlar\u0131n rablerinin de, h\u00fck\u00fcmdarlar\u0131n\u0131n da, il\u00e2hlar\u0131n\u0131n da sadece Allah oldu\u011funa ve yaln\u0131zca O\u2019na s\u0131\u011f\u0131nmak, O\u2019na tapmak, O\u2019nun h\u00fck\u00fcmranl\u0131\u011f\u0131n\u0131 tan\u0131mak gerekti\u011fine dikkat \u00e7ekilmi\u015ftir.\n\u201c\u015eeytan\u201d diye \u00e7evirdi\u011fimiz vesv\u00e2s kelimesi, vesveseden t\u00fcremi\u015f, a\u015f\u0131r\u0131l\u0131k ifade eden bir s\u0131fat olup \u201c\u00e7ok\u00e7a vesvese veren\u201d demektir.\nVesvese \u201c\u015f\u00fcphe, teredd\u00fct, kuruntu, gizli s\u00f6z, ki\u015finin i\u00e7inden ge\u00e7en d\u00fc\u015f\u00fcnce\u201d demektir; terim olarak, \u201czihinde irade d\u0131\u015f\u0131 beliren ve ki\u015fiyi k\u00f6t\u00fc ya da faydas\u0131z bir d\u00fc\u015f\u00fcnce ve davran\u0131\u015fa s\u00fcr\u00fckleyen kayna\u011f\u0131 belirsiz fikir, \u015f\u00fcphe ve kuruntu\u201d anlam\u0131na gelir.\nBir kimseye b\u00f6yle bir d\u00fc\u015f\u00fcnceyi telkin etmeye de \u201cvesvese vermek\u201d denir.\nVesvese genel olarak insan\u0131 k\u00f6t\u00fc, din ve ahl\u00e2k d\u0131\u015f\u0131 davran\u0131\u015flara y\u00f6nelten bir i\u00e7 itilme olarak hissedilir.\nBu anlamdaki vesvesenin kayna\u011f\u0131 \u015feytand\u0131r.\nNitekim bir\u00e7ok \u00e2yette \u015feytan\u0131n insana vesvese verdi\u011fi ifade edilmi\u015ftir (mesel\u00e2 bk.\nA\u2018r\u00e2f 7/20; T\u00e2h\u00e2 20/120).\nK\u00f6t\u00fcl\u00fck sembol\u00fc olan \u015feytan, ger\u00e7ek bir varl\u0131\u011fa sahip olmakla birlikte onun insan \u00fczerindeki etkisini psikolojik yolla ger\u00e7ekle\u015ftirdi\u011fi d\u00fc\u015f\u00fcn\u00fclmektedir (geni\u015f bilgi i\u00e7in bk.\nHayati H\u00f6kelekli, \u201cVesvese\u201d, \u0130FAV Ans., IV, 458).\nVesvesenin bir di\u011fer kayna\u011f\u0131 ise ki\u015finin nefsidir; Kaf s\u00fbresinin 16. \u00e2yeti de bunu ifade etmektedirVesv\u00e2s kelimesi hem insanlara vesvese veren g\u00f6r\u00fcnmez \u015feytan\u0131 hem de insanlar\u0131 yoldan \u00e7\u0131karmak ve onlara k\u00f6t\u00fcl\u00fck yapt\u0131rmak i\u00e7in gizlice tuzak kuran insan \u015feytanlar\u0131n\u0131, \u015feytan karakterli insanlar\u0131 ifade eder.\n\u201cSinsi\u201d diye terc\u00fcme etti\u011fimiz hann\u00e2s kelimesi ise \u201cgizli hareket eden ve geride kalmay\u0131 \u00e2det haline getiren\u201d anlam\u0131nda bir s\u0131fatt\u0131r.\nS\u00fbrede cin ve insan \u015ferrinden Allah\u2019a s\u0131\u011f\u0131nmay\u0131 isteyen buyruk, bizce belirsiz bir kaynaktan veya i\u00e7imizden gelen arzu, duygu ve d\u00fc\u015f\u00fcnceler kar\u015f\u0131s\u0131nda uyan\u0131k olmay\u0131, bunlar\u0131 ak\u0131l, vicdan ve din\u00ee de\u011ferler s\u00fczgecinden ge\u00e7irmeyi de i\u00e7ermektedir.\nSon \u00e2yet-i ker\u00eemeden de anla\u015f\u0131ld\u0131\u011f\u0131 \u00fczere insanlar\u0131 aldatmaya ve do\u011fru yoldan sapt\u0131rmaya \u00e7al\u0131\u015fan iki t\u00fcr \u015feytan vard\u0131r: Birincisi cin \u015feytanlar\u0131d\u0131r ki bunlar insanlar\u0131n i\u00e7ine vesvese d\u00fc\u015f\u00fcrerek onlar\u0131 yanl\u0131\u015f yola s\u00fcr\u00fcklemek isterler.\nHer insan\u0131n, kendisini k\u00f6t\u00fcl\u00fcklere s\u00fcr\u00fcklemeye, k\u00f6t\u00fc i\u015fleri onun g\u00f6z\u00fcnde g\u00fczel g\u00f6stermeye \u00e7al\u0131\u015fan bir \u015feytan\u0131 vard\u0131r.\nPeygamber, her insan\u0131n kendine ait bir cini (\u015feytan\u0131) bulundu\u011funu bildirmi\u015ftir (D\u00e2rim\u00ee, \u201cRikak\u201d, 25; M\u00fcsned, I, 385).\nBa\u015fka bir hadiste de \u201c\u015eeytan \u00e2demo\u011flunun kan damarlar\u0131nda dola\u015f\u0131r\u201d buyurulur (bk.\nBuh\u00e2r\u00ee, \u201cAhk\u00e2m\u201d, 21).\n\u0130nsanlar\u0131 do\u011fru yoldan sapt\u0131ran di\u011fer \u015feytan ise insan \u015feytanlar\u0131d\u0131r.\nBunlar, ger\u00e7eklik ve de\u011fer \u00f6l\u00e7\u00fclerini kaybetmi\u015f, kendilerini nefs\u00e2n\u00ee haz ve arzular\u0131n ak\u0131nt\u0131s\u0131na kapt\u0131rm\u0131\u015f, bu m\u00e2nada \u015feytan\u0131n esiri olmu\u015f insanlard\u0131r.\nBunlar insana \u00e7o\u011fu zaman sureti haktan g\u00f6r\u00fcnerek yakla\u015f\u0131r ve insan\u0131 sonu h\u00fcsranla biten davran\u0131\u015flara y\u00f6neltirler.\n\u201cEy rabbimiz!\nBize bu d\u00fcnyada da nimet, g\u00fczellik ve iyilik ver, \u00f6teki d\u00fcnyada da nimet, g\u00fczellik ve iyilik ver\u201d (Bakara 2/201).\n\u201cOrada onlar\u0131n dualar\u0131, \u2018Sen b\u00fct\u00fcn noksan s\u0131fatlardan uzaks\u0131n Allah\u2019\u0131m!\u2019, kar\u015f\u0131l\u0131kl\u0131 iyi dilekleri de \u2018sel\u00e2m\u2019 \u015feklinde olacakt\u0131r.\nDualar\u0131 ise \u2018\u00c2lemlerin rabbi olan Allah\u2019a hamdolsun\u2019 diyerek son bulur\u201d (Y\u00fbnus 10/10).\nY\u00fcce kel\u00e2m\u0131n\u0131n tefsiri i\u00e7in ortaya konan bu m\u00fctevazi \u00e7al\u0131\u015fman\u0131n tamamlanmas\u0131na muvaffak k\u0131ld\u0131\u011f\u0131ndan dolay\u0131 Cenab-\u0131 Allah\u2019a hamdediyor, kusurlar\u0131m\u0131z\u0131 ba\u011f\u0131\u015flamas\u0131 i\u00e7in engin rahmetine s\u0131\u011f\u0131n\u0131yor, bu eseri yararl\u0131 ve feyizli k\u0131lmas\u0131n\u0131 niyaz ediyoruz.\nNas Suresi KonusuS\u00fbrede sinsice k\u00f6t\u00fcl\u00fc\u011fe s\u00fcr\u00fckleyen cinlerin ve insanlar\u0131n \u015ferrinden Allah\u2019a s\u0131\u011f\u0131n\u0131lmas\u0131 \u00f6\u011f\u00fctlenmektedir.",
    "article_html": "",
    "meta_description": "Nas Suresi, Kuran-\u0131 Kerim'in son suresi olup fazileti b\u00fcy\u00fck olan bir duad\u0131r. Kur'an-i Kerim'in 114. suresi olup Medine d\u00f6neminde inmi\u015ftir. 6 ayetten olu\u015fmaktad\u0131r. Felak Suresi ile birlikte bu iki sureye Muavvizeteyn denilmektedir. Surede insanlar\u0131n, Allah'a s\u0131\u011f\u0131nmas\u0131 emredildi\u011finden dolay\u0131 surenin ad\u0131 insanlar anlam\u0131na gelmektedir. Nas Suresinde Allah, sinsice k\u00f6t\u00fcl\u00fc\u011fe s\u00fcr\u00fckleyen cinlerin ve insanlar\u0131n \u015ferrinden Allah'a s\u0131\u011f\u0131n\u0131lmas\u0131 konusunda \u00f6\u011f\u00fctler vermektedir. Sizin i\u00e7in Nas Suresi Okunu\u015fu ve Anlam\u0131: T\u00fcrk\u00e7e Tefsiri, Arap\u00e7a Yaz\u0131l\u0131\u015f\u0131, Fazileti, Diyanet Meali konular\u0131n\u0131 detaylar\u0131yla derledik.",
    "meta_lang": "tr"
}