{
    "article_id": "81df609636fe7133d2905c914ce41a2b.1589925520.4956706",
    "title": "Son dakika... Bakan Albayrak'tan \u00fc\u00e7 m\u00fcjde!",
    "authors": [],
    "canonical_link": "https://www.milliyet.com.tr/ekonomi/son-dakika-bakan-albayraktan-uc-mujde-6215530",
    "url": "http://milliyet.com.tr/ekonomi/son-dakika-bakan-albayraktan-uc-mujde-6215530",
    "top_img": "https://i2.milimaj.com/i/milliyet/75/0x0/5ec3a55a5542811430cb22a0.jpg",
    "meta_img": "https://i2.milimaj.com/i/milliyet/75/0x0/5ec3a55a5542811430cb22a0.jpg",
    "movies": [],
    "text": "Hazine ve Maliye Bakan\u0131 Berat Albayrak, \"\u00c7ok yak\u0131n zamanda gen\u00e7lerimize d\u00fcnya ile rekabetimizi g\u00fc\u00e7lendirecek katma de\u011ferli ve ihracata dayal\u0131 \u00fcretim hedeflerimize katk\u0131 sunacak yeni projelerimizi yak\u0131n d\u00f6nemde a\u00e7\u0131klayaca\u011f\u0131z. \u00dclkemizi b\u00fcy\u00fck ve g\u00fc\u00e7l\u00fc T\u00fcrkiye idealine kavu\u015fturacak olan siz gen\u00e7lerimizsiniz\" dedi.\n\nBakan Albayrak, 19 May\u0131s Atat\u00fcrk'\u00fc Anma, Gen\u00e7lik ve Spor Bayram\u0131 nedeniyle Twitter hesab\u0131ndan g\u00f6r\u00fcnt\u00fcl\u00fc mesaj payla\u015ft\u0131. Bakan Albayrak, Gazi Mustafa Kemal Atat\u00fcrk'\u00fcn Samsun'a \u00e7\u0131karak milli m\u00fccadelenin i\u015faret fi\u015fe\u011fini yak\u0131\u015f\u0131n\u0131n 101'inci y\u0131ld\u00f6n\u00fcm\u00fcn\u00fc kutlad\u0131klar\u0131n\u0131 belirterek, 19 May\u0131s'\u0131n T\u00fcrk milletinin iradesine, \u00f6zg\u00fcrl\u00fc\u011f\u00fcne ve vatan\u0131na el uzatanlara kar\u015f\u0131 verdi\u011fi tarihi cevab\u0131n, tarihi m\u00fccadelenin ilk g\u00fcn\u00fc oldu\u011funu vurgulad\u0131.\n\n'3 K\u00dc\u00c7\u00dcK M\u00dcJDE VERMEK \u0130ST\u0130YORUM'\n\nBakan Albayrak, gen\u00e7lerin bu ruhu, inanc\u0131, \u00f6zg\u00fcrl\u00fck ate\u015fini daima canl\u0131 tutacak olan ki\u015filer oldu\u011funu ifade ederek, \u015funlar\u0131 kaydetti:\n\n\"\u00d6zellikle Kovid-19 sonras\u0131 t\u00fcketim al\u0131\u015fkanl\u0131klar\u0131n, k\u00fcresel ticaret ve ekonomideki genel kabullerin de\u011fi\u015fti\u011fi bir d\u00fcnya s\u00fcrecine giriyoruz. G\u00fc\u00e7l\u00fc ekonomik alt yap\u0131m\u0131z, k\u00fcresel geli\u015fmelere h\u0131zla adapte olabilen i\u015f d\u00fcnyam\u0131zla, her \u015feyden \u00f6nemlisi gen\u00e7 e\u011fitimli insan kayna\u011f\u0131m\u0131zla Kovid-19 sonras\u0131 y\u0131ld\u0131z\u0131 parlayan \u00fclkelerin ba\u015f\u0131nda olaca\u011f\u0131z. Yeni d\u00f6neme en haz\u0131r \u015fekilde girmek i\u00e7in iyi haz\u0131rlanmam\u0131z gerekiyor. Sizler i\u00e7in geli\u015fim ve kariyer imkan\u0131 sa\u011flayacak '1 Milyon Yaz\u0131l\u0131mc\u0131' projemizi hayata ge\u00e7irdik.\n\n\u015eu ana kadar 440 bin 427 adet arkada\u015f\u0131m\u0131z aktif olarak bu platformu kullan\u0131yor. 234 bin 800 arkada\u015f\u0131m\u0131zsa e\u011fitimler sonras\u0131 istihdam imkanlar\u0131ndan yararlanmak i\u00e7in bilgilerini doldurdu. \u015eimdi bu platformundan yararlanacak olan gen\u00e7 arkada\u015f\u0131m\u0131za 3 k\u00fc\u00e7\u00fck m\u00fcjde vermek istiyorum. \u0130lki, '1 Milyon Yaz\u0131l\u0131mc\u0131' projemize kat\u0131lan, portal\u0131m\u0131zdan e\u011fitim alan her bir kullan\u0131c\u0131m\u0131za her ay 6 GB'lik bir ek internet kotas\u0131n\u0131 verece\u011fiz. Bir di\u011fer e-devlet \u015fifresi edinemeyen, yahut 15 ya\u015f\u0131ndan k\u00fc\u00e7\u00fck oldu\u011fu i\u00e7in platformu kullanamayan gen\u00e7lerimiz i\u00e7in yeni bir giri\u015f ekran\u0131 geli\u015ftirdik. Sonuncusu ise, \u00f6zellikle e\u011fitimler esnas\u0131nda kafan\u0131za tak\u0131lan sorular\u0131 sorman\u0131z ve tecr\u00fcbelerinden yararlanmak i\u00e7in \u00f6\u011fretmenlerimizle canl\u0131 oturumlar ba\u015flat\u0131yoruz. Evet i\u015fte bunun yan\u0131nda \u00e7ok yak\u0131n zamanda gen\u00e7lerimize d\u00fcnya ile rekabetimizi g\u00fc\u00e7lendirecek katma de\u011ferli ve ihracata dayal\u0131 \u00fcretim hedeflerimize katk\u0131 sunacak yeni projelerimizi yak\u0131n d\u00f6nemde a\u00e7\u0131klayaca\u011f\u0131z. \u00dclkemizi b\u00fcy\u00fck ve g\u00fc\u00e7l\u00fc T\u00fcrkiye idealine kavu\u015fturacak olan siz gen\u00e7lerimizsiniz.\"\n\nBakan Albayrak ayr\u0131ca, Gazi Mustafa Kemal Atat\u00fcrk ve t\u00fcm silah arkada\u015flar\u0131n\u0131 rahmet ve minnetle yad ederek, bayram\u0131 kutlad\u0131.",
    "keywords": [
        "i\u00e7in",
        "m\u00fcjde",
        "albayrak",
        "yak\u0131n",
        "k\u00fc\u00e7\u00fck",
        "son",
        "\u00fc\u00e7",
        "bir",
        "g\u00fc\u00e7l\u00fc",
        "yeni",
        "olan",
        "ve",
        "sonras\u0131",
        "bakan",
        "albayraktan",
        "dakika"
    ],
    "meta_keywords": [
        ""
    ],
    "publish_date": null,
    "summary": "Hazine ve Maliye Bakan\u0131 Berat Albayrak, \"\u00c7ok yak\u0131n zamanda gen\u00e7lerimize d\u00fcnya ile rekabetimizi g\u00fc\u00e7lendirecek katma de\u011ferli ve ihracata dayal\u0131 \u00fcretim hedeflerimize katk\u0131 sunacak yeni projelerimizi yak\u0131n d\u00f6nemde a\u00e7\u0131klayaca\u011f\u0131z.\n\u00dclkemizi b\u00fcy\u00fck ve g\u00fc\u00e7l\u00fc T\u00fcrkiye idealine kavu\u015fturacak olan siz gen\u00e7lerimizsiniz\" dedi.\nBakan Albayrak, 19 May\u0131s Atat\u00fcrk'\u00fc Anma, Gen\u00e7lik ve Spor Bayram\u0131 nedeniyle Twitter hesab\u0131ndan g\u00f6r\u00fcnt\u00fcl\u00fc mesaj payla\u015ft\u0131.\nBakan Albayrak, Gazi Mustafa Kemal Atat\u00fcrk'\u00fcn Samsun'a \u00e7\u0131karak milli m\u00fccadelenin i\u015faret fi\u015fe\u011fini yak\u0131\u015f\u0131n\u0131n 101'inci y\u0131ld\u00f6n\u00fcm\u00fcn\u00fc kutlad\u0131klar\u0131n\u0131 belirterek, 19 May\u0131s'\u0131n T\u00fcrk milletinin iradesine, \u00f6zg\u00fcrl\u00fc\u011f\u00fcne ve vatan\u0131na el uzatanlara kar\u015f\u0131 verdi\u011fi tarihi cevab\u0131n, tarihi m\u00fccadelenin ilk g\u00fcn\u00fc oldu\u011funu vurgulad\u0131.\n'3 K\u00dc\u00c7\u00dcK M\u00dcJDE VERMEK \u0130ST\u0130YORUM'Bakan Albayrak, gen\u00e7lerin bu ruhu, inanc\u0131, \u00f6zg\u00fcrl\u00fck ate\u015fini daima canl\u0131 tutacak olan ki\u015filer oldu\u011funu ifade ederek, \u015funlar\u0131 kaydetti:\"\u00d6zellikle Kovid-19 sonras\u0131 t\u00fcketim al\u0131\u015fkanl\u0131klar\u0131n, k\u00fcresel ticaret ve ekonomideki genel kabullerin de\u011fi\u015fti\u011fi bir d\u00fcnya s\u00fcrecine giriyoruz.\nG\u00fc\u00e7l\u00fc ekonomik alt yap\u0131m\u0131z, k\u00fcresel geli\u015fmelere h\u0131zla adapte olabilen i\u015f d\u00fcnyam\u0131zla, her \u015feyden \u00f6nemlisi gen\u00e7 e\u011fitimli insan kayna\u011f\u0131m\u0131zla Kovid-19 sonras\u0131 y\u0131ld\u0131z\u0131 parlayan \u00fclkelerin ba\u015f\u0131nda olaca\u011f\u0131z.\nYeni d\u00f6neme en haz\u0131r \u015fekilde girmek i\u00e7in iyi haz\u0131rlanmam\u0131z gerekiyor.\nSizler i\u00e7in geli\u015fim ve kariyer imkan\u0131 sa\u011flayacak '1 Milyon Yaz\u0131l\u0131mc\u0131' projemizi hayata ge\u00e7irdik.\n\u015eu ana kadar 440 bin 427 adet arkada\u015f\u0131m\u0131z aktif olarak bu platformu kullan\u0131yor.\n234 bin 800 arkada\u015f\u0131m\u0131zsa e\u011fitimler sonras\u0131 istihdam imkanlar\u0131ndan yararlanmak i\u00e7in bilgilerini doldurdu.\n\u015eimdi bu platformundan yararlanacak olan gen\u00e7 arkada\u015f\u0131m\u0131za 3 k\u00fc\u00e7\u00fck m\u00fcjde vermek istiyorum.\n\u0130lki, '1 Milyon Yaz\u0131l\u0131mc\u0131' projemize kat\u0131lan, portal\u0131m\u0131zdan e\u011fitim alan her bir kullan\u0131c\u0131m\u0131za her ay 6 GB'lik bir ek internet kotas\u0131n\u0131 verece\u011fiz.\nBir di\u011fer e-devlet \u015fifresi edinemeyen, yahut 15 ya\u015f\u0131ndan k\u00fc\u00e7\u00fck oldu\u011fu i\u00e7in platformu kullanamayan gen\u00e7lerimiz i\u00e7in yeni bir giri\u015f ekran\u0131 geli\u015ftirdik.\nSonuncusu ise, \u00f6zellikle e\u011fitimler esnas\u0131nda kafan\u0131za tak\u0131lan sorular\u0131 sorman\u0131z ve tecr\u00fcbelerinden yararlanmak i\u00e7in \u00f6\u011fretmenlerimizle canl\u0131 oturumlar ba\u015flat\u0131yoruz.\nEvet i\u015fte bunun yan\u0131nda \u00e7ok yak\u0131n zamanda gen\u00e7lerimize d\u00fcnya ile rekabetimizi g\u00fc\u00e7lendirecek katma de\u011ferli ve ihracata dayal\u0131 \u00fcretim hedeflerimize katk\u0131 sunacak yeni projelerimizi yak\u0131n d\u00f6nemde a\u00e7\u0131klayaca\u011f\u0131z.\n\u00dclkemizi b\u00fcy\u00fck ve g\u00fc\u00e7l\u00fc T\u00fcrkiye idealine kavu\u015fturacak olan siz gen\u00e7lerimizsiniz.\"\nBakan Albayrak ayr\u0131ca, Gazi Mustafa Kemal Atat\u00fcrk ve t\u00fcm silah arkada\u015flar\u0131n\u0131 rahmet ve minnetle yad ederek, bayram\u0131 kutlad\u0131.",
    "article_html": "",
    "meta_description": "Son Haberler - Gelen son dakika haberine g\u00f6re; Hazine ve Maliye Bakan\u0131 Berat Albayrak 19 May\u0131s Atat\u00fcrk'\u00fc Anma, Gen\u00e7lik ve Spor Bayram\u0131 nedeniyle Twitter'dan mesaj yay\u0131mlad\u0131. Albayrak, 1 Milyon Yaz\u0131l\u0131mc\u0131 Projesi'ne kat\u0131lanlara ili\u015fkin m\u00fcjdelerini s\u0131ralad\u0131.",
    "meta_lang": "tr"
}