{
    "article_id": "13e6b88e219a23cb11c64a6dc21fd06c.1589925700.8334966",
    "title": "\u0130n\u015firah Suresi Okunu\u015fu Ve Anlam\u0131: T\u00fcrk\u00e7e Tefsiri, Arap\u00e7a Yaz\u0131l\u0131\u015f\u0131, Fazileti, Diyanet Meali",
    "authors": [],
    "canonical_link": "https://www.milliyet.com.tr/ramazan/sureler/insirah-suresi-okunusu-ve-anlami-turkce-tefsiri-arapca-yazilisi-fazileti-diyanet-meali-6189701",
    "url": "http://milliyet.com.tr/ramazan/sureler/insirah-suresi-okunusu-ve-anlami-turkce-tefsiri-arapca-yazilisi-fazileti-diyanet-meali-6189701",
    "top_img": "https://i2.milimaj.com/i/milliyet/75/0x0/5e97451c554285032467f74b.jpg",
    "meta_img": "https://i2.milimaj.com/i/milliyet/75/0x0/5e97451c554285032467f74b.jpg",
    "movies": [
        "https://www.youtube.com/embed/l-cQy_ZOS_E?enablejsapi=1"
    ],
    "text": "Sure i\u00e7erisinde Hz. Muhammed\u2019in peygamberlik g\u00f6revini icra etti\u011fi s\u0131rada kar\u015f\u0131s\u0131na \u00e7\u0131kan s\u0131k\u0131nt\u0131 ve zorluklar\u0131 anlatmaktad\u0131r. Bunlara kar\u015f\u0131 Allah taraf\u0131ndan g\u00f6nderilen ferahl\u0131k ve yard\u0131ma da de\u011finilmektedir. Bu ba\u011flamda di\u011fer kullara da s\u0131k\u0131nt\u0131lar kar\u015f\u0131s\u0131nda \u00fcmitsizli\u011fe kap\u0131lmamalar\u0131 nasihat edilmektedir.\n\n\u0130n\u015firah Suresi\u2019nin Mekke devrinde; Duha Suresi\u2019nden sonra ve Asr Suresi\u2019nden de \u00f6nce tebli\u011f oldu\u011funa inan\u0131lmaktad\u0131r. K\u0131sa ayetlerden olu\u015fan bu sure \u00e7o\u011fu M\u00fcsl\u00fcman taraf\u0131ndan ezbere bilinmekte ve s\u0131k\u0131nt\u0131ya d\u00fc\u015f\u00fcld\u00fc\u011f\u00fc zaman da s\u0131k s\u0131k tekrar edilmektedir. Bu ba\u011flamda \u0130n\u015firah Suresi\u2019nin T\u00fcrk\u00e7e ve Arap\u00e7a olarak olduk\u00e7a yo\u011fun bir \u015fekilde okundu\u011fu g\u00f6r\u00fcnmektedir. A\u015fa\u011f\u0131daki i\u00e7eriklerde \u0130n\u015firah Suresi hakk\u0131nda bilinmesi gereken t\u00fcm bilgileri derledik. Sureyi okumak isteyenler i\u00e7in Arap\u00e7a ve T\u00fcrk\u00e7e okunu\u015flar\u0131, anlam\u0131n\u0131 merak edenler i\u00e7in de; ayet a\u00e7\u0131klamalar\u0131n\u0131, Diyanet onayl\u0131 meali ve tefsirini payla\u015ft\u0131k.\n\n\u0130n\u015firah Suresi T\u00fcrk\u00e7e Okunu\u015fu\n\n1.Elem ne\u015frah leke sadrek\n\n2.Ve vada'na 'anke vizreke\n\n3.Elleziy enkada zahreke\n\n4.Ve refa'na leke zikreke\n\n5.Feinne me'al'usri y\u00fcsren\n\n6.\u0130nne me'al'usri y\u00fcsren\n\n7.Feiza fera\u011fte fensab\n\n8.Ve ila rabbike fer\u011fab\n\n\u0130n\u015firah Suresi T\u00fcrk\u00e7e Anlam\u0131\n\n1.(Ey Muhammed!) Senin g\u00f6\u011fs\u00fcn\u00fc a\u00e7\u0131p geni\u015fletmedik mi?\n\n2, 3.Belini b\u00fcken y\u00fck\u00fcn\u00fc \u00fczerinden kald\u0131rmad\u0131k m\u0131?\n\n4.Senin \u015f\u00e2n\u0131n\u0131 y\u00fckseltmedik mi?\n\n5.\u015e\u00fcphesiz g\u00fc\u00e7l\u00fckle beraber bir kolayl\u0131k vard\u0131r.\n\n6.Ger\u00e7ekten, g\u00fc\u00e7l\u00fckle beraber bir kolayl\u0131k vard\u0131r.\n\n7.\u00d6yleyse, bir i\u015fi bitirince di\u011ferine koyul.\n\n8.Ancak Rabbine y\u00f6nel ve yalvar.\n\n\u0130n\u015firah Suresi Konusu\n\n\n\nS\u00fbrede Y\u00fcce Allah\u2019\u0131n Hz. Peygamber\u2019e m\u00e2nev\u00ee lutuflar\u0131 \u00f6zetlenmekte, her g\u00fc\u00e7l\u00fckle birlikte mutlaka bir kolayl\u0131\u011f\u0131n oldu\u011fu bildirilerek Mekke\u2019de putperestlerin bask\u0131s\u0131 y\u00fcz\u00fcnden s\u0131k\u0131nt\u0131 \u00e7eken Res\u00fblullah ile m\u00fcsl\u00fcmanlara teselli ve \u00fcmit verilmekte; onlardan Allah\u2019a ibadet ve itaatlerini s\u00fcrd\u00fcrmeleri istenmektedir.\n\n\u0130n\u015firah Suresi Tefsiri\n\n\u201cSenin kalbini a\u00e7\u0131p geni\u015fletmedik mi?\u201d diye \u00e7evirdi\u011fimiz 1. \u00e2yetteki \u201c\u015ferh-i sadr\u201d kavram\u0131n\u0131 R\u00e2g\u0131b el-\u0130sfah\u00e2n\u00ee, \u201ckalbin il\u00e2h\u00ee bir nur ile Allah taraf\u0131ndan bir huzur ve s\u00fck\u00fbnet, bir rahatl\u0131k ile geni\u015fletilmesi\u201d \u015feklinde a\u00e7\u0131klam\u0131\u015ft\u0131r (el-M\u00fcfred\u00e2t, \u201c\u015frh\u201d md.). Hz. Peygamber\u2019in kalbinin a\u00e7\u0131l\u0131p geni\u015fletilmesi ifadesini, Z\u00fcmer s\u00fbresinin 22. \u00e2yeti de dikkate al\u0131nd\u0131\u011f\u0131nda, onun be\u015fer\u00ee idrak kapasitesinin vahiy ile artt\u0131r\u0131ld\u0131\u011f\u0131na ve \u00e2zami seviyeye \u00e7\u0131kar\u0131ld\u0131\u011f\u0131na i\u015faret olarak anlamak uygun olur. Ayr\u0131ca m\u00fcfessirler bunu, ona indirilen vahyi anlamas\u0131, korumas\u0131 ve peygamberlik g\u00f6revini yerine getirebilmesi i\u00e7in kendisine verilmi\u015f olan zihin a\u00e7\u0131kl\u0131\u011f\u0131, m\u00e2neviyat y\u00fcksekli\u011fi gibi m\u00e2nalarla da a\u00e7\u0131klam\u0131\u015flard\u0131r. Baz\u0131 m\u00fcfessirler ise Duh\u00e2 s\u00fbresinin devam\u0131 mahiyetinde olan bu \u00e2yetlerde, bir s\u00fcre ara verilmi\u015f olan vahyin yeniden ba\u015flamas\u0131yla Hz. Peygamber\u2019in m\u00e2neviyat\u0131n\u0131n g\u00fc\u00e7lendirildi\u011fine de\u011finildi\u011fi kanaatindedir.\n\n2 ve 3. \u00e2yetlerde, Res\u00fblullah\u2019\u0131n belini b\u00fckt\u00fc\u011f\u00fc bildirilen \u201cy\u00fck\u00fcn kald\u0131r\u0131lmas\u0131\u201dndan maksad\u0131n ne oldu\u011fu konusunda yap\u0131lan a\u00e7\u0131klamalar i\u00e7inde (bk. R\u00e2z\u00ee, XXXII, 4-5) en zay\u0131f olan\u0131 \u201cg\u00fcnahlar\u0131n\u0131n, hatalar\u0131n\u0131n ba\u011f\u0131\u015flanm\u0131\u015f olmas\u0131\u201d \u015feklindeki yorumdur. \u00c7\u00fcnk\u00fc onun C\u00e2hiliye d\u00f6neminde puta tapmad\u0131\u011f\u0131 bilinmektedir, herhangi bir g\u00fcnah i\u015fledi\u011fi de sabit de\u011fildir. Esasen \u0130sl\u00e2m tebli\u011f edilmeden onun yasaklar\u0131n\u0131 \u00e7i\u011fnemenin g\u00fcnah oldu\u011fundan da s\u00f6z edilemez. \u0130sl\u00e2m\u2019dan sonra baz\u0131 ictihad hatalar\u0131 olmu\u015fsa bunlar da \u2013miktar\u0131 az olsa bile\u2013 ecir ve sevap vesilesidir. \u00c7\u00fcnk\u00fc isabetli ictihada on, isabetsiz ictihada bir sevap vard\u0131r (Buh\u00e2r\u00ee, \u201c\u0130\u2018tis\u00e2m\u201d, 13, 21; M\u00fcslim, \u201cAkziye\u201d, 15; ayr\u0131ca bk. Tevbe 9/43; Fetih 48/2). Bize g\u00f6re Allah\u2019\u0131n bir lutuf olarak onun omuzlar\u0131ndan kald\u0131rd\u0131\u011f\u0131 y\u00fck iki \u015fekilde a\u00e7\u0131klanabilir:\n\na) Aras\u0131nda ya\u015fad\u0131\u011f\u0131 toplulu\u011fun inan\u00e7 ve ahl\u00e2k y\u00f6n\u00fcnden i\u00e7ine d\u00fc\u015ft\u00fc\u011f\u00fc durumdan dolay\u0131 duydu\u011fu \u0131st\u0131rab\u0131n \u0130sl\u00e2m sayesinde kald\u0131r\u0131lmas\u0131;\n\nb) B\u00e2t\u0131la kar\u015f\u0131 verdi\u011fi \u00e7etin m\u00fccadelede bir\u00e7ok il\u00e2h\u00ee destek ve inayete mazhar k\u0131l\u0131nmas\u0131.\n\nHz. Peygamber\u2019in \u201cad\u0131n\u0131n ve san\u0131n\u0131n y\u00fcceltilmesi\u201dne m\u00fcfessirler, Res\u00fblullah\u2019\u0131n ad\u0131n\u0131n mukaddes kitaplarda zikredilmesini ve gelece\u011finin m\u00fcjdelenmesini, kelime-i \u015feh\u00e2dette onun isminin Allah\u2019\u0131n ismiyle birlikte yer almas\u0131n\u0131, g\u00f6ky\u00fcz\u00fcnde melekler, yery\u00fcz\u00fcnde m\u00fcminler taraf\u0131ndan h\u00fcrmetle an\u0131lmas\u0131n\u0131, Kur\u2019an\u2019da Allah\u2019a itaatle birlikte ona da itaat edilmesinin emredilmesini \u00f6rnek g\u00f6sterirler (bk. \u015eevk\u00e2n\u00ee, V, 542). \u00c2lemlere rahmet olarak g\u00f6nderilmi\u015f olmas\u0131 da (bk. Enbiy\u00e2 21/107) onun \u015fan\u0131n\u0131n y\u00fcceltildi\u011fini ifade eder. Ayr\u0131ca bu \u00e2yeti, ileride Res\u00fblullah\u2019\u0131n isminin ve tebli\u011f etti\u011fi dinin b\u00fct\u00fcn d\u00fcnyada tan\u0131n\u0131p yay\u0131laca\u011f\u0131n\u0131 bildiren bir m\u00fcjde olarak anlamak da m\u00fcmk\u00fcnd\u00fcr. Yine, Kur\u2019an\u2019da onun m\u00fcstesna niteliklerini, Allah kat\u0131ndaki konumu ve de\u011ferini a\u00e7\u0131klayan \u00e2yetler de bu ba\u011flamda \u201cad\u0131n\u0131 san\u0131n\u0131 y\u00fcceltme\u201d olarak de\u011ferlendirilebilir.",
    "keywords": [
        "taraf\u0131ndan",
        "bir",
        "olarak",
        "meali",
        "yaz\u0131l\u0131\u015f\u0131",
        "fazileti",
        "onun",
        "ve",
        "diyanet",
        "suresi",
        "da",
        "okunu\u015fu",
        "t\u00fcrk\u00e7e",
        "ile",
        "i\u0307n\u015firah",
        "tefsiri",
        "bu"
    ],
    "meta_keywords": [
        ""
    ],
    "publish_date": null,
    "summary": "Sure i\u00e7erisinde Hz.\nMuhammed\u2019in peygamberlik g\u00f6revini icra etti\u011fi s\u0131rada kar\u015f\u0131s\u0131na \u00e7\u0131kan s\u0131k\u0131nt\u0131 ve zorluklar\u0131 anlatmaktad\u0131r.\nBunlara kar\u015f\u0131 Allah taraf\u0131ndan g\u00f6nderilen ferahl\u0131k ve yard\u0131ma da de\u011finilmektedir.\nBu ba\u011flamda di\u011fer kullara da s\u0131k\u0131nt\u0131lar kar\u015f\u0131s\u0131nda \u00fcmitsizli\u011fe kap\u0131lmamalar\u0131 nasihat edilmektedir.\n\u0130n\u015firah Suresi\u2019nin Mekke devrinde; Duha Suresi\u2019nden sonra ve Asr Suresi\u2019nden de \u00f6nce tebli\u011f oldu\u011funa inan\u0131lmaktad\u0131r.\nK\u0131sa ayetlerden olu\u015fan bu sure \u00e7o\u011fu M\u00fcsl\u00fcman taraf\u0131ndan ezbere bilinmekte ve s\u0131k\u0131nt\u0131ya d\u00fc\u015f\u00fcld\u00fc\u011f\u00fc zaman da s\u0131k s\u0131k tekrar edilmektedir.\nBu ba\u011flamda \u0130n\u015firah Suresi\u2019nin T\u00fcrk\u00e7e ve Arap\u00e7a olarak olduk\u00e7a yo\u011fun bir \u015fekilde okundu\u011fu g\u00f6r\u00fcnmektedir.\nA\u015fa\u011f\u0131daki i\u00e7eriklerde \u0130n\u015firah Suresi hakk\u0131nda bilinmesi gereken t\u00fcm bilgileri derledik.\nSureyi okumak isteyenler i\u00e7in Arap\u00e7a ve T\u00fcrk\u00e7e okunu\u015flar\u0131, anlam\u0131n\u0131 merak edenler i\u00e7in de; ayet a\u00e7\u0131klamalar\u0131n\u0131, Diyanet onayl\u0131 meali ve tefsirini payla\u015ft\u0131k.\n\u0130n\u015firah Suresi T\u00fcrk\u00e7e Okunu\u015fu1.Elem ne\u015frah leke sadrek2.Ve vada'na 'anke vizreke3.Elleziy enkada zahreke4.Ve refa'na leke zikreke5.Feinne me'al'usri y\u00fcsren6.\u0130nne me'al'usri y\u00fcsren7.Feiza fera\u011fte fensab8.Ve ila rabbike fer\u011fab\u0130n\u015firah Suresi T\u00fcrk\u00e7e Anlam\u01311.\n(Ey Muhammed!)\nSenin g\u00f6\u011fs\u00fcn\u00fc a\u00e7\u0131p geni\u015fletmedik mi?\n2, 3.Belini b\u00fcken y\u00fck\u00fcn\u00fc \u00fczerinden kald\u0131rmad\u0131k m\u0131?\n4.Senin \u015f\u00e2n\u0131n\u0131 y\u00fckseltmedik mi?\n5.\u015e\u00fcphesiz g\u00fc\u00e7l\u00fckle beraber bir kolayl\u0131k vard\u0131r.\n6.Ger\u00e7ekten, g\u00fc\u00e7l\u00fckle beraber bir kolayl\u0131k vard\u0131r.\n7.\u00d6yleyse, bir i\u015fi bitirince di\u011ferine koyul.\n8.Ancak Rabbine y\u00f6nel ve yalvar.\n\u0130n\u015firah Suresi KonusuS\u00fbrede Y\u00fcce Allah\u2019\u0131n Hz.\nPeygamber\u2019e m\u00e2nev\u00ee lutuflar\u0131 \u00f6zetlenmekte, her g\u00fc\u00e7l\u00fckle birlikte mutlaka bir kolayl\u0131\u011f\u0131n oldu\u011fu bildirilerek Mekke\u2019de putperestlerin bask\u0131s\u0131 y\u00fcz\u00fcnden s\u0131k\u0131nt\u0131 \u00e7eken Res\u00fblullah ile m\u00fcsl\u00fcmanlara teselli ve \u00fcmit verilmekte; onlardan Allah\u2019a ibadet ve itaatlerini s\u00fcrd\u00fcrmeleri istenmektedir.\n\u0130n\u015firah Suresi Tefsiri\u201cSenin kalbini a\u00e7\u0131p geni\u015fletmedik mi?\u201d diye \u00e7evirdi\u011fimiz 1. \u00e2yetteki \u201c\u015ferh-i sadr\u201d kavram\u0131n\u0131 R\u00e2g\u0131b el-\u0130sfah\u00e2n\u00ee, \u201ckalbin il\u00e2h\u00ee bir nur ile Allah taraf\u0131ndan bir huzur ve s\u00fck\u00fbnet, bir rahatl\u0131k ile geni\u015fletilmesi\u201d \u015feklinde a\u00e7\u0131klam\u0131\u015ft\u0131r (el-M\u00fcfred\u00e2t, \u201c\u015frh\u201d md.).\nPeygamber\u2019in kalbinin a\u00e7\u0131l\u0131p geni\u015fletilmesi ifadesini, Z\u00fcmer s\u00fbresinin 22. \u00e2yeti de dikkate al\u0131nd\u0131\u011f\u0131nda, onun be\u015fer\u00ee idrak kapasitesinin vahiy ile artt\u0131r\u0131ld\u0131\u011f\u0131na ve \u00e2zami seviyeye \u00e7\u0131kar\u0131ld\u0131\u011f\u0131na i\u015faret olarak anlamak uygun olur.\nAyr\u0131ca m\u00fcfessirler bunu, ona indirilen vahyi anlamas\u0131, korumas\u0131 ve peygamberlik g\u00f6revini yerine getirebilmesi i\u00e7in kendisine verilmi\u015f olan zihin a\u00e7\u0131kl\u0131\u011f\u0131, m\u00e2neviyat y\u00fcksekli\u011fi gibi m\u00e2nalarla da a\u00e7\u0131klam\u0131\u015flard\u0131r.\nBaz\u0131 m\u00fcfessirler ise Duh\u00e2 s\u00fbresinin devam\u0131 mahiyetinde olan bu \u00e2yetlerde, bir s\u00fcre ara verilmi\u015f olan vahyin yeniden ba\u015flamas\u0131yla Hz.\nPeygamber\u2019in m\u00e2neviyat\u0131n\u0131n g\u00fc\u00e7lendirildi\u011fine de\u011finildi\u011fi kanaatindedir.\n2 ve 3. \u00e2yetlerde, Res\u00fblullah\u2019\u0131n belini b\u00fckt\u00fc\u011f\u00fc bildirilen \u201cy\u00fck\u00fcn kald\u0131r\u0131lmas\u0131\u201dndan maksad\u0131n ne oldu\u011fu konusunda yap\u0131lan a\u00e7\u0131klamalar i\u00e7inde (bk.\nR\u00e2z\u00ee, XXXII, 4-5) en zay\u0131f olan\u0131 \u201cg\u00fcnahlar\u0131n\u0131n, hatalar\u0131n\u0131n ba\u011f\u0131\u015flanm\u0131\u015f olmas\u0131\u201d \u015feklindeki yorumdur.\n\u00c7\u00fcnk\u00fc onun C\u00e2hiliye d\u00f6neminde puta tapmad\u0131\u011f\u0131 bilinmektedir, herhangi bir g\u00fcnah i\u015fledi\u011fi de sabit de\u011fildir.\nEsasen \u0130sl\u00e2m tebli\u011f edilmeden onun yasaklar\u0131n\u0131 \u00e7i\u011fnemenin g\u00fcnah oldu\u011fundan da s\u00f6z edilemez.\n\u0130sl\u00e2m\u2019dan sonra baz\u0131 ictihad hatalar\u0131 olmu\u015fsa bunlar da \u2013miktar\u0131 az olsa bile\u2013 ecir ve sevap vesilesidir.\n\u00c7\u00fcnk\u00fc isabetli ictihada on, isabetsiz ictihada bir sevap vard\u0131r (Buh\u00e2r\u00ee, \u201c\u0130\u2018tis\u00e2m\u201d, 13, 21; M\u00fcslim, \u201cAkziye\u201d, 15; ayr\u0131ca bk.\nTevbe 9/43; Fetih 48/2).\nBize g\u00f6re Allah\u2019\u0131n bir lutuf olarak onun omuzlar\u0131ndan kald\u0131rd\u0131\u011f\u0131 y\u00fck iki \u015fekilde a\u00e7\u0131klanabilir:a) Aras\u0131nda ya\u015fad\u0131\u011f\u0131 toplulu\u011fun inan\u00e7 ve ahl\u00e2k y\u00f6n\u00fcnden i\u00e7ine d\u00fc\u015ft\u00fc\u011f\u00fc durumdan dolay\u0131 duydu\u011fu \u0131st\u0131rab\u0131n \u0130sl\u00e2m sayesinde kald\u0131r\u0131lmas\u0131;b) B\u00e2t\u0131la kar\u015f\u0131 verdi\u011fi \u00e7etin m\u00fccadelede bir\u00e7ok il\u00e2h\u00ee destek ve inayete mazhar k\u0131l\u0131nmas\u0131.\nPeygamber\u2019in \u201cad\u0131n\u0131n ve san\u0131n\u0131n y\u00fcceltilmesi\u201dne m\u00fcfessirler, Res\u00fblullah\u2019\u0131n ad\u0131n\u0131n mukaddes kitaplarda zikredilmesini ve gelece\u011finin m\u00fcjdelenmesini, kelime-i \u015feh\u00e2dette onun isminin Allah\u2019\u0131n ismiyle birlikte yer almas\u0131n\u0131, g\u00f6ky\u00fcz\u00fcnde melekler, yery\u00fcz\u00fcnde m\u00fcminler taraf\u0131ndan h\u00fcrmetle an\u0131lmas\u0131n\u0131, Kur\u2019an\u2019da Allah\u2019a itaatle birlikte ona da itaat edilmesinin emredilmesini \u00f6rnek g\u00f6sterirler (bk.\n\u015eevk\u00e2n\u00ee, V, 542).\n\u00c2lemlere rahmet olarak g\u00f6nderilmi\u015f olmas\u0131 da (bk.\nEnbiy\u00e2 21/107) onun \u015fan\u0131n\u0131n y\u00fcceltildi\u011fini ifade eder.\nAyr\u0131ca bu \u00e2yeti, ileride Res\u00fblullah\u2019\u0131n isminin ve tebli\u011f etti\u011fi dinin b\u00fct\u00fcn d\u00fcnyada tan\u0131n\u0131p yay\u0131laca\u011f\u0131n\u0131 bildiren bir m\u00fcjde olarak anlamak da m\u00fcmk\u00fcnd\u00fcr.\nYine, Kur\u2019an\u2019da onun m\u00fcstesna niteliklerini, Allah kat\u0131ndaki konumu ve de\u011ferini a\u00e7\u0131klayan \u00e2yetler de bu ba\u011flamda \u201cad\u0131n\u0131 san\u0131n\u0131 y\u00fcceltme\u201d olarak de\u011ferlendirilebilir.",
    "article_html": "",
    "meta_description": "\u0130slam inanc\u0131nda, s\u0131k\u0131nt\u0131lardan kurtulmak ve g\u00f6n\u00fcl ferahl\u0131\u011f\u0131na eri\u015fmek i\u00e7in baz\u0131 surelerden yard\u0131m al\u0131nmaktad\u0131r. Bu surelerden biri de Kur\u2019an-\u0131 Kerim\u2019in 94. s\u0131ras\u0131nda yer alan \u0130n\u015firah Suresi olarak kabul edilmektedir. Toplamda ayet-i kerime i\u00e7eren \u0130n\u015firah Suresi\u2019nin anlam\u0131 \u201ca\u00e7\u0131lmak ve geni\u015flemek\u201d olarak bilinmektedir",
    "meta_lang": "tr"
}