{
    "article_id": "24ce3d347857a9d1340b6bb8a44700a2.1589925703.032254",
    "title": "El-Muktedir ne demek? El-Muktedir fazileti ve anlam\u0131",
    "authors": [],
    "canonical_link": "https://www.milliyet.com.tr/ramazan/dini-bilgiler/el-muktedir-ne-demek-el-muktedir-fazileti-ve-anlami-6188667",
    "url": "http://milliyet.com.tr/ramazan/dini-bilgiler/el-muktedir-ne-demek-el-muktedir-fazileti-ve-anlami-6188667",
    "top_img": "https://i2.milimaj.com/i/milliyet/75/0x0/5e95c86f5542840fb03b157c.jpg",
    "meta_img": "https://i2.milimaj.com/i/milliyet/75/0x0/5e95c86f5542840fb03b157c.jpg",
    "movies": [],
    "text": "Muktedir kelimesini s\u00f6zl\u00fck anlam\u0131 \u00fczerinden ifade etmek gerekirse \u2018Tam bir kudret sahibi; her \u015feye g\u00fcc\u00fc yeten\u2019 \u015fekilde ifade etti\u011fi g\u00f6r\u00fclebilir. Bu b\u00fcy\u00fck ifadesi ile beraber ayn\u0131 zamanda \u0130smi \u015eerifi farkl\u0131 say\u0131lar\u0131 dile getirmek suretiyle, fazileti ve esmas\u0131 \u00fczerinden g\u00f6revinizi yerine getirebilirsiniz.\n\nEl-Muktedir Anlam\u0131 Nedir?\n\nAllah\u00fc Teala'n\u0131n, kudret ile kudret sahipleri \u00fczerinde arzu etti\u011fi gibi tasarruf edendir. O\u2019nun \u2018Kadir\u2019 olmas\u0131 demek istedi\u011fi zamanda ve istedi\u011fi \u015fekilde yaratmas\u0131 ve bu g\u00fcce sahip olmas\u0131 \u015feklinde ifade edilmektedir. K\u0131saca Muktedir Allah\u00fc Teala'n\u0131n bilfiil g\u00fcc\u00fcn\u00fc yaratt\u0131klar\u0131nda g\u00f6stermesi olarak da dile getirmek m\u00fcmk\u00fcn.\n\nEl-Muktedir Faziletleri Nedir?\n\nEl-Muktedir ismi \u015ferifinin pek \u00e7ok farkl\u0131 fazileti bulunmaktad\u0131r. Bu faziletleri ile beraber esmas\u0131 dv zikri \u00fczerinden farkl\u0131 say\u0131larda okuyabilirsiniz. Ger\u00e7ekle\u015ftirece\u011finiz okuma ile beraber pek \u00e7ok dert ve soruna kar\u015f\u0131 deva bulman\u0131z m\u00fcmk\u00fcn.\n\n- Zalimlerin helak\u0131 ad\u0131na bu \u0130smi \u015eerifi 744 kere okunmal\u0131d\u0131r.\n\n- Kim uyand\u0131\u011f\u0131 gibi El-Muktedir faziletini El-Muktedir Celle Celal\u00fch\u00fc \u015feklinde okursa, Allahu Teala onun i\u015flerini rast g\u00f6t\u00fcr\u00fcr ve ray\u0131na koymak suretiyle tedbir eder.\n\n- Bu ismi \u015ferifi 744 defa okuyan ki\u015fi kendini ba\u015fkalar\u0131na sevdirir. Hi\u00e7 kimse sayg\u0131da kusur etmez ve sohbetleri b\u00fcy\u00fck bir keyif ile dinlenir.\n\n- Do\u011fru yoldan \u00e7\u0131km\u0131\u015f olan ki\u015filer i\u00e7in 744 kez bu ismi \u015ferif okunursa yeniden hak yoluna d\u00f6nebilir.\n\n- 5 vakit namaz k\u0131l\u0131nmas\u0131n\u0131n ard\u0131ndan bu ismi \u015ferif zikrederse ki\u015fi i\u015flerinde ba\u015far\u0131l\u0131 olur ve \u00e7evresindeki insanlar taraf\u0131ndan \u00e7ok sevilir.\n\nBu faziletleri ve anlam\u0131 ile beraber zikri \u00fczerinden farkl\u0131 say\u0131larda amaca uygun \u015fekilde okuyabilirsiniz.",
    "keywords": [
        "ismi",
        "ne",
        "elmuktedir",
        "demek",
        "farkl\u0131",
        "fazileti",
        "anlam\u0131",
        "\u00e7ok",
        "\u00fczerinden",
        "ve",
        "beraber",
        "ile",
        "\u015ferifi",
        "\u015fekilde",
        "bu"
    ],
    "meta_keywords": [
        ""
    ],
    "publish_date": null,
    "summary": "Muktedir kelimesini s\u00f6zl\u00fck anlam\u0131 \u00fczerinden ifade etmek gerekirse \u2018Tam bir kudret sahibi; her \u015feye g\u00fcc\u00fc yeten\u2019 \u015fekilde ifade etti\u011fi g\u00f6r\u00fclebilir.\nBu b\u00fcy\u00fck ifadesi ile beraber ayn\u0131 zamanda \u0130smi \u015eerifi farkl\u0131 say\u0131lar\u0131 dile getirmek suretiyle, fazileti ve esmas\u0131 \u00fczerinden g\u00f6revinizi yerine getirebilirsiniz.\nEl-Muktedir Anlam\u0131 Nedir?\nAllah\u00fc Teala'n\u0131n, kudret ile kudret sahipleri \u00fczerinde arzu etti\u011fi gibi tasarruf edendir.\nO\u2019nun \u2018Kadir\u2019 olmas\u0131 demek istedi\u011fi zamanda ve istedi\u011fi \u015fekilde yaratmas\u0131 ve bu g\u00fcce sahip olmas\u0131 \u015feklinde ifade edilmektedir.\nK\u0131saca Muktedir Allah\u00fc Teala'n\u0131n bilfiil g\u00fcc\u00fcn\u00fc yaratt\u0131klar\u0131nda g\u00f6stermesi olarak da dile getirmek m\u00fcmk\u00fcn.\nEl-Muktedir Faziletleri Nedir?\nEl-Muktedir ismi \u015ferifinin pek \u00e7ok farkl\u0131 fazileti bulunmaktad\u0131r.\nBu faziletleri ile beraber esmas\u0131 dv zikri \u00fczerinden farkl\u0131 say\u0131larda okuyabilirsiniz.\nGer\u00e7ekle\u015ftirece\u011finiz okuma ile beraber pek \u00e7ok dert ve soruna kar\u015f\u0131 deva bulman\u0131z m\u00fcmk\u00fcn.\n- Zalimlerin helak\u0131 ad\u0131na bu \u0130smi \u015eerifi 744 kere okunmal\u0131d\u0131r.\n- Kim uyand\u0131\u011f\u0131 gibi El-Muktedir faziletini El-Muktedir Celle Celal\u00fch\u00fc \u015feklinde okursa, Allahu Teala onun i\u015flerini rast g\u00f6t\u00fcr\u00fcr ve ray\u0131na koymak suretiyle tedbir eder.\n- Bu ismi \u015ferifi 744 defa okuyan ki\u015fi kendini ba\u015fkalar\u0131na sevdirir.\nHi\u00e7 kimse sayg\u0131da kusur etmez ve sohbetleri b\u00fcy\u00fck bir keyif ile dinlenir.\n- Do\u011fru yoldan \u00e7\u0131km\u0131\u015f olan ki\u015filer i\u00e7in 744 kez bu ismi \u015ferif okunursa yeniden hak yoluna d\u00f6nebilir.\n- 5 vakit namaz k\u0131l\u0131nmas\u0131n\u0131n ard\u0131ndan bu ismi \u015ferif zikrederse ki\u015fi i\u015flerinde ba\u015far\u0131l\u0131 olur ve \u00e7evresindeki insanlar taraf\u0131ndan \u00e7ok sevilir.\nBu faziletleri ve anlam\u0131 ile beraber zikri \u00fczerinden farkl\u0131 say\u0131larda amaca uygun \u015fekilde okuyabilirsiniz.",
    "article_html": "",
    "meta_description": "Muktedir kelimesinin yan\u0131nda El-Muktedir ism-i \u015eerifi \u00f6\u011frenerek faziletlerini yerine getirebilirsiniz. Bu esmas\u0131 ve faziletleri \u00fczerinden isteklerinizi Allah\u00fc te\u00e2l\u00e2ya sunman\u0131z m\u00fcmk\u00fcn. Peki, El-Muktedir ne demek? El-Muktedir fazileti ve anlam\u0131 hakk\u0131nda bilinmesi gerekenler.",
    "meta_lang": "tr"
}