{
    "article_id": "6a543673cb2ecfe11c81ff6c236878c5.1589925705.2454586",
    "title": "El-Evvel Ne Demek? El-Evvel Fazileti Ve Anlam\u0131",
    "authors": [],
    "canonical_link": "https://www.milliyet.com.tr/ramazan/dini-bilgiler/el-evvel-ne-demek-el-evvel-fazileti-ve-anlami-6189877",
    "url": "http://milliyet.com.tr/ramazan/dini-bilgiler/el-evvel-ne-demek-el-evvel-fazileti-ve-anlami-6189877",
    "top_img": "https://i2.milimaj.com/i/milliyet/75/0x0/5e97a78eadcdeb18340eaeeb.jpg",
    "meta_img": "https://i2.milimaj.com/i/milliyet/75/0x0/5e97a78eadcdeb18340eaeeb.jpg",
    "movies": [],
    "text": "Esma\u00fcl H\u00fcsna\u2019da yer alan isimlerin zikredilmesiyle hem Allah\u2019a duyulan sayg\u0131 g\u00f6sterilmekte hem de kullara sevap yaz\u0131lmaktad\u0131r. Bu ba\u011flamda s\u0131k s\u0131k zikredilen Esmalardan biri de El-Evvel olarak bilinmektedir.\n\n\n\nEl-Evvel Anlam\u0131 Nedir?\n\n\n\nAllah\u2019\u0131n 99 ismiyle onun kendisine \u00f6zel \u00f6zellikleri ve s\u0131fatlar\u0131 dile getirilmektedir. Bu ba\u011flamda El-evvel esmas\u0131, ba\u015flang\u0131c\u0131 olmayan ve ilk manas\u0131na gelmektedir. Buna g\u00f6re El-Evvel s\u0131fat\u0131n\u0131n manas\u0131na bak\u0131ld\u0131\u011f\u0131nda Allah-u Teala\u2019n\u0131n t\u00fcm varl\u0131klardan \u00f6nce oldu\u011fu anla\u015f\u0131lmaktad\u0131r. O\u2019nun varl\u0131\u011f\u0131 kendi zat\u0131 iledir ve yaratmay\u0131 ba\u015flatan da Allah\u2019t\u0131r. Buna g\u00f6re, bilinen t\u00fcm varl\u0131klar da Allah taraf\u0131ndan meydana getirilmi\u015ftir.\n\n\n\nEl-Evvel Faziletleri Nedir?\n\n\n\nEl-Evvel esmas\u0131yla olu\u015fturulan \u201cYa Evvel\u201d zikri, ki\u015finin okudu\u011fu niyete g\u00f6re farkl\u0131 faziletler i\u00e7ermektedir. Bu ba\u011flamda Ya Evvel zikrine devam edildi\u011fi takdirde elde edilebilecek faziletler a\u015fa\u011f\u0131daki gibi s\u0131ralanmaktad\u0131r.\n\n- Ya Evvel zikrine devam edenler ilim ve fen konusunda ba\u015far\u0131l\u0131 olurlar.\n\n- \u00c7ocu\u011fu olmayan kimseler bu zikir ile Allah\u2019\u0131n izniyle muratlar\u0131na kavu\u015furlar.\n\n- Her g\u00fcn bu zikri okuyanlar sa\u011fl\u0131klar\u0131n\u0131 korurlar.\n\n- D\u00fcnyevi s\u0131k\u0131nt\u0131s\u0131 olanlar hem maddi hem de manevi anlamda rahata kavu\u015furlar.\n\n- \u00d6\u011frenci kimse bu zikre devam etti\u011finde Allah\u2019\u0131n da izniyle ba\u015far\u0131 elde eder.\n\n- Uzak yerde olanlar Ya Evvel zikri ile sevdiklerine sa\u011f salim kavu\u015furlar.\n\n- Uzun yolculu\u011fa \u00e7\u0131karken okundu\u011fu zaman, ki\u015filer kaza ve bala gibi k\u00f6t\u00fcl\u00fcklerden korunurlar.\n\n- Namazdan sonra zikredildi\u011finde, ki\u015fi hangi niyetle okuduysa bu murad\u0131na kolay bir \u015fekilde kavu\u015fur.",
    "keywords": [
        "ne",
        "demek",
        "devam",
        "g\u00f6re",
        "fazileti",
        "anlam\u0131",
        "evvel",
        "ve",
        "zikri",
        "hem",
        "ya",
        "elevvel",
        "kavu\u015furlar",
        "bu"
    ],
    "meta_keywords": [
        ""
    ],
    "publish_date": null,
    "summary": "Esma\u00fcl H\u00fcsna\u2019da yer alan isimlerin zikredilmesiyle hem Allah\u2019a duyulan sayg\u0131 g\u00f6sterilmekte hem de kullara sevap yaz\u0131lmaktad\u0131r.\nBu ba\u011flamda s\u0131k s\u0131k zikredilen Esmalardan biri de El-Evvel olarak bilinmektedir.\nEl-Evvel Anlam\u0131 Nedir?\nAllah\u2019\u0131n 99 ismiyle onun kendisine \u00f6zel \u00f6zellikleri ve s\u0131fatlar\u0131 dile getirilmektedir.\nBu ba\u011flamda El-evvel esmas\u0131, ba\u015flang\u0131c\u0131 olmayan ve ilk manas\u0131na gelmektedir.\nBuna g\u00f6re El-Evvel s\u0131fat\u0131n\u0131n manas\u0131na bak\u0131ld\u0131\u011f\u0131nda Allah-u Teala\u2019n\u0131n t\u00fcm varl\u0131klardan \u00f6nce oldu\u011fu anla\u015f\u0131lmaktad\u0131r.\nO\u2019nun varl\u0131\u011f\u0131 kendi zat\u0131 iledir ve yaratmay\u0131 ba\u015flatan da Allah\u2019t\u0131r.\nBuna g\u00f6re, bilinen t\u00fcm varl\u0131klar da Allah taraf\u0131ndan meydana getirilmi\u015ftir.\nEl-Evvel Faziletleri Nedir?\nEl-Evvel esmas\u0131yla olu\u015fturulan \u201cYa Evvel\u201d zikri, ki\u015finin okudu\u011fu niyete g\u00f6re farkl\u0131 faziletler i\u00e7ermektedir.\nBu ba\u011flamda Ya Evvel zikrine devam edildi\u011fi takdirde elde edilebilecek faziletler a\u015fa\u011f\u0131daki gibi s\u0131ralanmaktad\u0131r.\n- Ya Evvel zikrine devam edenler ilim ve fen konusunda ba\u015far\u0131l\u0131 olurlar.\n- \u00c7ocu\u011fu olmayan kimseler bu zikir ile Allah\u2019\u0131n izniyle muratlar\u0131na kavu\u015furlar.\n- Her g\u00fcn bu zikri okuyanlar sa\u011fl\u0131klar\u0131n\u0131 korurlar.\n- D\u00fcnyevi s\u0131k\u0131nt\u0131s\u0131 olanlar hem maddi hem de manevi anlamda rahata kavu\u015furlar.\n- \u00d6\u011frenci kimse bu zikre devam etti\u011finde Allah\u2019\u0131n da izniyle ba\u015far\u0131 elde eder.\n- Uzak yerde olanlar Ya Evvel zikri ile sevdiklerine sa\u011f salim kavu\u015furlar.\n- Uzun yolculu\u011fa \u00e7\u0131karken okundu\u011fu zaman, ki\u015filer kaza ve bala gibi k\u00f6t\u00fcl\u00fcklerden korunurlar.\n- Namazdan sonra zikredildi\u011finde, ki\u015fi hangi niyetle okuduysa bu murad\u0131na kolay bir \u015fekilde kavu\u015fur.",
    "article_html": "",
    "meta_description": "El-Evvel, Allah\u2019\u0131n g\u00fczel isimleri olarak tasvir edilen Esma\u00fcl H\u00fcsna aras\u0131nda bulunmaktad\u0131r. 99 esmadan her birinin farkl\u0131 bir anlam\u0131 ve fazileti oldu\u011funa inan\u0131lmaktad\u0131r. Peki, El-Evvel esmas\u0131n\u0131n anlam\u0131 nedir? Bu esman\u0131n faziletleri nelerdir? Sizler i\u00e7in El-Evvel isminin anlam\u0131n\u0131 ve faziletlerini ara\u015ft\u0131rd\u0131k. \u0130\u015fte, El-Evvel hakk\u0131nda s\u0131k\u00e7a sorulan sorular\u0131n cevaplar\u0131.",
    "meta_lang": "tr"
}