{
    "article_id": "cf73cfe4eafb394cf5c16340d223d487.1589925707.097123",
    "title": "El-B\u00e2t\u0131n Ne Demek? El-B\u00e2t\u0131n Fazileti Ve Anlam\u0131",
    "authors": [],
    "canonical_link": "https://www.milliyet.com.tr/ramazan/dini-bilgiler/el-batin-ne-demek-el-batin-fazileti-ve-anlami-6190451",
    "url": "http://milliyet.com.tr/ramazan/dini-bilgiler/el-batin-ne-demek-el-batin-fazileti-ve-anlami-6190451",
    "top_img": "https://i2.milimaj.com/i/milliyet/75/0x0/5e9877db5542870518de2312.jpg",
    "meta_img": "https://i2.milimaj.com/i/milliyet/75/0x0/5e9877db5542870518de2312.jpg",
    "movies": [],
    "text": "B\u00e2t\u0131n s\u00f6zc\u00fck anlam\u0131 a\u00e7\u0131s\u0131ndan ele al\u0131nd\u0131\u011f\u0131nda \u2018Zat\u0131n\u0131n g\u00f6r\u00fclmesi ve mahiyetinin bilinmesi a\u00e7\u0131s\u0131ndan gizli\u2019 anlam\u0131na geldi\u011fini s\u00f6ylemek m\u00fcmk\u00fcn. Bu anlam\u0131 ile beraber ayr\u0131ca \u0130smi \u015eerifi esmas\u0131 ile fazileti \u00fczerinden, farkl\u0131 okumalar e\u015fli\u011finde deva bulmak i\u00e7in de\u011ferlendirebilirsiniz.\n\nEl-B\u00e2t\u0131n Anlam\u0131 Nedir?\n\nEl-B\u00e2t\u0131n ismi \u015ferifinin anlam\u0131 \u2018Allahu Teala, gizlidir\u2019 bi\u00e7iminde ifade edilmektedir. O g\u00f6zle g\u00f6r\u00fclmez ve ayr\u0131ca k\u00fcnh\u00fcyle bilinemez. \u0130nsan yapt\u0131\u011f\u0131 her \u015feyde ve davran\u0131\u015flar\u0131yla s\u0131n\u0131rl\u0131 varl\u0131klard\u0131r. Allah ise s\u0131n\u0131rs\u0131zd\u0131r. S\u0131n\u0131rl\u0131 olan varl\u0131klar s\u0131n\u0131rs\u0131z olan ihata ile idrak edemez. El-B\u00e2t\u0131n \u0130smi \u015eerifi ayn\u0131 zamanda \u2018zahir\u2019 ismi ile beraber de de\u011ferlendirilmektedir. K\u0131saca El-B\u00e2t\u0131n ismini bu \u015fekilde tabir etmek m\u00fcmk\u00fcn.\n\nEl-B\u00e2t\u0131n Faziletleri\n\nFarkl\u0131 anlamlar\u0131 \u00fczerinde El-B\u00e2t\u0131n ismi \u015eerifi faziletleri ile beraber ayn\u0131 zamanda esmas\u0131 \u00fczerinden de\u011fi\u015fik manalara gelmektedir. Faziletleri \u00f6\u011frenebilir ve farkl\u0131 rakamlar \u00fczerinden okuma ile dertlerinize deva bulabilirsiniz.\n\n- Duan\u0131n kabul\u00fc ve her t\u00fcrl\u00fc korkudan ar\u0131nmak i\u00e7in bu \u0130smi \u015eerifi 62 defa okuyabilirsiniz,\n\n- Ya\u015fam i\u00e7erisindeki taleplerin yerine gelebilmesi ad\u0131na 2 rekat namaz\u0131n ard\u0131ndan 145 defa okunabilir,\n\n- Korktu\u011fu \u015feylerden g\u00fcvende kalabilmek ve korkulardan uzak durabilmek i\u00e7in bu ismi \u015ferifi 62 defa zikretmek yeterlidir,\n\n- \u015eeytan\u0131n kafa kar\u0131\u015ft\u0131rmas\u0131 ile beraber verdi\u011fi vesveseden uzak durabilmek ve kurtulmak ad\u0131na, 62 kez bu ismi \u015ferif okunabilir,\n\nBu anlam\u0131 ve fazileti ile beraber farkl\u0131 rakamlar \u00fczerinden El-B\u00e2t\u0131n Celle Celal\u00fch\u00fc \u015fekilde farkl\u0131 yerlerde okunabilir. Mutlaka temiz bir kalp ile beraber i\u00e7tenlikle okundu\u011funda, bu ismi \u015ferifin getirmi\u015f oldu\u011fu t\u00fcm nimetlerinden faydalanmak m\u00fcmk\u00fcn. Her amaca ba\u011fl\u0131 olarak do\u011fru \u015fekilde okunmal\u0131 ve do\u011fru say\u0131lar\u0131 \u00fczerinden tekrar edilmelidir.",
    "keywords": [
        "ismi",
        "ne",
        "demek",
        "farkl\u0131",
        "elb\u00e2t\u0131n",
        "fazileti",
        "anlam\u0131",
        "beraber",
        "ve",
        "\u00fczerinden",
        "ile",
        "\u015ferifi",
        "bu"
    ],
    "meta_keywords": [
        ""
    ],
    "publish_date": null,
    "summary": "B\u00e2t\u0131n s\u00f6zc\u00fck anlam\u0131 a\u00e7\u0131s\u0131ndan ele al\u0131nd\u0131\u011f\u0131nda \u2018Zat\u0131n\u0131n g\u00f6r\u00fclmesi ve mahiyetinin bilinmesi a\u00e7\u0131s\u0131ndan gizli\u2019 anlam\u0131na geldi\u011fini s\u00f6ylemek m\u00fcmk\u00fcn.\nBu anlam\u0131 ile beraber ayr\u0131ca \u0130smi \u015eerifi esmas\u0131 ile fazileti \u00fczerinden, farkl\u0131 okumalar e\u015fli\u011finde deva bulmak i\u00e7in de\u011ferlendirebilirsiniz.\nEl-B\u00e2t\u0131n Anlam\u0131 Nedir?\nEl-B\u00e2t\u0131n ismi \u015ferifinin anlam\u0131 \u2018Allahu Teala, gizlidir\u2019 bi\u00e7iminde ifade edilmektedir.\nO g\u00f6zle g\u00f6r\u00fclmez ve ayr\u0131ca k\u00fcnh\u00fcyle bilinemez.\n\u0130nsan yapt\u0131\u011f\u0131 her \u015feyde ve davran\u0131\u015flar\u0131yla s\u0131n\u0131rl\u0131 varl\u0131klard\u0131r.\nAllah ise s\u0131n\u0131rs\u0131zd\u0131r.\nS\u0131n\u0131rl\u0131 olan varl\u0131klar s\u0131n\u0131rs\u0131z olan ihata ile idrak edemez.\nEl-B\u00e2t\u0131n \u0130smi \u015eerifi ayn\u0131 zamanda \u2018zahir\u2019 ismi ile beraber de de\u011ferlendirilmektedir.\nK\u0131saca El-B\u00e2t\u0131n ismini bu \u015fekilde tabir etmek m\u00fcmk\u00fcn.\nEl-B\u00e2t\u0131n FaziletleriFarkl\u0131 anlamlar\u0131 \u00fczerinde El-B\u00e2t\u0131n ismi \u015eerifi faziletleri ile beraber ayn\u0131 zamanda esmas\u0131 \u00fczerinden de\u011fi\u015fik manalara gelmektedir.\nFaziletleri \u00f6\u011frenebilir ve farkl\u0131 rakamlar \u00fczerinden okuma ile dertlerinize deva bulabilirsiniz.\n- Duan\u0131n kabul\u00fc ve her t\u00fcrl\u00fc korkudan ar\u0131nmak i\u00e7in bu \u0130smi \u015eerifi 62 defa okuyabilirsiniz,- Ya\u015fam i\u00e7erisindeki taleplerin yerine gelebilmesi ad\u0131na 2 rekat namaz\u0131n ard\u0131ndan 145 defa okunabilir,- Korktu\u011fu \u015feylerden g\u00fcvende kalabilmek ve korkulardan uzak durabilmek i\u00e7in bu ismi \u015ferifi 62 defa zikretmek yeterlidir,- \u015eeytan\u0131n kafa kar\u0131\u015ft\u0131rmas\u0131 ile beraber verdi\u011fi vesveseden uzak durabilmek ve kurtulmak ad\u0131na, 62 kez bu ismi \u015ferif okunabilir,Bu anlam\u0131 ve fazileti ile beraber farkl\u0131 rakamlar \u00fczerinden El-B\u00e2t\u0131n Celle Celal\u00fch\u00fc \u015fekilde farkl\u0131 yerlerde okunabilir.\nMutlaka temiz bir kalp ile beraber i\u00e7tenlikle okundu\u011funda, bu ismi \u015ferifin getirmi\u015f oldu\u011fu t\u00fcm nimetlerinden faydalanmak m\u00fcmk\u00fcn.\nHer amaca ba\u011fl\u0131 olarak do\u011fru \u015fekilde okunmal\u0131 ve do\u011fru say\u0131lar\u0131 \u00fczerinden tekrar edilmelidir.",
    "article_html": "",
    "meta_description": "Allah'\u0131n isimlerinden biri olarak El-B\u00e2t\u0131n ismi \u015ferifini \u00f6\u011frenebilir ve faziletlerini kullanabilirsiniz. Ayn\u0131 zamanda B\u00e2t\u0131n kelimesinin ne anlama geldi\u011fini de \u00f6\u011frenebilirsiniz. Peki, El-B\u00e2t\u0131n ne demek? El-B\u00e2t\u0131n fazileti ve anlam\u0131 hakk\u0131nda bilinmesi gerekenler.",
    "meta_lang": "tr"
}