{
    "article_id": "3dd74e05e2cb91e8e291ff606836c0f7.1589925710.3775847",
    "title": "Kuzey Ege\u2019de 25 y\u0131l sonra yalanc\u0131 katil balinalar g\u00f6r\u00fcld\u00fc",
    "authors": [],
    "canonical_link": "https://www.milliyet.com.tr/milliyet-tv/kuzey-egede-25-yil-sonra-yalanci-katil-balinalar-goruldu-6215483",
    "url": "http://milliyet.com.tr/milliyet-tv/kuzey-egede-25-yil-sonra-yalanci-katil-balinalar-goruldu-6215483",
    "top_img": "https://i2.milimaj.com/i/milliyet/75/0x0/5ec39b625542811430cb2240.jpg",
    "meta_img": "https://i2.milimaj.com/i/milliyet/75/0x0/5ec39b625542811430cb2240.jpg",
    "movies": [],
    "text": "Oynatma Listesi\n\nNesli t\u00fckenme tehlikesi alt\u0131nda olan yalanc\u0131 katil balinalar, Kuzey Ege 'de ilk, Ege Denizi'nde ise 25 y\u0131l sonra g\u00f6r\u00fcnt\u00fclendi.\n\nG\u00f6k\u00e7eada'n\u0131n 6 mil a\u00e7\u0131\u011f\u0131nda oltayla avlanan bal\u0131k\u00e7\u0131 U\u011fur \u00d6zdemir, ilk defa g\u00f6rd\u00fc\u011f\u00fc 8 balinan\u0131n g\u00f6r\u00fcnt\u00fclerini \u0130stanbul \u00dcniversitesi (\u0130\u00dc) Su Bilimleri Fak\u00fcltesi ve T\u00fcrk Deniz Ara\u015ft\u0131rmalar\u0131 Vakf\u0131'na (T\u00dcDAV) g\u00f6nderdi. Uzmanlar g\u00f6r\u00fcnt\u00fclerde yer alan canl\u0131lar\u0131n yalanc\u0131 katil balinalar oldu\u011funu tespit etti.\n\nBunun \u00fczerine \u0130\u00dc Su Bilimleri Fak\u00fcltesi \u00d6\u011fretim \u00dcyeleri Do\u00e7. Dr. Ayhan Dede, Do\u00e7. Dr. Arda M. Tonay, Do\u00e7. Dr. Onur G\u00f6n\u00fclal ve Dr. Ayaka Amaha \u00d6zt\u00fcrk, bilimsel ad\u0131 'Pseudorca crassidens' olan yalanc\u0131 katil balinalar\u0131n 25 y\u0131l sonra ilk defa T\u00fcrkiye k\u0131y\u0131lar\u0131nda g\u00f6r\u00fcld\u00fc\u011f\u00fcn\u00fc, yazd\u0131klar\u0131 bilimsel makaleyle d\u00fcnyaya duyurdu.\n\n\u0130\u00dc Su Bilimleri Fak\u00fcltesi \u00d6\u011fretim \u00dcyesi ve T\u00fcrk Deniz Ara\u015ft\u0131rmalar\u0131 Vakf\u0131 (T\u00dcDAV) Ba\u015fkan Yard\u0131mc\u0131s\u0131 Do\u00e7. Dr. Arda M. Tonay, AA muhabirine yapt\u0131\u011f\u0131 a\u00e7\u0131klamada, d\u00fcnyada 89 adet balina ve yunus t\u00fcr\u00fc oldu\u011funu ve bunlardan sadece katil balinalar\u0131n di\u011fer deniz memelilerini yedi\u011fini, yalanc\u0131 katil balinalar\u0131n\u0131n ise \u00e7ok nadiren bunu yapt\u0131\u011f\u0131n\u0131 s\u00f6yledi.\n\nBu t\u00fcr\u00fcn isminin 1800 y\u0131llarda konuldu\u011funu belirten Tonay, \"O d\u00f6nemdeki bilim insanlar\u0131 kafataslar\u0131 katil balinalara \u00e7ok benzedi\u011fi i\u00e7in bu t\u00fcre 'yalanc\u0131 katil balina' ismini vermi\u015fler\" diye konu\u015ftu.",
    "keywords": [
        "katil",
        "sonra",
        "kuzey",
        "do\u00e7",
        "25",
        "dr",
        "su",
        "g\u00f6r\u00fcld\u00fc",
        "fak\u00fcltesi",
        "deniz",
        "yalanc\u0131",
        "ve",
        "egede",
        "tonay",
        "ilk",
        "balinalar",
        "y\u0131l"
    ],
    "meta_keywords": [
        ""
    ],
    "publish_date": null,
    "summary": "Oynatma ListesiNesli t\u00fckenme tehlikesi alt\u0131nda olan yalanc\u0131 katil balinalar, Kuzey Ege 'de ilk, Ege Denizi'nde ise 25 y\u0131l sonra g\u00f6r\u00fcnt\u00fclendi.\nG\u00f6k\u00e7eada'n\u0131n 6 mil a\u00e7\u0131\u011f\u0131nda oltayla avlanan bal\u0131k\u00e7\u0131 U\u011fur \u00d6zdemir, ilk defa g\u00f6rd\u00fc\u011f\u00fc 8 balinan\u0131n g\u00f6r\u00fcnt\u00fclerini \u0130stanbul \u00dcniversitesi (\u0130\u00dc) Su Bilimleri Fak\u00fcltesi ve T\u00fcrk Deniz Ara\u015ft\u0131rmalar\u0131 Vakf\u0131'na (T\u00dcDAV) g\u00f6nderdi.\nUzmanlar g\u00f6r\u00fcnt\u00fclerde yer alan canl\u0131lar\u0131n yalanc\u0131 katil balinalar oldu\u011funu tespit etti.\nBunun \u00fczerine \u0130\u00dc Su Bilimleri Fak\u00fcltesi \u00d6\u011fretim \u00dcyeleri Do\u00e7.\nDr. Ayhan Dede, Do\u00e7.\nDr. Arda M. Tonay, Do\u00e7.\nDr. Onur G\u00f6n\u00fclal ve Dr. Ayaka Amaha \u00d6zt\u00fcrk, bilimsel ad\u0131 'Pseudorca crassidens' olan yalanc\u0131 katil balinalar\u0131n 25 y\u0131l sonra ilk defa T\u00fcrkiye k\u0131y\u0131lar\u0131nda g\u00f6r\u00fcld\u00fc\u011f\u00fcn\u00fc, yazd\u0131klar\u0131 bilimsel makaleyle d\u00fcnyaya duyurdu.\n\u0130\u00dc Su Bilimleri Fak\u00fcltesi \u00d6\u011fretim \u00dcyesi ve T\u00fcrk Deniz Ara\u015ft\u0131rmalar\u0131 Vakf\u0131 (T\u00dcDAV) Ba\u015fkan Yard\u0131mc\u0131s\u0131 Do\u00e7.\nDr. Arda M. Tonay, AA muhabirine yapt\u0131\u011f\u0131 a\u00e7\u0131klamada, d\u00fcnyada 89 adet balina ve yunus t\u00fcr\u00fc oldu\u011funu ve bunlardan sadece katil balinalar\u0131n di\u011fer deniz memelilerini yedi\u011fini, yalanc\u0131 katil balinalar\u0131n\u0131n ise \u00e7ok nadiren bunu yapt\u0131\u011f\u0131n\u0131 s\u00f6yledi.\nBu t\u00fcr\u00fcn isminin 1800 y\u0131llarda konuldu\u011funu belirten Tonay, \"O d\u00f6nemdeki bilim insanlar\u0131 kafataslar\u0131 katil balinalara \u00e7ok benzedi\u011fi i\u00e7in bu t\u00fcre 'yalanc\u0131 katil balina' ismini vermi\u015fler\" diye konu\u015ftu.",
    "article_html": "",
    "meta_description": "Nesli t\u00fckenme tehlikesi alt\u0131nda olan yalanc\u0131 katil balinalar, Kuzey Ege'de ilk, Ege Denizi'nde ise 25 y\u0131l sonra g\u00f6r\u00fcnt\u00fclendi.",
    "meta_lang": "tr"
}