{
    "article_id": "45ac07632d6139bfc3e09ea43f44b99a.1589925710.9722266",
    "title": "Son dakika: 25 y\u0131l sonra bir ilk! G\u00f6k\u00e7eada yak\u0131nlar\u0131nda g\u00f6r\u00fcld\u00fc, yalanc\u0131 katil...",
    "authors": [],
    "canonical_link": "https://www.milliyet.com.tr/gundem/son-dakika-25-yil-sonra-bir-ilk-gokceada-yakinlarinda-goruldu-yalanci-katil-6215471",
    "url": "http://milliyet.com.tr/gundem/son-dakika-25-yil-sonra-bir-ilk-gokceada-yakinlarinda-goruldu-yalanci-katil-6215471",
    "top_img": "https://i2.milimaj.com/i/milliyet/75/0x0/5ec396fe55427f162c981877.jpg",
    "meta_img": "https://i2.milimaj.com/i/milliyet/75/0x0/5ec396fe55427f162c981877.jpg",
    "movies": [],
    "text": "G\u00f6k\u00e7eada'n\u0131n 6 mil a\u00e7\u0131\u011f\u0131nda oltayla avlanan bal\u0131k\u00e7\u0131 U\u011fur \u00d6zdemir, ilk defa g\u00f6rd\u00fc\u011f\u00fc 8 balinan\u0131n g\u00f6r\u00fcnt\u00fclerini \u0130stanbul \u00dcniversitesi (\u0130\u00dc) Su Bilimleri Fak\u00fcltesi ve T\u00fcrk Deniz Ara\u015ft\u0131rmalar\u0131 Vakf\u0131'na (T\u00dcDAV) g\u00f6nderdi. Uzmanlar g\u00f6r\u00fcnt\u00fclerde yer alan canl\u0131lar\u0131n yalanc\u0131 katil balinalar oldu\u011funu tespit etti.\n\nBunun \u00fczerine \u0130\u00dc Su Bilimleri Fak\u00fcltesi \u00d6\u011fretim \u00dcyeleri Do\u00e7. Dr. Ayhan Dede, Do\u00e7. Dr. Arda M. Tonay, Do\u00e7. Dr. Onur G\u00f6n\u00fclal ve Dr. Ayaka Amaha \u00d6zt\u00fcrk, bilimsel ad\u0131 'Pseudorca crassidens' olan yalanc\u0131 katil balinalar\u0131n 25 y\u0131l sonra ilk defa T\u00fcrkiye k\u0131y\u0131lar\u0131nda g\u00f6r\u00fcld\u00fc\u011f\u00fcn\u00fc, yazd\u0131klar\u0131 bilimsel makaleyle d\u00fcnyaya duyurdu.\n\n\u0130\u00dc Su Bilimleri Fak\u00fcltesi \u00d6\u011fretim \u00dcyesi ve T\u00fcrk Deniz Ara\u015ft\u0131rmalar\u0131 Vakf\u0131 (T\u00dcDAV) Ba\u015fkan Yard\u0131mc\u0131s\u0131 Do\u00e7. Dr. Arda M. Tonay, AA muhabirine yapt\u0131\u011f\u0131 a\u00e7\u0131klamada, d\u00fcnyada 89 adet balina ve yunus t\u00fcr\u00fc oldu\u011funu ve bunlardan sadece katil balinalar\u0131n di\u011fer deniz memelilerini yedi\u011fini, yalanc\u0131 katil balinalar\u0131n\u0131n ise \u00e7ok nadiren bunu yapt\u0131\u011f\u0131n\u0131 s\u00f6yledi.\n\nBu t\u00fcr\u00fcn isminin 1800 y\u0131llarda konuldu\u011funu belirten Tonay, \"O d\u00f6nemdeki bilim insanlar\u0131 kafataslar\u0131 katil balinalara \u00e7ok benzedi\u011fi i\u00e7in bu t\u00fcre 'yalanc\u0131 katil balina' ismini vermi\u015fler\" diye konu\u015ftu.\n\nTonay, yalanc\u0131 katil balinalar\u0131n genellikle \u0131l\u0131man ve tropik denizlerdeki derin sularda ya\u015fad\u0131\u011f\u0131n\u0131 anlatarak, \u015f\u00f6yle devam etti:\n\n\"Yalanc\u0131 katil balinalar\u0131n son 30 y\u0131ld\u0131r t\u00fcm Akdeniz'de kayd\u0131 20 taneden daha azd\u0131r. Ege Denizi'nde ise son 25 y\u0131ld\u0131r ve Kuzey Ege'de ilk defa yalanc\u0131 katil balinalar kay\u0131t alt\u0131na al\u0131nd\u0131. Ege\u2019nin en derin noktalar\u0131ndan biri G\u00f6k\u00e7eada\u2019da, dolay\u0131s\u0131yla derin sular\u0131 seven t\u00fcrlerin bu b\u00f6lgeyi ziyaret etmesi \u00e7ok normal. Ge\u00e7en hafta ayn\u0131 t\u00fcre ait bir grup \u0130srail ve L\u00fcbnan\u2019da g\u00f6r\u00fcld\u00fc. Akdeniz\u2019in biyo\u00e7e\u015fitlili\u011fi a\u00e7\u0131s\u0131ndan heyecan verici kay\u0131tlar bunlar.\"\n\nBu tip kay\u0131tlar\u0131 denizcilerin ve bal\u0131k\u00e7\u0131lar\u0131n kendilerine ula\u015ft\u0131rmas\u0131n\u0131n son derece \u00f6nemli oldu\u011funun alt\u0131n\u0131 \u00e7izen Tonay, \"Bu hayvanlar nesli tehlike alt\u0131nda ve tamamen zarars\u0131z t\u00fcrler. T\u00fcrkiye denizlerinde baz\u0131lar\u0131 nadir de olsa 13 balina ve yunus t\u00fcr\u00fc g\u00f6zlenebilir. Bu tip deniz memelisi g\u00f6zlemleri, t\u00fcrlerin da\u011f\u0131l\u0131mlar\u0131n\u0131 anlamam\u0131z ve dolay\u0131s\u0131yla koruma \u00e7al\u0131\u015fmalar\u0131 i\u00e7in \u00e7ok \u00f6nemli veri kaynaklar\u0131d\u0131r.\" de\u011ferlendirmesini yapt\u0131.",
    "keywords": [
        "sonra",
        "katil",
        "g\u00f6k\u00e7eada",
        "do\u00e7",
        "son",
        "dakika",
        "yak\u0131nlar\u0131nda",
        "dr",
        "g\u00f6r\u00fcld\u00fc",
        "deniz",
        "yalanc\u0131",
        "\u00e7ok",
        "ve",
        "bu",
        "tonay",
        "balinalar\u0131n",
        "ilk",
        "y\u0131l"
    ],
    "meta_keywords": [
        ""
    ],
    "publish_date": null,
    "summary": "G\u00f6k\u00e7eada'n\u0131n 6 mil a\u00e7\u0131\u011f\u0131nda oltayla avlanan bal\u0131k\u00e7\u0131 U\u011fur \u00d6zdemir, ilk defa g\u00f6rd\u00fc\u011f\u00fc 8 balinan\u0131n g\u00f6r\u00fcnt\u00fclerini \u0130stanbul \u00dcniversitesi (\u0130\u00dc) Su Bilimleri Fak\u00fcltesi ve T\u00fcrk Deniz Ara\u015ft\u0131rmalar\u0131 Vakf\u0131'na (T\u00dcDAV) g\u00f6nderdi.\nUzmanlar g\u00f6r\u00fcnt\u00fclerde yer alan canl\u0131lar\u0131n yalanc\u0131 katil balinalar oldu\u011funu tespit etti.\nBunun \u00fczerine \u0130\u00dc Su Bilimleri Fak\u00fcltesi \u00d6\u011fretim \u00dcyeleri Do\u00e7.\nDr. Ayhan Dede, Do\u00e7.\nDr. Arda M. Tonay, Do\u00e7.\nDr. Onur G\u00f6n\u00fclal ve Dr. Ayaka Amaha \u00d6zt\u00fcrk, bilimsel ad\u0131 'Pseudorca crassidens' olan yalanc\u0131 katil balinalar\u0131n 25 y\u0131l sonra ilk defa T\u00fcrkiye k\u0131y\u0131lar\u0131nda g\u00f6r\u00fcld\u00fc\u011f\u00fcn\u00fc, yazd\u0131klar\u0131 bilimsel makaleyle d\u00fcnyaya duyurdu.\n\u0130\u00dc Su Bilimleri Fak\u00fcltesi \u00d6\u011fretim \u00dcyesi ve T\u00fcrk Deniz Ara\u015ft\u0131rmalar\u0131 Vakf\u0131 (T\u00dcDAV) Ba\u015fkan Yard\u0131mc\u0131s\u0131 Do\u00e7.\nDr. Arda M. Tonay, AA muhabirine yapt\u0131\u011f\u0131 a\u00e7\u0131klamada, d\u00fcnyada 89 adet balina ve yunus t\u00fcr\u00fc oldu\u011funu ve bunlardan sadece katil balinalar\u0131n di\u011fer deniz memelilerini yedi\u011fini, yalanc\u0131 katil balinalar\u0131n\u0131n ise \u00e7ok nadiren bunu yapt\u0131\u011f\u0131n\u0131 s\u00f6yledi.\nBu t\u00fcr\u00fcn isminin 1800 y\u0131llarda konuldu\u011funu belirten Tonay, \"O d\u00f6nemdeki bilim insanlar\u0131 kafataslar\u0131 katil balinalara \u00e7ok benzedi\u011fi i\u00e7in bu t\u00fcre 'yalanc\u0131 katil balina' ismini vermi\u015fler\" diye konu\u015ftu.\nTonay, yalanc\u0131 katil balinalar\u0131n genellikle \u0131l\u0131man ve tropik denizlerdeki derin sularda ya\u015fad\u0131\u011f\u0131n\u0131 anlatarak, \u015f\u00f6yle devam etti:\"Yalanc\u0131 katil balinalar\u0131n son 30 y\u0131ld\u0131r t\u00fcm Akdeniz'de kayd\u0131 20 taneden daha azd\u0131r.\nEge Denizi'nde ise son 25 y\u0131ld\u0131r ve Kuzey Ege'de ilk defa yalanc\u0131 katil balinalar kay\u0131t alt\u0131na al\u0131nd\u0131.\nEge\u2019nin en derin noktalar\u0131ndan biri G\u00f6k\u00e7eada\u2019da, dolay\u0131s\u0131yla derin sular\u0131 seven t\u00fcrlerin bu b\u00f6lgeyi ziyaret etmesi \u00e7ok normal.\nGe\u00e7en hafta ayn\u0131 t\u00fcre ait bir grup \u0130srail ve L\u00fcbnan\u2019da g\u00f6r\u00fcld\u00fc.\nAkdeniz\u2019in biyo\u00e7e\u015fitlili\u011fi a\u00e7\u0131s\u0131ndan heyecan verici kay\u0131tlar bunlar.\"\nBu tip kay\u0131tlar\u0131 denizcilerin ve bal\u0131k\u00e7\u0131lar\u0131n kendilerine ula\u015ft\u0131rmas\u0131n\u0131n son derece \u00f6nemli oldu\u011funun alt\u0131n\u0131 \u00e7izen Tonay, \"Bu hayvanlar nesli tehlike alt\u0131nda ve tamamen zarars\u0131z t\u00fcrler.\nT\u00fcrkiye denizlerinde baz\u0131lar\u0131 nadir de olsa 13 balina ve yunus t\u00fcr\u00fc g\u00f6zlenebilir.\nBu tip deniz memelisi g\u00f6zlemleri, t\u00fcrlerin da\u011f\u0131l\u0131mlar\u0131n\u0131 anlamam\u0131z ve dolay\u0131s\u0131yla koruma \u00e7al\u0131\u015fmalar\u0131 i\u00e7in \u00e7ok \u00f6nemli veri kaynaklar\u0131d\u0131r.\"\nde\u011ferlendirmesini yapt\u0131.",
    "article_html": "",
    "meta_description": "Son Dakika G\u00fcncel Haberler - Son dakika haberine g\u00f6re; Nesli t\u00fckenme tehlikesi alt\u0131nda olan yalanc\u0131 katil balinalar, Kuzey Ege'de ilk, Ege Denizi'nde ise 25 y\u0131l sonra g\u00f6r\u00fcnt\u00fclendi.",
    "meta_lang": "tr"
}