{
    "article_id": "77d29b90fa0ea3c86baee9175a30b601.1589925711.5505013",
    "title": "Son dakika... Korkutan deprem uyar\u0131s\u0131! '8 \u015fiddetinden b\u00fcy\u00fck depremden etkilenebilir'",
    "authors": [],
    "canonical_link": "https://www.milliyet.com.tr/gundem/son-dakika-korkutan-deprem-uyarisi-8-siddetinden-buyuk-depremden-etkilenebilir-6215390",
    "url": "http://milliyet.com.tr/gundem/son-dakika-korkutan-deprem-uyarisi-8-siddetinden-buyuk-depremden-etkilenebilir-6215390",
    "top_img": "https://i2.milimaj.com/i/milliyet/75/0x0/5ec37d535542871b408d5fa8.jpg",
    "meta_img": "https://i2.milimaj.com/i/milliyet/75/0x0/5ec37d535542871b408d5fa8.jpg",
    "movies": [],
    "text": "Son dakika haberine g\u00f6re, Yunanistan'\u0131n Girit Adas\u0131'n\u0131n oldu\u011fu b\u00f6lgede ya\u015fanan deprem hareketlili\u011fi s\u00fcr\u00fcyor. D\u00fcn sabah saatlerinde ya\u015fanan 4.8 b\u00fcy\u00fckl\u00fc\u011f\u00fcndeki depremle g\u00fcne uyanan ada sakinleri, ilk depremin ard\u0131ndan \u00e7ok say\u0131da art\u00e7\u0131 depreme \u015fahit oldu. B\u00f6lgede ge\u00e7ti\u011fimiz haftalarda da 6,4 b\u00fcy\u00fckl\u00fc\u011f\u00fcnde \u015fiddetli bir deprem ya\u015fanm\u0131\u015ft\u0131. Bu depremlerle alakal\u0131 Prof. Dr. \u015e\u00fckr\u00fc Ersoy de\u011ferlendirmelerde bulundu.\n\nProf. Dr. \u015e\u00fckr\u00fc Ersoy'un a\u00e7\u0131klamalar\u0131 \u015fu \u015fekilde;\n\nCNN T\u00fcrk'\u00fcn haberine g\u00f6re; Akdeniz'deki depremlere \u015f\u00f6yle bakmak laz\u0131m, sadece Girit Adas\u0131 i\u00e7in d\u00fc\u015f\u00fcnmek do\u011fru de\u011fil. Burada bir alan var. Bu hat i\u00e7in konu\u015fmak gerekir. Bat\u0131'da \u0130yonya Denizi'nde ba\u015fl\u0131yor bu hat, g\u00fcneyde Girit, Kerpe ve Rodos Adas\u0131 oralardan Fethiye'ye do\u011fru giden derin bir \u00e7ukur var.\n\nEge'ye ve Anadolu'ya do\u011fru dalan bir \u00e7ukur. Hatta Rodos Adas\u0131'n\u0131n yan\u0131ndaki \u00e7ukur 4 bin 500 metre Akdeniz'in en derin yeri, buras\u0131 bir tesad\u00fcf de\u011fil. Bir yitim zonu oldu\u011fu i\u00e7in.\n\n\"8.0'DEN B\u00dcY\u00dcK DEPREMLER OLAB\u0130L\u0130R\"\n\n\n\nBuras\u0131n\u0131 d\u00fcnyadaki yerlere benzetmek gerekirse Japonya, \u015eili ve Endonezya deprem mekanizmas\u0131na benzetebiliriz. Yani d\u00fcnyan\u0131n en tehlikeli yerlerine benzetebiliriz. Dolay\u0131s\u0131yla T\u00fcrkiye'yi ilgilendiren bu ku\u015fak, 8.0'den b\u00fcy\u00fck depremler olu\u015fturabilecek kapasiteye sahip. 365 y\u0131l\u0131depremi 8.6 b\u00fcy\u00fckl\u00fc\u011f\u00fcndeki bu depremde Hitit Adas\u0131'n\u0131n bat\u0131s\u0131nda ger\u00e7ekle\u015fiyor ve aday\u0131 9 metre havaya y\u00fckseliyor. Bu sayd\u0131\u011f\u0131m\u0131z b\u00f6lge \u00f6zellikle Girit civar\u0131, \u00fc\u00e7l\u00fc tehlikeli ile kar\u015f\u0131 kar\u015f\u0131ya deprem tsunami ve volkanizma bunun \u00fc\u00e7\u00fcn\u00fc de ayn\u0131 anda \u00fcretebilir.\n\n\"DOLAYLI Y\u00d6NDEN C\u0130DD\u0130 \u015eEK\u0130LDE ETK\u0130LER\"\n\n\n\nDeprem Girit Adas\u0131 b\u00f6lgesini daha etkiler ama bizi de dolayl\u0131 y\u00f6nden ciddi \u015fekilde etkileyebilir. Fethiye'de 1957 depremi var. Bizde de \u00e7ok etkisiz kalmaz. Yunan adalar\u0131n\u0131 daha \u00e7ok etkiler ama bu zonun Ege Denizi'ne do\u011fru k\u0131sm\u0131nda Mu\u011fla G\u00f6kova, Istank\u00f6y, \u0130ncirli gibi yerler var yak\u0131nlar\u0131m\u0131zda oralarda da deprem zonla ilgili.\n\nBu hattaki depremlerin mekanizmas\u0131 birbiri ile ilintili. Depremin gelecekte olabilece\u011fini kabul edip tedbirlerimizi ona g\u00f6re haz\u0131rlamam\u0131z gerekir.\n\nB\u0130R UYGARLI\u011eI YOK EDEN OLAY\n\n\n\nProf. Dr. \u015e\u00fckr\u00fc Ersoy Twitter hesab\u0131ndan daha \u00f6nce b\u00f6lgede ya\u015fanan ve Girit Minoan Uygarl\u0131\u011f\u0131'n\u0131 yok eden olay\u0131n bilgilerini de payla\u015fm\u0131\u015ft\u0131. Ersoy \"Krakatoa volkan\u0131ndan daha k\u00f6t\u00fcs\u00fc Ege'de yan\u0131 ba\u015f\u0131m\u0131zda Santorini adas\u0131nda \u00fcnl\u00fc Thera volkan\u0131 M.\u00d6. 1600'lerde \u00f6yle \u015fiddetli (7 VEI \u015fiddetinde) patl\u0131yor ki p\u00fcsk\u00fcrmede 60 km3 malzeme \u00e7\u0131k\u0131yor, devasa bir tsunami dalgas\u0131 Girit Minoan Uygarl\u0131\u011f\u0131n\u0131 yok ediyor.\" ifadelerini kullanarak bilgileri aktard\u0131. Afet ve Acil Durum Y\u00f6netimi Ba\u015fkanl\u0131\u011f\u0131n\u0131n (AFAD) internet sitesinde yer alan bilgiye g\u00f6re, saat 02:22'de Akdeniz'de 5,6 b\u00fcy\u00fckl\u00fc\u011f\u00fcnde deprem kaydedildi. Depremin 5,89 kilometre derinlikte oldu\u011fu ve Mu\u011fla'n\u0131n Dat\u00e7a il\u00e7esine 281 kilometre uzakl\u0131kta ger\u00e7ekle\u015fti\u011fi belirlendi.",
    "keywords": [
        "korkutan",
        "\u015f\u00fckr\u00fc",
        "son",
        "g\u00f6re",
        "depremden",
        "bir",
        "daha",
        "etkilenebilir",
        "uyar\u0131s\u0131",
        "\u00e7ukur",
        "do\u011fru",
        "b\u00fcy\u00fck",
        "ve",
        "\u015fiddetinden",
        "deprem",
        "girit",
        "bu",
        "dakika"
    ],
    "meta_keywords": [
        ""
    ],
    "publish_date": null,
    "summary": "Son dakika haberine g\u00f6re, Yunanistan'\u0131n Girit Adas\u0131'n\u0131n oldu\u011fu b\u00f6lgede ya\u015fanan deprem hareketlili\u011fi s\u00fcr\u00fcyor.\nD\u00fcn sabah saatlerinde ya\u015fanan 4.8 b\u00fcy\u00fckl\u00fc\u011f\u00fcndeki depremle g\u00fcne uyanan ada sakinleri, ilk depremin ard\u0131ndan \u00e7ok say\u0131da art\u00e7\u0131 depreme \u015fahit oldu.\nB\u00f6lgede ge\u00e7ti\u011fimiz haftalarda da 6,4 b\u00fcy\u00fckl\u00fc\u011f\u00fcnde \u015fiddetli bir deprem ya\u015fanm\u0131\u015ft\u0131.\nBu depremlerle alakal\u0131 Prof. Dr. \u015e\u00fckr\u00fc Ersoy de\u011ferlendirmelerde bulundu.\nProf. Dr. \u015e\u00fckr\u00fc Ersoy'un a\u00e7\u0131klamalar\u0131 \u015fu \u015fekilde;CNN T\u00fcrk'\u00fcn haberine g\u00f6re; Akdeniz'deki depremlere \u015f\u00f6yle bakmak laz\u0131m, sadece Girit Adas\u0131 i\u00e7in d\u00fc\u015f\u00fcnmek do\u011fru de\u011fil.\nBurada bir alan var.\nBu hat i\u00e7in konu\u015fmak gerekir.\nBat\u0131'da \u0130yonya Denizi'nde ba\u015fl\u0131yor bu hat, g\u00fcneyde Girit, Kerpe ve Rodos Adas\u0131 oralardan Fethiye'ye do\u011fru giden derin bir \u00e7ukur var.\nEge'ye ve Anadolu'ya do\u011fru dalan bir \u00e7ukur.\nHatta Rodos Adas\u0131'n\u0131n yan\u0131ndaki \u00e7ukur 4 bin 500 metre Akdeniz'in en derin yeri, buras\u0131 bir tesad\u00fcf de\u011fil.\nBir yitim zonu oldu\u011fu i\u00e7in.\n\"8.0'DEN B\u00dcY\u00dcK DEPREMLER OLAB\u0130L\u0130R\"Buras\u0131n\u0131 d\u00fcnyadaki yerlere benzetmek gerekirse Japonya, \u015eili ve Endonezya deprem mekanizmas\u0131na benzetebiliriz.\nYani d\u00fcnyan\u0131n en tehlikeli yerlerine benzetebiliriz.\nDolay\u0131s\u0131yla T\u00fcrkiye'yi ilgilendiren bu ku\u015fak, 8.0'den b\u00fcy\u00fck depremler olu\u015fturabilecek kapasiteye sahip.\n365 y\u0131l\u0131depremi 8.6 b\u00fcy\u00fckl\u00fc\u011f\u00fcndeki bu depremde Hitit Adas\u0131'n\u0131n bat\u0131s\u0131nda ger\u00e7ekle\u015fiyor ve aday\u0131 9 metre havaya y\u00fckseliyor.\nBu sayd\u0131\u011f\u0131m\u0131z b\u00f6lge \u00f6zellikle Girit civar\u0131, \u00fc\u00e7l\u00fc tehlikeli ile kar\u015f\u0131 kar\u015f\u0131ya deprem tsunami ve volkanizma bunun \u00fc\u00e7\u00fcn\u00fc de ayn\u0131 anda \u00fcretebilir.\n\"DOLAYLI Y\u00d6NDEN C\u0130DD\u0130 \u015eEK\u0130LDE ETK\u0130LER\"Deprem Girit Adas\u0131 b\u00f6lgesini daha etkiler ama bizi de dolayl\u0131 y\u00f6nden ciddi \u015fekilde etkileyebilir.\nFethiye'de 1957 depremi var.\nBizde de \u00e7ok etkisiz kalmaz.\nYunan adalar\u0131n\u0131 daha \u00e7ok etkiler ama bu zonun Ege Denizi'ne do\u011fru k\u0131sm\u0131nda Mu\u011fla G\u00f6kova, Istank\u00f6y, \u0130ncirli gibi yerler var yak\u0131nlar\u0131m\u0131zda oralarda da deprem zonla ilgili.\nBu hattaki depremlerin mekanizmas\u0131 birbiri ile ilintili.\nDepremin gelecekte olabilece\u011fini kabul edip tedbirlerimizi ona g\u00f6re haz\u0131rlamam\u0131z gerekir.\nB\u0130R UYGARLI\u011eI YOK EDEN OLAYProf. Dr. \u015e\u00fckr\u00fc Ersoy Twitter hesab\u0131ndan daha \u00f6nce b\u00f6lgede ya\u015fanan ve Girit Minoan Uygarl\u0131\u011f\u0131'n\u0131 yok eden olay\u0131n bilgilerini de payla\u015fm\u0131\u015ft\u0131.\nErsoy \"Krakatoa volkan\u0131ndan daha k\u00f6t\u00fcs\u00fc Ege'de yan\u0131 ba\u015f\u0131m\u0131zda Santorini adas\u0131nda \u00fcnl\u00fc Thera volkan\u0131 M.\u00d6.\n1600'lerde \u00f6yle \u015fiddetli (7 VEI \u015fiddetinde) patl\u0131yor ki p\u00fcsk\u00fcrmede 60 km3 malzeme \u00e7\u0131k\u0131yor, devasa bir tsunami dalgas\u0131 Girit Minoan Uygarl\u0131\u011f\u0131n\u0131 yok ediyor.\"\nifadelerini kullanarak bilgileri aktard\u0131.\nAfet ve Acil Durum Y\u00f6netimi Ba\u015fkanl\u0131\u011f\u0131n\u0131n (AFAD) internet sitesinde yer alan bilgiye g\u00f6re, saat 02:22'de Akdeniz'de 5,6 b\u00fcy\u00fckl\u00fc\u011f\u00fcnde deprem kaydedildi.\nDepremin 5,89 kilometre derinlikte oldu\u011fu ve Mu\u011fla'n\u0131n Dat\u00e7a il\u00e7esine 281 kilometre uzakl\u0131kta ger\u00e7ekle\u015fti\u011fi belirlendi.",
    "article_html": "",
    "meta_description": "Son Dakika G\u00fcncel Haberler - Gelen son dakika haberine g\u00f6re, Akdeniz'in Girit Adas\u0131 b\u00f6lgesinde g\u00fcnlerdir olan depremleri de\u011ferlendiren Prof. Dr. \u015e\u00fckr\u00fc Ersoy, T\u00fcrkiye'yi ilgilendiren bu ku\u015fak, 8.0'den b\u00fcy\u00fck depremler olu\u015fturabilecek kapasiteye sahip. Deprem Girit Adas\u0131 b\u00f6lgesini daha etkiler ama bizi de dolayl\u0131 y\u00f6nden ciddi \u015fekilde etkileyebilir ifadelerini kulland\u0131.",
    "meta_lang": "tr"
}