{
    "article_id": "a3113398d44ee0b7a5f1c878302be092.1589925714.1651928",
    "title": "Turkish Cargo \u0130zmir\u2019den seferlerine ba\u015fl\u0131yor",
    "authors": [],
    "canonical_link": "https://www.milliyet.com.tr/ekonomi/turkish-cargo-izmirden-seferlerine-basliyor-6214726",
    "url": "http://milliyet.com.tr/ekonomi/turkish-cargo-izmirden-seferlerine-basliyor-6214726",
    "top_img": "https://i2.milimaj.com/i/milliyet/75/0x0/5ec241ec5542801a5ccbe93e.jpg",
    "meta_img": "https://i2.milimaj.com/i/milliyet/75/0x0/5ec241ec5542801a5ccbe93e.jpg",
    "movies": [],
    "text": "Ege Ya\u015f Meyve Sebze \u0130hracat\u00e7\u0131lar\u0131 Birli\u011fi\u2019nin d\u00fczenledi\u011fi video konferansta Turkish Cargo Genel M\u00fcd\u00fcr Yard\u0131mc\u0131s\u0131 Turhan \u00d6zen, Kargo Sat\u0131\u015f Ba\u015fkan Yard\u0131mc\u0131s\u0131 Ahmet Kaya, Ankara, \u0130stanbul, \u0130zmir, Antalya, Adana illeri Kargo M\u00fcd\u00fcrleri ya\u015f meyve sebze ihracat\u00e7\u0131lar\u0131n\u0131n havayolu kargo ilgili sorular\u0131n\u0131 yan\u0131tlad\u0131, salg\u0131n s\u00fcrecini de\u011ferlendirdi.\n\nToplant\u0131n\u0131n moderat\u00f6rl\u00fc\u011f\u00fcn\u00fc yapan Ege Ya\u015f Meyve Sebze \u0130hracat\u00e7\u0131lar\u0131 Birli\u011fi Ba\u015fkan\u0131 Hayrettin U\u00e7ak, korona vir\u00fcs s\u00fcresince Turkish Cargo\u2019nun ihracat\u00e7\u0131lar\u0131n t\u00fcm ihtiya\u00e7lar\u0131n\u0131 kar\u015f\u0131layabilmek ad\u0131na sefer say\u0131s\u0131n\u0131 art\u0131rarak T\u00fcrkiye'nin \u00fcretici ve ihracat\u0131 i\u00e7in \u00e7\u00f6z\u00fcm orta\u011f\u0131 olmaya devam etti\u011fini s\u00f6yledi.\n\nKorona vir\u00fcs sebebiyle getirilen seyahat k\u0131s\u0131tlamas\u0131n\u0131n, yolcu u\u00e7aklar\u0131n\u0131n trafi\u011fini d\u00fc\u015f\u00fcr\u00fcrken, kargo u\u00e7aklar\u0131 taraf\u0131nda ise yo\u011funlu\u011fu beraberinde getirdi\u011fini s\u00f6yleyen U\u00e7ak, \u201cKargo u\u00e7aklar\u0131n\u0131n yan\u0131 s\u0131ra THY\u2019nin yolcu filosunda bulunan u\u00e7aklarla da kargo ta\u015f\u0131n\u0131yor. D\u00fcnyan\u0131n en b\u00fcy\u00fck 6. hava kargo ta\u015f\u0131ma kapasitesine sahip olan Turkish Cargo ile raf \u00f6mr\u00fc az olan katma de\u011ferli \u00fcr\u00fcnlerimizi bir\u00e7ok \u00fclkeye h\u0131zl\u0131 bir \u015fekilde g\u00f6nderiyoruz. Birim fiyatlar\u0131 ve \u00fccretler sefer say\u0131lar\u0131 a\u00e7\u0131ld\u0131k\u00e7a daha makul seviyelere gelecektir. 2019\u2019da 6 bin 213 ton \u00fcr\u00fcn kar\u015f\u0131l\u0131\u011f\u0131nda 19 milyon 761 bin dolarl\u0131k ya\u015f meyve sebze hava yoluyla ta\u015f\u0131nd\u0131. Ge\u00e7en sene hava yoluyla yap\u0131lan ya\u015f meyve sebze ihracat\u0131 2018\u2019e g\u00f6re de\u011fer baz\u0131nda y\u00fczde 9 art\u0131\u015f g\u00f6sterdi\u201d dedi.\n\n4 milyon 309 bin dolarla Hong Kong birinci s\u0131rada\n\nHava yoluyla en fazla meyve sebze ihracat\u0131n\u0131n 4 milyon 309 bin dolarla Hong Kong\u2019a yap\u0131ld\u0131\u011f\u0131n\u0131 s\u00f6yleyen U\u00e7ak, Hong Kong\u2019u 2 milyon 525 bin dolar ile Norve\u00e7, Norve\u00e7\u2019i ise 1 milyon 656 bin dolarla Singapur\u2019un izledi\u011fini s\u00f6yleyerek \u015f\u00f6yle konu\u015ftu: \u201c\u00c7in\u2019e ise 1 milyon 337 bin dolarl\u0131k ihracat ger\u00e7ekle\u015ftirildi. Fransa ise hava kargoyla yap\u0131lan ihracat\u0131m\u0131zda 1 milyon dolarla be\u015finci s\u0131rada. T\u00fcrk Hava Yollar\u0131\u2019n\u0131n u\u00e7u\u015f a\u011f\u0131n\u0131n geni\u015flemesi ile Turkish Cargo uluslararas\u0131 pazarlar da etkisini art\u0131r\u0131yor. B\u00f6ylece bizim pazar a\u011f\u0131m\u0131z da geni\u015fliyor. Ge\u00e7en sene hava yoluyla ya\u015f meyve sebze ihracat\u0131nda 10 milyon dolarla ilk s\u0131rada yer alan kiraz ihracat\u0131 2018\u2019e g\u00f6re miktar baz\u0131nda y\u00fczde 23 de\u011fer baz\u0131nda y\u00fczde 53 artt\u0131. En \u00e7ok ihra\u00e7 edilen ikinci \u00fcr\u00fcn\u00fcm\u00fcz ise 2 milyon 349 bin dolarla mantar oldu. \u0130ncir ihracat\u0131ndan ise 2019\u2019da y\u00fczde 7\u2019lik y\u00fckseli\u015fle 2 milyon 569 bin dolar gelir elde edildi.\u201d\n\nYak\u0131n zamanda \u00c7in\u2019den sonra Tayvan ve G\u00fcney Kore\u2019ye kiraz ihracat\u0131n\u0131n a\u00e7\u0131ld\u0131\u011f\u0131n\u0131 s\u00f6yleyen U\u00e7ak, \u201cSalg\u0131n \u00f6ncesinde \u00c7in, G\u00fcney Kore, Malezya, Singapur ba\u015fta olmak \u00fczere Uzakdo\u011fu ve G\u00fcney Do\u011fu Asya\u2019ya y\u00f6nelik iki tane Ur-Ge projemiz vard\u0131. Turkish Cargo normalle\u015fme s\u00fcrecine giren G\u00fcney Kore\u2019ye \u015fu an haftada iki sefer ger\u00e7ekle\u015ftiriyor\u201d dedi.\n\n\u0130lk sefer 28 May\u0131s\u2019ta\n\nTurkish Cargo B\u00f6lge M\u00fcd\u00fcr\u00fc Faik Deniz ise 28 May\u0131s\u2019ta her g\u00fcn bir u\u00e7ak olacak \u015fekilde \u0130zmir\u2019e sefer planland\u0131\u011f\u0131n\u0131 a\u00e7\u0131klayarak \u015funlar\u0131 s\u00f6yledi: \u201cGeni\u015f g\u00f6vde olursa buradan \u0130stanbul\u2019a 30 tona yak\u0131n g\u00f6nderi yapabilece\u011fiz. Bu da kapasite ihtiyac\u0131n\u0131 bir nebze rahatlatacakt\u0131r. Hassas \u00fcr\u00fcnler oldu\u011fu i\u00e7in kapasite i\u00e7in \u00f6nceli\u011fini ya\u015f meyve sebzeye verece\u011fiz. \u00c7in ile kiraz ihracat\u0131nda ticaret hacmi artarsa charter ya da ek seferleri koyaca\u011f\u0131z. Bu y\u0131l d\u00fc\u015f\u00fck bir ihtimal ama \u00f6n\u00fcm\u00fczdeki y\u0131llarda talep art\u0131\u015f\u0131na ba\u011fl\u0131 olarak charter operasyonlar\u0131n\u0131 yapabilece\u011fimiz d\u00fc\u015f\u00fcn\u00fcyorum. B\u00fct\u00fcn operasyonumuz tek bir havaliman\u0131nda kompakt bir \u015fekilde devam ediyor. Sorunlar daha da azalacak. \u0130zmir\u2019de bal\u0131k \u00f6zelinde dezenfeksiyon i\u015flemi uygulayarak paletlerimizi ve y\u00fcklerimizi \u00e7\u0131kard\u0131k. Korona vir\u00fcs\u00fcn etkisini azaltacak, 30 g\u00fcn muhafazas\u0131n\u0131 s\u00fcrd\u00fcrecek bir koruma dezenfeksiyonuydu. Sa\u011fl\u0131k Bakanl\u0131\u011f\u0131 onayl\u0131 i\u015flem ilk defa \u0130zmir\u2019de uyguland\u0131. Bu durum \u00e7apraz bula\u015fmay\u0131 da \u00f6nl\u00fcyor. Vir\u00fcs kar\u015f\u0131 tarafa ge\u00e7miyor.\u201d\n\n\u00dcr\u00fcnler u\u00e7a\u011fa so\u011fuk zincir k\u0131r\u0131lmadan y\u00fcklenecek\n\n\u0130zmir\u2019de 731 metrekare alana 3 bin 878 metrek\u00fcp kapasiteye sahip so\u011fuk hava deposunun \u015eubat ay\u0131nda tamamland\u0131\u011f\u0131n\u0131 a\u00e7\u0131klayan Faik Deniz \u015f\u00f6yle konu\u015ftu: \u201cB\u00fcy\u00fckl\u00fc\u011f\u00fcyle \u0130zmir b\u00f6lgesinin 20-25 y\u0131ll\u0131k so\u011fuk hava deposu ihtiyac\u0131n\u0131 kar\u015f\u0131layaca\u011f\u0131 anlam\u0131na geliyor. Yenilemedi\u011fimiz depolar\u0131 dahil etti\u011fimizde 4 bin metrek\u00fcpe yak\u0131n so\u011fuk hava depomuz var. \u00dcr\u00fcnleri X-ray\u2019den ge\u00e7irdi\u011fimizde direk depoya al\u0131n\u0131yor ve so\u011fuk zincir k\u0131r\u0131lm\u0131yor. U\u00e7ak alt\u0131na \u00e7ekece\u011fimiz \u00f6zel ekipmanlarla ilgili de taleplerimizi ilettik. So\u011fuk zincir k\u0131r\u0131lmadan \u00fcr\u00fcnler u\u00e7a\u011fa y\u00fcklenecek. Depo 0 ile 8 derece aras\u0131nda. \u0130kinci fazda donuklar i\u00e7in plan\u0131m\u0131z var. Eksi dereceliyi de yapaca\u011f\u0131z. \u0130lk projenin i\u00e7inde so\u011fuk havan\u0131n i\u00e7inde d\u00fc\u015f\u00fcnd\u00fck. Ancak eksi dereceyi so\u011fuk havan\u0131n i\u00e7inde yaparsan\u0131z buzlanma yapar ondan ayr\u0131 bir odada kullanman\u0131z gerekiyor.\u201d\n\nG\u00fcney Kore\u2019ye ek sefer g\u00fcndemde\n\nTurkish Cargo Genel M\u00fcd\u00fcr Yard\u0131mc\u0131s\u0131 Turhan \u00d6zen, \u201cG\u00fcney Kore\u2019ye seferlerin art\u0131r\u0131lmas\u0131 konusunda talep varsa en az\u0131ndan kiraz\u0131n en yo\u011fun olaca\u011f\u0131 d\u00f6nemde bir aya kadar ek sefer konulmas\u0131n\u0131 destekleriz. Ege \u0130hracat\u00e7\u0131 Birlikleri ile 3-4 senedir yap\u0131lan \u00e7al\u0131\u015fmalar\u0131n meyvelerini al\u0131yoruz. Ge\u00e7en sene Haziran ay\u0131nda \u00c7in\u2019e kiraz ihracat\u0131n\u0131n ba\u015flamas\u0131yla yakalad\u0131\u011f\u0131m\u0131z bu art\u0131\u015f\u0131 devam ettirerek, hava kargoda ya\u015f meyve ihracat\u0131m\u0131z\u0131 daha yukar\u0131lara g\u00f6t\u00fcrece\u011fiz. Yolcu u\u00e7aklar\u0131m\u0131z Haziran\u2019da ba\u015fl\u0131yor. B\u00fct\u00fcn d\u00fcnya \u00fclkeleriyle ba\u011flant\u0131 sa\u011fl\u0131yoruz. Ya\u015f meyve sebze gibi \u00fcr\u00fcnlerin raf \u00f6mr\u00fc az maliyeti y\u00fcksek. Bu y\u00fczden kapasite ve fiyat olarak ya\u015f meyve sekt\u00f6r\u00fcne \u00f6zel hareket ediyoruz\u201d diye konu\u015ftu.",
    "keywords": [
        "cargo",
        "sebze",
        "hava",
        "bir",
        "ya\u015f",
        "i\u0307zmirden",
        "meyve",
        "so\u011fuk",
        "ba\u015fl\u0131yor",
        "bin",
        "ve",
        "seferlerine",
        "turkish",
        "milyon",
        "sefer"
    ],
    "meta_keywords": [
        ""
    ],
    "publish_date": null,
    "summary": "Ege Ya\u015f Meyve Sebze \u0130hracat\u00e7\u0131lar\u0131 Birli\u011fi\u2019nin d\u00fczenledi\u011fi video konferansta Turkish Cargo Genel M\u00fcd\u00fcr Yard\u0131mc\u0131s\u0131 Turhan \u00d6zen, Kargo Sat\u0131\u015f Ba\u015fkan Yard\u0131mc\u0131s\u0131 Ahmet Kaya, Ankara, \u0130stanbul, \u0130zmir, Antalya, Adana illeri Kargo M\u00fcd\u00fcrleri ya\u015f meyve sebze ihracat\u00e7\u0131lar\u0131n\u0131n havayolu kargo ilgili sorular\u0131n\u0131 yan\u0131tlad\u0131, salg\u0131n s\u00fcrecini de\u011ferlendirdi.\nToplant\u0131n\u0131n moderat\u00f6rl\u00fc\u011f\u00fcn\u00fc yapan Ege Ya\u015f Meyve Sebze \u0130hracat\u00e7\u0131lar\u0131 Birli\u011fi Ba\u015fkan\u0131 Hayrettin U\u00e7ak, korona vir\u00fcs s\u00fcresince Turkish Cargo\u2019nun ihracat\u00e7\u0131lar\u0131n t\u00fcm ihtiya\u00e7lar\u0131n\u0131 kar\u015f\u0131layabilmek ad\u0131na sefer say\u0131s\u0131n\u0131 art\u0131rarak T\u00fcrkiye'nin \u00fcretici ve ihracat\u0131 i\u00e7in \u00e7\u00f6z\u00fcm orta\u011f\u0131 olmaya devam etti\u011fini s\u00f6yledi.\nKorona vir\u00fcs sebebiyle getirilen seyahat k\u0131s\u0131tlamas\u0131n\u0131n, yolcu u\u00e7aklar\u0131n\u0131n trafi\u011fini d\u00fc\u015f\u00fcr\u00fcrken, kargo u\u00e7aklar\u0131 taraf\u0131nda ise yo\u011funlu\u011fu beraberinde getirdi\u011fini s\u00f6yleyen U\u00e7ak, \u201cKargo u\u00e7aklar\u0131n\u0131n yan\u0131 s\u0131ra THY\u2019nin yolcu filosunda bulunan u\u00e7aklarla da kargo ta\u015f\u0131n\u0131yor.\nD\u00fcnyan\u0131n en b\u00fcy\u00fck 6. hava kargo ta\u015f\u0131ma kapasitesine sahip olan Turkish Cargo ile raf \u00f6mr\u00fc az olan katma de\u011ferli \u00fcr\u00fcnlerimizi bir\u00e7ok \u00fclkeye h\u0131zl\u0131 bir \u015fekilde g\u00f6nderiyoruz.\nBirim fiyatlar\u0131 ve \u00fccretler sefer say\u0131lar\u0131 a\u00e7\u0131ld\u0131k\u00e7a daha makul seviyelere gelecektir.\n2019\u2019da 6 bin 213 ton \u00fcr\u00fcn kar\u015f\u0131l\u0131\u011f\u0131nda 19 milyon 761 bin dolarl\u0131k ya\u015f meyve sebze hava yoluyla ta\u015f\u0131nd\u0131.\nGe\u00e7en sene hava yoluyla yap\u0131lan ya\u015f meyve sebze ihracat\u0131 2018\u2019e g\u00f6re de\u011fer baz\u0131nda y\u00fczde 9 art\u0131\u015f g\u00f6sterdi\u201d dedi.\n4 milyon 309 bin dolarla Hong Kong birinci s\u0131radaHava yoluyla en fazla meyve sebze ihracat\u0131n\u0131n 4 milyon 309 bin dolarla Hong Kong\u2019a yap\u0131ld\u0131\u011f\u0131n\u0131 s\u00f6yleyen U\u00e7ak, Hong Kong\u2019u 2 milyon 525 bin dolar ile Norve\u00e7, Norve\u00e7\u2019i ise 1 milyon 656 bin dolarla Singapur\u2019un izledi\u011fini s\u00f6yleyerek \u015f\u00f6yle konu\u015ftu: \u201c\u00c7in\u2019e ise 1 milyon 337 bin dolarl\u0131k ihracat ger\u00e7ekle\u015ftirildi.\nFransa ise hava kargoyla yap\u0131lan ihracat\u0131m\u0131zda 1 milyon dolarla be\u015finci s\u0131rada.\nT\u00fcrk Hava Yollar\u0131\u2019n\u0131n u\u00e7u\u015f a\u011f\u0131n\u0131n geni\u015flemesi ile Turkish Cargo uluslararas\u0131 pazarlar da etkisini art\u0131r\u0131yor.\nB\u00f6ylece bizim pazar a\u011f\u0131m\u0131z da geni\u015fliyor.\nGe\u00e7en sene hava yoluyla ya\u015f meyve sebze ihracat\u0131nda 10 milyon dolarla ilk s\u0131rada yer alan kiraz ihracat\u0131 2018\u2019e g\u00f6re miktar baz\u0131nda y\u00fczde 23 de\u011fer baz\u0131nda y\u00fczde 53 artt\u0131.\nEn \u00e7ok ihra\u00e7 edilen ikinci \u00fcr\u00fcn\u00fcm\u00fcz ise 2 milyon 349 bin dolarla mantar oldu.\n\u0130ncir ihracat\u0131ndan ise 2019\u2019da y\u00fczde 7\u2019lik y\u00fckseli\u015fle 2 milyon 569 bin dolar gelir elde edildi.\u201dYak\u0131n zamanda \u00c7in\u2019den sonra Tayvan ve G\u00fcney Kore\u2019ye kiraz ihracat\u0131n\u0131n a\u00e7\u0131ld\u0131\u011f\u0131n\u0131 s\u00f6yleyen U\u00e7ak, \u201cSalg\u0131n \u00f6ncesinde \u00c7in, G\u00fcney Kore, Malezya, Singapur ba\u015fta olmak \u00fczere Uzakdo\u011fu ve G\u00fcney Do\u011fu Asya\u2019ya y\u00f6nelik iki tane Ur-Ge projemiz vard\u0131.\nTurkish Cargo normalle\u015fme s\u00fcrecine giren G\u00fcney Kore\u2019ye \u015fu an haftada iki sefer ger\u00e7ekle\u015ftiriyor\u201d dedi.\n\u0130lk sefer 28 May\u0131s\u2019taTurkish Cargo B\u00f6lge M\u00fcd\u00fcr\u00fc Faik Deniz ise 28 May\u0131s\u2019ta her g\u00fcn bir u\u00e7ak olacak \u015fekilde \u0130zmir\u2019e sefer planland\u0131\u011f\u0131n\u0131 a\u00e7\u0131klayarak \u015funlar\u0131 s\u00f6yledi: \u201cGeni\u015f g\u00f6vde olursa buradan \u0130stanbul\u2019a 30 tona yak\u0131n g\u00f6nderi yapabilece\u011fiz.\nBu da kapasite ihtiyac\u0131n\u0131 bir nebze rahatlatacakt\u0131r.\nHassas \u00fcr\u00fcnler oldu\u011fu i\u00e7in kapasite i\u00e7in \u00f6nceli\u011fini ya\u015f meyve sebzeye verece\u011fiz.\n\u00c7in ile kiraz ihracat\u0131nda ticaret hacmi artarsa charter ya da ek seferleri koyaca\u011f\u0131z.\nBu y\u0131l d\u00fc\u015f\u00fck bir ihtimal ama \u00f6n\u00fcm\u00fczdeki y\u0131llarda talep art\u0131\u015f\u0131na ba\u011fl\u0131 olarak charter operasyonlar\u0131n\u0131 yapabilece\u011fimiz d\u00fc\u015f\u00fcn\u00fcyorum.\nB\u00fct\u00fcn operasyonumuz tek bir havaliman\u0131nda kompakt bir \u015fekilde devam ediyor.\nSorunlar daha da azalacak.\n\u0130zmir\u2019de bal\u0131k \u00f6zelinde dezenfeksiyon i\u015flemi uygulayarak paletlerimizi ve y\u00fcklerimizi \u00e7\u0131kard\u0131k.\nKorona vir\u00fcs\u00fcn etkisini azaltacak, 30 g\u00fcn muhafazas\u0131n\u0131 s\u00fcrd\u00fcrecek bir koruma dezenfeksiyonuydu.\nSa\u011fl\u0131k Bakanl\u0131\u011f\u0131 onayl\u0131 i\u015flem ilk defa \u0130zmir\u2019de uyguland\u0131.\nBu durum \u00e7apraz bula\u015fmay\u0131 da \u00f6nl\u00fcyor.\nVir\u00fcs kar\u015f\u0131 tarafa ge\u00e7miyor.\u201d\u00dcr\u00fcnler u\u00e7a\u011fa so\u011fuk zincir k\u0131r\u0131lmadan y\u00fcklenecek\u0130zmir\u2019de 731 metrekare alana 3 bin 878 metrek\u00fcp kapasiteye sahip so\u011fuk hava deposunun \u015eubat ay\u0131nda tamamland\u0131\u011f\u0131n\u0131 a\u00e7\u0131klayan Faik Deniz \u015f\u00f6yle konu\u015ftu: \u201cB\u00fcy\u00fckl\u00fc\u011f\u00fcyle \u0130zmir b\u00f6lgesinin 20-25 y\u0131ll\u0131k so\u011fuk hava deposu ihtiyac\u0131n\u0131 kar\u015f\u0131layaca\u011f\u0131 anlam\u0131na geliyor.\nYenilemedi\u011fimiz depolar\u0131 dahil etti\u011fimizde 4 bin metrek\u00fcpe yak\u0131n so\u011fuk hava depomuz var.\n\u00dcr\u00fcnleri X-ray\u2019den ge\u00e7irdi\u011fimizde direk depoya al\u0131n\u0131yor ve so\u011fuk zincir k\u0131r\u0131lm\u0131yor.\nU\u00e7ak alt\u0131na \u00e7ekece\u011fimiz \u00f6zel ekipmanlarla ilgili de taleplerimizi ilettik.\nSo\u011fuk zincir k\u0131r\u0131lmadan \u00fcr\u00fcnler u\u00e7a\u011fa y\u00fcklenecek.\nDepo 0 ile 8 derece aras\u0131nda.\n\u0130kinci fazda donuklar i\u00e7in plan\u0131m\u0131z var.\nEksi dereceliyi de yapaca\u011f\u0131z.\n\u0130lk projenin i\u00e7inde so\u011fuk havan\u0131n i\u00e7inde d\u00fc\u015f\u00fcnd\u00fck.\nAncak eksi dereceyi so\u011fuk havan\u0131n i\u00e7inde yaparsan\u0131z buzlanma yapar ondan ayr\u0131 bir odada kullanman\u0131z gerekiyor.\u201dG\u00fcney Kore\u2019ye ek sefer g\u00fcndemdeTurkish Cargo Genel M\u00fcd\u00fcr Yard\u0131mc\u0131s\u0131 Turhan \u00d6zen, \u201cG\u00fcney Kore\u2019ye seferlerin art\u0131r\u0131lmas\u0131 konusunda talep varsa en az\u0131ndan kiraz\u0131n en yo\u011fun olaca\u011f\u0131 d\u00f6nemde bir aya kadar ek sefer konulmas\u0131n\u0131 destekleriz.\nEge \u0130hracat\u00e7\u0131 Birlikleri ile 3-4 senedir yap\u0131lan \u00e7al\u0131\u015fmalar\u0131n meyvelerini al\u0131yoruz.\nGe\u00e7en sene Haziran ay\u0131nda \u00c7in\u2019e kiraz ihracat\u0131n\u0131n ba\u015flamas\u0131yla yakalad\u0131\u011f\u0131m\u0131z bu art\u0131\u015f\u0131 devam ettirerek, hava kargoda ya\u015f meyve ihracat\u0131m\u0131z\u0131 daha yukar\u0131lara g\u00f6t\u00fcrece\u011fiz.\nYolcu u\u00e7aklar\u0131m\u0131z Haziran\u2019da ba\u015fl\u0131yor.\nB\u00fct\u00fcn d\u00fcnya \u00fclkeleriyle ba\u011flant\u0131 sa\u011fl\u0131yoruz.\nYa\u015f meyve sebze gibi \u00fcr\u00fcnlerin raf \u00f6mr\u00fc az maliyeti y\u00fcksek.\nBu y\u00fczden kapasite ve fiyat olarak ya\u015f meyve sekt\u00f6r\u00fcne \u00f6zel hareket ediyoruz\u201d diye konu\u015ftu.",
    "article_html": "",
    "meta_description": "Son Haberler - En iyi 25 hava kargo ta\u015f\u0131y\u0131c\u0131s\u0131 aras\u0131nda en y\u00fcksek b\u00fcy\u00fcme oran\u0131n\u0131 yakalayan T\u00fcrk Hava Yollar\u0131\u2019n\u0131n (THY) kargo markas\u0131 Turkish Cargo, 28 May\u0131s\u2019ta her g\u00fcn bir u\u00e7ak olacak \u015fekilde \u0130zmir\u2019e sefer planl\u0131yor.",
    "meta_lang": "tr"
}