{
    "article_id": "477dc5f06d0484846c770ffa9ce6426a.1589925715.645068",
    "title": "\u2018\u00c7e\u015fme\u2019nin e\u015fsiz sahilleri art\u0131k ya\u011fmalanmayacak\u2019",
    "authors": [],
    "canonical_link": "https://www.milliyet.com.tr/ege/cesmenin-essiz-sahilleri-artik-yagmalanmayacak-6214285",
    "url": "http://milliyet.com.tr/ege/cesmenin-essiz-sahilleri-artik-yagmalanmayacak-6214285",
    "top_img": "https://i2.milimaj.com/i/milliyet/75/0x0/5ec143e755428122c86118c0.jpg",
    "meta_img": "https://i2.milimaj.com/i/milliyet/75/0x0/5ec143e755428122c86118c0.jpg",
    "movies": [],
    "text": "Egeli turizmciler, Ege Turizm Merkezi-\u00c7e\u015fme Projesi\u2019ne desteklerinin s\u00fcrd\u00fc\u011f\u00fcn\u00fc a\u00e7\u0131klad\u0131. Ege Turistik \u0130\u015fletmeler ve Konaklamalar Birli\u011fi (ET\u0130K) Ba\u015fkan\u0131 Mehmet \u0130\u015fler, \u201cBu proje \u00c7e\u015fme\u2019yi d\u00fcnyan\u0131n say\u0131l\u0131 destinasyonlar\u0131 aras\u0131na almakla kalmayacak, b\u00f6lgeyi korumaya alacak, hoyrat\u00e7a ya\u011fmalanmas\u0131n\u0131 da engelleyecek\u201d dedi.\n\n\u2018K\u0131y\u0131lar herkesin\u2019\n\nProjenin yakla\u015f\u0131k y\u00fczde 93.5\u2019inin kamu alan\u0131 oldu\u011funu belirten \u0130\u015fler, \u201cSahiller, geni\u015f bir band genel kullan\u0131ma a\u00e7\u0131k olacak. Denize s\u0131f\u0131r turizm tesisi yap\u0131lmayacak. Spor turizmi alanlar\u0131, termal ve sa\u011fl\u0131k turizmi merkezleri, agro turizm, do\u011fa turizmi, k\u00fclt\u00fcr-sanat mekanlar\u0131 ve sergi salonlar\u0131, kongre, fuar ve etkinlik merkezleri tesislerin arkas\u0131ndaki alanlarda yer alacak. E\u011flence alanlar\u0131yla dinlence alanlar\u0131 birbirinden ay\u0131ran proje y\u0131llard\u0131r tart\u0131\u015fmalarla s\u00fcren bir sorunu da \u00e7\u00f6z\u00fcme kavu\u015fturacak\u201d diye konu\u015ftu.\n\n\u2018\u0130\u015fszili\u011fe \u00e7\u00f6z\u00fcm\u2019\n\nProjenin \u00e7evreye duyarl\u0131 yakla\u015f\u0131mla haz\u0131rland\u0131\u011f\u0131n\u0131, do\u011fayla uyumlu, a\u011fa\u00e7 boyunu ge\u00e7meyecek yap\u0131la\u015fman\u0131n ve yenilenebilir enerji kaynaklar\u0131ndan yararlanman\u0131n \u00f6ng\u00f6r\u00fcld\u00fc\u011f\u00fcn\u00fc s\u00f6zlerine ekleyen \u0130\u015fler, \u201c\u00c7e\u015fme, 12 ay turizm yap\u0131lacak hale gelecek. \u0130zmir\u2019in turizm pastas\u0131ndan daha fazla pay almas\u0131n\u0131 sa\u011flayacak. Bu proje i\u015fsizlik sorununa da \u00f6nemli \u00f6l\u00e7\u00fcde \u00e7\u00f6z\u00fcm getirecek\u201d dedi.",
    "keywords": [
        "\u00e7e\u015fmenin",
        "turizmi",
        "proje",
        "ege",
        "ya\u011fmalanmayacak",
        "bir",
        "turizm",
        "sahilleri",
        "i\u0307\u015fler",
        "ve",
        "da",
        "art\u0131k",
        "merkezleri",
        "e\u015fsiz",
        "bu"
    ],
    "meta_keywords": [
        ""
    ],
    "publish_date": null,
    "summary": "Egeli turizmciler, Ege Turizm Merkezi-\u00c7e\u015fme Projesi\u2019ne desteklerinin s\u00fcrd\u00fc\u011f\u00fcn\u00fc a\u00e7\u0131klad\u0131.\nEge Turistik \u0130\u015fletmeler ve Konaklamalar Birli\u011fi (ET\u0130K) Ba\u015fkan\u0131 Mehmet \u0130\u015fler, \u201cBu proje \u00c7e\u015fme\u2019yi d\u00fcnyan\u0131n say\u0131l\u0131 destinasyonlar\u0131 aras\u0131na almakla kalmayacak, b\u00f6lgeyi korumaya alacak, hoyrat\u00e7a ya\u011fmalanmas\u0131n\u0131 da engelleyecek\u201d dedi.\n\u2018K\u0131y\u0131lar herkesin\u2019Projenin yakla\u015f\u0131k y\u00fczde 93.5\u2019inin kamu alan\u0131 oldu\u011funu belirten \u0130\u015fler, \u201cSahiller, geni\u015f bir band genel kullan\u0131ma a\u00e7\u0131k olacak.\nDenize s\u0131f\u0131r turizm tesisi yap\u0131lmayacak.\nSpor turizmi alanlar\u0131, termal ve sa\u011fl\u0131k turizmi merkezleri, agro turizm, do\u011fa turizmi, k\u00fclt\u00fcr-sanat mekanlar\u0131 ve sergi salonlar\u0131, kongre, fuar ve etkinlik merkezleri tesislerin arkas\u0131ndaki alanlarda yer alacak.\nE\u011flence alanlar\u0131yla dinlence alanlar\u0131 birbirinden ay\u0131ran proje y\u0131llard\u0131r tart\u0131\u015fmalarla s\u00fcren bir sorunu da \u00e7\u00f6z\u00fcme kavu\u015fturacak\u201d diye konu\u015ftu.\n\u2018\u0130\u015fszili\u011fe \u00e7\u00f6z\u00fcm\u2019Projenin \u00e7evreye duyarl\u0131 yakla\u015f\u0131mla haz\u0131rland\u0131\u011f\u0131n\u0131, do\u011fayla uyumlu, a\u011fa\u00e7 boyunu ge\u00e7meyecek yap\u0131la\u015fman\u0131n ve yenilenebilir enerji kaynaklar\u0131ndan yararlanman\u0131n \u00f6ng\u00f6r\u00fcld\u00fc\u011f\u00fcn\u00fc s\u00f6zlerine ekleyen \u0130\u015fler, \u201c\u00c7e\u015fme, 12 ay turizm yap\u0131lacak hale gelecek.\n\u0130zmir\u2019in turizm pastas\u0131ndan daha fazla pay almas\u0131n\u0131 sa\u011flayacak.\nBu proje i\u015fsizlik sorununa da \u00f6nemli \u00f6l\u00e7\u00fcde \u00e7\u00f6z\u00fcm getirecek\u201d dedi.",
    "article_html": "",
    "meta_description": ".",
    "meta_lang": "tr"
}