{
    "article_id": "e8efcf3e58ed0373b4ef30e44585d217.1589925716.9219527",
    "title": "'Altyap\u0131m\u0131z geli\u015firse Avrupa\u2019da da ba\u015ear\u0131 gelir'",
    "authors": [],
    "canonical_link": "https://www.milliyet.com.tr/ege/altyapimiz-gelisirse-avrupada-da-basari-gelir-6214307",
    "url": "http://milliyet.com.tr/ege/altyapimiz-gelisirse-avrupada-da-basari-gelir-6214307",
    "top_img": "https://i2.milimaj.com/i/milliyet/75/0x0/5ec148515542840a8c759b6a.jpg",
    "meta_img": "https://i2.milimaj.com/i/milliyet/75/0x0/5ec148515542840a8c759b6a.jpg",
    "movies": [],
    "text": "\"Ge\u00e7mi\u015fte, Avrupa\u2019ya kadar ta\u015f\u0131d\u0131\u011f\u0131m\u0131z gen\u00e7lerimiz g\u00fcndem olur, g\u00f6\u011fs\u00fcm\u00fcz kabar\u0131rd\u0131. \u015eimdilerde ise d\u0131\u015far\u0131dan transfer etti\u011fimiz isimleri konu\u015fur olduk\u201d\n\n\n\n\"Art\u0131k radikal kararlar al\u0131nmal\u0131. Ya\u015fanan koronavir\u00fcs salg\u0131n\u0131 sonras\u0131 futbol yeniden dizayn edilmeli. Ba\u015fta yabanc\u0131 say\u0131s\u0131n\u0131n d\u00fc\u015f\u00fcr\u00fclmesi, T\u00fcrk futbolunun faydas\u0131na olacakt\u0131r\u201d\n\n\n\n\n\n\n\n\n\n\n\n\n\nKoronavir\u00fcs salg\u0131n\u0131 nedeniyle spor m\u00fcsabakalar\u0131na verilen arada Milliyet Ege Spor M\u00fcd\u00fcr\u00fcm\u00fcz Mehmet Demirta\u015f ve usta kalemimiz Fatih Tanfer, tarihin tozlu sayfalar\u0131n\u0131 sizler i\u00e7in kar\u0131\u015ft\u0131rmaya devam ediyor. \u201cGe\u00e7mi\u015ften G\u00fcn\u00fcm\u00fcze De\u011ferlerimiz Konu\u015fuyor\u201d k\u00f6\u015fesi ile T\u00fcrk futboluna hizmet etmi\u015f, \u0130zmir sporuna ad\u0131n\u0131 alt\u0131n harflerle yazd\u0131rm\u0131\u015f isimlerin hikayelerini siz sporseverlere sunuyor. Bornova Gen\u00e7lik ile futbola ad\u0131m at\u0131p, G\u00f6ztepe'yle y\u0131ld\u0131z\u0131n\u0131 parlatt\u0131. 6 y\u0131l G\u00f6z G\u00f6z'de forma giydikten sonra Galatasaray'a transfer oldu. 7 y\u0131l da Cimbom'da top ko\u015fturdu ve \u0130zmir'e d\u00f6nd\u00fc. Alt\u0131nordu ile kariyerini noktalad\u0131. Bahri Alt\u0131ntabak, futbolculuk ge\u00e7mi\u015fini, unutamad\u0131\u011f\u0131 an\u0131lar\u0131n\u0131, yeni nesile \u00f6nerilerini, T\u00fcrk futbolunun bug\u00fcnk\u00fc durumunu sizler i\u00e7in anlat\u0131yor. Keyifli okumalar...\n\n\n\n\n\n\n\n\n\n\n\nSevgili Bahri Alt\u0131ntabak, bize kendinizden bahseder misiniz?\n\n\n\n1938 y\u0131l\u0131nda Yunanistan\u2019\u0131n G\u00fcm\u00fclcine \u015fehrinde d\u00fcnyaya geldim. 1945 y\u0131l\u0131nda ailemle birlikte \u0130zmir\u2019in yolunu tuttuk. \u0130zmir Atat\u00fcrk Lisesi\u2019nde okudum. Arkada\u015flar\u0131mla mahalle aras\u0131nda top oynamay\u0131 severdik. \u0130lerleyen zamanlarda Bornova Gen\u00e7lik tak\u0131m\u0131nda oynad\u0131m. \u00dcniversiteyi Ege \u00dcniversitesi\u2019nde okudum. Okulumda yak\u0131n arkada\u015flar\u0131mdan baz\u0131lar\u0131, G\u00f6ztepe\u2019nin kendi tak\u0131mlar\u0131 aras\u0131nda yapt\u0131\u011f\u0131 liglerde oynuyorlard\u0131. Ben de oraya gittim. Son ma\u00e7ta da g\u00f6rev ald\u0131m. Ma\u00e7\u0131 3-2 kazanmas\u0131n\u0131 bildik. \u00dc\u00e7 gol\u00fcn imzas\u0131 da bana aitti. Beni be\u011fenerek G\u00f6ztepe kadrosuna almak istediler. G\u00f6ztepe\u2019ye yakla\u015f\u0131k 6 sene hizmet ettim. Hatta ilk \u00fc\u00e7 sene G\u00f6ztepe\u2019de \u00e7ok d\u00fc\u015f\u00fck \u00fccretlere oynad\u0131k. D\u00f6rd\u00fcnc\u00fc y\u0131l G\u00fcrsel Aksel A\u011fabey, paras\u0131z mukavele imzalamam\u0131z i\u00e7in tavsiyede bulundu, biz de kabul ettik. Tak\u0131m\u0131n o g\u00fcn\u00fcn\u00fc kurtarmak i\u00e7in, bir y\u00fck de biz olmak istemedik. Ard\u0131ndan beni Galatasaray istedi. 1960\u2019dan 1967\u2019ye kadar Galatasaray\u2019da forma giydim. Yakla\u015f\u0131k on sene boyunca Milli Tak\u0131m\u2019a \u00e7a\u011fr\u0131ld\u0131m. Galatasaray y\u00f6netimi, \u00fcniversite e\u011fitimimi sona erdirmem i\u00e7in bana izin verdi. 1967 senesinde kiral\u0131k olarak Alt\u0131nordu\u2019ya gittim. \u0130ki sene de orada oynad\u0131m. Galatasaray\u2019a d\u00f6nmek istedim fakat Alt\u0131nordu beni b\u0131rakmad\u0131. \u0130ki sene daha bu kul\u00fcbe hizmet ettim. Futbolu b\u0131rakt\u0131ktan sonra antren\u00f6r kursuna gitsem de antren\u00f6rl\u00fck hayat\u0131na at\u0131lmad\u0131m.\n\n\n\nUnutamad\u0131\u011f\u0131n\u0131z bir an\u0131n\u0131z\u0131 bizimle payla\u015f\u0131r m\u0131s\u0131n\u0131z?\n\n\n\nGalatasaray d\u00f6nemlerimdeki Fenerbah\u00e7e ma\u00e7lar\u0131, benim i\u00e7in unutulmazd\u0131r. 1-0, 2-1 gibi skorlarla rakibimize kar\u015f\u0131 \u00fcst\u00fcnl\u00fck sa\u011fl\u0131yorduk. Bu golleri de ben at\u0131yordum. G\u00f6ztepe\u2019de oynarken de Altay\u2019a kar\u015f\u0131 att\u0131\u011f\u0131m goller vard\u0131. Bunlar\u0131 da unutam\u0131yorum. Att\u0131\u011f\u0131m goller, tak\u0131m\u0131ma ma\u00e7 kazand\u0131r\u0131yordu. Bu y\u00fczden hi\u00e7bir gol\u00fc birbirinden ay\u0131ramam diyebilirim. G\u00f6ztepe ba\u015fta olmak \u00fczere Alt\u0131nordu'da da \u00e7ok g\u00fczel g\u00fcnlerim oldu. Dostlu\u011fun, arkada\u015fl\u0131\u011f\u0131n en \u00f6nemlisi de futbolun ger\u00e7ek oldu\u011fu zamanlard\u0131. O g\u00fcnleri \u00e7ok \u00f6zledim.\n\n\n\n\n\n\n\n\n\n\n\nYeni nesile \u00f6nerileriniz var m\u0131?\n\n\n\nAntrenmanlarda kuvvetlerinin yan\u0131nda, dikkatli olmak i\u00e7in \u00e7abalamal\u0131lar. Bu konuda da \u0131srarc\u0131 olmal\u0131lar. Futbolun hem matematiksel hem de mant\u0131ksal y\u00f6nlerine dikkatle yakla\u015fmal\u0131lar. \u00c7abalamak ve \u00e7ok \u00e7al\u0131\u015fmak bu i\u015fin kilit noktalar\u0131. Asla m\u00fccadele etmekten ka\u00e7mamal\u0131lar. Ba\u015far\u0131ya ula\u015fmak ad\u0131na at\u0131lacak ad\u0131mlar\u0131 uygulamaktan geri kalmamal\u0131lar. \u015eartlar\u0131 zorlamal\u0131lar. \u015eimdi ki gen\u00e7ler, g\u00fcn\u00fcm\u00fczde, bizlerin eskiden sahip oldu\u011fumuz imkanlardan daha iyilerine sahipler. Bu konuda \u00e7ok \u015fansl\u0131lar. Evlatlar\u0131m\u0131z\u0131n isteyip de yapamayaca\u011f\u0131 hi\u00e7bir \u015fey yok. Profesyonel bir sporcu gibi hareket etmeliler. \u00c7\u0131talar\u0131n\u0131 en y\u00fckse\u011fe koymal\u0131lar. Kendilerine \u00f6rnek ald\u0131klar\u0131 isimleri bile do\u011fru se\u00e7meliler.\n\n\n\nT\u00fcrk futbolunun bug\u00fcnk\u00fc durumunu de\u011ferlendirir misiniz?\n\nT\u00fcrk gen\u00e7leri, istenilen s\u00fcreleri alam\u0131yorlar. Bunun en b\u00fcy\u00fck nedeni yabanc\u0131 say\u0131s\u0131nda ya\u015fanan art\u0131\u015f. Eskiden yurt d\u0131\u015f\u0131na giden oyuncular\u0131m\u0131z olay olurdu. \u015eimdi ise yurt d\u0131\u015f\u0131ndan gelenler b\u00fcy\u00fck bir olay oluyor. Yabanc\u0131 say\u0131s\u0131n\u0131 s\u0131n\u0131rland\u0131rmak gerekiyor. Say\u0131n\u0131n d\u00fc\u015fmesi, T\u00fcrk futbolunun bir kazanc\u0131 olacakt\u0131r. T\u00fcm kul\u00fcplerimiz, senelerdir zarara u\u011fruyor. Bu konuda TFF\u2019nin tedbirli olmas\u0131 \u015fartt\u0131r. Gerekiyorsa 2-3 sene Avrupa kupalar\u0131na kat\u0131lmayal\u0131m. Bu bor\u00e7lar\u0131m\u0131z\u0131 toparlayal\u0131m, oyuncu yeti\u015ftirelim. Ondan sonra Avrupa\u2019da ba\u015far\u0131 zaten gelecektir.",
    "keywords": [
        "i\u00e7in",
        "yabanc\u0131",
        "futbolunun",
        "bir",
        "altyap\u0131m\u0131z",
        "avrupada",
        "gelir",
        "\u00e7ok",
        "da",
        "t\u00fcrk",
        "y\u0131l",
        "geli\u015firse",
        "ba\u015far\u0131",
        "sene",
        "bu"
    ],
    "meta_keywords": [
        ""
    ],
    "publish_date": null,
    "summary": "\"Ge\u00e7mi\u015fte, Avrupa\u2019ya kadar ta\u015f\u0131d\u0131\u011f\u0131m\u0131z gen\u00e7lerimiz g\u00fcndem olur, g\u00f6\u011fs\u00fcm\u00fcz kabar\u0131rd\u0131.\n\u015eimdilerde ise d\u0131\u015far\u0131dan transfer etti\u011fimiz isimleri konu\u015fur olduk\u201d\"Art\u0131k radikal kararlar al\u0131nmal\u0131.\nYa\u015fanan koronavir\u00fcs salg\u0131n\u0131 sonras\u0131 futbol yeniden dizayn edilmeli.\nBa\u015fta yabanc\u0131 say\u0131s\u0131n\u0131n d\u00fc\u015f\u00fcr\u00fclmesi, T\u00fcrk futbolunun faydas\u0131na olacakt\u0131r\u201dKoronavir\u00fcs salg\u0131n\u0131 nedeniyle spor m\u00fcsabakalar\u0131na verilen arada Milliyet Ege Spor M\u00fcd\u00fcr\u00fcm\u00fcz Mehmet Demirta\u015f ve usta kalemimiz Fatih Tanfer, tarihin tozlu sayfalar\u0131n\u0131 sizler i\u00e7in kar\u0131\u015ft\u0131rmaya devam ediyor.\n\u201cGe\u00e7mi\u015ften G\u00fcn\u00fcm\u00fcze De\u011ferlerimiz Konu\u015fuyor\u201d k\u00f6\u015fesi ile T\u00fcrk futboluna hizmet etmi\u015f, \u0130zmir sporuna ad\u0131n\u0131 alt\u0131n harflerle yazd\u0131rm\u0131\u015f isimlerin hikayelerini siz sporseverlere sunuyor.\nBornova Gen\u00e7lik ile futbola ad\u0131m at\u0131p, G\u00f6ztepe'yle y\u0131ld\u0131z\u0131n\u0131 parlatt\u0131.\n6 y\u0131l G\u00f6z G\u00f6z'de forma giydikten sonra Galatasaray'a transfer oldu.\n7 y\u0131l da Cimbom'da top ko\u015fturdu ve \u0130zmir'e d\u00f6nd\u00fc.\nBahri Alt\u0131ntabak, futbolculuk ge\u00e7mi\u015fini, unutamad\u0131\u011f\u0131 an\u0131lar\u0131n\u0131, yeni nesile \u00f6nerilerini, T\u00fcrk futbolunun bug\u00fcnk\u00fc durumunu sizler i\u00e7in anlat\u0131yor.\nKeyifli okumalar...Sevgili Bahri Alt\u0131ntabak, bize kendinizden bahseder misiniz?\n1938 y\u0131l\u0131nda Yunanistan\u2019\u0131n G\u00fcm\u00fclcine \u015fehrinde d\u00fcnyaya geldim.\n1945 y\u0131l\u0131nda ailemle birlikte \u0130zmir\u2019in yolunu tuttuk.\nArkada\u015flar\u0131mla mahalle aras\u0131nda top oynamay\u0131 severdik.\nOkulumda yak\u0131n arkada\u015flar\u0131mdan baz\u0131lar\u0131, G\u00f6ztepe\u2019nin kendi tak\u0131mlar\u0131 aras\u0131nda yapt\u0131\u011f\u0131 liglerde oynuyorlard\u0131.\nSon ma\u00e7ta da g\u00f6rev ald\u0131m.\n\u00dc\u00e7 gol\u00fcn imzas\u0131 da bana aitti.\nG\u00f6ztepe\u2019ye yakla\u015f\u0131k 6 sene hizmet ettim.\nHatta ilk \u00fc\u00e7 sene G\u00f6ztepe\u2019de \u00e7ok d\u00fc\u015f\u00fck \u00fccretlere oynad\u0131k.\nD\u00f6rd\u00fcnc\u00fc y\u0131l G\u00fcrsel Aksel A\u011fabey, paras\u0131z mukavele imzalamam\u0131z i\u00e7in tavsiyede bulundu, biz de kabul ettik.\nTak\u0131m\u0131n o g\u00fcn\u00fcn\u00fc kurtarmak i\u00e7in, bir y\u00fck de biz olmak istemedik.\nYakla\u015f\u0131k on sene boyunca Milli Tak\u0131m\u2019a \u00e7a\u011fr\u0131ld\u0131m.\nGalatasaray y\u00f6netimi, \u00fcniversite e\u011fitimimi sona erdirmem i\u00e7in bana izin verdi.\n\u0130ki sene de orada oynad\u0131m.\n\u0130ki sene daha bu kul\u00fcbe hizmet ettim.\nFutbolu b\u0131rakt\u0131ktan sonra antren\u00f6r kursuna gitsem de antren\u00f6rl\u00fck hayat\u0131na at\u0131lmad\u0131m.\nUnutamad\u0131\u011f\u0131n\u0131z bir an\u0131n\u0131z\u0131 bizimle payla\u015f\u0131r m\u0131s\u0131n\u0131z?\nGalatasaray d\u00f6nemlerimdeki Fenerbah\u00e7e ma\u00e7lar\u0131, benim i\u00e7in unutulmazd\u0131r.\nBu golleri de ben at\u0131yordum.\nBunlar\u0131 da unutam\u0131yorum.\nBu y\u00fczden hi\u00e7bir gol\u00fc birbirinden ay\u0131ramam diyebilirim.\nG\u00f6ztepe ba\u015fta olmak \u00fczere Alt\u0131nordu'da da \u00e7ok g\u00fczel g\u00fcnlerim oldu.\nDostlu\u011fun, arkada\u015fl\u0131\u011f\u0131n en \u00f6nemlisi de futbolun ger\u00e7ek oldu\u011fu zamanlard\u0131.\nO g\u00fcnleri \u00e7ok \u00f6zledim.\nAntrenmanlarda kuvvetlerinin yan\u0131nda, dikkatli olmak i\u00e7in \u00e7abalamal\u0131lar.\nBu konuda da \u0131srarc\u0131 olmal\u0131lar.\nFutbolun hem matematiksel hem de mant\u0131ksal y\u00f6nlerine dikkatle yakla\u015fmal\u0131lar.\n\u00c7abalamak ve \u00e7ok \u00e7al\u0131\u015fmak bu i\u015fin kilit noktalar\u0131.\n\u015eimdi ki gen\u00e7ler, g\u00fcn\u00fcm\u00fczde, bizlerin eskiden sahip oldu\u011fumuz imkanlardan daha iyilerine sahipler.\nBu konuda \u00e7ok \u015fansl\u0131lar.\nProfesyonel bir sporcu gibi hareket etmeliler.\nT\u00fcrk futbolunun bug\u00fcnk\u00fc durumunu de\u011ferlendirir misiniz?\nT\u00fcrk gen\u00e7leri, istenilen s\u00fcreleri alam\u0131yorlar.\nBunun en b\u00fcy\u00fck nedeni yabanc\u0131 say\u0131s\u0131nda ya\u015fanan art\u0131\u015f.\n\u015eimdi ise yurt d\u0131\u015f\u0131ndan gelenler b\u00fcy\u00fck bir olay oluyor.\nYabanc\u0131 say\u0131s\u0131n\u0131 s\u0131n\u0131rland\u0131rmak gerekiyor.\nSay\u0131n\u0131n d\u00fc\u015fmesi, T\u00fcrk futbolunun bir kazanc\u0131 olacakt\u0131r.\nBu konuda TFF\u2019nin tedbirli olmas\u0131 \u015fartt\u0131r.\nGerekiyorsa 2-3 sene Avrupa kupalar\u0131na kat\u0131lmayal\u0131m.\nBu bor\u00e7lar\u0131m\u0131z\u0131 toparlayal\u0131m, oyuncu yeti\u015ftirelim.\nOndan sonra Avrupa\u2019da ba\u015far\u0131 zaten gelecektir.",
    "article_html": "",
    "meta_description": "futbol hayat\u0131 Bornova Gen\u00e7lik\u2019Te ba\u015flad\u0131. G\u00f6ztepe'nin radar\u0131na girmesiyle ba\u015far\u0131 basamaklar\u0131n\u0131 t\u0131rman\u0131\u015fa ge\u00e7ti. Ard\u0131ndan Galatasaray'\u0131n dikkatini \u00e7ekmeyi ba\u015fard\u0131 ve 7 y\u0131l da Cimbom'a hizmet etti. \u00e7ok sevdi\u011fi tutkusuna alt\u0131nordu\u2019da veda etti. O, T\u00fcrk futbolunun 'Alt\u0131n' \u00e7ocu\u011fu Bahri Alt\u0131ntabak...",
    "meta_lang": "tr"
}