{
    "article_id": "7b1a789a0712100a88681b5576d1a5c7.1589925732.6825387",
    "title": "Ahmet \u00d6zhan'a g\u00f6re korona Allah'\u0131n ikaz\u0131",
    "authors": [
        "Ali Ey\u00fcbo\u011flu",
        "Aeyuboglu Milliyet.Com.Tr"
    ],
    "canonical_link": "https://www.milliyet.com.tr/cadde/ali-eyuboglu/ahmet-ozhana-gore-korona-allahin-ikazi-6215242",
    "url": "http://milliyet.com.tr/cadde/ali-eyuboglu/ahmet-ozhana-gore-korona-allahin-ikazi-6215242",
    "top_img": "https://i2.milimaj.com/i/milliyet/75/600x600/5c5d935acb145171243df1ef",
    "meta_img": "https://i2.milimaj.com/i/milliyet/75/600x600/5c5d935acb145171243df1ef",
    "movies": [],
    "text": "Ahmet \u00d6zhan, meslekta\u015f\u0131 Aylin \u015eeng\u00fcn Ta\u015f\u00e7\u0131\u2019n\u0131n canl\u0131 yay\u0131n\u0131na konuk oldu ve ya\u015fam\u0131ndan koronaya kadar bir\u00e7ok konuda a\u00e7\u0131klamalar yapt\u0131. \u00d6zhan\u2019\u0131n koronavir\u00fcse dair s\u00f6yledikleri bana ilgin\u00e7 geldi, o y\u00fczden payla\u015fmak istedim. Ta\u015f\u00e7\u0131, \u201cTuhaf bir d\u00f6nemden ge\u00e7iyoruz. Korona g\u00fcnlerinde her \u015fey durdu. Kabe\u2019ye de ziyaretler durdu, bu d\u00f6nemi nas\u0131l de\u011ferlendiriyorsunuz?\u201d diye sorunca \u00d6zhan, \u015funlar\u0131 s\u00f6yledi: \u201c\u0130bret al\u0131nmas\u0131 gereken bir durum. Hepimizin, b\u00fct\u00fcn d\u00fcnyan\u0131n oturup d\u00fc\u015f\u00fcnmesi laz\u0131m. D\u00fcnya var oldu\u011fundan beri insanlar toplu \u015fekilde b\u00f6yle bir reaksiyon vermedi. Baz\u0131 salg\u0131nlar oldu, ama onlar b\u00f6lgeseldi. Bu sefer ne olduysa b\u00fct\u00fcn d\u00fcnya evlere kapan\u0131p, bir korkuya kap\u0131ld\u0131.\u201d\n\n\u2018Her \u015feyi pislettik\u2019\n\n\u00d6zhan s\u00f6zlerini \u015f\u00f6yle s\u00fcrd\u00fcrd\u00fc: \u201cD\u00fcnyaya bir mesaj veriliyor diye d\u00fc\u015f\u00fcnmekte fayda var. Gezegenimizi \u00e7ok h\u0131rpalad\u0131k. Hava kirlili\u011finin etkilerini g\u00f6rmeye ba\u015flad\u0131k. Ne ozon tabakas\u0131n\u0131 b\u0131rakt\u0131k, ne ekolojik dengeye dikkat ettik. Ormanlar\u0131m\u0131z\u0131 peri\u015fan ettik. Denizlerimizi, her \u015feyimizi pislettik. Birbirimizle ili\u015fkilerimizi kirlettik. Dostluk, muhabbet, feragat, ikram kalmad\u0131. S\u0131rtlan nefisler gibi nefislere sahip olduk. Bir \u015feyler kazanmak i\u00e7in ko\u015fu\u015fan mahluklar olduk. D\u00fcnya bunun i\u00e7in yarat\u0131lmad\u0131. D\u00fcnya sevgi i\u00e7in var. \u0130nsanlar birbirini sevmese neye yarar bu d\u00fcnya? B\u0131rak insanlar\u0131n birbirini sevmesini, hayvanlara da zulmediyorlar. Bu korona \u00e7\u0131kmadan \u00f6nce Avustralya\u2019da 5 bin deveyi ate\u015f ederek \u00f6ld\u00fcrd\u00fcler. Suriyeli \u00e7ocu\u011fun, \u2018Ben sizi Allah\u2019a \u015fikayet edece\u011fim\u2019 \u00e7\u0131\u011fl\u0131\u011f\u0131 yank\u0131land\u0131. Allah onun \u015fikayetini yerde b\u0131rak\u0131r m\u0131? Cans\u0131z bedeni k\u0131y\u0131ya vuran Aylan bebek akl\u0131m\u0131zdan \u00e7\u0131kt\u0131 m\u0131? Cenab-\u0131 Allah ikaz ediyor bizi.\n\n8 milyar i\u00e7inde 3-5 bin ki\u015finin \u00f6lmesi ne demek? K\u00fc\u00e7\u00fck bir ikaz. Bunlardan ibret alal\u0131m. Do\u011fdu\u011fumuzdan beri nerede g\u00fcnah i\u015flediysek, nerede yanl\u0131\u015f yapt\u0131ysak, Allah\u2019\u0131n huzurunda itiraf edip, bir daha yapmamaya t\u00f6vbe edelim. G\u00f6receksiniz her \u015fey pir\u00fcpak olur. Ne ekersek onu bi\u00e7iyoruz.\u201d\n\nMASKES\u0130Z \u00c7IKMIYORLAR\n\nAmerika\u2019n\u0131n Kaliforniya eyaletinde y\u0131ld\u0131zlar\u0131n \u015fehri Beverly Hills\u2019te 22 d\u00f6n\u00fcm arazi i\u00e7indeki 18 milyon dolar\u2019l\u0131k malikanede ya\u015fa, soka\u011fa \u00e7\u0131karken birka\u00e7 dolar\u2019l\u0131k maske takmak zorunda kal!\n\nOlacak i\u015f mi? Olur, \u00e7\u00fcnk\u00fc Covid-19, zengin-fakir ayr\u0131m\u0131 yapmayan bir vir\u00fcs. \u0130ngiltere Kraliyet Ailesi\u2019ndeki t\u00fcm g\u00f6revlerini mart ay\u0131nda sonland\u0131r\u0131p ABD\u2019ye yerle\u015fen Meghan Markle ve e\u015fi Prens Harry, muhta\u00e7 durumdaki insanlar\u0131 unutmad\u0131. Sussex D\u00fck\u00fc ve D\u00fc\u015fesi, bu hafta sonunda da pandemi ma\u011fdurlar\u0131na yemek teslim etmek i\u00e7in Los Angeles sokaklar\u0131n\u0131 dola\u015fmaya \u00e7\u0131kt\u0131klar\u0131nda maske takmay\u0131 ihmal etmedi.\n\nV\u0130R\u00dcSLE NELER DE\u011e\u0130\u015eT\u0130?\n\n\u201cKoronadan sonra hi\u00e7bir \u015fey eskisi gibi olmayacak\u201d diyenlere, \u201cSalg\u0131n biter, her \u015fey eskisine d\u00f6ner\u201d diye itiraz edenler, acaba bunlara ne diyecek?\n\nHer y\u0131l Fransa\u2019n\u0131n Cannes \u015fehrinde yap\u0131lan bu y\u0131l tarihi 12-13 May\u0131s olarak a\u00e7\u0131klanan Uluslararas\u0131 Cannes Film Festivali, korona nedeniyle iptal edildi. 28 \u015eubat 2021\u2019deki 93. Oscar \u00d6d\u00fcl T\u00f6reni\u2019nin bile d\u00f6rt ay ertelenmesi s\u00f6z konusu. Sinema Sanatlar\u0131 ve Bilimler Akademisi, tarihinde ilk kez dijital platformlarda g\u00f6sterilecek filmleri kabul edece\u011fini a\u00e7\u0131klad\u0131. Covid-19 salg\u0131n\u0131 ba\u015flay\u0131nca evden \u00e7al\u0131\u015fma karar\u0131 alan \u015firketlerden Twitter\u2019\u0131n CEO\u2019su Jack Dorsey, bundan b\u00f6yle isteyen personelin evden \u00e7al\u0131\u015fmaya devam edebileceklerini duyurdu.\n\nPankobirlik Genel Ba\u015fkan\u0131 Recep Konuk, \u201cSalg\u0131n nedeniyle tar\u0131msal \u00fcretimin \u00f6nemi artt\u0131\u201d, Vak\u0131fbank Genel M\u00fcd\u00fcr Yard\u0131mc\u0131s\u0131 M. L\u00fctf\u00fc \u00c7elebi, \u201cSalg\u0131n, \u00e7ift\u00e7ilerin de\u011ferinin daha iyi anla\u015f\u0131lmas\u0131n\u0131 sa\u011flad\u0131\u201d dedi.\n\n19 May\u0131s Atat\u00fcrk\u2019\u00fc Anma, Gen\u00e7lik ve Spor Bayram\u0131\u2019m\u0131z kutlu olsun.\n\nG\u00dcN\u00dcN S\u00d6Z\u00dc\n\n\u201cBa\u015fkalar\u0131n\u0131n hayatlar\u0131ndan ders al\u0131n. \u0130nsan, b\u00fct\u00fcn hatalar\u0131 yapacak kadar uzun ya\u015fam\u0131yor.\u201d (Tolstoy)",
    "keywords": [
        "allah\u0131n",
        "ne",
        "ahmet",
        "\u015fey",
        "i\u00e7in",
        "d\u00fcnya",
        "var",
        "salg\u0131n",
        "g\u00f6re",
        "bir",
        "\u00f6zhana",
        "ikaz\u0131",
        "ve",
        "korona",
        "bu"
    ],
    "meta_keywords": [
        ""
    ],
    "publish_date": null,
    "summary": "Ahmet \u00d6zhan, meslekta\u015f\u0131 Aylin \u015eeng\u00fcn Ta\u015f\u00e7\u0131\u2019n\u0131n canl\u0131 yay\u0131n\u0131na konuk oldu ve ya\u015fam\u0131ndan koronaya kadar bir\u00e7ok konuda a\u00e7\u0131klamalar yapt\u0131.\n\u00d6zhan\u2019\u0131n koronavir\u00fcse dair s\u00f6yledikleri bana ilgin\u00e7 geldi, o y\u00fczden payla\u015fmak istedim.\nTa\u015f\u00e7\u0131, \u201cTuhaf bir d\u00f6nemden ge\u00e7iyoruz.\nKorona g\u00fcnlerinde her \u015fey durdu.\nKabe\u2019ye de ziyaretler durdu, bu d\u00f6nemi nas\u0131l de\u011ferlendiriyorsunuz?\u201d diye sorunca \u00d6zhan, \u015funlar\u0131 s\u00f6yledi: \u201c\u0130bret al\u0131nmas\u0131 gereken bir durum.\nHepimizin, b\u00fct\u00fcn d\u00fcnyan\u0131n oturup d\u00fc\u015f\u00fcnmesi laz\u0131m.\nD\u00fcnya var oldu\u011fundan beri insanlar toplu \u015fekilde b\u00f6yle bir reaksiyon vermedi.\nBaz\u0131 salg\u0131nlar oldu, ama onlar b\u00f6lgeseldi.\nBu sefer ne olduysa b\u00fct\u00fcn d\u00fcnya evlere kapan\u0131p, bir korkuya kap\u0131ld\u0131.\u201d\u2018Her \u015feyi pislettik\u2019\u00d6zhan s\u00f6zlerini \u015f\u00f6yle s\u00fcrd\u00fcrd\u00fc: \u201cD\u00fcnyaya bir mesaj veriliyor diye d\u00fc\u015f\u00fcnmekte fayda var.\nGezegenimizi \u00e7ok h\u0131rpalad\u0131k.\nHava kirlili\u011finin etkilerini g\u00f6rmeye ba\u015flad\u0131k.\nNe ozon tabakas\u0131n\u0131 b\u0131rakt\u0131k, ne ekolojik dengeye dikkat ettik.\nOrmanlar\u0131m\u0131z\u0131 peri\u015fan ettik.\nDenizlerimizi, her \u015feyimizi pislettik.\nBirbirimizle ili\u015fkilerimizi kirlettik.\nDostluk, muhabbet, feragat, ikram kalmad\u0131.\nS\u0131rtlan nefisler gibi nefislere sahip olduk.\nBir \u015feyler kazanmak i\u00e7in ko\u015fu\u015fan mahluklar olduk.\nD\u00fcnya bunun i\u00e7in yarat\u0131lmad\u0131.\nD\u00fcnya sevgi i\u00e7in var.\n\u0130nsanlar birbirini sevmese neye yarar bu d\u00fcnya?\nB\u0131rak insanlar\u0131n birbirini sevmesini, hayvanlara da zulmediyorlar.\nBu korona \u00e7\u0131kmadan \u00f6nce Avustralya\u2019da 5 bin deveyi ate\u015f ederek \u00f6ld\u00fcrd\u00fcler.\nSuriyeli \u00e7ocu\u011fun, \u2018Ben sizi Allah\u2019a \u015fikayet edece\u011fim\u2019 \u00e7\u0131\u011fl\u0131\u011f\u0131 yank\u0131land\u0131.\nAllah onun \u015fikayetini yerde b\u0131rak\u0131r m\u0131?\nCans\u0131z bedeni k\u0131y\u0131ya vuran Aylan bebek akl\u0131m\u0131zdan \u00e7\u0131kt\u0131 m\u0131?\nCenab-\u0131 Allah ikaz ediyor bizi.\n8 milyar i\u00e7inde 3-5 bin ki\u015finin \u00f6lmesi ne demek?\nK\u00fc\u00e7\u00fck bir ikaz.\nBunlardan ibret alal\u0131m.\nDo\u011fdu\u011fumuzdan beri nerede g\u00fcnah i\u015flediysek, nerede yanl\u0131\u015f yapt\u0131ysak, Allah\u2019\u0131n huzurunda itiraf edip, bir daha yapmamaya t\u00f6vbe edelim.\nG\u00f6receksiniz her \u015fey pir\u00fcpak olur.\nNe ekersek onu bi\u00e7iyoruz.\u201dMASKES\u0130Z \u00c7IKMIYORLARAmerika\u2019n\u0131n Kaliforniya eyaletinde y\u0131ld\u0131zlar\u0131n \u015fehri Beverly Hills\u2019te 22 d\u00f6n\u00fcm arazi i\u00e7indeki 18 milyon dolar\u2019l\u0131k malikanede ya\u015fa, soka\u011fa \u00e7\u0131karken birka\u00e7 dolar\u2019l\u0131k maske takmak zorunda kal!\nOlacak i\u015f mi?\nOlur, \u00e7\u00fcnk\u00fc Covid-19, zengin-fakir ayr\u0131m\u0131 yapmayan bir vir\u00fcs.\n\u0130ngiltere Kraliyet Ailesi\u2019ndeki t\u00fcm g\u00f6revlerini mart ay\u0131nda sonland\u0131r\u0131p ABD\u2019ye yerle\u015fen Meghan Markle ve e\u015fi Prens Harry, muhta\u00e7 durumdaki insanlar\u0131 unutmad\u0131.\nSussex D\u00fck\u00fc ve D\u00fc\u015fesi, bu hafta sonunda da pandemi ma\u011fdurlar\u0131na yemek teslim etmek i\u00e7in Los Angeles sokaklar\u0131n\u0131 dola\u015fmaya \u00e7\u0131kt\u0131klar\u0131nda maske takmay\u0131 ihmal etmedi.\nV\u0130R\u00dcSLE NELER DE\u011e\u0130\u015eT\u0130?\n\u201cKoronadan sonra hi\u00e7bir \u015fey eskisi gibi olmayacak\u201d diyenlere, \u201cSalg\u0131n biter, her \u015fey eskisine d\u00f6ner\u201d diye itiraz edenler, acaba bunlara ne diyecek?\nHer y\u0131l Fransa\u2019n\u0131n Cannes \u015fehrinde yap\u0131lan bu y\u0131l tarihi 12-13 May\u0131s olarak a\u00e7\u0131klanan Uluslararas\u0131 Cannes Film Festivali, korona nedeniyle iptal edildi.\n28 \u015eubat 2021\u2019deki 93.\nOscar \u00d6d\u00fcl T\u00f6reni\u2019nin bile d\u00f6rt ay ertelenmesi s\u00f6z konusu.\nSinema Sanatlar\u0131 ve Bilimler Akademisi, tarihinde ilk kez dijital platformlarda g\u00f6sterilecek filmleri kabul edece\u011fini a\u00e7\u0131klad\u0131.\nCovid-19 salg\u0131n\u0131 ba\u015flay\u0131nca evden \u00e7al\u0131\u015fma karar\u0131 alan \u015firketlerden Twitter\u2019\u0131n CEO\u2019su Jack Dorsey, bundan b\u00f6yle isteyen personelin evden \u00e7al\u0131\u015fmaya devam edebileceklerini duyurdu.\nPankobirlik Genel Ba\u015fkan\u0131 Recep Konuk, \u201cSalg\u0131n nedeniyle tar\u0131msal \u00fcretimin \u00f6nemi artt\u0131\u201d, Vak\u0131fbank Genel M\u00fcd\u00fcr Yard\u0131mc\u0131s\u0131 M. L\u00fctf\u00fc \u00c7elebi, \u201cSalg\u0131n, \u00e7ift\u00e7ilerin de\u011ferinin daha iyi anla\u015f\u0131lmas\u0131n\u0131 sa\u011flad\u0131\u201d dedi.\n19 May\u0131s Atat\u00fcrk\u2019\u00fc Anma, Gen\u00e7lik ve Spor Bayram\u0131\u2019m\u0131z kutlu olsun.\nG\u00dcN\u00dcN S\u00d6Z\u00dc\u201cBa\u015fkalar\u0131n\u0131n hayatlar\u0131ndan ders al\u0131n.\n\u0130nsan, b\u00fct\u00fcn hatalar\u0131 yapacak kadar uzun ya\u015fam\u0131yor.\u201d (Tolstoy)",
    "article_html": "",
    "meta_description": ".",
    "meta_lang": "tr"
}