{
    "article_id": "31f11f7f7ae3b5ec4fbbf90e97bb6486.1589925540.7496471",
    "title": "Mona Lisa tablosu sat\u0131l\u0131yor mu?",
    "authors": [],
    "canonical_link": "https://www.milliyet.com.tr/ekonomi/mona-lisa-tablosu-satiliyor-mu-6215606",
    "url": "http://milliyet.com.tr/ekonomi/mona-lisa-tablosu-satiliyor-mu-6215606",
    "top_img": "https://i2.milimaj.com/i/milliyet/75/0x0/5ec3bdb95542820538a67868.jpg",
    "meta_img": "https://i2.milimaj.com/i/milliyet/75/0x0/5ec3bdb95542820538a67868.jpg",
    "movies": [],
    "text": "Uluslararas\u0131 teknoloji firmas\u0131 Fabernovel\u2019in kurucusu ve CEO\u2019su 46 ya\u015f\u0131ndaki Stephane Distinguin, koronavir\u00fcs\u00fcn mali etkileriyle m\u00fccadele etmek isteyen h\u00fck\u00fcmete \u2018aileye ait m\u00fccevherleri satmas\u0131n\u0131\u2019 teklif etti.\n\nDistinguin, \u2018m\u00fccevherle\u2019 kast\u0131n\u0131n, R\u00f6nesans\u2019\u0131n dahi ismi Leonardo da Vinci'nin d\u00fcnyaca \u00fcnl\u00fc tablosu Mona Lisa dahil sanat eserleri oldu\u011funu s\u00f6yledi.\n\nSputnik'te yer alan habere g\u00f6re \u2018Usbek & Rica\u2019 adl\u0131 dergiye konu\u015fan Distinguin, her g\u00fcn milyarlarca euronun kaybedildi\u011fi krizin \u2018dipsiz\u2019 oldu\u011funu vurgulad\u0131 ve \u201cBir giri\u015fimci ve vergi m\u00fckellefi olarak, bu milyarlar\u0131n icat edilmedi\u011fini ve mutlaka bize mal olacaklar\u0131n\u0131 biliyorum. Bariz refleks, de\u011ferli bir varl\u0131\u011f\u0131 m\u00fcmk\u00fcn olan en y\u00fcksek fiyattan satmakt\u0131r, ama gelece\u011fimiz i\u00e7in m\u00fcmk\u00fcn olan en az kritik olan varl\u0131\u011f\u0131\u201d dedi.\n\n'Kim dikkatle incelemek i\u00e7in zaman\u0131n\u0131 ay\u0131r\u0131yor ki?'\n\nDistinguin, \u201cTablolar\u0131n ta\u015f\u0131nmas\u0131 ve devredilmesi kolay ve bizim de bir s\u00fcr\u00fc tablomuz var. Ayr\u0131ca, Louvre\u2019un ka\u00e7 ziyaret\u00e7isi ve ka\u00e7 Mona Lisa hayran\u0131, ayn\u0131 salonda bulunan Paolo Veronese imzal\u0131 67 metrekarelik ve 130 karakterlik Kana'da D\u00fc\u011f\u00fcn (The Wedding at Cana) tablosunu dikkatle incelemek i\u00e7in zaman\u0131n\u0131 ay\u0131r\u0131yor ki?\u201d diyerek arg\u00fcman geli\u015ftirdi.\n\nParan\u0131n ait oldu\u011fu yerde durmas\u0131 gerekti\u011fini ima eden i\u015finsan\u0131, \u201cBu nedenle aile m\u00fccevherlerini satal\u0131m. Aksi takdirde sadece Google, Apple, Facebook, Amazon, Microsoft, Disney, Netflix, Alibaba ve Tencent gibileri k\u00fclt\u00fcr\u00fcn finansman\u0131na katk\u0131da bulunabilecek\u201d dedi.\n\n\u0130\u015fin \u2018p\u00fcf noktas\u0131n\u0131n\u2019 fiyat oldu\u011funu belirten Stephane Distinguin, yap\u0131lacak i\u015fe de\u011fmesi i\u00e7in \u2018delice\u2019 bir noktada tutulmas\u0131 gerekti\u011fini savundu.\n\nDistinguin, \u201cMona Lisa'y\u0131 sat\u0131n alman\u0131n 50 milyar eurodan daha az olmayaca\u011f\u0131n\u0131 tahmin ediyorum\u201d dedi.\n\n\u2018Jeff Bezos alabilir\u2019\n\n\u00d6te yandan i\u015fadam\u0131 muhtemel al\u0131c\u0131 i\u00e7in de Amazon\u2019un kurucusu Jeff Bezos\u2019u i\u015faret etti.\n\nDistinguin, \u201cD\u00fcnyan\u0131n en zengin adam\u0131 Jeff Bezos i\u00e7in 50 milyar euro, t\u00fcm servetinin sadece \u00fc\u00e7te biri demektir, bo\u015fanma davas\u0131nda e\u015fine \u00f6dedi\u011fi miktardan \u00e7ok da fazla de\u011fil\u201d ifadelerini kulland\u0131.",
    "keywords": [
        "i\u00e7in",
        "zaman\u0131n\u0131",
        "mona",
        "bir",
        "oldu\u011funu",
        "sat\u0131l\u0131yor",
        "olan",
        "mu",
        "lisa",
        "ve",
        "en",
        "distinguin",
        "varl\u0131\u011f\u0131",
        "tablosu"
    ],
    "meta_keywords": [
        ""
    ],
    "publish_date": null,
    "summary": "Uluslararas\u0131 teknoloji firmas\u0131 Fabernovel\u2019in kurucusu ve CEO\u2019su 46 ya\u015f\u0131ndaki Stephane Distinguin, koronavir\u00fcs\u00fcn mali etkileriyle m\u00fccadele etmek isteyen h\u00fck\u00fcmete \u2018aileye ait m\u00fccevherleri satmas\u0131n\u0131\u2019 teklif etti.\nDistinguin, \u2018m\u00fccevherle\u2019 kast\u0131n\u0131n, R\u00f6nesans\u2019\u0131n dahi ismi Leonardo da Vinci'nin d\u00fcnyaca \u00fcnl\u00fc tablosu Mona Lisa dahil sanat eserleri oldu\u011funu s\u00f6yledi.\nSputnik'te yer alan habere g\u00f6re \u2018Usbek & Rica\u2019 adl\u0131 dergiye konu\u015fan Distinguin, her g\u00fcn milyarlarca euronun kaybedildi\u011fi krizin \u2018dipsiz\u2019 oldu\u011funu vurgulad\u0131 ve \u201cBir giri\u015fimci ve vergi m\u00fckellefi olarak, bu milyarlar\u0131n icat edilmedi\u011fini ve mutlaka bize mal olacaklar\u0131n\u0131 biliyorum.\nBariz refleks, de\u011ferli bir varl\u0131\u011f\u0131 m\u00fcmk\u00fcn olan en y\u00fcksek fiyattan satmakt\u0131r, ama gelece\u011fimiz i\u00e7in m\u00fcmk\u00fcn olan en az kritik olan varl\u0131\u011f\u0131\u201d dedi.\n'Kim dikkatle incelemek i\u00e7in zaman\u0131n\u0131 ay\u0131r\u0131yor ki?'\nDistinguin, \u201cTablolar\u0131n ta\u015f\u0131nmas\u0131 ve devredilmesi kolay ve bizim de bir s\u00fcr\u00fc tablomuz var.\nAyr\u0131ca, Louvre\u2019un ka\u00e7 ziyaret\u00e7isi ve ka\u00e7 Mona Lisa hayran\u0131, ayn\u0131 salonda bulunan Paolo Veronese imzal\u0131 67 metrekarelik ve 130 karakterlik Kana'da D\u00fc\u011f\u00fcn (The Wedding at Cana) tablosunu dikkatle incelemek i\u00e7in zaman\u0131n\u0131 ay\u0131r\u0131yor ki?\u201d diyerek arg\u00fcman geli\u015ftirdi.\nParan\u0131n ait oldu\u011fu yerde durmas\u0131 gerekti\u011fini ima eden i\u015finsan\u0131, \u201cBu nedenle aile m\u00fccevherlerini satal\u0131m.\nAksi takdirde sadece Google, Apple, Facebook, Amazon, Microsoft, Disney, Netflix, Alibaba ve Tencent gibileri k\u00fclt\u00fcr\u00fcn finansman\u0131na katk\u0131da bulunabilecek\u201d dedi.\n\u0130\u015fin \u2018p\u00fcf noktas\u0131n\u0131n\u2019 fiyat oldu\u011funu belirten Stephane Distinguin, yap\u0131lacak i\u015fe de\u011fmesi i\u00e7in \u2018delice\u2019 bir noktada tutulmas\u0131 gerekti\u011fini savundu.\nDistinguin, \u201cMona Lisa'y\u0131 sat\u0131n alman\u0131n 50 milyar eurodan daha az olmayaca\u011f\u0131n\u0131 tahmin ediyorum\u201d dedi.\n\u2018Jeff Bezos alabilir\u2019\u00d6te yandan i\u015fadam\u0131 muhtemel al\u0131c\u0131 i\u00e7in de Amazon\u2019un kurucusu Jeff Bezos\u2019u i\u015faret etti.\nDistinguin, \u201cD\u00fcnyan\u0131n en zengin adam\u0131 Jeff Bezos i\u00e7in 50 milyar euro, t\u00fcm servetinin sadece \u00fc\u00e7te biri demektir, bo\u015fanma davas\u0131nda e\u015fine \u00f6dedi\u011fi miktardan \u00e7ok da fazla de\u011fil\u201d ifadelerini kulland\u0131.",
    "article_html": "",
    "meta_description": "Son Haberler - Fransa\u2019da bir i\u015f insan\u0131, salg\u0131n\u0131n yaratt\u0131\u011f\u0131 maddi krizle m\u00fccadele etmek i\u00e7in d\u00fcnyaca \u00fcnl\u00fc Mona Lisa gibi tablolar\u0131n sat\u0131lmas\u0131 \u00f6nerisinde bulundu. Ayr\u0131ca bunun i\u00e7in de 50 milyar euro gibi bir fiyat bi\u00e7ti.",
    "meta_lang": "tr"
}