{
    "article_id": "0898f725e2f18b830ef75f9fe0264b9d.1589925544.3008876",
    "title": "Do\u011fu Karadeniz\u2019de ya\u015f \u00e7ay hasad\u0131 bug\u00fcn ba\u015flad\u0131! Beyaz \u00e7ay\u0131n kilosu 575 TL",
    "authors": [],
    "canonical_link": "https://www.milliyet.com.tr/galeri/dogu-karadenizde-yas-cay-hasadi-bugun-basladi-beyaz-cayin-kilosu-575-tl-6215377",
    "url": "http://milliyet.com.tr/galeri/dogu-karadenizde-yas-cay-hasadi-bugun-basladi-beyaz-cayin-kilosu-575-tl-6215377",
    "top_img": "https://i2.milimaj.com/i/milliyet/75/0x0/5ec37beb5542811430cb21dc.jpg",
    "meta_img": "https://i2.milimaj.com/i/milliyet/75/0x0/5ec37beb5542811430cb21dc.jpg",
    "movies": [],
    "text": "BU YIL YABANCI \u0130\u015e\u00c7\u0130 YOK \u00c7ay \u00fcreticisi Suzan \u015eaml\u0131, \u00f6nce \u2018\u00c7ay\u0131 nas\u0131l toplayaca\u011f\u0131z\u2019 diye dert edindiklerini daha sonra ailece bah\u00e7eye girerek, hasat yapmaya ba\u015flad\u0131klar\u0131n\u0131 s\u00f6yledi. \u015eaml\u0131, \u201cHastal\u0131klar\u0131m dolay\u0131s\u0131yla bah\u00e7eye giremiyordum. \u0130\u015f\u00e7iye toplat\u0131yorduk ama bu y\u0131l i\u015f\u00e7i gelmeyince yeniden bah\u00e7edeyiz, yava\u015f yava\u015f toplayaca\u011f\u0131z, bitirece\u011fiz\u201d dedi. Kadir \u015eaml\u0131 da \u201cGirdik art\u0131k bah\u00e7eye, bundan sonra s\u0131k\u0131nt\u0131 olmaz in\u015fallah. Maskemizi de takt\u0131k, \u00f6nlemlerimizi ald\u0131k, dikkatli davranarak hasad\u0131 tamamlayaca\u011f\u0131z. \u00d6nceleri yabanc\u0131 i\u015f\u00e7iye toplat\u0131yorduk. Bu y\u0131l i\u015fler b\u00f6yle bolunca mecbur kald\u0131k bah\u00e7eye girdik. Art\u0131k eskiye d\u00f6n\u00fc\u015f oldu, aile tar\u0131m\u0131 olan \u00e7ay kendini buldu\u201d diye konu\u015ftu. Berk \u015eaml\u0131 ise \u201cAnne, babama yard\u0131m etmek hem de \u00e7ay\u0131m\u0131za sahip \u00e7\u0131kmak i\u00e7in bu y\u0131l ben de \u00e7ay bah\u00e7esine girdim. B\u00f6lgenin gelece\u011fi \u00e7ay ve bu tar\u0131m\u0131 hep birlikte yaparak s\u00fcrd\u00fcrece\u011fiz\u201d dedi.",
    "keywords": [
        "sonra",
        "toplat\u0131yorduk",
        "toplayaca\u011f\u0131z",
        "bah\u00e7eye",
        "ya\u015f",
        "\u015faml\u0131",
        "tar\u0131m\u0131",
        "karadenizde",
        "tl",
        "\u00e7ay\u0131n",
        "beyaz",
        "bug\u00fcn",
        "bu",
        "y\u0131l",
        "yava\u015f",
        "kilosu",
        "\u00e7ay",
        "do\u011fu",
        "hasad\u0131"
    ],
    "meta_keywords": [
        ""
    ],
    "publish_date": null,
    "summary": "BU YIL YABANCI \u0130\u015e\u00c7\u0130 YOK \u00c7ay \u00fcreticisi Suzan \u015eaml\u0131, \u00f6nce \u2018\u00c7ay\u0131 nas\u0131l toplayaca\u011f\u0131z\u2019 diye dert edindiklerini daha sonra ailece bah\u00e7eye girerek, hasat yapmaya ba\u015flad\u0131klar\u0131n\u0131 s\u00f6yledi.\n\u015eaml\u0131, \u201cHastal\u0131klar\u0131m dolay\u0131s\u0131yla bah\u00e7eye giremiyordum.\n\u0130\u015f\u00e7iye toplat\u0131yorduk ama bu y\u0131l i\u015f\u00e7i gelmeyince yeniden bah\u00e7edeyiz, yava\u015f yava\u015f toplayaca\u011f\u0131z, bitirece\u011fiz\u201d dedi.\nKadir \u015eaml\u0131 da \u201cGirdik art\u0131k bah\u00e7eye, bundan sonra s\u0131k\u0131nt\u0131 olmaz in\u015fallah.\nMaskemizi de takt\u0131k, \u00f6nlemlerimizi ald\u0131k, dikkatli davranarak hasad\u0131 tamamlayaca\u011f\u0131z.\n\u00d6nceleri yabanc\u0131 i\u015f\u00e7iye toplat\u0131yorduk.\nBu y\u0131l i\u015fler b\u00f6yle bolunca mecbur kald\u0131k bah\u00e7eye girdik.\nArt\u0131k eskiye d\u00f6n\u00fc\u015f oldu, aile tar\u0131m\u0131 olan \u00e7ay kendini buldu\u201d diye konu\u015ftu.\nBerk \u015eaml\u0131 ise \u201cAnne, babama yard\u0131m etmek hem de \u00e7ay\u0131m\u0131za sahip \u00e7\u0131kmak i\u00e7in bu y\u0131l ben de \u00e7ay bah\u00e7esine girdim.\nB\u00f6lgenin gelece\u011fi \u00e7ay ve bu tar\u0131m\u0131 hep birlikte yaparak s\u00fcrd\u00fcrece\u011fiz\u201d dedi.",
    "article_html": "",
    "meta_description": "Son Haberler - Do\u011fu Karadeniz'deki Rize, Trabzon, Artvin ve Giresun illerinde, 830 bin dekar alanda 1 milyon aile taraf\u0131ndan yap\u0131lan ya\u015f \u00e7ay \u00fcretimi bug\u00fcn ba\u015flad\u0131. \u00d6te yandan \u00c7AYKUR Genel M\u00fcd\u00fcr Vekili Yusuf Ziya Alim, beyaz \u00e7ay\u0131n kilogram\u0131n\u0131 575 liradan sat\u0131n alacaklar\u0131n\u0131 bildirdi. \u00d6te yandan bayilere satt\u0131klar\u0131 \u00e7aylara kar\u015f\u0131l\u0131k alacaklar\u0131n\u0131 bir ay ertelediklerini dile getiren Alim, may\u0131s ay\u0131n\u0131n ard\u0131ndan normal d\u00fczenine d\u00f6nd\u00fc\u011f\u00fcn\u00fc belirti.",
    "meta_lang": "tr"
}