{
    "article_id": "fa27520642b63d832c8c3c1fba84d69c.1589925555.4483352",
    "title": "Nesli tehlike alt\u0131nda olan dev vatoz G\u00f6k\u00e7eada'da g\u00f6r\u00fcnt\u00fclendi",
    "authors": [],
    "canonical_link": "https://www.milliyet.com.tr/milliyet-tv/nesli-tehlike-altinda-olan-dev-vatoz-gokceadada-goruntulendi-6215508",
    "url": "http://milliyet.com.tr/milliyet-tv/nesli-tehlike-altinda-olan-dev-vatoz-gokceadada-goruntulendi-6215508",
    "top_img": "https://i2.milimaj.com/i/milliyet/75/0x0/5ec39e5b5542811430cb2268.jpg",
    "meta_img": "https://i2.milimaj.com/i/milliyet/75/0x0/5ec39e5b5542811430cb2268.jpg",
    "movies": [],
    "text": "Oynatma Listesi\n\nEkibiyle k\u0131l\u0131\u00e7 bal\u0131\u011f\u0131 av\u0131 i\u00e7in Kalek\u00f6y Liman\u0131'na 5 mil a\u00e7\u0131kta dal\u0131\u015f yapan Selim Konya, yakla\u015f\u0131k 500 metre derinlikte \"\u015feytan mantas\u0131\" g\u00f6rerek kayda ald\u0131.\n\nAdadaki bir dal\u0131\u015f merkezinin y\u00f6neticili\u011fini y\u00fcr\u00fcten Konya, AA muhabirine, G\u00f6k\u00e7eada'n\u0131n deniz canl\u0131l\u0131\u011f\u0131 konusunda \u00e7ok \u00f6nemli bir b\u00f6lge oldu\u011funu s\u00f6yledi. Nisan ve may\u0131s aylar\u0131nda G\u00f6k\u00e7eada a\u00e7\u0131klar\u0131nda k\u0131l\u0131\u00e7 bal\u0131\u011f\u0131 av\u0131na \u00e7\u0131kt\u0131klar\u0131n\u0131 belirten Selim Konya, \u015f\u00f6yle devam etti:\n\n\"Bazen a\u00e7\u0131k denizde farkl\u0131 t\u00fcrdeki deniz canl\u0131lar\u0131yla kar\u015f\u0131la\u015fabiliyoruz. Bu t\u00fcrleri g\u00f6rd\u00fc\u011f\u00fcm\u00fcz zaman da seviniyoruz. Ge\u00e7en y\u0131l da buna benzer bir t\u00fcrle kar\u015f\u0131la\u015fm\u0131\u015ft\u0131k. Bu sene g\u00f6rd\u00fc\u011f\u00fcm\u00fcz de halk aras\u0131nda '\u015feytan mantas\u0131' olarak bilinen bir t\u00fcr. Yakla\u015f\u0131k 2 metre b\u00fcy\u00fckl\u00fc\u011f\u00fcnde bir canl\u0131yd\u0131. Bu canl\u0131lar\u0131 g\u00f6rd\u00fc\u011f\u00fcm\u00fczde hemen kay\u0131t alt\u0131na al\u0131yoruz. Bunlar bizi mutlu ediyor.\"\n\nKonya, bu canl\u0131lar\u0131n b\u00f6lgeye beslenmek i\u00e7in geldi\u011fini, k\u0131l\u0131\u00e7 bal\u0131\u011f\u0131n\u0131n da ayn\u0131 ama\u00e7la orada oldu\u011funu dile getirdi.",
    "keywords": [
        "tehlike",
        "alt\u0131nda",
        "dev",
        "konya",
        "vatoz",
        "bir",
        "yakla\u015f\u0131k",
        "selim",
        "oldu\u011funu",
        "olan",
        "metre",
        "k\u0131l\u0131\u00e7",
        "\u015feytan",
        "da",
        "g\u00f6r\u00fcnt\u00fclendi",
        "g\u00f6k\u00e7eadada",
        "nesli",
        "bu"
    ],
    "meta_keywords": [
        ""
    ],
    "publish_date": null,
    "summary": "Oynatma ListesiEkibiyle k\u0131l\u0131\u00e7 bal\u0131\u011f\u0131 av\u0131 i\u00e7in Kalek\u00f6y Liman\u0131'na 5 mil a\u00e7\u0131kta dal\u0131\u015f yapan Selim Konya, yakla\u015f\u0131k 500 metre derinlikte \"\u015feytan mantas\u0131\" g\u00f6rerek kayda ald\u0131.\nAdadaki bir dal\u0131\u015f merkezinin y\u00f6neticili\u011fini y\u00fcr\u00fcten Konya, AA muhabirine, G\u00f6k\u00e7eada'n\u0131n deniz canl\u0131l\u0131\u011f\u0131 konusunda \u00e7ok \u00f6nemli bir b\u00f6lge oldu\u011funu s\u00f6yledi.\nNisan ve may\u0131s aylar\u0131nda G\u00f6k\u00e7eada a\u00e7\u0131klar\u0131nda k\u0131l\u0131\u00e7 bal\u0131\u011f\u0131 av\u0131na \u00e7\u0131kt\u0131klar\u0131n\u0131 belirten Selim Konya, \u015f\u00f6yle devam etti:\"Bazen a\u00e7\u0131k denizde farkl\u0131 t\u00fcrdeki deniz canl\u0131lar\u0131yla kar\u015f\u0131la\u015fabiliyoruz.\nBu t\u00fcrleri g\u00f6rd\u00fc\u011f\u00fcm\u00fcz zaman da seviniyoruz.\nGe\u00e7en y\u0131l da buna benzer bir t\u00fcrle kar\u015f\u0131la\u015fm\u0131\u015ft\u0131k.\nBu sene g\u00f6rd\u00fc\u011f\u00fcm\u00fcz de halk aras\u0131nda '\u015feytan mantas\u0131' olarak bilinen bir t\u00fcr.\nYakla\u015f\u0131k 2 metre b\u00fcy\u00fckl\u00fc\u011f\u00fcnde bir canl\u0131yd\u0131.\nBu canl\u0131lar\u0131 g\u00f6rd\u00fc\u011f\u00fcm\u00fczde hemen kay\u0131t alt\u0131na al\u0131yoruz.\nBunlar bizi mutlu ediyor.\"\nKonya, bu canl\u0131lar\u0131n b\u00f6lgeye beslenmek i\u00e7in geldi\u011fini, k\u0131l\u0131\u00e7 bal\u0131\u011f\u0131n\u0131n da ayn\u0131 ama\u00e7la orada oldu\u011funu dile getirdi.",
    "article_html": "",
    "meta_description": "\u00c7anakkale'nin G\u00f6k\u00e7eada il\u00e7esinde dalg\u0131\u00e7lar, halk aras\u0131nda \u015feytan mantas\u0131 olarak bilinen ve g\u00f6r\u00fcn\u00fcm\u00fcyle u\u00e7an bir yarasay\u0131 and\u0131ran mobula mobular t\u00fcr\u00fc vatozu g\u00f6r\u00fcnt\u00fcledi.",
    "meta_lang": "tr"
}