{
    "article_id": "858971bf3594892295df2c0b81c59b45.1589925557.5257473",
    "title": "5 kelime 1 masal - Masal terapisi etkinli\u011fi",
    "authors": [],
    "canonical_link": "https://www.milliyet.com.tr/uzaktan-egitim/5-kelime-1-masal-masal-terapisi-etkinligi-6205640",
    "url": "http://milliyet.com.tr/uzaktan-egitim/5-kelime-1-masal-masal-terapisi-etkinligi-6205640",
    "top_img": "https://i2.milimaj.com/i/milliyet/75/0x0/5eb123de55428516e431d1b4.jpg",
    "meta_img": "https://i2.milimaj.com/i/milliyet/75/0x0/5eb123de55428516e431d1b4.jpg",
    "movies": [],
    "text": "Masal Terapisi Nedir?\n\n\u00c7ocuklar\u0131n masallar arac\u0131l\u0131\u011f\u0131yla kendilerini ifade edebilmelerini sa\u011flayan \u00f6zel terapi t\u00fcr\u00fcne masal terapisi denir. Masal Terapisti \u00e7e\u015fitli etkinlikler ile \u00e7ocu\u011fun d\u00fcnyas\u0131na girerek sorunlar\u0131n\u0131, duygusal s\u0131k\u0131nt\u0131lar\u0131n\u0131 tespit eder ve bu olumsuzluklar\u0131 gidermeye \u00e7al\u0131\u015f\u0131r. B\u00f6ylelikle \u00e7ocuklar daha sa\u011fl\u0131kl\u0131 bir geli\u015fim s\u00fcreci ya\u015farlar.\n\n\n\nKimler masal terapisi uygulayabilir?\n\n\u00c7ocuklarla \u00e7al\u0131\u015fmay\u0131 seven herkes, uzman psikolog taraf\u0131ndan sunulan e\u011fitimi tamamlamak ve yetkin bir e\u011fitim kurumundan sertifika almak ko\u015fuluyla masal terapisti olabilir. Bilginet Akademi ve Uzman Klinik Psikolog Hatice S\u00f6nmez i\u015fbirli\u011fiyle haz\u0131rlanan Oyun Terapisi E\u011fitimi, 4K video kalitesi ve zengin i\u00e7eri\u011fiyle bu mesle\u011fe ba\u015flaman\u0131z i\u00e7in gerekli olan t\u00fcm bilgiyi sunuyor. E\u011fitim sonunda da \u0130stanbul Ticaret \u00dcniversitesi onayl\u0131 ve uluslararas\u0131 ge\u00e7erlili\u011fi olan CPD akreditasyonlu bir sertifikaya sahip oluyorsunuz.\n\nMasal Terapisi E\u011fitimi detaylar\u0131 i\u00e7in t\u0131klay\u0131n\u0131z\n\n5 Kelime 1 Masal Etkinli\u011fi\n\nDaha \u00f6nce bir s\u00fcr\u00fc masal okuyup, bir s\u00fcr\u00fc de dinlediniz belki. Peki hi\u00e7 kendi aile masal\u0131n\u0131z\u0131 olu\u015fturdunuz mu?\n\nMasallar olduk\u00e7a fantastik, i\u00e7inde pek \u00e7ok s\u0131ra d\u0131\u015f\u0131 kahraman\u0131n bulundu\u011fu, olaylar\u0131n ger\u00e7ekle\u015fti\u011fi, heyecanla takip etti\u011fimiz ser\u00fcvenler. Hatta bazen baz\u0131 kahramanlar da t\u0131pk\u0131 bizim gibiler. Korkabiliyor, heyecanlanabiliyor, sevebiliyor, kafas\u0131 kar\u0131\u015fabiliyor. \u0130\u015fte bu y\u00fczden onlar\u0131 daha \u00e7ok seviyor ve kendimize yak\u0131n hissedebiliyoruz. Ya da bir kahraman\u0131 \u00e7evremizdeki birine, annemize, \u00f6\u011fretmenimize, oyun arkada\u015f\u0131m\u0131za benzetiyoruz. \u00c7\u00fcnk\u00fc t\u00fcm kahramanlar insana ait \u00f6zellikleri ta\u015f\u0131yor, bu bazen olumlu bazen olumuz olsa da. Ama nihayetinde fark ediyoruz, d\u0131\u015far\u0131dan bir g\u00f6zle nas\u0131l g\u00f6r\u00fcnd\u00fc\u011f\u00fcne bak\u0131yoruz ve en \u00f6nemlisi \u00f6\u011freniyoruz. O zaman madem masallar\u0131n i\u00e7indeyiz, neden kendi masal\u0131m\u0131z\u0131n i\u00e7inde de olmayal\u0131m ki?\n\n5 kelime 1 masal ailecek yap\u0131labilecek \u00e7ok keyifli bir etkinlik olabilir mesela. 5 tane rastgele kelimeler belirlenir ve bir ki\u015fi masal anlat\u0131c\u0131s\u0131 se\u00e7ilir. Masal\u0131 anlatan ki\u015finin verilen bu 5 kelimeyi de alakas\u0131z da olsa kullanmas\u0131 gerekir. \u00d6rne\u011fin; kelimelerimiz; ta\u015f, orman, \u00e7ilekli pasta, mutluluk, ar\u0131 olsun. Bu 5 kelimeyi kullanarak bir \u00f6yk\u00fc olu\u015ftural\u0131m. Bakal\u0131m nas\u0131l masallar ortaya \u00e7\u0131k\u0131yor.\n\nHatice S\u00f6nmez\n\nUzman Klinik Psikolog\n\nBilginet Akademi Masal Terapisi E\u011fitmeni",
    "keywords": [
        "kelime",
        "uzman",
        "bir",
        "masal",
        "terapisi",
        "\u00e7ok",
        "e\u011fitimi",
        "ve",
        "da",
        "bazen",
        "etkinli\u011fi",
        "bu"
    ],
    "meta_keywords": [
        ""
    ],
    "publish_date": null,
    "summary": "Masal Terapisi Nedir?\n\u00c7ocuklar\u0131n masallar arac\u0131l\u0131\u011f\u0131yla kendilerini ifade edebilmelerini sa\u011flayan \u00f6zel terapi t\u00fcr\u00fcne masal terapisi denir.\nMasal Terapisti \u00e7e\u015fitli etkinlikler ile \u00e7ocu\u011fun d\u00fcnyas\u0131na girerek sorunlar\u0131n\u0131, duygusal s\u0131k\u0131nt\u0131lar\u0131n\u0131 tespit eder ve bu olumsuzluklar\u0131 gidermeye \u00e7al\u0131\u015f\u0131r.\nB\u00f6ylelikle \u00e7ocuklar daha sa\u011fl\u0131kl\u0131 bir geli\u015fim s\u00fcreci ya\u015farlar.\nKimler masal terapisi uygulayabilir?\n\u00c7ocuklarla \u00e7al\u0131\u015fmay\u0131 seven herkes, uzman psikolog taraf\u0131ndan sunulan e\u011fitimi tamamlamak ve yetkin bir e\u011fitim kurumundan sertifika almak ko\u015fuluyla masal terapisti olabilir.\nBilginet Akademi ve Uzman Klinik Psikolog Hatice S\u00f6nmez i\u015fbirli\u011fiyle haz\u0131rlanan Oyun Terapisi E\u011fitimi, 4K video kalitesi ve zengin i\u00e7eri\u011fiyle bu mesle\u011fe ba\u015flaman\u0131z i\u00e7in gerekli olan t\u00fcm bilgiyi sunuyor.\nE\u011fitim sonunda da \u0130stanbul Ticaret \u00dcniversitesi onayl\u0131 ve uluslararas\u0131 ge\u00e7erlili\u011fi olan CPD akreditasyonlu bir sertifikaya sahip oluyorsunuz.\nMasal Terapisi E\u011fitimi detaylar\u0131 i\u00e7in t\u0131klay\u0131n\u0131z5 Kelime 1 Masal Etkinli\u011fiDaha \u00f6nce bir s\u00fcr\u00fc masal okuyup, bir s\u00fcr\u00fc de dinlediniz belki.\nPeki hi\u00e7 kendi aile masal\u0131n\u0131z\u0131 olu\u015fturdunuz mu?\nMasallar olduk\u00e7a fantastik, i\u00e7inde pek \u00e7ok s\u0131ra d\u0131\u015f\u0131 kahraman\u0131n bulundu\u011fu, olaylar\u0131n ger\u00e7ekle\u015fti\u011fi, heyecanla takip etti\u011fimiz ser\u00fcvenler.\nHatta bazen baz\u0131 kahramanlar da t\u0131pk\u0131 bizim gibiler.\nKorkabiliyor, heyecanlanabiliyor, sevebiliyor, kafas\u0131 kar\u0131\u015fabiliyor.\n\u0130\u015fte bu y\u00fczden onlar\u0131 daha \u00e7ok seviyor ve kendimize yak\u0131n hissedebiliyoruz.\nYa da bir kahraman\u0131 \u00e7evremizdeki birine, annemize, \u00f6\u011fretmenimize, oyun arkada\u015f\u0131m\u0131za benzetiyoruz.\n\u00c7\u00fcnk\u00fc t\u00fcm kahramanlar insana ait \u00f6zellikleri ta\u015f\u0131yor, bu bazen olumlu bazen olumuz olsa da.\nAma nihayetinde fark ediyoruz, d\u0131\u015far\u0131dan bir g\u00f6zle nas\u0131l g\u00f6r\u00fcnd\u00fc\u011f\u00fcne bak\u0131yoruz ve en \u00f6nemlisi \u00f6\u011freniyoruz.\nO zaman madem masallar\u0131n i\u00e7indeyiz, neden kendi masal\u0131m\u0131z\u0131n i\u00e7inde de olmayal\u0131m ki?\n5 kelime 1 masal ailecek yap\u0131labilecek \u00e7ok keyifli bir etkinlik olabilir mesela.\n5 tane rastgele kelimeler belirlenir ve bir ki\u015fi masal anlat\u0131c\u0131s\u0131 se\u00e7ilir.\nMasal\u0131 anlatan ki\u015finin verilen bu 5 kelimeyi de alakas\u0131z da olsa kullanmas\u0131 gerekir.\n\u00d6rne\u011fin; kelimelerimiz; ta\u015f, orman, \u00e7ilekli pasta, mutluluk, ar\u0131 olsun.\nBu 5 kelimeyi kullanarak bir \u00f6yk\u00fc olu\u015ftural\u0131m.\nBakal\u0131m nas\u0131l masallar ortaya \u00e7\u0131k\u0131yor.\nHatice S\u00f6nmezUzman Klinik PsikologBilginet Akademi Masal Terapisi E\u011fitmeni",
    "article_html": "",
    "meta_description": "Bu makalemizde \u00e7ocuklar\u0131n\u0131zla uygulayabilece\u011finiz bir masal terapisi etkinli\u011fi payla\u015ft\u0131k. Bu etkinlik ile hem keyifli vakit ge\u00e7irebilir hem de \u00e7ocuklar\u0131n\u0131z\u0131n i\u00e7 d\u00fcnyalar\u0131n\u0131 tan\u0131ma f\u0131rsat\u0131 bulabilirsiniz.",
    "meta_lang": "tr"
}