{
    "article_id": "6ba4a7e6afb3220214a4dfec8abc3301.1589925559.0972524",
    "title": "NLP ile zihin ayarlar\u0131na geri d\u00f6n",
    "authors": [],
    "canonical_link": "https://www.milliyet.com.tr/uzaktan-egitim/nlp-ile-zihin-ayarlarina-geri-don-6205672",
    "url": "http://milliyet.com.tr/uzaktan-egitim/nlp-ile-zihin-ayarlarina-geri-don-6205672",
    "top_img": "https://i2.milimaj.com/i/milliyet/75/0x0/5eb12af255428516e431d20f.jpg",
    "meta_img": "https://i2.milimaj.com/i/milliyet/75/0x0/5eb12af255428516e431d20f.jpg",
    "movies": [],
    "text": "Evet, \u201cZihin\u201d diye bir \u015fey Sizde mutlaka VAR. \u00c7\u00fcnk\u00fc ona do\u011fu\u015ftan Sahipsiniz.\n\nO halde l\u00fctfen \u015fimdi kendinizi a\u015fa\u011f\u0131daki sorular e\u015fli\u011finde test edin;\n\nZ\u0130H\u0130N Sizin i\u00e7in NEdir, NE de\u011fildir? L\u00fctfen samimiyet ve ciddiyetle yakla\u015f\u0131n. \u00c7\u00fcnk\u00fc hayat\u0131n\u0131z\u0131n \u015fimdiki durumunu belirleyip, ak\u0131\u015f\u0131n\u0131 de\u011fi\u015ftirebilecek bir Y\u00dcZLE\u015eME olacak bu. \u201cAllah zihin a\u00e7\u0131kl\u0131\u011f\u0131 versin!\u201d dile\u011fi i\u015fte bu nedenle var. Zihin a\u00e7\u0131l\u0131rsa; insan\u0131n baht\u0131, k\u0131smeti ve yolu a\u00e7\u0131l\u0131r. Yolunuz a\u00e7\u0131ls\u0131n istiyoruz\u2026\n\nElinize kalem k\u00e2\u011f\u0131t alarak ba\u015flay\u0131n. Yazmak ve \u201cAl\u0131n Yaz\u0131s\u0131\u201d ba\u011flant\u0131s\u0131n\u0131 d\u00fc\u015f\u00fcn\u00fcn. Mutlaka her soruya bir kar\u015f\u0131l\u0131k yaz\u0131n\u2026\n\n\u201cZ\u0130H\u0130N\u201d kavram\u0131n\u0131n Sizdeki tam kar\u015f\u0131l\u0131\u011f\u0131 nedir, bir c\u00fcmle ile yazarak ifade edin.\n\nZihnin i\u015flevi ve g\u00f6rev(ler)i nedir, tam olarak ne i\u015fimize yar\u0131yor?\n\nZihin kar\u0131\u015f\u0131kl\u0131\u011f\u0131 ya da dolulu\u011fu ya\u015fad\u0131\u011f\u0131n\u0131zda ne yapars\u0131n\u0131z?\n\nZihin Fabrika Ayarlar\u0131n\u0131z nas\u0131l? Kim, kimler, ne zaman, nas\u0131l, ni\u00e7in, nelere g\u00f6re ayarlar\u0131n\u0131 yapt\u0131? Ayarlar yap\u0131l\u0131rken Sizden izin al\u0131nd\u0131 m\u0131? Siz onay verdiniz mi?\n\nYoksa Sizin \u00e7ocukluk ayar\u0131, \u201cMutlaka ONAY AL\u201d \u015feklinde yap\u0131ld\u0131\u011f\u0131 i\u00e7in, onay arama al\u0131\u015fkanl\u0131\u011f\u0131 m\u0131 var? Bir karar verirken, birilerine sormadan i\u00e7iniz rahat etmiyor mu?\n\n\u201cZihninizi yeniden programlayabilmek ve uluslararas\u0131 ge\u00e7erlili\u011fe sahip CPD akreditasyonlu sertifikan\u0131zla NLP uygulay\u0131c\u0131s\u0131 olarak \u00e7al\u0131\u015fmak istiyorsan\u0131z Bilginet Akademi\u2019nin NLP e\u011fitimi incelenmeye de\u011fer. \u201c\n\nZihninizin Ayarlar\u0131ndan Memnun musunuz?\n\nYa\u015fad\u0131\u011f\u0131n\u0131z maddi ve manevi t\u00fcm sorunlarda, ba\u015far\u0131 ve ba\u015far\u0131s\u0131zl\u0131klarda, mutluluk ve mutsuzluklarda Zihin Fabrika Ayarlar\u0131n\u0131z\u0131n rol\u00fc, pay\u0131 ve etkisi nas\u0131l? Hi\u00e7 d\u00fc\u015f\u00fcnd\u00fcn\u00fcz m\u00fc? Ara\u015ft\u0131r\u0131p tespitler yapt\u0131n\u0131z ya da yapt\u0131rd\u0131n\u0131z m\u0131?\n\nAyarlar\u0131 de\u011fi\u015ftirmek ya da g\u00fcncellemek istedi\u011finizde ne yap\u0131yorsunuz? Kimlerden nas\u0131l destek al\u0131yorsunuz? Neye g\u00f6re ne zaman g\u00fcncelliyorsunuz?\n\n\u201cAl\u0131n yaz\u0131m, kaderim b\u00f6yleymi\u015f\u201d diyerek; eskimi\u015f, zaman\u0131 ge\u00e7mi\u015f, miad\u0131 dolmu\u015f, i\u015fe yaramad\u0131\u011f\u0131 gibi, s\u00fcrekli sorun yaratan Ayarlarla yolunuza devam m\u0131 ediyorsunuz?\n\n\u201cG\u00dcNCELLE\u201d d\u00fc\u011fmesi/komutu nas\u0131l \u00e7al\u0131\u015f\u0131yor? \u201cOtomatik pilot\u201d, \u201cAmaca g\u00f6re SEN g\u00fcncelle\u201d \u201cKafas\u0131na g\u00f6re ba\u015fkas\u0131 g\u00fcncellesin\u201d, \u201cMutlaka denetle\u201d, \u201cEskiyi iptal et\u201d se\u00e7eneklerinden hangisi \u00e7al\u0131\u015f\u0131yor?\n\nNe s\u0131kl\u0131kta g\u00fcncelleme yap\u0131l\u0131yor? Anl\u0131k, G\u00fcnl\u00fck, Haftal\u0131k, Ayl\u0131k Y\u0131ll\u0131k ya da Hi\u00e7bir Zaman\u2026\n\n\u201cG\u00fcncelleme kendi kendine yap\u0131ls\u0131n\u201d, yoksa \u201cBen isteyince yap\u201d se\u00e7ene\u011fi mi aktif? Son Onay\u0131 K\u0130M veriyor?\n\nL\u00fctfen bir kez daha d\u00fc\u015f\u00fcn\u00fcn; Zihninizin Ayarlar\u0131ndan memnun musunuz? De\u011filseniz ne yapacaks\u0131n\u0131z? Biraz a\u011f\u0131r olacak ama, ayarlardan haberiniz var m\u0131?\n\nBu i\u015fin uzman\u0131 olarak Ben, y\u0131llarca ayarlardan habersiz ya\u015fad\u0131\u011f\u0131m\u0131 \u00f6\u011frendi\u011fimde \u015fok ge\u00e7irdim. Evet, resmen \u015fok ge\u00e7irdim. Bu nedenle de bu konuya bu kadar \u00f6nem veriyorum.\n\nY\u00fczle\u015fme Test Sonucunuz Nas\u0131l?\n\nUmar\u0131z ki bu sorularla yapt\u0131\u011f\u0131n\u0131z y\u00fczle\u015fmede; \u201cZihin\u201d, \u201cZihnin Fabrika Ayarlar\u0131\u201d ve \u201cZihin A\u00e7\u0131kl\u0131\u011f\u0131\u201d kavramlar\u0131n\u0131n \u00f6nemi konusunda zihninizde \u015fim\u015fekler \u00e7akmaya ba\u015flam\u0131\u015ft\u0131r. A\u00e7\u0131lmas\u0131 i\u00e7in bu iyi bir ba\u015flang\u0131\u00e7 olur.\n\nDaha bitmedi, devam edelim\u2026\n\nZ\u0130H\u0130NSEL KARMA\u015eA ve KARMA\u015eIK HAYATLAR!\n\n\u201cZihin\u201d konusunda toplum genelinde yayg\u0131n bir karma\u015fa var. En okumu\u015f, kafas\u0131 \u00e7al\u0131\u015fan, ayd\u0131n ge\u00e7inen ya da bilinen ki\u015filerde de bu manzaray\u0131 g\u00f6r\u00fcnce, di\u011ferleri masum kal\u0131yor.\n\nSorumluluk \u0130lkesi gere\u011fi yap\u0131lacak TEK \u015eEY; b\u00fcy\u00fck bir \u0130ddia ile \u201c4\u0130 At\u00f6lye E\u011fitim Dizisi\u201d haz\u0131rlay\u0131p sunarak, yanl\u0131\u015flar\u0131n do\u011frusunu \u0130spat etmek olacakt\u0131. Bu e\u011fitim bunun i\u00e7in VAR. Bu nedenle, \u201cBilmedi\u011finizi bilmedi\u011finiz bilgiler i\u00e7eren bir e\u011fitimdir!\u201d diye iddia ediliyor.\n\n\u015e\u00f6yle ki;\n\nBeyin/Brain, Zihin/Mind, Ak\u0131l/Reason, Bellek/Memory ve Zek\u00e2/\u0130ntelligence (Be\u015f Karde\u015f/BZABZ) birle\u015fik fakat FARKLI i\u015flevi olan Organ ve Yetenekler oldu\u011fu i\u00e7in, yanl\u0131\u015fl\u0131kla ve bilin\u00e7sizce birbirinin yerine kullan\u0131l\u0131yor.\n\nOlsun, ne fark eder ki?\n\nHayal bile edilemeyecek kadar \u00c7OK \u015eEY\u2026 Gece ile G\u00fcnd\u00fcz aras\u0131ndaki fark kadar diyelim. Da\u011flar kadar ya da mevsimler kadar\u2026\n\nBir de bunlara Bilin\u00e7/ Bilin\u00e7alt\u0131 eklenince, ona da Psikoloji ve Ruh eklenince i\u015fler hepten kar\u0131\u015f\u0131yor. \u00d6z, Ego, Nefs, Benlik, Ki\u015filik, Miza\u00e7, Karakter, \u015eahsiyet, Huy\u2026 Vay vay vay\u2026 Kafam kar\u0131\u015ft\u0131 birden. Kar\u0131\u015fan Beyin mi Ak\u0131l m\u0131 bilmem. Belki de Zihindir. Olmad\u0131 Bellek, son se\u00e7enek Zek\u00e2. Sizce? Hepsi\u2026\n\nB\u00fct\u00fcn bu kavramlar i\u00e7 i\u00e7e ve birbiriyle yak\u0131n akraba. Ama kim kimin nesi, hangisi do\u011fu\u015ftan, hangileri sonradan aileye d\u00e2hil oldular? Bunlar\u0131n hangisi Efendi, hangileri u\u015fak? \u0130rade ve yetki kimin elinde? Kimin g\u00fcc\u00fc kime yeter, hangisi de\u011fi\u015fir, hangisi direnir? Kim kime ayar \u00e7ekecek? Vay vay vay\u2026 Zihin ne yaps\u0131n? Zihin ne, ben kimim?\n\nBir yanda \u0130nan\u00e7, bir yanda Bilgi\u2026 \u0130lim ve bilim. Din olgusu da bunlar\u0131n aras\u0131na \u015f\u0131r\u0131nga edilince, ay\u0131kla ay\u0131klayabilirsen pirincin ta\u015f\u0131n\u0131.\n\nAy\u0131klay\u0131nca pirincin ta\u015f\u0131n\u0131, ta\u015fla dur \u015eeytan\u0131n ba\u015f\u0131n\u0131. \u015eeytan da k\u00fc\u00e7\u00fck, orta, b\u00fcy\u00fck diye \u00fc\u00e7 tane. Zihin oldu meyhane. Ne \u015fi\u015f yans\u0131n ne kebap, ne verirsen o sevap\u2026\n\nZihin kar\u0131\u015f\u0131k, Hayatlar karma kar\u0131\u015f\u0131k. Zihinsel karma\u015fa konusundaki iddiam\u0131z \u015fimdi daha NET, de\u011fil mi? \u0130fade etmeye \u00e7al\u0131\u015ft\u0131\u011f\u0131m\u0131z durumlar VAR, hem de \u00c7OK. Ya\u015fanan bir ger\u00e7ek, hem de \u00e7ok yayg\u0131n.\n\nB\u00fct\u00fcn bunlar bir inan\u00e7 de\u011fil, \u00e7\u0131plak g\u00f6zlem ve apa\u00e7\u0131k yal\u0131n tespitin ta kendisi. O halde ne yapal\u0131m?\n\nHaydi zihinleri biraz daha kar\u0131\u015ft\u0131ral\u0131m\u2026\n\n\u00d6rne\u011fin bir sorumuz ya da sorunumuz olsa, Be\u015f Karde\u015ften (BZABZ) hangisiyle ilgili oldu\u011funu nas\u0131l bilece\u011fiz? Kimi aray\u0131p kime gidece\u011fiz? Hangi durumlarda ila\u00e7 gerekir, hangisinde i\u015fe yaramaz ya da gereksizdir? Bunun karar\u0131n\u0131 hangi uzman verecek? Uzmanlar aras\u0131nda nas\u0131l bir i\u015fbirli\u011fi olacak? Bitti mi? HAYIR!\n\nHer konuda \u201cE\u011fitim \u015fart!\u201d \u0130yi de HANG\u0130 E\u011e\u0130T\u0130M?\n\nBe\u015f Karde\u015ften (BZABZ) hangisi hangisini e\u011fitecek. Birlikte mi, ayr\u0131 ayr\u0131 m\u0131?\n\nE\u011fitimciyi e\u011fitecek e\u011fitimcinin Zihin Fabrika Ayar\u0131 konusunda bilgi, deneyim ve donan\u0131m seviyesi ne durumda? Bunu kim nas\u0131l sorgulayacak? Sorgulasa sonu\u00e7 ne olacak? Ne de\u011fi\u015fecek? Hi\u00e7\u2026\n\n\u00dclkenin E\u011fitim Sistemi Bellek/ Haf\u0131za ezber \u00fczerine kurulmu\u015f. Haf\u0131za, Haf\u0131z, Ezber, Muhaf\u0131z, Muhafazakar\u2026 Yani bildi\u011fini tutan, tutucu\u2026 Ezberi bozulmayan, yani de\u011fi\u015fmeyen ve g\u00fcncellenmeyen\u2026 Sorgulamayan, ezberi bozulur diye korkan.\n\nE\u011fitimde D\u00fcnya s\u0131ralamas\u0131nda neredeyiz? Son s\u0131ralarda. Ni\u00e7in?\n\nZihin Fabrika Ayarlar\u0131 olmas\u0131 gerekti\u011fi gibi olmad\u0131\u011f\u0131 i\u00e7in. Ni\u00e7in?\n\n\u201cE\u011fitimci\u201d dedi\u011fimiz \u00d6\u011fretmenlerin hi\u00e7 birinin, \u00fczerine basa basa vurgulayarak s\u00f6yl\u00fcyoruz, hi\u00e7birinin Zihin Fabrika Ayarlar\u0131n\u0131 bilmedi\u011fi i\u00e7in. Ni\u00e7in?\n\nBiz kitaplar\u0131 yazana kadar yazan biri \u00e7\u0131kmad\u0131\u011f\u0131 i\u00e7in. Ni\u00e7in?\n\nEzberi birileri bozmadan ezberler bozulmad\u0131\u011f\u0131 i\u00e7in. Ni\u00e7in?\n\n\u0130ddia edip birileri sorumluluk duymad\u0131\u011f\u0131 ve almad\u0131\u011f\u0131 i\u00e7in. Ni\u00e7in, ni\u00e7in\u2026\n\n\u0130\u015fte \u201c4\u0130 At\u00f6lye E\u011fitim Dizisi\u201d b\u00fct\u00fcn bu sorunlar\u0131n \u00e7\u00f6z\u00fcm\u00fc i\u00e7in VAR.\n\nKISACA VE \u00d6ZETLE\u2026\n\n\u201cB\u00fct\u00fcn yollar zihinden ge\u00e7er\u201d s\u00f6z\u00fc, i\u015fin \u00f6z\u00fc ve \u00e7\u0131k\u0131\u015f yoludur.\n\n\u201cYolge\u00e7en Han\u0131\u201d denilen Han, Zihindir.\n\n\u201cBu i\u015fi masaya yat\u0131ral\u0131m\u201d denilen Masa, Zihindir.\n\n\u201cGelece\u011fimiz, hayallerimiz, her i\u015fimiz\u201d Zihin Masas\u0131nda planlan\u0131r.\n\nBireyin \u201cAl\u0131n Yaz\u0131s\u0131\u201d, kendi Zihin Masas\u0131nda yaz\u0131l\u0131r.\n\n\u201cKafada \u00e7\u00f6z\u00fclen her \u015fey\u201d, Zihinde \u00e7\u00f6z\u00fcl\u00fcr.\n\nAl\u0131\u015fkanl\u0131klar zihinde ba\u015flar, zihinde b\u0131rak\u0131l\u0131r.\n\n\u201cE\u011fitim \u015fart\u201d denilen e\u011fitim, Zihin merkezli e\u011fitimdir.\n\nZihin; hem sorun, hem de \u00c7\u00f6z\u00fcm Merkezidir.\n\nZihin, Evrenin ortak bulu\u015fma merkezidir. ORTAK Z\u0130H\u0130N budur.\n\n\u201cZihin Fabrika Ayarlar\u0131n\u0131 G\u00fcncelle\u201d, t\u00fcm bu tespitlerin i\u00e7eri\u011fini kar\u015f\u0131layan vizyoner bir At\u00f6lye E\u011fitimidir.\n\nDaha Bitmedi\u2026!\n\nZ\u0130H\u0130N; Beyin/(donan\u0131m) dedi\u011fimiz s\u00fcper bilgisayar\u0131n \u0130\u015fletim Sistemidir/(yaz\u0131l\u0131m). Bir bilgisayar i\u00e7in Windows ve Ofis programlar\u0131 ne ise, bir benzerlik olarak bizde de Zihin odur.\n\nEvrensel, yani TEK B\u0130R \u00e7al\u0131\u015fma sistemati\u011fi var. \u0130\u015fte \u201cZihnin Fabrika Ayarlar\u0131\u201d ifadesi bu TEK B\u0130R \u0130\u015fletim Sistemini i\u015faret eder.\n\nZihin, Bilin\u00e7 dedi\u011fimiz Efendi g\u00f6zetiminde; Ak\u0131l, Zek\u00e2 ve Bellek \u00fc\u00e7l\u00fcs\u00fcn\u00fc kullanarak \u00fcretim ve yarat\u0131m i\u015fi yapar.\n\nZihin; Beynin i\u015fletim sistemi, yarat\u0131m, y\u00f6netim ve denetim merkezidir. Zihnin 5 temel \u00c7al\u0131\u015fma Yasas\u0131, \u0130\u015flem Merkezleri ve \u015fekil veren ara\u00e7lar\u0131 var.\n\nRUH dedi\u011fimiz Yarat\u0131c\u0131 G\u00fc\u00e7, yarat\u0131c\u0131 enerjisini Zihin arac\u0131l\u0131\u011f\u0131yla kullan\u0131r, kulland\u0131r\u0131r. Bu y\u00f6n\u00fcyle Zihin, Hayal G\u00fcc\u00fcne y\u00f6n ve \u015fekil verilen \u201cY\u00f6netim Paneli\u201ddir. \u00c7\u00f6z\u00fcm de, \u00e7\u00f6z\u00fcms\u00fczl\u00fck de zihinde OLU\u015eUR. Bu nedenle Z\u0130H\u0130N HER \u015eEYD\u0130R diyebiliriz\n\nSORUNLARIMIZ VE Z\u0130H\u0130N\u2026\n\nZ\u0130H\u0130N; a\u00e7\u0131l\u0131r, kapan\u0131r, durur, bloke olur, \u00e7ok s\u0131k kar\u0131\u015f\u0131r, me\u015fgul konumda kal\u0131r, vir\u00fcs etkili sanal bilgilerle kirlenir, a\u00e7\u0131k ya da \u00f6rt\u00fck alg\u0131 operasyonlar\u0131 ile y\u00f6netilir, y\u00f6nlendirilir\u2026\n\nB\u00fct\u00fcn bunlar\u0131n sonucunda neler olmaz ki?\n\nA\u2019dan Z\u2019ye t\u00fcm psikolojik sorunlar ve t\u00fcm psikosomatik rahats\u0131zl\u0131klar/hastal\u0131klar Zihinde ya da Zihin arac\u0131l\u0131\u011f\u0131yla bedende olu\u015fur. Bunal\u0131mlar, tak\u0131nt\u0131lar, korkular, fobiler, obsesif kompulsif bozukluklar, duygusal sorunlar, ba\u015f a\u011fr\u0131s\u0131, migren \u00f6zg\u00fcven eksikli\u011fi\u2026 Yeter! Daha saymayal\u0131m, Zihni yeterince bunaltt\u0131k zaten.\n\nAncak, Zihinlerde bol bol \u015fim\u015fekler \u00e7akt\u0131rarak vir\u00fcs temizli\u011fi de yapm\u0131\u015f olduk bir yandan\u2026\n\n\u015e\u0130MD\u0130 ARTIK KARAR S\u0130Z\u0130N\u2026\n\nBu e\u011fitim; istisnas\u0131z HER \u0130NSAN \u0130\u00c7\u0130N \u00f6nemli, de\u011ferli ve ne kadar erken \u00f6\u011frenilirse o kadar fazla kazan\u00e7 sa\u011flayan \u201c4\u0130 \u00c7al\u0131\u015fma Modeli\u201d vizyoner bir At\u00f6lye E\u011fitimidir.\n\nYazar\u0131n kaynak kitaplar\u0131 \u0131\u015f\u0131\u011f\u0131nda Zihni A\u2019dan Z\u2019ye ele alan \u00f6zg\u00fcn bir e\u011fitimdir. Bu nedenle alternatifi yoktur.\n\nAlg\u0131 operasyonlar\u0131na kar\u015f\u0131 korucu filtreler olu\u015fturmay\u0131 \u00f6\u011frenirsiniz.\n\nBu e\u011fitimle, ya\u015fam\u0131n\u0131zda yeni bir d\u00f6nem ba\u015flar. Zihninizde \u015fimdiye kadar kalm\u0131\u015f kronik sorunlar dahi kendili\u011finden \u00e7\u00f6z\u00fclmeye ba\u015flar. \u00c7\u00fcnk\u00fc zihin 7/24 aral\u0131ks\u0131z uykuda bile \u00e7al\u0131\u015fmas\u0131n\u0131 s\u00fcrd\u00fcr\u00fcr.\n\n\u00c7\u00f6z\u00fclmeler ve ar\u0131nmalar sonucu do\u011fal bir enerji art\u0131\u015f\u0131 ve canlanma ba\u015flar.\n\nBir kez daha iddiayla s\u00f6yl\u00fcyoruz ki; bu, \u201cBilmedi\u011finizi bilmedi\u011finiz bilgiler i\u00e7eren bir e\u011fitimdir!\u201d ARZ etmek bizden, TALEP etmek sizden\u2026\n\nYazan: Klinik Psikolog Yal\u00e7\u0131n Kire\u00e7\u00e7i",
    "keywords": [
        "nlp",
        "ne",
        "i\u00e7in",
        "var",
        "d\u00f6n",
        "ya",
        "bir",
        "geri",
        "nas\u0131l",
        "ayarlar\u0131na",
        "ve",
        "da",
        "ile",
        "zihin",
        "bu"
    ],
    "meta_keywords": [
        ""
    ],
    "publish_date": null,
    "summary": "Evet, \u201cZihin\u201d diye bir \u015fey Sizde mutlaka VAR.\nO halde l\u00fctfen \u015fimdi kendinizi a\u015fa\u011f\u0131daki sorular e\u015fli\u011finde test edin;Z\u0130H\u0130N Sizin i\u00e7in NEdir, NE de\u011fildir?\n\u00c7\u00fcnk\u00fc hayat\u0131n\u0131z\u0131n \u015fimdiki durumunu belirleyip, ak\u0131\u015f\u0131n\u0131 de\u011fi\u015ftirebilecek bir Y\u00dcZLE\u015eME olacak bu.\n\u201cAllah zihin a\u00e7\u0131kl\u0131\u011f\u0131 versin!\u201d dile\u011fi i\u015fte bu nedenle var.\nZihin a\u00e7\u0131l\u0131rsa; insan\u0131n baht\u0131, k\u0131smeti ve yolu a\u00e7\u0131l\u0131r.\nMutlaka her soruya bir kar\u015f\u0131l\u0131k yaz\u0131n\u2026\u201cZ\u0130H\u0130N\u201d kavram\u0131n\u0131n Sizdeki tam kar\u015f\u0131l\u0131\u011f\u0131 nedir, bir c\u00fcmle ile yazarak ifade edin.\nZihin kar\u0131\u015f\u0131kl\u0131\u011f\u0131 ya da dolulu\u011fu ya\u015fad\u0131\u011f\u0131n\u0131zda ne yapars\u0131n\u0131z?\nZihin Fabrika Ayarlar\u0131n\u0131z nas\u0131l?\nKim, kimler, ne zaman, nas\u0131l, ni\u00e7in, nelere g\u00f6re ayarlar\u0131n\u0131 yapt\u0131?\nYoksa Sizin \u00e7ocukluk ayar\u0131, \u201cMutlaka ONAY AL\u201d \u015feklinde yap\u0131ld\u0131\u011f\u0131 i\u00e7in, onay arama al\u0131\u015fkanl\u0131\u011f\u0131 m\u0131 var?\n\u201cZihninizi yeniden programlayabilmek ve uluslararas\u0131 ge\u00e7erlili\u011fe sahip CPD akreditasyonlu sertifikan\u0131zla NLP uygulay\u0131c\u0131s\u0131 olarak \u00e7al\u0131\u015fmak istiyorsan\u0131z Bilginet Akademi\u2019nin NLP e\u011fitimi incelenmeye de\u011fer.\nYa\u015fad\u0131\u011f\u0131n\u0131z maddi ve manevi t\u00fcm sorunlarda, ba\u015far\u0131 ve ba\u015far\u0131s\u0131zl\u0131klarda, mutluluk ve mutsuzluklarda Zihin Fabrika Ayarlar\u0131n\u0131z\u0131n rol\u00fc, pay\u0131 ve etkisi nas\u0131l?\nAra\u015ft\u0131r\u0131p tespitler yapt\u0131n\u0131z ya da yapt\u0131rd\u0131n\u0131z m\u0131?\nAyarlar\u0131 de\u011fi\u015ftirmek ya da g\u00fcncellemek istedi\u011finizde ne yap\u0131yorsunuz?\n\u201cAl\u0131n yaz\u0131m, kaderim b\u00f6yleymi\u015f\u201d diyerek; eskimi\u015f, zaman\u0131 ge\u00e7mi\u015f, miad\u0131 dolmu\u015f, i\u015fe yaramad\u0131\u011f\u0131 gibi, s\u00fcrekli sorun yaratan Ayarlarla yolunuza devam m\u0131 ediyorsunuz?\n\u201cOtomatik pilot\u201d, \u201cAmaca g\u00f6re SEN g\u00fcncelle\u201d \u201cKafas\u0131na g\u00f6re ba\u015fkas\u0131 g\u00fcncellesin\u201d, \u201cMutlaka denetle\u201d, \u201cEskiyi iptal et\u201d se\u00e7eneklerinden hangisi \u00e7al\u0131\u015f\u0131yor?\nAnl\u0131k, G\u00fcnl\u00fck, Haftal\u0131k, Ayl\u0131k Y\u0131ll\u0131k ya da Hi\u00e7bir Zaman\u2026\u201cG\u00fcncelleme kendi kendine yap\u0131ls\u0131n\u201d, yoksa \u201cBen isteyince yap\u201d se\u00e7ene\u011fi mi aktif?\nBu nedenle de bu konuya bu kadar \u00f6nem veriyorum.\nUmar\u0131z ki bu sorularla yapt\u0131\u011f\u0131n\u0131z y\u00fczle\u015fmede; \u201cZihin\u201d, \u201cZihnin Fabrika Ayarlar\u0131\u201d ve \u201cZihin A\u00e7\u0131kl\u0131\u011f\u0131\u201d kavramlar\u0131n\u0131n \u00f6nemi konusunda zihninizde \u015fim\u015fekler \u00e7akmaya ba\u015flam\u0131\u015ft\u0131r.\nA\u00e7\u0131lmas\u0131 i\u00e7in bu iyi bir ba\u015flang\u0131\u00e7 olur.\n\u201cZihin\u201d konusunda toplum genelinde yayg\u0131n bir karma\u015fa var.\nEn okumu\u015f, kafas\u0131 \u00e7al\u0131\u015fan, ayd\u0131n ge\u00e7inen ya da bilinen ki\u015filerde de bu manzaray\u0131 g\u00f6r\u00fcnce, di\u011ferleri masum kal\u0131yor.\nSorumluluk \u0130lkesi gere\u011fi yap\u0131lacak TEK \u015eEY; b\u00fcy\u00fck bir \u0130ddia ile \u201c4\u0130 At\u00f6lye E\u011fitim Dizisi\u201d haz\u0131rlay\u0131p sunarak, yanl\u0131\u015flar\u0131n do\u011frusunu \u0130spat etmek olacakt\u0131.\nBu e\u011fitim bunun i\u00e7in VAR.\n\u015e\u00f6yle ki;Beyin/Brain, Zihin/Mind, Ak\u0131l/Reason, Bellek/Memory ve Zek\u00e2/\u0130ntelligence (Be\u015f Karde\u015f/BZABZ) birle\u015fik fakat FARKLI i\u015flevi olan Organ ve Yetenekler oldu\u011fu i\u00e7in, yanl\u0131\u015fl\u0131kla ve bilin\u00e7sizce birbirinin yerine kullan\u0131l\u0131yor.\nHayal bile edilemeyecek kadar \u00c7OK \u015eEY\u2026 Gece ile G\u00fcnd\u00fcz aras\u0131ndaki fark kadar diyelim.\nDa\u011flar kadar ya da mevsimler kadar\u2026Bir de bunlara Bilin\u00e7/ Bilin\u00e7alt\u0131 eklenince, ona da Psikoloji ve Ruh eklenince i\u015fler hepten kar\u0131\u015f\u0131yor.\nVay vay vay\u2026 Zihin ne yaps\u0131n?\nZihin ne, ben kimim?\nBir yanda \u0130nan\u00e7, bir yanda Bilgi\u2026 \u0130lim ve bilim.\nNe \u015fi\u015f yans\u0131n ne kebap, ne verirsen o sevap\u2026Zihin kar\u0131\u015f\u0131k, Hayatlar karma kar\u0131\u015f\u0131k.\nHaydi zihinleri biraz daha kar\u0131\u015ft\u0131ral\u0131m\u2026\u00d6rne\u011fin bir sorumuz ya da sorunumuz olsa, Be\u015f Karde\u015ften (BZABZ) hangisiyle ilgili oldu\u011funu nas\u0131l bilece\u011fiz?\nHangi durumlarda ila\u00e7 gerekir, hangisinde i\u015fe yaramaz ya da gereksizdir?\nUzmanlar aras\u0131nda nas\u0131l bir i\u015fbirli\u011fi olacak?\nE\u011fitimciyi e\u011fitecek e\u011fitimcinin Zihin Fabrika Ayar\u0131 konusunda bilgi, deneyim ve donan\u0131m seviyesi ne durumda?\nHaf\u0131za, Haf\u0131z, Ezber, Muhaf\u0131z, Muhafazakar\u2026 Yani bildi\u011fini tutan, tutucu\u2026 Ezberi bozulmayan, yani de\u011fi\u015fmeyen ve g\u00fcncellenmeyen\u2026 Sorgulamayan, ezberi bozulur diye korkan.\nZihin Fabrika Ayarlar\u0131 olmas\u0131 gerekti\u011fi gibi olmad\u0131\u011f\u0131 i\u00e7in.\n\u201cE\u011fitimci\u201d dedi\u011fimiz \u00d6\u011fretmenlerin hi\u00e7 birinin, \u00fczerine basa basa vurgulayarak s\u00f6yl\u00fcyoruz, hi\u00e7birinin Zihin Fabrika Ayarlar\u0131n\u0131 bilmedi\u011fi i\u00e7in.\n\u0130ddia edip birileri sorumluluk duymad\u0131\u011f\u0131 ve almad\u0131\u011f\u0131 i\u00e7in.\nNi\u00e7in, ni\u00e7in\u2026\u0130\u015fte \u201c4\u0130 At\u00f6lye E\u011fitim Dizisi\u201d b\u00fct\u00fcn bu sorunlar\u0131n \u00e7\u00f6z\u00fcm\u00fc i\u00e7in VAR.\n\u201cZihin Fabrika Ayarlar\u0131n\u0131 G\u00fcncelle\u201d, t\u00fcm bu tespitlerin i\u00e7eri\u011fini kar\u015f\u0131layan vizyoner bir At\u00f6lye E\u011fitimidir.\nBir bilgisayar i\u00e7in Windows ve Ofis programlar\u0131 ne ise, bir benzerlik olarak bizde de Zihin odur.\nZihin, Bilin\u00e7 dedi\u011fimiz Efendi g\u00f6zetiminde; Ak\u0131l, Zek\u00e2 ve Bellek \u00fc\u00e7l\u00fcs\u00fcn\u00fc kullanarak \u00fcretim ve yarat\u0131m i\u015fi yapar.\nZihin; Beynin i\u015fletim sistemi, yarat\u0131m, y\u00f6netim ve denetim merkezidir.\nBu y\u00f6n\u00fcyle Zihin, Hayal G\u00fcc\u00fcne y\u00f6n ve \u015fekil verilen \u201cY\u00f6netim Paneli\u201ddir.\nBu nedenle Z\u0130H\u0130N HER \u015eEYD\u0130R diyebilirizSORUNLARIMIZ VE Z\u0130H\u0130N\u2026Z\u0130H\u0130N; a\u00e7\u0131l\u0131r, kapan\u0131r, durur, bloke olur, \u00e7ok s\u0131k kar\u0131\u015f\u0131r, me\u015fgul konumda kal\u0131r, vir\u00fcs etkili sanal bilgilerle kirlenir, a\u00e7\u0131k ya da \u00f6rt\u00fck alg\u0131 operasyonlar\u0131 ile y\u00f6netilir, y\u00f6nlendirilir\u2026B\u00fct\u00fcn bunlar\u0131n sonucunda neler olmaz ki?\nA\u2019dan Z\u2019ye t\u00fcm psikolojik sorunlar ve t\u00fcm psikosomatik rahats\u0131zl\u0131klar/hastal\u0131klar Zihinde ya da Zihin arac\u0131l\u0131\u011f\u0131yla bedende olu\u015fur.\n\u00c7\u00fcnk\u00fc zihin 7/24 aral\u0131ks\u0131z uykuda bile \u00e7al\u0131\u015fmas\u0131n\u0131 s\u00fcrd\u00fcr\u00fcr.\n\u00c7\u00f6z\u00fclmeler ve ar\u0131nmalar sonucu do\u011fal bir enerji art\u0131\u015f\u0131 ve canlanma ba\u015flar.\nBir kez daha iddiayla s\u00f6yl\u00fcyoruz ki; bu, \u201cBilmedi\u011finizi bilmedi\u011finiz bilgiler i\u00e7eren bir e\u011fitimdir!\u201d ARZ etmek bizden, TALEP etmek sizden\u2026Yazan: Klinik Psikolog Yal\u00e7\u0131n Kire\u00e7\u00e7i",
    "article_html": "",
    "meta_description": "Bu makalede NLP teknikleri a\u00e7\u0131s\u0131ndan b\u00fcy\u00fck \u00f6nem arz eden zihin kavram\u0131n\u0131 ve onu nas\u0131l y\u00f6netebilece\u011fimizi inceleyece\u011fiz.",
    "meta_lang": "tr"
}