{
    "article_id": "9fd22adbf763d5c829e3c8560c52df33.1589925561.39248",
    "title": "\u015eENER \u015eEN\u2019\u0130N SAHTE HESAPLARLA SAVA\u015eI",
    "authors": [
        "Abdullah Karaku\u015f",
        "S\u00fcreyya \u00dczmez",
        "Ali \u00c7\u0131nar",
        "Levent K\u00f6pr\u00fcl\u00fc"
    ],
    "canonical_link": "https://www.milliyet.com.tr/yazarlar/ali-eyuboglu/sener-sen-in-sahte-hesaplarla-savasi-2897546",
    "url": "http://milliyet.com.tr/yazarlar/ali-eyuboglu/sener-sen-in-sahte-hesaplarla-savasi-2897546",
    "top_img": "https://i2.milimaj.com/i/milliyet/75/600x600/5c5c174fcb145171243deea1",
    "meta_img": "https://i2.milimaj.com/i/milliyet/75/600x600/5c5c174fcb145171243deea1",
    "movies": [],
    "text": "Sosyal medyaya girdi\u011fine pi\u015fman olup ara verenler, hesaplar\u0131n\u0131 kapatanlar\u0131n yan\u0131 s\u0131ra \u201cHi\u00e7 i\u015fim olmaz\u201d deyip uzak duran \u00fcnl\u00fcler de var.\n\n\u00d6rne\u011fin \u015eener \u015een\u2026\n\nSanat\u00e7\u0131n\u0131n hi\u00e7 hesab\u0131 yok, ama sosyal medya y\u00fcz\u00fcnden ba\u015f\u0131 dertten kurtulmuyor.\n\nAd\u0131na hesap a\u00e7an sahtek\u00e2rlar\u0131n yazd\u0131klar\u0131 ve payla\u015ft\u0131klar\u0131 \u015een\u2019e zarar verdik\u00e7e solu\u011fu savc\u0131l\u0131kta al\u0131yor sanat\u00e7\u0131.\n\n\u015eener \u015een, sahte hesaplarla imaj\u0131na zarar verenler ve insanlar\u0131 doland\u0131ranlar hakk\u0131ndaki son su\u00e7 duyurusundan sonra \u015f\u00f6yle dedi:\n\n\u201cBenim mail adresim bile yok.\u201d\n\n\u015eener \u015een, dijital geli\u015fmelere direnmek yerine, yo\u011fun olarak kullanmasa dahi hep platformda hesap a\u00e7sayd\u0131 bunlar gelir miydi ba\u015f\u0131na?\n\nEn az\u0131ndan b\u0131rakt\u0131\u011f\u0131 bo\u015flu\u011fu dolduranlara meydan\u0131 bu denli bo\u015f b\u0131rakmaz ve s\u0131k\u00e7a savc\u0131l\u0131\u011fa gidip, su\u00e7 duyurusunda bulunmak zorunda kalmazd\u0131. \u015een, \u201cResmi hesaplar\u0131m bunlar, di\u011ferlerine inanmay\u0131n\u201d duyurusuyla bu suiistimali \u00f6nlerdi.\n\nYAZAR NAZLI ERAY\u2019IN TAKD\u0130R ETT\u0130\u011e\u0130 TWEET\n\nProfilinde \u201cAvukat, i\u015f bitirici\u201d yazan ve \u201cSuit\u201d dizisinde Gabriel Macht \u2019\u0131n oynad\u0131\u011f\u0131 avukat \u201cHarvey Specter\u201ddan esinlenip Twitter\u2019da @avharveyspecter ad\u0131yla hesap a\u00e7an Burak\u2019s, \u015f\u00f6yle bir tweet att\u0131:\n\n\u201cGe\u00e7en sene k\u0131z arkada\u015f\u0131mla iki medeni insan gibi ayr\u0131l\u0131p yollar\u0131m\u0131za devam ettik. \u00d6\u011frendim ki \u00f6n\u00fcm\u00fczdeki hafta evleniyormu\u015f. Ben de ofisi b\u00fcy\u00fctt\u00fcm, arabay\u0131 de\u011fi\u015ftirdim, 7 \u00fclke gezdim, 12 kilo verdim, 1 ya\u015f daha b\u00fcy\u00fcd\u00fcm ve bu sene de evlenemedim.\u201d\n\nYazar Nazl\u0131 Eray\u2019\u0131n \u201cBa\u015far\u0131 sende\u201d yorumuyla bu tweeti RT retweet etti\u011fi g\u00fcnde bile maalesef medeni insanlar gibi ayr\u0131l\u0131\u011f\u0131 beceremeyen erkekler taraf\u0131ndan \u00fc\u00e7 kad\u0131n \u00f6ld\u00fcr\u00fcld\u00fc \u00fclkemizde.\n\n\u0130SPANYOL D\u0130Z\u0130S\u0130NDEK\u0130 ARDA TURAN SOHBET\u0130\n\nNetflix\u2019te izleyecek aksiyon filmi ve dizisi kalmay\u0131nca 2015 yap\u0131m\u0131 \u0130spanyol dizisi \u201cVis a Vis\u201de bir bakay\u0131m dedim. \u201cVis a Vis\u201d,\u201dWentworth\u201dun yerli uyarlamas\u0131 \u201cAvlu\u201d gibi kad\u0131nlar cezaevinde ge\u00e7en bir dizi.\n\n\u201cVis a Vis\u201din ilk sezonunu izlerken bir sahnede tan\u0131d\u0131k bir isim kar\u015f\u0131ma \u00e7\u0131kt\u0131. Erkek gardiyanlar, vardiya de\u011fi\u015fiminden sonra cezaevinde toplan\u0131p, futbol ma\u00e7\u0131 izlemeye ba\u015flad\u0131. Ma\u00e7 uzatmaya gidince gardiyanlardan biri, \u201cArda Turan\u2019\u0131 neden oynatm\u0131yorlar?\u201d dedi.\n\nDi\u011fer gardiyan, \u201cKim dedin?\u201d diye sorunca \u201cArda Turan\u201d dedi.\n\n\u00dc\u00e7\u00fcnc\u00fc gardiyan ise Arda Turan\u2019l\u0131 muhabbeti, \u201cEvet, bence de\u2026 Sakatl\u0131\u011f\u0131 ge\u00e7ti diye biliyorum. Ge\u00e7en hafta son 20 dakika oynad\u0131\u201d diyerek tamamlad\u0131.\n\nNetflix, pop\u00fcler dizilerinin sezon tan\u0131t\u0131m filmlerinde yay\u0131nlanaca\u011f\u0131 \u00fclkenin y\u0131ld\u0131zlar\u0131n\u0131 oynatan bir \u015firket. O nedenle Netflix\u2019in T\u00fcrkiye pazar\u0131 i\u00e7in T\u00fcrk\u00e7e dublajda b\u00f6yle bir g\u00fczellik mi yapt\u0131 diye \u201cVis a Vis\u201din o b\u00f6l\u00fcm\u00fcn\u00fc orijinal dilinde izledim. \u0130spanyol senaristlerin La Liga\u2019da onca y\u0131ld\u0131z varken Arda Turan\u2019\u0131 uzatmalara giden bir ma\u00e7ta sonucu de\u011fi\u015ftirecek futbolcu olarak g\u00f6r\u00fcp, senaryoya d\u00e2hil ettiklerini anlad\u0131m.\n\nG\u00dcN\u00dcN S\u00d6Z\u00dc\n\n\u201c\u00d6z\u00fc s\u00f6z\u00fc do\u011fru olanlar\u0131n ortak y\u00f6n\u00fc de budur; kar\u015f\u0131s\u0131ndaki ki\u015finin de i\u00e7ten konu\u015ftu\u011funu san\u0131rlar.\u201d (Khaled Hosseini)",
    "keywords": [
        "\u015feni\u0307n",
        "diye",
        "bir",
        "vis",
        "gibi",
        "\u015fener",
        "ve",
        "bu",
        "\u015f\u00f6yle",
        "hesap",
        "sahte",
        "\u015fen",
        "sava\u015fi",
        "hesaplarla",
        "arda"
    ],
    "meta_keywords": [
        ""
    ],
    "publish_date": null,
    "summary": "Sosyal medyaya girdi\u011fine pi\u015fman olup ara verenler, hesaplar\u0131n\u0131 kapatanlar\u0131n yan\u0131 s\u0131ra \u201cHi\u00e7 i\u015fim olmaz\u201d deyip uzak duran \u00fcnl\u00fcler de var.\n\u00d6rne\u011fin \u015eener \u015een\u2026Sanat\u00e7\u0131n\u0131n hi\u00e7 hesab\u0131 yok, ama sosyal medya y\u00fcz\u00fcnden ba\u015f\u0131 dertten kurtulmuyor.\nAd\u0131na hesap a\u00e7an sahtek\u00e2rlar\u0131n yazd\u0131klar\u0131 ve payla\u015ft\u0131klar\u0131 \u015een\u2019e zarar verdik\u00e7e solu\u011fu savc\u0131l\u0131kta al\u0131yor sanat\u00e7\u0131.\n\u015eener \u015een, sahte hesaplarla imaj\u0131na zarar verenler ve insanlar\u0131 doland\u0131ranlar hakk\u0131ndaki son su\u00e7 duyurusundan sonra \u015f\u00f6yle dedi:\u201cBenim mail adresim bile yok.\u201d\u015eener \u015een, dijital geli\u015fmelere direnmek yerine, yo\u011fun olarak kullanmasa dahi hep platformda hesap a\u00e7sayd\u0131 bunlar gelir miydi ba\u015f\u0131na?\nEn az\u0131ndan b\u0131rakt\u0131\u011f\u0131 bo\u015flu\u011fu dolduranlara meydan\u0131 bu denli bo\u015f b\u0131rakmaz ve s\u0131k\u00e7a savc\u0131l\u0131\u011fa gidip, su\u00e7 duyurusunda bulunmak zorunda kalmazd\u0131.\n\u015een, \u201cResmi hesaplar\u0131m bunlar, di\u011ferlerine inanmay\u0131n\u201d duyurusuyla bu suiistimali \u00f6nlerdi.\nYAZAR NAZLI ERAY\u2019IN TAKD\u0130R ETT\u0130\u011e\u0130 TWEETProfilinde \u201cAvukat, i\u015f bitirici\u201d yazan ve \u201cSuit\u201d dizisinde Gabriel Macht \u2019\u0131n oynad\u0131\u011f\u0131 avukat \u201cHarvey Specter\u201ddan esinlenip Twitter\u2019da @avharveyspecter ad\u0131yla hesap a\u00e7an Burak\u2019s, \u015f\u00f6yle bir tweet att\u0131:\u201cGe\u00e7en sene k\u0131z arkada\u015f\u0131mla iki medeni insan gibi ayr\u0131l\u0131p yollar\u0131m\u0131za devam ettik.\n\u00d6\u011frendim ki \u00f6n\u00fcm\u00fczdeki hafta evleniyormu\u015f.\nBen de ofisi b\u00fcy\u00fctt\u00fcm, arabay\u0131 de\u011fi\u015ftirdim, 7 \u00fclke gezdim, 12 kilo verdim, 1 ya\u015f daha b\u00fcy\u00fcd\u00fcm ve bu sene de evlenemedim.\u201dYazar Nazl\u0131 Eray\u2019\u0131n \u201cBa\u015far\u0131 sende\u201d yorumuyla bu tweeti RT retweet etti\u011fi g\u00fcnde bile maalesef medeni insanlar gibi ayr\u0131l\u0131\u011f\u0131 beceremeyen erkekler taraf\u0131ndan \u00fc\u00e7 kad\u0131n \u00f6ld\u00fcr\u00fcld\u00fc \u00fclkemizde.\n\u0130SPANYOL D\u0130Z\u0130S\u0130NDEK\u0130 ARDA TURAN SOHBET\u0130Netflix\u2019te izleyecek aksiyon filmi ve dizisi kalmay\u0131nca 2015 yap\u0131m\u0131 \u0130spanyol dizisi \u201cVis a Vis\u201de bir bakay\u0131m dedim.\n\u201cVis a Vis\u201d,\u201dWentworth\u201dun yerli uyarlamas\u0131 \u201cAvlu\u201d gibi kad\u0131nlar cezaevinde ge\u00e7en bir dizi.\n\u201cVis a Vis\u201din ilk sezonunu izlerken bir sahnede tan\u0131d\u0131k bir isim kar\u015f\u0131ma \u00e7\u0131kt\u0131.\nErkek gardiyanlar, vardiya de\u011fi\u015fiminden sonra cezaevinde toplan\u0131p, futbol ma\u00e7\u0131 izlemeye ba\u015flad\u0131.\nMa\u00e7 uzatmaya gidince gardiyanlardan biri, \u201cArda Turan\u2019\u0131 neden oynatm\u0131yorlar?\u201d dedi.\nDi\u011fer gardiyan, \u201cKim dedin?\u201d diye sorunca \u201cArda Turan\u201d dedi.\n\u00dc\u00e7\u00fcnc\u00fc gardiyan ise Arda Turan\u2019l\u0131 muhabbeti, \u201cEvet, bence de\u2026 Sakatl\u0131\u011f\u0131 ge\u00e7ti diye biliyorum.\nGe\u00e7en hafta son 20 dakika oynad\u0131\u201d diyerek tamamlad\u0131.\nNetflix, pop\u00fcler dizilerinin sezon tan\u0131t\u0131m filmlerinde yay\u0131nlanaca\u011f\u0131 \u00fclkenin y\u0131ld\u0131zlar\u0131n\u0131 oynatan bir \u015firket.\nO nedenle Netflix\u2019in T\u00fcrkiye pazar\u0131 i\u00e7in T\u00fcrk\u00e7e dublajda b\u00f6yle bir g\u00fczellik mi yapt\u0131 diye \u201cVis a Vis\u201din o b\u00f6l\u00fcm\u00fcn\u00fc orijinal dilinde izledim.\n\u0130spanyol senaristlerin La Liga\u2019da onca y\u0131ld\u0131z varken Arda Turan\u2019\u0131 uzatmalara giden bir ma\u00e7ta sonucu de\u011fi\u015ftirecek futbolcu olarak g\u00f6r\u00fcp, senaryoya d\u00e2hil ettiklerini anlad\u0131m.\nG\u00dcN\u00dcN S\u00d6Z\u00dc\u201c\u00d6z\u00fc s\u00f6z\u00fc do\u011fru olanlar\u0131n ortak y\u00f6n\u00fc de budur; kar\u015f\u0131s\u0131ndaki ki\u015finin de i\u00e7ten konu\u015ftu\u011funu san\u0131rlar.\u201d (Khaled Hosseini)",
    "article_html": "",
    "meta_description": ".",
    "meta_lang": "tr"
}