{
    "article_id": "9b3a6b071149e735edffe99352a44bf0.1589925563.411509",
    "title": "Kadir Gecesi 2020 mesajlar\u0131! Uzun, k\u0131sa, resimli, hadisli Kadir Gecesi mesajlar\u0131 - Kadir suresi okunu\u015fu ve anlamlar\u0131",
    "authors": [],
    "canonical_link": "https://www.milliyet.com.tr/gundem/kadir-gecesi-2020-mesajlari-uzun-kisa-resimli-hadisli-kadir-gecesi-mesajlari-kadir-suresi-okunusu-ve-anlamlari-6215780",
    "url": "http://milliyet.com.tr/gundem/kadir-gecesi-2020-mesajlari-uzun-kisa-resimli-hadisli-kadir-gecesi-mesajlari-kadir-suresi-okunusu-ve-anlamlari-6215780",
    "top_img": "https://i2.milimaj.com/i/milliyet/75/0x0/5ec3f87c55427f162c981be9.jpg",
    "meta_img": "https://i2.milimaj.com/i/milliyet/75/0x0/5ec3f87c55427f162c981be9.jpg",
    "movies": [],
    "text": "Bin aydan daha hay\u0131rl\u0131 olan Kadir Gecesi bu gece idrak edilecek. Milyonlarca m\u00fcsl\u00fcman bir aya yak\u0131n s\u00fcredir oru\u00e7 ibadetini yerine getiriyor. Kuran-\u0131 Kerim'in indirilmeye ba\u015fland\u0131\u011f\u0131 gece olan Kadir Gecesi'nde milyonlarca m\u00fcsl\u00fcman geceyi ibadet ile ge\u00e7irecek. Kadir Gecesi'nde ailesinden sevdiklerinden uzakta olacak vatanda\u015flar en g\u00fczel kadir gecesi mesajlar\u0131 ile bu \u00f6zel gecede sevdiklerini de mutlu edebilir. \u0130\u015fte en g\u00fczel kadir gecesi mesajlar\u0131 ve s\u00f6zleri...\n\n\n\nKAD\u0130R SURES\u0130 OKUNU\u015eU VE ANLAMI\n\nBismillahirrahm\u00e2nirrah\u00eem.\n\n1- \u0130nna enzelnah\u00fc fiy leyletilkadr\n\n2- Ve ma edrake ma leylet\u00fclkadr\n\n3- Leylet\u00fclkadri hayr\u00fcm min elfi \u015fehr\n\n4- Tenezzel\u00fclmelaiket\u00fc verruhu fiyha biizni rabbihim min k\u00fclli emr\n\n5- Selam\u00fcn hiye hatta matle'\u0131lfecr\n\nAnlam\u0131\n\nRahm\u00e2n ve Rah\u00eem olan Allah'\u0131n ismiyle.\n\n1- Biz o (Kur'\u00e2n)nu Kadir gecesinde indirdik.\n\n2- Kadir gecesinin ne oldu\u011funu sen nereden bileceksin?\n\n3- Kadir gecesi bin aydan daha hay\u0131rl\u0131d\u0131r.\n\n4- Melekler ve Ruh (Cebrail veya Ruh ad\u0131ndaki melek) o gece Rablerinin izniyle, her i\u015f i\u00e7in inerler.\n\n5- O gece, tanyeri a\u011far\u0131ncaya kadar s\u00fcren bir sel\u00e2mettir.\n\nKAD\u0130R GECES\u0130 MESAJLARI\n\n\u00d6mr\u00fcm\u00fcz\u00fcn bir muhasebesini yapabilmek ve hayat\u0131m\u0131z\u0131 'helal ve haram' s\u0131n\u0131rlar\u0131n\u0131 g\u00f6zeterek bir istikamet \u00e7izebilme \u00fcmidiyle, Kadir Gecemiz M\u00fcbarek Olsun.\n\nIrmak vadiden, sevda denizden, dua y\u00fcrekten kopar gelir. Y\u00fcre\u011fimdeki duaya ortak ettim seni. Sende dualar\u0131ndan mahrum etme beni. Dostun has\u0131 huzur verir, muhabbeti \u00f6m\u00fcr verir, y\u00fcz\u00fcndeki tebess\u00fcm cemali Resul'den gelir. Rabbim \u00f6mr\u00fcne \u00f6m\u00fcr, g\u00f6nl\u00fcne huzur versin. Kadir geceniz m\u00fcbarek olsun.\n\nYa Rabbi! Hastalara \u015fifa, dertlilere deva, a\u00e7lara a\u015f, toklara iman ve itikat, evlerimize huzur bereket, vatan\u0131m\u0131za refah ver. (Amin) hay\u0131rl\u0131 Kandiller.\n\nEy talihsizlerin s\u0131\u011f\u0131na\u011f\u0131, acizlerin g\u00fc\u00e7 kayna\u011f\u0131, dertlilerin tabibi, \u00e7aresizlerin \u00e7aresi ve ey her dua'da bulunana icabet eden, Ululuk Taht\u0131n\u0131n Sultan\u0131! \u0130\u00e7inde bulundu\u011fumuz Kadir Gecesi h\u00fcrmetine bizleri affeyle. Hay\u0131rl\u0131 Kandiller.\n\nEy \u00c7aresizlerin \u00e7aresi ve ey her duada bulunana icabet eden ululuk taht\u0131n\u0131n Sultan\u0131! \u0130\u00e7inde bulundu\u011fumuz bu Kadir Gecesi h\u00fcrmetine bizleri affetyle Ya Rabbi! Hay\u0131rl\u0131 Kandiller.\n\nYa Rabbi! Hayat\u0131m\u0131z\u0131 Kur'an ve S\u00fcnnet \u00e7izgisinde Hak dostlu\u011fu, takva, azimet ve ihsan \u015fuuru \u00e7er\u00e7evesinde ya\u015fat. (Amin) Kadir Gecemiz M\u00fcbarek Olsun.\n\nAllah'\u0131m sen bizleri bir Hak a\u015f\u0131\u011f\u0131 ve Hak r\u0131zas\u0131 sevdal\u0131s\u0131 eyle. Nerede ve hangi \u015fartlar alt\u0131nda olursa olsun b\u00fct\u00fcn hareketlerimizi senin ho\u015fnutlu\u011funa ba\u011flay\u0131m. Hay\u0131rl\u0131 Kandiller.\n\nAllah\u0131m! Bizleri kin, nefret, h\u0131rs, hased, bencillik ve \u015fehvet gibi hastal\u0131klarla m\u00fccadele azmiyle gerilmi\u015f tevazu ve mahviyet abideleri eyle. Hay\u0131rl\u0131 Kandiller.\n\nBug\u00fcn unuttu\u011fum ki\u015fileri hat\u0131rlad\u0131\u011f\u0131m g\u00fcn de\u011fil, \u00e7ok sevdi\u011fim ki\u015fileri dua ile and\u0131\u011f\u0131m \u00f6zel bir g\u00fcnd\u00fcr. 'Ben beni seven \u00fcmmetimi almadan cennete gitmem' diyen bir Peygamberin (s.a.v) \u00fcmmeti olman\u0131n hakk\u0131n\u0131 verebilmek duas\u0131 ile kandilimiz m\u00fcbarek olsun.\n\nNefsimizi ar\u0131nd\u0131racak, muhabbetimizi dualarla peki\u015ftirecek, karde\u015fli\u011fimizi devam ettirecek bir gece olmas\u0131 temennisiyle, Kadir Gecemiz m\u00fcbarek olsun.\n\nAllah'\u0131m! Gecemizi bin aydan hay\u0131rl\u0131 k\u0131ld\u0131\u011f\u0131n gibi; \u00d6mr\u00fcm\u00fcz\u00fcde bin \u00f6m\u00fcrden hay\u0131rl\u0131 k\u0131l. Bizi salihler z\u00fcmresiyle ha\u015freyle. (Amin) Kadir Geceniz Hay\u0131rl\u0131 Olsun!\n\nKadir gecesi'nin sabah\u0131nda, hepimizin g\u00fcnahlardan temizlenmi\u015f, Allah'\u0131n rahmetine mazhar olmu\u015f kullardan olmam\u0131z duas\u0131yla hay\u0131rl\u0131 kandiller.\n\nBen Fakir,Sen Rahim Ben \u00c7aresiz, Sen Ehad Ben \u00d6l\u00fc, Sen Hayy Ben Muhta\u00e7, Sen Samed Ad\u0131n Baki, Ad\u0131n Rezzak Bizi Sensiz b\u0131rakma Yarabbi! (Amin) Hay\u0131rl\u0131 Kandiller\n\nAllah'\u0131m! T\u00fcm \u0130slam aleminin \u00e7ocuklar\u0131na ilim, irfan, s\u0131hhat, do\u011fruluk, g\u00fczel ahlak, iffet, sadakat, ba\u015far\u0131 ve cennet nasip eyle. (Amin) Kadir Geceniz M\u00fcbarek Olsun.\n\nBin aydan daha hay\u0131rl\u0131 olan Leyle-i Kadir geceniz m\u00fcbarek olsun. Allah bu ulvi geceyi \u0130slam aleminin in\u015firah\u0131na vesile k\u0131ls\u0131n.\n\nALLah'\u0131m bug\u00fcn\u00fcn HikmetiyLe; \u0130\u00e7imizi SevginLe, D\u0131\u015f\u0131m\u0131z\u0131 \u015eefkatinLe, R\u0131zk\u0131m\u0131z\u0131 BereketinLe, \u00d6mr\u00fcm\u00fcz\u00fc RahmetinLe doLdur. (Amin) Kadir Geceniz Hay\u0131rl\u0131 Olsun!\n\nKAD\u0130R GECES\u0130NDE NASIL \u0130BADET ETMEL\u0130Y\u0130Z?\n\n* Kur'\u00e2n\u2013\u0131 Kerim okunmal\u0131; okuyanlar dinlenmeli; uygun mek\u00e2nlarda Kur'\u00e2n ziyafetleri verilmeli; Kelamullah'a olan sevgi, sayg\u0131 ve ba\u011fl\u0131l\u0131k duygular\u0131 yenilenmeli, kuvvetlendirilmeli.\n\n* \u00dczerinde namaz borcu olanlarin nafile namaz\u0131 k\u0131lmadan \u00f6nce hi\u00e7 de\u011filse be\u015f vakit kaza namaz\u0131 k\u0131lmalar\u0131 daha faziletlidir. Kazas\u0131 yoksa nafile k\u0131lar.\n\nS\u00fcfyan-i Sevri: \u201cKadir gecesi dua ve isti\u011ffar etmek namazdan sevimlidir. Kur'an okuyup sonra dua etmek daha g\u00fczeldir\u201d demi\u015ftir (Tecrid-i Sarih Tercemesi, VI, 313).\n\n* Peygamber Efendimiz (sas)'e sal\u00e2t \u00fc sel\u00e2mlar getirilmeli; O'nun \u015fefaatini \u00fcmit edip, \u00fcmmetinden olma \u015fuuru tazelenmeli.\n\n* Tefekk\u00fcrde bulunulmal\u0131; \u201cBen kimim, nereden geldim, nereye gidiyorum, Allah'\u0131n benden istekleri nelerdir\u201d gibi konular ba\u015fta olmak \u00fczere hayat\u00ee meselelerde derin d\u00fc\u015f\u00fcncelere girmeli.\n\n* Bol bol zikir, evrad \u00fc ezkarda bulunulmal\u0131.\n\n\n\n* M\u00fc'minlerle helalle\u015filmeli; onlarla irtibat\u0131m\u0131z cihetinden r\u0131zalar\u0131 al\u0131nmal\u0131.\n\n* K\u00fcs ve darg\u0131n olanlar bar\u0131\u015ft\u0131r\u0131lmal\u0131; g\u00f6n\u00fcller al\u0131nmal\u0131; kederli y\u00fczler g\u00fcld\u00fcr\u00fclmeli.\n\n* G\u00fcnahlara samimi olarak tevbe ve isti\u011ffar edilmeli; idrak edilen geceyi son f\u0131rsat bilerek nedamet ve inabede bulunulmal\u0131.\n\nHz. Aise (r.ah) s\u00f6yle anlatiyor: \u201cEy Allah'in Resul\u00fc! Kadir gecesine rastlarsam nasil dua edeyim? diye sordum. Resul\u00fcllah (s.a.v):\n\n\u201cAllah\u00fcmme inneke af\u00fcvv\u00fcn t\u00fchibb\u00fc'l-afve fa'fu ann\u00ee (Allah'im sen \u00e7ok affedicisin, affi seversin, beni affet)\u201d diye dua et, buyurdu (Tecr\u00eed-i Sarih Tercemesi, VI, 314).\n\nBu gecenin \u00f6yle bir an\u0131 vard\u0131r ki o anda yap\u0131lan ibadet ve dualar mutlaka makbul olur. Bu \u00f6nemli an\u0131 yakalamak i\u00e7in gecenin b\u00fct\u00fcn\u00fcn\u00fc t\u00f6vbe ve isti\u011ffar ile ge\u00e7irmek gerekir. Bu da ki\u015finin iman\u0131n\u0131 tazeler. Gecenin b\u00fct\u00fcn\u00fcn\u00fc ibadetle ge\u00e7iremeyenler en az\u0131ndan teravihten sonra bir miktar oturup dua etmelidirler.\n\nBu, bin aydan hay\u0131rl\u0131 oldu\u011fu bildirilen gecede insanl\u0131k alemini huzura kavu\u015fturmak i\u00e7in gerekli olan esaslar indirilmi\u015ftir. Namaz, zikir, tesbih, Kur'an okumak gibi bedeni ibadetlerimiz yaninda d\u00fc\u015f\u00fcnce ile ibadet olarak isimlendirdi\u011fimiz tefekk\u00fcr\u00fc insanl\u0131\u011f\u0131n amac\u0131 nedir? olgun insan olma mertebesine nasil ula\u015fabiliriz? Nasil insanl\u0131\u011fa daha iyi hizmet edip, daha \u00e7ok sevgi sunabiliriz? \u015feklindeki odak noktalari ile g\u00fc\u00e7lendirelim.\n\nUnutmayalim ki; \u00f6zellikle bu gecede Tevvab olan Allah t\u00f6vbelerimizi kabul edecektir. Bizlere bir ikram olarak sunulan bu kutsal Kadir gecesinde dualar\u0131m\u0131zdan insanl\u0131\u011f\u0131n huzuru, sevgi ve karde\u015fli\u011fin sa\u011flanmas\u0131 ve devam\u0131 i\u00e7in bizlere daha fazla g\u00fc\u00e7, iman vermesi i\u00e7in yakaral\u0131m. Yaln\u0131z kendi sevdi\u011fimiz insanlar\u0131n de\u011fil, b\u00fct\u00fcn insanlar\u0131n sevgiye lay\u0131k oldu\u011funu an\u0131msayarak sevgide sa\u011flam ve c\u00f6mert bir ruha sahip olmak i\u00e7in de yard\u0131m dileyelim.",
    "keywords": [
        "kadir",
        "uzun",
        "k\u0131sa",
        "hay\u0131rl\u0131",
        "bir",
        "hadisli",
        "gecesi",
        "daha",
        "olan",
        "mesajlar\u0131",
        "ve",
        "okunu\u015fu",
        "ile",
        "m\u00fcbarek",
        "suresi",
        "resimli",
        "bu"
    ],
    "meta_keywords": [
        ""
    ],
    "publish_date": null,
    "summary": "Bin aydan daha hay\u0131rl\u0131 olan Kadir Gecesi bu gece idrak edilecek.\nMilyonlarca m\u00fcsl\u00fcman bir aya yak\u0131n s\u00fcredir oru\u00e7 ibadetini yerine getiriyor.\nKuran-\u0131 Kerim'in indirilmeye ba\u015fland\u0131\u011f\u0131 gece olan Kadir Gecesi'nde milyonlarca m\u00fcsl\u00fcman geceyi ibadet ile ge\u00e7irecek.\nKadir Gecesi'nde ailesinden sevdiklerinden uzakta olacak vatanda\u015flar en g\u00fczel kadir gecesi mesajlar\u0131 ile bu \u00f6zel gecede sevdiklerini de mutlu edebilir.\n\u0130\u015fte en g\u00fczel kadir gecesi mesajlar\u0131 ve s\u00f6zleri...KAD\u0130R SURES\u0130 OKUNU\u015eU VE ANLAMIBismillahirrahm\u00e2nirrah\u00eem.\n1- \u0130nna enzelnah\u00fc fiy leyletilkadr2- Ve ma edrake ma leylet\u00fclkadr3- Leylet\u00fclkadri hayr\u00fcm min elfi \u015fehr4- Tenezzel\u00fclmelaiket\u00fc verruhu fiyha biizni rabbihim min k\u00fclli emr5- Selam\u00fcn hiye hatta matle'\u0131lfecrAnlam\u0131Rahm\u00e2n ve Rah\u00eem olan Allah'\u0131n ismiyle.\n2- Kadir gecesinin ne oldu\u011funu sen nereden bileceksin?\n3- Kadir gecesi bin aydan daha hay\u0131rl\u0131d\u0131r.\n4- Melekler ve Ruh (Cebrail veya Ruh ad\u0131ndaki melek) o gece Rablerinin izniyle, her i\u015f i\u00e7in inerler.\n5- O gece, tanyeri a\u011far\u0131ncaya kadar s\u00fcren bir sel\u00e2mettir.\nKAD\u0130R GECES\u0130 MESAJLARI\u00d6mr\u00fcm\u00fcz\u00fcn bir muhasebesini yapabilmek ve hayat\u0131m\u0131z\u0131 'helal ve haram' s\u0131n\u0131rlar\u0131n\u0131 g\u00f6zeterek bir istikamet \u00e7izebilme \u00fcmidiyle, Kadir Gecemiz M\u00fcbarek Olsun.\nKadir geceniz m\u00fcbarek olsun.\nHastalara \u015fifa, dertlilere deva, a\u00e7lara a\u015f, toklara iman ve itikat, evlerimize huzur bereket, vatan\u0131m\u0131za refah ver.\nEy talihsizlerin s\u0131\u011f\u0131na\u011f\u0131, acizlerin g\u00fc\u00e7 kayna\u011f\u0131, dertlilerin tabibi, \u00e7aresizlerin \u00e7aresi ve ey her dua'da bulunana icabet eden, Ululuk Taht\u0131n\u0131n Sultan\u0131!\n\u0130\u00e7inde bulundu\u011fumuz Kadir Gecesi h\u00fcrmetine bizleri affeyle.\nEy \u00c7aresizlerin \u00e7aresi ve ey her duada bulunana icabet eden ululuk taht\u0131n\u0131n Sultan\u0131!\n\u0130\u00e7inde bulundu\u011fumuz bu Kadir Gecesi h\u00fcrmetine bizleri affetyle Ya Rabbi!\nHayat\u0131m\u0131z\u0131 Kur'an ve S\u00fcnnet \u00e7izgisinde Hak dostlu\u011fu, takva, azimet ve ihsan \u015fuuru \u00e7er\u00e7evesinde ya\u015fat.\n(Amin) Kadir Gecemiz M\u00fcbarek Olsun.\nAllah'\u0131m sen bizleri bir Hak a\u015f\u0131\u011f\u0131 ve Hak r\u0131zas\u0131 sevdal\u0131s\u0131 eyle.\nNerede ve hangi \u015fartlar alt\u0131nda olursa olsun b\u00fct\u00fcn hareketlerimizi senin ho\u015fnutlu\u011funa ba\u011flay\u0131m.\nBizleri kin, nefret, h\u0131rs, hased, bencillik ve \u015fehvet gibi hastal\u0131klarla m\u00fccadele azmiyle gerilmi\u015f tevazu ve mahviyet abideleri eyle.\nBug\u00fcn unuttu\u011fum ki\u015fileri hat\u0131rlad\u0131\u011f\u0131m g\u00fcn de\u011fil, \u00e7ok sevdi\u011fim ki\u015fileri dua ile and\u0131\u011f\u0131m \u00f6zel bir g\u00fcnd\u00fcr.\n'Ben beni seven \u00fcmmetimi almadan cennete gitmem' diyen bir Peygamberin (s.a.v) \u00fcmmeti olman\u0131n hakk\u0131n\u0131 verebilmek duas\u0131 ile kandilimiz m\u00fcbarek olsun.\nNefsimizi ar\u0131nd\u0131racak, muhabbetimizi dualarla peki\u015ftirecek, karde\u015fli\u011fimizi devam ettirecek bir gece olmas\u0131 temennisiyle, Kadir Gecemiz m\u00fcbarek olsun.\nGecemizi bin aydan hay\u0131rl\u0131 k\u0131ld\u0131\u011f\u0131n gibi; \u00d6mr\u00fcm\u00fcz\u00fcde bin \u00f6m\u00fcrden hay\u0131rl\u0131 k\u0131l.\n(Amin) Kadir Geceniz Hay\u0131rl\u0131 Olsun!\nKadir gecesi'nin sabah\u0131nda, hepimizin g\u00fcnahlardan temizlenmi\u015f, Allah'\u0131n rahmetine mazhar olmu\u015f kullardan olmam\u0131z duas\u0131yla hay\u0131rl\u0131 kandiller.\nBen Fakir,Sen Rahim Ben \u00c7aresiz, Sen Ehad Ben \u00d6l\u00fc, Sen Hayy Ben Muhta\u00e7, Sen Samed Ad\u0131n Baki, Ad\u0131n Rezzak Bizi Sensiz b\u0131rakma Yarabbi!\nT\u00fcm \u0130slam aleminin \u00e7ocuklar\u0131na ilim, irfan, s\u0131hhat, do\u011fruluk, g\u00fczel ahlak, iffet, sadakat, ba\u015far\u0131 ve cennet nasip eyle.\n(Amin) Kadir Geceniz M\u00fcbarek Olsun.\nBin aydan daha hay\u0131rl\u0131 olan Leyle-i Kadir geceniz m\u00fcbarek olsun.\n(Amin) Kadir Geceniz Hay\u0131rl\u0131 Olsun!\n* Kur'\u00e2n\u2013\u0131 Kerim okunmal\u0131; okuyanlar dinlenmeli; uygun mek\u00e2nlarda Kur'\u00e2n ziyafetleri verilmeli; Kelamullah'a olan sevgi, sayg\u0131 ve ba\u011fl\u0131l\u0131k duygular\u0131 yenilenmeli, kuvvetlendirilmeli.\n* \u00dczerinde namaz borcu olanlarin nafile namaz\u0131 k\u0131lmadan \u00f6nce hi\u00e7 de\u011filse be\u015f vakit kaza namaz\u0131 k\u0131lmalar\u0131 daha faziletlidir.\nS\u00fcfyan-i Sevri: \u201cKadir gecesi dua ve isti\u011ffar etmek namazdan sevimlidir.\nKur'an okuyup sonra dua etmek daha g\u00fczeldir\u201d demi\u015ftir (Tecrid-i Sarih Tercemesi, VI, 313).\n* Peygamber Efendimiz (sas)'e sal\u00e2t \u00fc sel\u00e2mlar getirilmeli; O'nun \u015fefaatini \u00fcmit edip, \u00fcmmetinden olma \u015fuuru tazelenmeli.\n* Tefekk\u00fcrde bulunulmal\u0131; \u201cBen kimim, nereden geldim, nereye gidiyorum, Allah'\u0131n benden istekleri nelerdir\u201d gibi konular ba\u015fta olmak \u00fczere hayat\u00ee meselelerde derin d\u00fc\u015f\u00fcncelere girmeli.\n* G\u00fcnahlara samimi olarak tevbe ve isti\u011ffar edilmeli; idrak edilen geceyi son f\u0131rsat bilerek nedamet ve inabede bulunulmal\u0131.\nResul\u00fcllah (s.a.v):\u201cAllah\u00fcmme inneke af\u00fcvv\u00fcn t\u00fchibb\u00fc'l-afve fa'fu ann\u00ee (Allah'im sen \u00e7ok affedicisin, affi seversin, beni affet)\u201d diye dua et, buyurdu (Tecr\u00eed-i Sarih Tercemesi, VI, 314).\nBu gecenin \u00f6yle bir an\u0131 vard\u0131r ki o anda yap\u0131lan ibadet ve dualar mutlaka makbul olur.\nBu \u00f6nemli an\u0131 yakalamak i\u00e7in gecenin b\u00fct\u00fcn\u00fcn\u00fc t\u00f6vbe ve isti\u011ffar ile ge\u00e7irmek gerekir.\nGecenin b\u00fct\u00fcn\u00fcn\u00fc ibadetle ge\u00e7iremeyenler en az\u0131ndan teravihten sonra bir miktar oturup dua etmelidirler.\nBu, bin aydan hay\u0131rl\u0131 oldu\u011fu bildirilen gecede insanl\u0131k alemini huzura kavu\u015fturmak i\u00e7in gerekli olan esaslar indirilmi\u015ftir.\nNamaz, zikir, tesbih, Kur'an okumak gibi bedeni ibadetlerimiz yaninda d\u00fc\u015f\u00fcnce ile ibadet olarak isimlendirdi\u011fimiz tefekk\u00fcr\u00fc insanl\u0131\u011f\u0131n amac\u0131 nedir?\nNasil insanl\u0131\u011fa daha iyi hizmet edip, daha \u00e7ok sevgi sunabiliriz?\nUnutmayalim ki; \u00f6zellikle bu gecede Tevvab olan Allah t\u00f6vbelerimizi kabul edecektir.\nBizlere bir ikram olarak sunulan bu kutsal Kadir gecesinde dualar\u0131m\u0131zdan insanl\u0131\u011f\u0131n huzuru, sevgi ve karde\u015fli\u011fin sa\u011flanmas\u0131 ve devam\u0131 i\u00e7in bizlere daha fazla g\u00fc\u00e7, iman vermesi i\u00e7in yakaral\u0131m.\nYaln\u0131z kendi sevdi\u011fimiz insanlar\u0131n de\u011fil, b\u00fct\u00fcn insanlar\u0131n sevgiye lay\u0131k oldu\u011funu an\u0131msayarak sevgide sa\u011flam ve c\u00f6mert bir ruha sahip olmak i\u00e7in de yard\u0131m dileyelim.",
    "article_html": "",
    "meta_description": "Son Dakika G\u00fcncel Haberler - \u0130slam aleminde \u00e7ok \u00f6zel bir yere sahip olan Kadir Gecesi bu gece idrak edilecek. Ak\u015fam ezan\u0131n\u0131n okunmas\u0131yla birlikte oru\u00e7lar\u0131n\u0131 a\u00e7acak milyonlarca m\u00fcsl\u00fcman yats\u0131 namaz\u0131 ile birlikte camilere ak\u0131n edecek. Yats\u0131 namaz\u0131n\u0131n k\u0131l\u0131nmas\u0131n\u0131n ard\u0131ndan Teravih namazlar\u0131 idrak edilecek. Teravih ve k\u0131l\u0131nacak olan vitir namaz\u0131n\u0131n ard\u0131ndan okunacak Kuran-\u0131 Kerimin ard\u0131ndan edilecek olan dular ile sahur vaktine kadar ibadet ile ge\u00e7irilecek. Bu \u00f6zel gecede ailesinden ve yak\u0131nlar\u0131ndan uzakta kalacak olan vatanda\u015flar bu \u00f6zel geceyi idrak edecek olan ailesinin ve akrabalar\u0131n\u0131n mutluluklar\u0131n\u0131 payla\u015faca\u011f\u0131 mesajlar ile ifade edebilecek. \u0130\u015fte 2020 Kadir Gecesi mesajlar\u0131 ve s\u00f6zleri",
    "meta_lang": "tr"
}