{
    "article_id": "e39bcb5562df8e2b19e09a2c05b82a19.1589925587.5263877",
    "title": "Tak\u0131m elbiseye ihtiya\u00e7 duymadan d\u00fcnyay\u0131 de\u011fi\u015ftiren insanlar: Guillermo Mart\u00ednez",
    "authors": [
        "G\u00fcn\u00fcn Yaz\u0131lar\u0131",
        "Op. Dr. Defne Erkara",
        "Kar\u0131n Germe Sonras\u0131 Dikkat Edilmesi Gerekenler Ve Iz Tedavisi",
        "Op. Dr. G\u00fcncel \u00d6zt\u00fcrk",
        "\u0130yi Bir Burun Esteti\u011fi I\u00e7in...",
        "Nil\u00fcfer Pazvanto\u011flu",
        "Covid Djiital Sergisi",
        "\u00d6zlem \u00c7etinkaya",
        "Karantinada Tan\u0131\u015fma",
        "Ebru Demirhan",
        "Araftan \u00c7\u0131kmak",
        "Diyabetli Sa\u011fl\u0131k Ve Ya\u015fam Ko\u00e7u Neslihan Sipahi",
        "Sa\u011fl\u0131k Ko\u00e7lu\u011funun \u00d6nemi",
        "Dans Sanat\u00e7\u0131s\u0131 G\u00f6ker Y\u0131ld\u0131z",
        "Her Hayal Bir Beden",
        "Ay\u015feg\u00fcl Kartal",
        "Milimetrekareye Ka\u00e7 A\u015fk S\u0131\u011far",
        "\u00d6zlem \u00d6zdemir Ta\u015f",
        "Bah\u00e7e Mobilyas\u0131 Nas\u0131l Olmal\u0131",
        "Uzm.Klinik Psikolog Nigar \u00c7i\u00e7ek"
    ],
    "canonical_link": "https://www.milliyet.com.tr/pembenar/takim-elbiseye-ihtiyac-duymadan-dunyayi-degistiren-insanlar-guillermo-mart-nez-6211577",
    "url": "http://milliyet.com.tr/pembenar/takim-elbiseye-ihtiyac-duymadan-dunyayi-degistiren-insanlar-guillermo-mart-nez-6211577",
    "top_img": "https://i2.milimaj.com/i/milliyet/75/0x0/5ebbeefaadcdeb1c68f544e2.jpg",
    "meta_img": "https://i2.milimaj.com/i/milliyet/75/0x0/5ebbeefaadcdeb1c68f544e2.jpg",
    "movies": [],
    "text": "Guillermo Mart\u00ednez'in hikayesi, oyuncaklar\u0131 seven Madrid\u2019li k\u00fc\u00e7\u00fck bir \u00e7ocukla ba\u015fl\u0131yor. \u0130lerleyen zamanlarda bu sevgi, onu kendi oyunca\u011f\u0131n\u0131 yaratmaya iten ilk k\u0131v\u0131lc\u0131m oluyor ve en sonunda, bu tutku bir elektrikli oyuncak geli\u015ftirme \u015firketine d\u00f6n\u00fcyor. Guillermo olgunla\u015ft\u0131kca hedefleri de olgunla\u015f\u0131yor ve akl\u0131na yeni sorular gelmeye ba\u015fl\u0131yor\u0131: \u201cT\u00fcm bu oyuncaklar\u0131 birka\u00e7 dakika i\u00e7inde yaratabiliyorsam, insanlar\u0131n ya\u015famlar\u0131 \u00fczerinde ger\u00e7ekten etkisi olabilecek \u015feyler yaratmaya karar verirsem ne olur?\u201d. B\u00f6ylelikle 24 ya\u015f\u0131ndayken konfor alan\u0131ndan ayr\u0131larak bu sorunun cevab\u0131n\u0131 bulmaya karar veriyor.\n\nGUILLERMO MART\u00cdNEZ \u2013 HER B\u0130R BASKIYLA D\u00dcNYAYI DE\u011e\u0130\u015eT\u0130RMEK\n\nGuillermo, 3D yaz\u0131c\u0131lar sayesinde protez olu\u015fturarak maddi olarak bu protezleri kar\u015f\u0131layamayan insanlara ba\u011f\u0131\u015flayan ve kar amac\u0131 g\u00fctmeyen bir kurulu\u015f olan Ay\u00fadame3D'yi kurdu. Guillermo, \u201cG\u00fcn\u00fcm\u00fczde hepimizin fark yaratabilecek teknoloji ve bilgiye eri\u015fimi var\u201d diyor. Bug\u00fcn, gen\u00e7 bir adam\u0131n kendi odas\u0131nda silah basmas\u0131yla ba\u015flayan giri\u015fim, \u015fimdi \u0130spanya'dan Kenya'ya d\u00fcnyan\u0131n 35 \u00fclkesinden insanlara yard\u0131m eden bir ekipe d\u00f6n\u00fc\u015ft\u00fc.\n\nKariyerindeki bu yeni s\u00fcre\u00e7te, Guillermo k\u0131sa s\u00fcre \u00f6nce, d\u00fcnyay\u0131 tak\u0131m elbise olmadan de\u011fi\u015ftiren ve tutkuyla \u00e7al\u0131\u015fan giri\u015fimcilerden olu\u015fan bir kolektif olan #DockersChallengers'\u0131n \u00fcyesi oldu. Guillermo, Dockers\u00ae ile birlikte amac\u0131na daha fazla dikkat \u00e7ekmek ve b\u00fcy\u00fcmeye devam etmek i\u00e7in \u00e7al\u0131\u015f\u0131yor: \u201cOrtak bir hedefiniz oldu\u011funda ve bir ekip olarak \u00e7al\u0131\u015f\u0131rken, birlikte d\u00fcnyay\u0131 daha iyiye do\u011fru de\u011fi\u015ftirebilece\u011finizi anl\u0131yorsunuz\u201d.\n\nTam olarak bu y\u00fczden Dockers\u00ae, 10 ki\u015finin hayat\u0131n\u0131 de\u011fi\u015ftirmek amac\u0131yla yeni protezlerinin yarat\u0131lmas\u0131n\u0131 finanse etti.\n\nKariyeri i\u00e7in s\u0131rada ne olaca\u011f\u0131n\u0131 merak ediyor olabilirsiniz. Guillermo\u2019nun s\u00f6zleriyle: \u201cHala yap\u0131lmas\u0131 gereken \u00e7ok \u015fey var. Teknoloji geli\u015fmeye devam ediyor ve f\u0131rsatlar art\u0131yor. Yani haz\u0131rl\u0131kl\u0131 olsan iyi olur\u2026 D\u00fcnya seni bekliyor.\u201d\n\nGuillermo\u2019nun insani misyonunun \u00f6tesinde, hikayesinden ne ders \u00e7\u0131karmal\u0131y\u0131z? Hepimizin bir dereceye kadar sahip oldu\u011fu sert ve klasik kurumsal zihniyeti unutmal\u0131y\u0131z, tak\u0131m elbiseyi dolapta b\u0131rak\u0131p ve hayallerimizin pe\u015finden gitmeliyiz.\n\nDockers\u00ae 1986'dan beri g\u00fc\u00e7lenmemizi destekleyerek, kendimizin en iyi versiyonunu g\u00f6stermemize yard\u0131mc\u0131 oluyor ve her ana haz\u0131r olmam\u0131z i\u00e7in ihtiyac\u0131m\u0131z olan rahatl\u0131\u011f\u0131 veriyor. Hatta, Dockers\u00ae hepimizin i\u015f yerinde giyinme tarz\u0131nda devrim yaratan Casual Friday (Rahat Cuma) ak\u0131m\u0131n\u0131n \u00f6nc\u00fcs\u00fc.",
    "keywords": [
        "ne",
        "i\u00e7in",
        "hepimizin",
        "mart\u00ednez",
        "bir",
        "olarak",
        "d\u00fcnyay\u0131",
        "elbiseye",
        "de\u011fi\u015ftiren",
        "yeni",
        "insanlar",
        "olan",
        "guillermo",
        "duymadan",
        "ve",
        "bu",
        "tak\u0131m",
        "ihtiya\u00e7"
    ],
    "meta_keywords": [
        ""
    ],
    "publish_date": null,
    "summary": "Guillermo Mart\u00ednez'in hikayesi, oyuncaklar\u0131 seven Madrid\u2019li k\u00fc\u00e7\u00fck bir \u00e7ocukla ba\u015fl\u0131yor.\n\u0130lerleyen zamanlarda bu sevgi, onu kendi oyunca\u011f\u0131n\u0131 yaratmaya iten ilk k\u0131v\u0131lc\u0131m oluyor ve en sonunda, bu tutku bir elektrikli oyuncak geli\u015ftirme \u015firketine d\u00f6n\u00fcyor.\nGuillermo olgunla\u015ft\u0131kca hedefleri de olgunla\u015f\u0131yor ve akl\u0131na yeni sorular gelmeye ba\u015fl\u0131yor\u0131: \u201cT\u00fcm bu oyuncaklar\u0131 birka\u00e7 dakika i\u00e7inde yaratabiliyorsam, insanlar\u0131n ya\u015famlar\u0131 \u00fczerinde ger\u00e7ekten etkisi olabilecek \u015feyler yaratmaya karar verirsem ne olur?\u201d.\nB\u00f6ylelikle 24 ya\u015f\u0131ndayken konfor alan\u0131ndan ayr\u0131larak bu sorunun cevab\u0131n\u0131 bulmaya karar veriyor.\nGUILLERMO MART\u00cdNEZ \u2013 HER B\u0130R BASKIYLA D\u00dcNYAYI DE\u011e\u0130\u015eT\u0130RMEKGuillermo, 3D yaz\u0131c\u0131lar sayesinde protez olu\u015fturarak maddi olarak bu protezleri kar\u015f\u0131layamayan insanlara ba\u011f\u0131\u015flayan ve kar amac\u0131 g\u00fctmeyen bir kurulu\u015f olan Ay\u00fadame3D'yi kurdu.\nGuillermo, \u201cG\u00fcn\u00fcm\u00fczde hepimizin fark yaratabilecek teknoloji ve bilgiye eri\u015fimi var\u201d diyor.\nBug\u00fcn, gen\u00e7 bir adam\u0131n kendi odas\u0131nda silah basmas\u0131yla ba\u015flayan giri\u015fim, \u015fimdi \u0130spanya'dan Kenya'ya d\u00fcnyan\u0131n 35 \u00fclkesinden insanlara yard\u0131m eden bir ekipe d\u00f6n\u00fc\u015ft\u00fc.\nKariyerindeki bu yeni s\u00fcre\u00e7te, Guillermo k\u0131sa s\u00fcre \u00f6nce, d\u00fcnyay\u0131 tak\u0131m elbise olmadan de\u011fi\u015ftiren ve tutkuyla \u00e7al\u0131\u015fan giri\u015fimcilerden olu\u015fan bir kolektif olan #DockersChallengers'\u0131n \u00fcyesi oldu.\nGuillermo, Dockers\u00ae ile birlikte amac\u0131na daha fazla dikkat \u00e7ekmek ve b\u00fcy\u00fcmeye devam etmek i\u00e7in \u00e7al\u0131\u015f\u0131yor: \u201cOrtak bir hedefiniz oldu\u011funda ve bir ekip olarak \u00e7al\u0131\u015f\u0131rken, birlikte d\u00fcnyay\u0131 daha iyiye do\u011fru de\u011fi\u015ftirebilece\u011finizi anl\u0131yorsunuz\u201d.\nTam olarak bu y\u00fczden Dockers\u00ae, 10 ki\u015finin hayat\u0131n\u0131 de\u011fi\u015ftirmek amac\u0131yla yeni protezlerinin yarat\u0131lmas\u0131n\u0131 finanse etti.\nKariyeri i\u00e7in s\u0131rada ne olaca\u011f\u0131n\u0131 merak ediyor olabilirsiniz.\nGuillermo\u2019nun s\u00f6zleriyle: \u201cHala yap\u0131lmas\u0131 gereken \u00e7ok \u015fey var.\nTeknoloji geli\u015fmeye devam ediyor ve f\u0131rsatlar art\u0131yor.\nYani haz\u0131rl\u0131kl\u0131 olsan iyi olur\u2026 D\u00fcnya seni bekliyor.\u201dGuillermo\u2019nun insani misyonunun \u00f6tesinde, hikayesinden ne ders \u00e7\u0131karmal\u0131y\u0131z?\nHepimizin bir dereceye kadar sahip oldu\u011fu sert ve klasik kurumsal zihniyeti unutmal\u0131y\u0131z, tak\u0131m elbiseyi dolapta b\u0131rak\u0131p ve hayallerimizin pe\u015finden gitmeliyiz.\nDockers\u00ae 1986'dan beri g\u00fc\u00e7lenmemizi destekleyerek, kendimizin en iyi versiyonunu g\u00f6stermemize yard\u0131mc\u0131 oluyor ve her ana haz\u0131r olmam\u0131z i\u00e7in ihtiyac\u0131m\u0131z olan rahatl\u0131\u011f\u0131 veriyor.\nHatta, Dockers\u00ae hepimizin i\u015f yerinde giyinme tarz\u0131nda devrim yaratan Casual Friday (Rahat Cuma) ak\u0131m\u0131n\u0131n \u00f6nc\u00fcs\u00fc.",
    "article_html": "",
    "meta_description": "#DockersChallengers'\u0131n yeni \u00fcyesi, 3D yaz\u0131c\u0131lar sayesinde protez olu\u015fturarak maddi olarak bu protezleri kar\u015f\u0131layamayan insanlara ba\u011f\u0131\u015flayan ve kar amac\u0131 g\u00fctmeyen bir kurulu\u015f olan Ay\u00fadame3D'nin kurucusu Guillermo Mart\u00ednez.",
    "meta_lang": "tr"
}