{
    "article_id": "847b9b22cb34f0fbe891698dec7c6594.1589925495.8564675",
    "title": "\u0130leti\u015fim Ba\u015fkan\u0131 Altun T\u00fcrkiye'nin corona vir\u00fcsteki ba\u015far\u0131s\u0131n\u0131n s\u0131rr\u0131n\u0131 ABD'ye anlatt\u0131",
    "authors": [],
    "canonical_link": "https://www.milliyet.com.tr/dunya/iletisim-baskani-altun-turkiyenin-corona-virusteki-basarisinin-sirrini-abdye-anlatti-6215972",
    "url": "http://milliyet.com.tr/dunya/iletisim-baskani-altun-turkiyenin-corona-virusteki-basarisinin-sirrini-abdye-anlatti-6215972",
    "top_img": "https://i2.milimaj.com/i/milliyet/75/0x0/5ec44d4e55428017543de252.jpg",
    "meta_img": "https://i2.milimaj.com/i/milliyet/75/0x0/5ec44d4e55428017543de252.jpg",
    "movies": [],
    "text": "\u0130leti\u015fim Ba\u015fkan\u0131 Fahrettin Altun, Washington Times gazetesinde bir makale yay\u0131mlayarak, d\u00fcnyan\u0131n Koronavir\u00fcs\u2019e en \u00e7ok kurban veren \u00fclkesi ABD\u2019ye T\u00fcrkiye\u2019nin ba\u015far\u0131 s\u0131rlar\u0131n\u0131 anlatt\u0131. Altun makalesinde, \u201cT\u00fcrk devleti, sa\u011fl\u0131k hizmetlerini t\u00fcm vatanda\u015flar\u0131na \u00fccretsiz olarak sunuyor. Zaman\u0131nda sa\u011fl\u0131k altyap\u0131m\u0131za yapt\u0131\u011f\u0131m\u0131z yat\u0131r\u0131mlar\u0131n kar\u015f\u0131l\u0131\u011f\u0131n\u0131 son s\u00fcre\u00e7te g\u00f6rd\u00fck.\n\nAtt\u0131\u011f\u0131m\u0131z ad\u0131mlarla gidi\u015fat\u0131 terse \u00e7evirmeyi ba\u015fard\u0131k. Yeni vakalar\u0131n art\u0131\u015f h\u0131z\u0131, ilk vakan\u0131n tespit edildi\u011fi Mart ay\u0131 ba\u015f\u0131ndan bu yana en d\u00fc\u015f\u00fck seviyesine geriledi. Her g\u00fcn hastanelerden taburcu olan vatanda\u015flar\u0131m\u0131z\u0131n say\u0131s\u0131, yeni vakalar\u0131n say\u0131s\u0131n\u0131 fersah fersah a\u015f\u0131yor.\n\nYine de baz\u0131lar\u0131 Ba\u015fkan Recep Tayyip Erdo\u011fan\u2019\u0131 krizi y\u00f6netemedi\u011fi gerek\u00e7esiyle ele\u015ftiriyor. O y\u00fczden birlikte somut verileri g\u00f6zden ge\u00e7irelim:\n\nSa\u011fl\u0131k alan\u0131nda ger\u00e7ekle\u015ftirdi\u011fimiz reformlar ve yat\u0131r\u0131mlar neticesinde daha \u00e7ok insan\u0131n sa\u011fl\u0131k hizmetlerinden faydalanabilmesinin yolunu a\u00e7t\u0131k. Sa\u011fl\u0131k ordular\u0131na yat\u0131r\u0131m yap\u0131p, yeni hastaneler a\u00e7an T\u00fcrkiye, Koronavir\u00fcs pandemisinden \u00f6nce bile n\u00fcfus yo\u011funlu\u011funun en y\u00fcksek oldu\u011fu yerlerde 10 yeni hastanenin planlamas\u0131n\u0131 yapm\u0131\u015ft\u0131. Neticede sa\u011fl\u0131k sistemimiz, ba\u015fka \u00fclkelerde oldu\u011fu gibi ezici bir bask\u0131yla kar\u015f\u0131 kar\u015f\u0131ya kalmad\u0131.\n\nAyn\u0131 zamanda T\u00fcrkiye, ger\u00e7ekle\u015ftirilen test oranlar\u0131na g\u00f6re d\u00fcnyada ilk 5\u2019e girdi. Test ve vaka say\u0131lar\u0131 do\u011fru orant\u0131l\u0131 oldu\u011funun bilinciyle, \u00e7ok test yapt\u0131\u011f\u0131m\u0131z i\u00e7in enfeksiyon say\u0131lar\u0131m\u0131z\u0131n k\u0131sa bir s\u00fcreli\u011fine y\u00fcksek seyredebilece\u011fini kabul ettik. Ancak \u00e7ok say\u0131da test yapmadan salg\u0131n\u0131 kontrol alman\u0131n ba\u015fka bir makul yolu yoktu.\n\nSalg\u0131n\u0131n i\u015f d\u00fcnyas\u0131na ve hanelere etkisini azaltmak amac\u0131yla h\u00fck\u00fcmetimiz bor\u00e7 \u00f6demelerini \u00f6teleyerek; baz\u0131 vergileri d\u00fc\u015f\u00fcrd\u00fc. Ayr\u0131ca t\u00fcm \u015firketler i\u00e7in 36 aya varan vadelerle, \u00f6demeleri daha sonra ba\u015flayacak faizsiz kredi olana\u011f\u0131 sa\u011flad\u0131k. Bunlara ek olarak ailelere do\u011frudan nakit yard\u0131m\u0131 ger\u00e7ekle\u015ftirdik. \u0130\u015f d\u00fcnyas\u0131na y\u00f6nelik 100 milyar liral\u0131k bir destek paketi a\u00e7\u0131klayan h\u00fck\u00fcmetimiz, T\u00fcrkiye Varl\u0131k Fonu\u2019nun zor durumda kalan \u00f6zel \u015firketleri sat\u0131n almas\u0131n\u0131 kolayla\u015ft\u0131racak bir plan \u00fczerinde \u00e7al\u0131\u015f\u0131yor. Elbette bizi ele\u015ftirenler, bu ger\u00e7ekleri g\u00f6rmek istemiyor.\n\nAyn\u0131 \u015fekilde bizi ele\u015ftirenler, milletimize sa\u011fl\u0131k hizmetlerini \u00fccretsiz verdi\u011fimizi g\u00f6zard\u0131 ediyor. Oysa bir\u00e7ok uzmana g\u00f6re vir\u00fcsle m\u00fccadelenin etkin bi\u00e7imde s\u00fcrd\u00fcr\u00fclmesi i\u00e7in bunun yap\u0131lmas\u0131 gerekiyor. \u00dccretsiz ve evrensel sa\u011fl\u0131k sistemi olmayan \u00fclkeler ciddi dezavantajlarla kar\u015f\u0131 kar\u015f\u0131ya kal\u0131yor.\n\nBiz 2003 y\u0131l\u0131ndan itibaren sa\u011fl\u0131k alan\u0131nda reformlara imza atarak, b\u00f6lgemizde \u00fccretsiz sa\u011fl\u0131k hizmeti sunan az say\u0131da devletten biri h\u00e2line geldik. New England Journal of Medicine dergisinde de ifade edildi\u011fi \u00fczere, T\u00fcrkiye \u201csa\u011fl\u0131k alan\u0131nda b\u00fcy\u00fck e\u015fitsizlikleri ortadan kald\u0131rarak t\u00fcm vatanda\u015flar\u0131n\u0131 finansal risklerden koruyacak iddial\u0131 bir sa\u011fl\u0131k reformu ger\u00e7ekle\u015ftirdi. On y\u0131l i\u00e7inde sa\u011fl\u0131k hizmetleri evrensel h\u00e2le gelerek \u00f6nemli iyile\u015ftirmeler yap\u0131ld\u0131.\u201d\n\nAyn\u0131 zamanda sosyal mesafe kurallar\u0131n\u0131 ciddiye al\u0131yoruz. T\u00fcm uluslararas\u0131 uluslar\u0131 iptal ederek, i\u00e7 hat u\u00e7u\u015flar\u0131n\u0131 k\u0131s\u0131tlad\u0131k. Okullar\u0131, barlar\u0131 ve kafeleri kapatarak, toplu ibadetleri durdurduk. Ayr\u0131ca b\u00fcy\u00fck \u015fehirlerimizde haftasonlar\u0131 soka\u011fa \u00e7\u0131kma yasa\u011f\u0131 uygulayarak salg\u0131n\u0131 kontrol alt\u0131na al\u0131yoruz.\n\nT\u00fcrkiye, vir\u00fcsten etkilenen \u00fclkelerle seyahatleri k\u0131s\u0131tlayan ve nihayet tamamen durduran ilk \u00fclkelerden biri oldu. U\u00e7u\u015flar iptal edilmeden \u00f6nce hemen yolcular\u0131 kontrolden ge\u00e7irerek, semptom g\u00f6sterenleri havalimanlar\u0131nda tespit etmeye \u00e7aba g\u00f6sterdik.\n\n\u00dclkemiz, insanlar\u0131 hastal\u0131ktan korumaya \u00e7al\u0131\u015f\u0131rken hangi \u00fclkeden geldiklerine g\u00f6re bir ayr\u0131m g\u00f6zetmedi. Yunanistan\u2019la kara s\u0131n\u0131r\u0131m\u0131za bekleyen bir\u00e7ok Suriyeli s\u0131\u011f\u0131nmac\u0131y\u0131 geri getirerek vir\u00fcs\u00fcn yay\u0131lmas\u0131n\u0131 engelledik. Ayr\u0131ca m\u00fclteci kamplar\u0131nda ve Suriye\u2019nin kuzeyindeki yerlerinden edilmi\u015f insanlar nezdinde gerekli \u00f6nlemleri ald\u0131k.\n\nKoronavir\u00fcs salg\u0131n\u0131yla k\u0131s\u0131tl\u0131 kaynaklarla m\u00fccadele ederken, m\u00fccadelenin kolektif oldu\u011funu ve hi\u00e7bir \u00fclkenin bu s\u00fcre\u00e7te yaln\u0131z b\u0131rak\u0131lmamas\u0131 gerekti\u011fini ifade ettik. Bu itibarla T\u00fcrkiye, aralar\u0131nda \u0130talya, \u0130spanya, \u0130ran, Kosova, Bosna-Hersek, S\u0131rbistan, Karada\u011f ve Kuzey Makedonya\u2019n\u0131n oldu\u011fu bir\u00e7ok \u00fclkeye yard\u0131mda bulundu.\n\nAyn\u0131 zamanda y\u00fcksek risk grubunda yer alan b\u00fcy\u00fcklerimize \u00f6zel ihtimam g\u00f6sterdik. 65 ya\u015f ve \u00fczerindeki vatanda\u015flar\u0131m\u0131z\u0131n hareketlili\u011fine kendi g\u00fcvenlikleri a\u00e7\u0131s\u0131ndan k\u0131s\u0131tlama getirerek; yerel makamlar\u0131n, onlar\u0131n ihtiya\u00e7lar\u0131n\u0131 kar\u015f\u0131lamas\u0131n\u0131 sa\u011flad\u0131k. Ne b\u00fcy\u00fcklerimizi ne de gen\u00e7lerimizi bu s\u00fcre\u00e7te unutmad\u0131k.\n\nHatta daha da ileri giderek, salg\u0131n d\u00f6neminde sokak hayvanlar\u0131n\u0131n ihtiya\u00e7lar\u0131n\u0131 bile kar\u015f\u0131lad\u0131k. Att\u0131\u011f\u0131m\u0131z t\u00fcm ad\u0131mlar, Cumhurba\u015fkan\u0131m\u0131z Say\u0131n Recep Tayyip Erdo\u011fan\u2019\u0131n talimatlar\u0131 do\u011frultusunda ve salg\u0131nla m\u00fccadelede benimsedi\u011fimiz insan odakl\u0131 ve insani yakla\u015f\u0131m \u00e7er\u00e7evesinde at\u0131ld\u0131.\n\nT\u00fcrkiye\u2019nin Kovid-19 salg\u0131n\u0131yla m\u00fccadelesinin ve bu s\u00fcreci nas\u0131l do\u011fru \u015fekilde y\u00f6netebildi\u011finin incelenmesi \u00e7ok \u00f6nemlidir. Avrupa ve Asya k\u0131talar\u0131 aras\u0131nda ge\u00e7i\u015f noktas\u0131 olan T\u00fcrkiye, vir\u00fcs nedeniyle ciddi kayg\u0131 duyulan \u0130ran ile kom\u015fudur. Ayr\u0131ca \u0130stanbul Havaliman\u0131, d\u00fcnyan\u0131n en \u00e7ok trafi\u011fe sahip meydanlar\u0131ndand\u0131r.\n\nT\u00fcm devletler, bug\u00fcn ve \u00f6n\u00fcm\u00fczdeki y\u0131llar boyunca kriz y\u00f6netimleri hakk\u0131nda sorgulanmaya a\u00e7\u0131k olmal\u0131d\u0131r. Bu s\u00fcre\u00e7te neyin yanl\u0131\u015f gitti\u011fini ve gelecekte benzer salg\u0131nlar\u0131n nas\u0131l \u00f6nlenebilece\u011fini d\u00fc\u015f\u00fcnmeye ba\u015flamak zorunday\u0131z\u201d dedi.",
    "keywords": [
        "corona",
        "vir\u00fcsteki",
        "ba\u015fkan\u0131",
        "ba\u015far\u0131s\u0131n\u0131n",
        "test",
        "bir",
        "yeni",
        "\u00fccretsiz",
        "altun",
        "abdye",
        "sa\u011fl\u0131k",
        "\u00e7ok",
        "s\u0131rr\u0131n\u0131",
        "t\u00fcrkiyenin",
        "ve",
        "t\u00fcm",
        "t\u00fcrkiye",
        "anlatt\u0131",
        "i\u0307leti\u015fim",
        "bu"
    ],
    "meta_keywords": [
        ""
    ],
    "publish_date": null,
    "summary": "\u0130leti\u015fim Ba\u015fkan\u0131 Fahrettin Altun, Washington Times gazetesinde bir makale yay\u0131mlayarak, d\u00fcnyan\u0131n Koronavir\u00fcs\u2019e en \u00e7ok kurban veren \u00fclkesi ABD\u2019ye T\u00fcrkiye\u2019nin ba\u015far\u0131 s\u0131rlar\u0131n\u0131 anlatt\u0131.\nAltun makalesinde, \u201cT\u00fcrk devleti, sa\u011fl\u0131k hizmetlerini t\u00fcm vatanda\u015flar\u0131na \u00fccretsiz olarak sunuyor.\nZaman\u0131nda sa\u011fl\u0131k altyap\u0131m\u0131za yapt\u0131\u011f\u0131m\u0131z yat\u0131r\u0131mlar\u0131n kar\u015f\u0131l\u0131\u011f\u0131n\u0131 son s\u00fcre\u00e7te g\u00f6rd\u00fck.\nAtt\u0131\u011f\u0131m\u0131z ad\u0131mlarla gidi\u015fat\u0131 terse \u00e7evirmeyi ba\u015fard\u0131k.\nYeni vakalar\u0131n art\u0131\u015f h\u0131z\u0131, ilk vakan\u0131n tespit edildi\u011fi Mart ay\u0131 ba\u015f\u0131ndan bu yana en d\u00fc\u015f\u00fck seviyesine geriledi.\nHer g\u00fcn hastanelerden taburcu olan vatanda\u015flar\u0131m\u0131z\u0131n say\u0131s\u0131, yeni vakalar\u0131n say\u0131s\u0131n\u0131 fersah fersah a\u015f\u0131yor.\nYine de baz\u0131lar\u0131 Ba\u015fkan Recep Tayyip Erdo\u011fan\u2019\u0131 krizi y\u00f6netemedi\u011fi gerek\u00e7esiyle ele\u015ftiriyor.\nO y\u00fczden birlikte somut verileri g\u00f6zden ge\u00e7irelim:Sa\u011fl\u0131k alan\u0131nda ger\u00e7ekle\u015ftirdi\u011fimiz reformlar ve yat\u0131r\u0131mlar neticesinde daha \u00e7ok insan\u0131n sa\u011fl\u0131k hizmetlerinden faydalanabilmesinin yolunu a\u00e7t\u0131k.\nSa\u011fl\u0131k ordular\u0131na yat\u0131r\u0131m yap\u0131p, yeni hastaneler a\u00e7an T\u00fcrkiye, Koronavir\u00fcs pandemisinden \u00f6nce bile n\u00fcfus yo\u011funlu\u011funun en y\u00fcksek oldu\u011fu yerlerde 10 yeni hastanenin planlamas\u0131n\u0131 yapm\u0131\u015ft\u0131.\nNeticede sa\u011fl\u0131k sistemimiz, ba\u015fka \u00fclkelerde oldu\u011fu gibi ezici bir bask\u0131yla kar\u015f\u0131 kar\u015f\u0131ya kalmad\u0131.\nAyn\u0131 zamanda T\u00fcrkiye, ger\u00e7ekle\u015ftirilen test oranlar\u0131na g\u00f6re d\u00fcnyada ilk 5\u2019e girdi.\nTest ve vaka say\u0131lar\u0131 do\u011fru orant\u0131l\u0131 oldu\u011funun bilinciyle, \u00e7ok test yapt\u0131\u011f\u0131m\u0131z i\u00e7in enfeksiyon say\u0131lar\u0131m\u0131z\u0131n k\u0131sa bir s\u00fcreli\u011fine y\u00fcksek seyredebilece\u011fini kabul ettik.\nAncak \u00e7ok say\u0131da test yapmadan salg\u0131n\u0131 kontrol alman\u0131n ba\u015fka bir makul yolu yoktu.\nSalg\u0131n\u0131n i\u015f d\u00fcnyas\u0131na ve hanelere etkisini azaltmak amac\u0131yla h\u00fck\u00fcmetimiz bor\u00e7 \u00f6demelerini \u00f6teleyerek; baz\u0131 vergileri d\u00fc\u015f\u00fcrd\u00fc.\nAyr\u0131ca t\u00fcm \u015firketler i\u00e7in 36 aya varan vadelerle, \u00f6demeleri daha sonra ba\u015flayacak faizsiz kredi olana\u011f\u0131 sa\u011flad\u0131k.\nBunlara ek olarak ailelere do\u011frudan nakit yard\u0131m\u0131 ger\u00e7ekle\u015ftirdik.\n\u0130\u015f d\u00fcnyas\u0131na y\u00f6nelik 100 milyar liral\u0131k bir destek paketi a\u00e7\u0131klayan h\u00fck\u00fcmetimiz, T\u00fcrkiye Varl\u0131k Fonu\u2019nun zor durumda kalan \u00f6zel \u015firketleri sat\u0131n almas\u0131n\u0131 kolayla\u015ft\u0131racak bir plan \u00fczerinde \u00e7al\u0131\u015f\u0131yor.\nElbette bizi ele\u015ftirenler, bu ger\u00e7ekleri g\u00f6rmek istemiyor.\nAyn\u0131 \u015fekilde bizi ele\u015ftirenler, milletimize sa\u011fl\u0131k hizmetlerini \u00fccretsiz verdi\u011fimizi g\u00f6zard\u0131 ediyor.\nOysa bir\u00e7ok uzmana g\u00f6re vir\u00fcsle m\u00fccadelenin etkin bi\u00e7imde s\u00fcrd\u00fcr\u00fclmesi i\u00e7in bunun yap\u0131lmas\u0131 gerekiyor.\n\u00dccretsiz ve evrensel sa\u011fl\u0131k sistemi olmayan \u00fclkeler ciddi dezavantajlarla kar\u015f\u0131 kar\u015f\u0131ya kal\u0131yor.\nBiz 2003 y\u0131l\u0131ndan itibaren sa\u011fl\u0131k alan\u0131nda reformlara imza atarak, b\u00f6lgemizde \u00fccretsiz sa\u011fl\u0131k hizmeti sunan az say\u0131da devletten biri h\u00e2line geldik.\nNew England Journal of Medicine dergisinde de ifade edildi\u011fi \u00fczere, T\u00fcrkiye \u201csa\u011fl\u0131k alan\u0131nda b\u00fcy\u00fck e\u015fitsizlikleri ortadan kald\u0131rarak t\u00fcm vatanda\u015flar\u0131n\u0131 finansal risklerden koruyacak iddial\u0131 bir sa\u011fl\u0131k reformu ger\u00e7ekle\u015ftirdi.\nOn y\u0131l i\u00e7inde sa\u011fl\u0131k hizmetleri evrensel h\u00e2le gelerek \u00f6nemli iyile\u015ftirmeler yap\u0131ld\u0131.\u201dAyn\u0131 zamanda sosyal mesafe kurallar\u0131n\u0131 ciddiye al\u0131yoruz.\nT\u00fcm uluslararas\u0131 uluslar\u0131 iptal ederek, i\u00e7 hat u\u00e7u\u015flar\u0131n\u0131 k\u0131s\u0131tlad\u0131k.\nOkullar\u0131, barlar\u0131 ve kafeleri kapatarak, toplu ibadetleri durdurduk.\nAyr\u0131ca b\u00fcy\u00fck \u015fehirlerimizde haftasonlar\u0131 soka\u011fa \u00e7\u0131kma yasa\u011f\u0131 uygulayarak salg\u0131n\u0131 kontrol alt\u0131na al\u0131yoruz.\nT\u00fcrkiye, vir\u00fcsten etkilenen \u00fclkelerle seyahatleri k\u0131s\u0131tlayan ve nihayet tamamen durduran ilk \u00fclkelerden biri oldu.\nU\u00e7u\u015flar iptal edilmeden \u00f6nce hemen yolcular\u0131 kontrolden ge\u00e7irerek, semptom g\u00f6sterenleri havalimanlar\u0131nda tespit etmeye \u00e7aba g\u00f6sterdik.\n\u00dclkemiz, insanlar\u0131 hastal\u0131ktan korumaya \u00e7al\u0131\u015f\u0131rken hangi \u00fclkeden geldiklerine g\u00f6re bir ayr\u0131m g\u00f6zetmedi.\nYunanistan\u2019la kara s\u0131n\u0131r\u0131m\u0131za bekleyen bir\u00e7ok Suriyeli s\u0131\u011f\u0131nmac\u0131y\u0131 geri getirerek vir\u00fcs\u00fcn yay\u0131lmas\u0131n\u0131 engelledik.\nAyr\u0131ca m\u00fclteci kamplar\u0131nda ve Suriye\u2019nin kuzeyindeki yerlerinden edilmi\u015f insanlar nezdinde gerekli \u00f6nlemleri ald\u0131k.\nKoronavir\u00fcs salg\u0131n\u0131yla k\u0131s\u0131tl\u0131 kaynaklarla m\u00fccadele ederken, m\u00fccadelenin kolektif oldu\u011funu ve hi\u00e7bir \u00fclkenin bu s\u00fcre\u00e7te yaln\u0131z b\u0131rak\u0131lmamas\u0131 gerekti\u011fini ifade ettik.\nBu itibarla T\u00fcrkiye, aralar\u0131nda \u0130talya, \u0130spanya, \u0130ran, Kosova, Bosna-Hersek, S\u0131rbistan, Karada\u011f ve Kuzey Makedonya\u2019n\u0131n oldu\u011fu bir\u00e7ok \u00fclkeye yard\u0131mda bulundu.\nAyn\u0131 zamanda y\u00fcksek risk grubunda yer alan b\u00fcy\u00fcklerimize \u00f6zel ihtimam g\u00f6sterdik.\n65 ya\u015f ve \u00fczerindeki vatanda\u015flar\u0131m\u0131z\u0131n hareketlili\u011fine kendi g\u00fcvenlikleri a\u00e7\u0131s\u0131ndan k\u0131s\u0131tlama getirerek; yerel makamlar\u0131n, onlar\u0131n ihtiya\u00e7lar\u0131n\u0131 kar\u015f\u0131lamas\u0131n\u0131 sa\u011flad\u0131k.\nNe b\u00fcy\u00fcklerimizi ne de gen\u00e7lerimizi bu s\u00fcre\u00e7te unutmad\u0131k.\nHatta daha da ileri giderek, salg\u0131n d\u00f6neminde sokak hayvanlar\u0131n\u0131n ihtiya\u00e7lar\u0131n\u0131 bile kar\u015f\u0131lad\u0131k.\nAtt\u0131\u011f\u0131m\u0131z t\u00fcm ad\u0131mlar, Cumhurba\u015fkan\u0131m\u0131z Say\u0131n Recep Tayyip Erdo\u011fan\u2019\u0131n talimatlar\u0131 do\u011frultusunda ve salg\u0131nla m\u00fccadelede benimsedi\u011fimiz insan odakl\u0131 ve insani yakla\u015f\u0131m \u00e7er\u00e7evesinde at\u0131ld\u0131.\nT\u00fcrkiye\u2019nin Kovid-19 salg\u0131n\u0131yla m\u00fccadelesinin ve bu s\u00fcreci nas\u0131l do\u011fru \u015fekilde y\u00f6netebildi\u011finin incelenmesi \u00e7ok \u00f6nemlidir.\nAvrupa ve Asya k\u0131talar\u0131 aras\u0131nda ge\u00e7i\u015f noktas\u0131 olan T\u00fcrkiye, vir\u00fcs nedeniyle ciddi kayg\u0131 duyulan \u0130ran ile kom\u015fudur.\nAyr\u0131ca \u0130stanbul Havaliman\u0131, d\u00fcnyan\u0131n en \u00e7ok trafi\u011fe sahip meydanlar\u0131ndand\u0131r.\nT\u00fcm devletler, bug\u00fcn ve \u00f6n\u00fcm\u00fczdeki y\u0131llar boyunca kriz y\u00f6netimleri hakk\u0131nda sorgulanmaya a\u00e7\u0131k olmal\u0131d\u0131r.\nBu s\u00fcre\u00e7te neyin yanl\u0131\u015f gitti\u011fini ve gelecekte benzer salg\u0131nlar\u0131n nas\u0131l \u00f6nlenebilece\u011fini d\u00fc\u015f\u00fcnmeye ba\u015flamak zorunday\u0131z\u201d dedi.",
    "article_html": "",
    "meta_description": "Son Dakika Haberler - \u0130leti\u015fim Ba\u015fkan\u0131 Fahrettin Altun, Washington Times gazetesinde bir makale yay\u0131mlayarak, d\u00fcnyan\u0131n corona vir\u00fcse en \u00e7ok kurban veren \u00fclkesi ABD\u2019ye T\u00fcrkiye\u2019nin ba\u015far\u0131 s\u0131rlar\u0131n\u0131 anlatt\u0131. Altun, uluslararas\u0131 topluma \u201cT\u00fcrkiye\u2019nin ba\u015far\u0131s\u0131ndan gereken dersi \u00e7\u0131kar\u0131n\u201d mesaj\u0131 verdi.",
    "meta_lang": "tr"
}