{
    "article_id": "da117fb3a5c3377731b93a014ea0a388.1589925588.0069973",
    "title": "Nocturne, Hande Er\u00e7el ile bahar\u0131 kar\u015f\u0131l\u0131yor",
    "authors": [
        "G\u00fcn\u00fcn Yaz\u0131lar\u0131",
        "Op. Dr. Defne Erkara",
        "Kar\u0131n Germe Sonras\u0131 Dikkat Edilmesi Gerekenler Ve Iz Tedavisi",
        "Op. Dr. G\u00fcncel \u00d6zt\u00fcrk",
        "\u0130yi Bir Burun Esteti\u011fi I\u00e7in...",
        "Nil\u00fcfer Pazvanto\u011flu",
        "Covid Djiital Sergisi",
        "\u00d6zlem \u00c7etinkaya",
        "Karantinada Tan\u0131\u015fma",
        "Ebru Demirhan",
        "Araftan \u00c7\u0131kmak",
        "Diyabetli Sa\u011fl\u0131k Ve Ya\u015fam Ko\u00e7u Neslihan Sipahi",
        "Sa\u011fl\u0131k Ko\u00e7lu\u011funun \u00d6nemi",
        "Dans Sanat\u00e7\u0131s\u0131 G\u00f6ker Y\u0131ld\u0131z",
        "Her Hayal Bir Beden",
        "Ay\u015feg\u00fcl Kartal",
        "Milimetrekareye Ka\u00e7 A\u015fk S\u0131\u011far",
        "\u00d6zlem \u00d6zdemir Ta\u015f",
        "Bah\u00e7e Mobilyas\u0131 Nas\u0131l Olmal\u0131",
        "Uzm.Klinik Psikolog Nigar \u00c7i\u00e7ek"
    ],
    "canonical_link": "https://www.milliyet.com.tr/pembenar/galeri/nocturne-hande-ercel-ile-bahari-karsiliyor-6210054",
    "url": "http://milliyet.com.tr/pembenar/galeri/nocturne-hande-ercel-ile-bahari-karsiliyor-6210054",
    "top_img": "https://i2.milimaj.com/i/milliyet/75/0x0/5eb957faadcdeb1c4025d169.jpg",
    "meta_img": "https://i2.milimaj.com/i/milliyet/75/0x0/5eb957faadcdeb1c4025d169.jpg",
    "movies": [],
    "text": "Gen\u00e7 ya\u015fta bir\u00e7ok ba\u015far\u0131ya imza atan g\u00fczel oyuncu Hande Er\u00e7el, Nocturne \u0130lkbahar/Yaz 2020 koleksiyonunun y\u00fcz\u00fc oldu. \u00d6zg\u00fcn stiliyle dikkat \u00e7eken oyuncu, koleksiyonun g\u00f6z al\u0131c\u0131 par\u00e7alar\u0131 ile kamera kar\u015f\u0131s\u0131na ge\u00e7erken, Nocturne kad\u0131n\u0131n\u0131n g\u00fc\u00e7l\u00fc, ne istedi\u011fini bilen ve sofistike tavr\u0131 Koray Birand'\u0131n objektifinden foto\u011fraflara yans\u0131yor. MSGS\u00dc Resim ve Heykel M\u00fczesi'nde ger\u00e7ekle\u015fen kampanya \u00e7ekimlerinin styling'i ise Nazl\u0131 Alaca'ya ait.\n\n\n\n\n\n\n\n\n\nLeopardan floral desenlere, animal bask\u0131lardan mitolojik fig\u00fcrlere kadar ilham\u0131n\u0131 do\u011fadan alan \u0130lkbahar/Yaz 2020 koleksiyonu, LENZING\u2122 ECOVERO\u2122 do\u011fa dostu kuma\u015flarla desteklenerek Nocturne kad\u0131n\u0131n\u0131n bilin\u00e7li ve \u00f6zg\u00fcr yan\u0131n\u0131 vurguluyor. Koleksiyonda yer alan dinamik kesimli modeller ve zengin renkler ise adeta bahar\u0131 kutluyor.\n\n\n\n\n\nBir\u00e7ok farkl\u0131 temay\u0131 b\u00fcnyesinde bar\u0131nd\u0131ran Nocturne, \u00e7arp\u0131c\u0131 tasar\u0131mlar\u0131yla \u00f6zenli detaylar\u0131 birle\u015ftirerek feminen ve g\u00fc\u00e7l\u00fc ruhunu 2020 \u0130lkbahar/Yaz koleksiyonunda da ortaya koymaya devam ediyor.\n\n#WomenOfNow\n\nwww.nocturne.com.tr\n\n\n\n\n\n",
    "keywords": [
        "kar\u015f\u0131l\u0131yor",
        "oyuncu",
        "er\u00e7el",
        "nocturne",
        "ise",
        "alan",
        "g\u00fc\u00e7l\u00fc",
        "i\u0307lkbaharyaz",
        "kad\u0131n\u0131n\u0131n",
        "\u00f6zg\u00fcr",
        "ve",
        "bahar\u0131",
        "2020",
        "ile",
        "hande"
    ],
    "meta_keywords": [
        ""
    ],
    "publish_date": null,
    "summary": "Gen\u00e7 ya\u015fta bir\u00e7ok ba\u015far\u0131ya imza atan g\u00fczel oyuncu Hande Er\u00e7el, Nocturne \u0130lkbahar/Yaz 2020 koleksiyonunun y\u00fcz\u00fc oldu.\n\u00d6zg\u00fcn stiliyle dikkat \u00e7eken oyuncu, koleksiyonun g\u00f6z al\u0131c\u0131 par\u00e7alar\u0131 ile kamera kar\u015f\u0131s\u0131na ge\u00e7erken, Nocturne kad\u0131n\u0131n\u0131n g\u00fc\u00e7l\u00fc, ne istedi\u011fini bilen ve sofistike tavr\u0131 Koray Birand'\u0131n objektifinden foto\u011fraflara yans\u0131yor.\nMSGS\u00dc Resim ve Heykel M\u00fczesi'nde ger\u00e7ekle\u015fen kampanya \u00e7ekimlerinin styling'i ise Nazl\u0131 Alaca'ya ait.\nLeopardan floral desenlere, animal bask\u0131lardan mitolojik fig\u00fcrlere kadar ilham\u0131n\u0131 do\u011fadan alan \u0130lkbahar/Yaz 2020 koleksiyonu, LENZING\u2122 ECOVERO\u2122 do\u011fa dostu kuma\u015flarla desteklenerek Nocturne kad\u0131n\u0131n\u0131n bilin\u00e7li ve \u00f6zg\u00fcr yan\u0131n\u0131 vurguluyor.\nKoleksiyonda yer alan dinamik kesimli modeller ve zengin renkler ise adeta bahar\u0131 kutluyor.\nBir\u00e7ok farkl\u0131 temay\u0131 b\u00fcnyesinde bar\u0131nd\u0131ran Nocturne, \u00e7arp\u0131c\u0131 tasar\u0131mlar\u0131yla \u00f6zenli detaylar\u0131 birle\u015ftirerek feminen ve g\u00fc\u00e7l\u00fc ruhunu 2020 \u0130lkbahar/Yaz koleksiyonunda da ortaya koymaya devam ediyor.\n#WomenOfNowwww.nocturne.com.tr",
    "article_html": "",
    "meta_description": "Nocturne, \u0130lkbahar/Yaz 2020 kampanyas\u0131yla yeni sezona iddial\u0131 ve cesur bir giri\u015f yap\u0131yor. Ba\u015far\u0131l\u0131 ve g\u00fczel oyuncu Hande Er\u00e7el, marka y\u00fcz\u00fc oldu\u011fu koleksiyonda, g\u00fc\u00e7l\u00fc, zarif ve g\u00f6steri\u015fli bir sil\u00fcet sergiliyor.",
    "meta_lang": "tr"
}