{
    "article_id": "e287e4b0ac8238cf12171c0a53fe5fcb.1589925596.0987093",
    "title": "G\u00fcn\u00fcn sahur men\u00fcs\u00fc: 27. g\u00fcn",
    "authors": [
        "G\u00fcn\u00fcn Yaz\u0131lar\u0131",
        "Op. Dr. Defne Erkara",
        "Kar\u0131n Germe Sonras\u0131 Iz",
        "Op. Dr. G\u00fcncel \u00d6zt\u00fcrk",
        "\u0130yi Bir Burun Esteti\u011fi I\u00e7in...",
        "Nil\u00fcfer Pazvanto\u011flu",
        "Covid Djiital Sergisi",
        "\u00d6zlem \u00c7etinkaya",
        "Karantinada Tan\u0131\u015fma",
        "Ebru Demirhan",
        "Araftan \u00c7\u0131kmak",
        "Diyabetli Sa\u011fl\u0131k Ve Ya\u015fam Ko\u00e7u Neslihan Sipahi",
        "Sa\u011fl\u0131k Ko\u00e7lu\u011funun \u00d6nemi",
        "Dans Sanat\u00e7\u0131s\u0131 G\u00f6ker Y\u0131ld\u0131z",
        "Her Hayal Bir Beden",
        "Ay\u015feg\u00fcl Kartal",
        "Milimetrekareye Ka\u00e7 A\u015fk S\u0131\u011far",
        "\u00d6zlem \u00d6zdemir Ta\u015f",
        "Bah\u00e7e Mobilyas\u0131 Nas\u0131l Olmal\u0131",
        "Uzm.Klinik Psikolog Nigar \u00c7i\u00e7ek"
    ],
    "canonical_link": "https://www.milliyet.com.tr/pembenar/gunun-sahur-menusu-27-gun-6215400",
    "url": "http://milliyet.com.tr/pembenar/gunun-sahur-menusu-27-gun-6215400",
    "top_img": "https://i2.milimaj.com/i/milliyet/75/0x0/5ec37f935542841b38939619.jpg",
    "meta_img": "https://i2.milimaj.com/i/milliyet/75/0x0/5ec37f935542841b38939619.jpg",
    "movies": [],
    "text": "G\u00fcn\u00fcn sahur men\u00fcs\u00fcn\u00fcn 27. g\u00fcn\u00fcnde hem pratik hem de sofran\u0131z\u0131 \u015fenlendirecek tariflere yer verdik. Kolay yap\u0131m\u0131 ile peynirli sufle, yumurtan\u0131n en g\u00fczel hali po\u015fe yumurta ve i\u00e7ecek olarak ise detoks \u00e7ay\u0131 tarifini payla\u015ft\u0131k. \u0130\u015fte 27. g\u00fcn sahur men\u00fcs\u00fc...\n\nPeynirli sufle tarifi\n\n\n\n\n\nMalzemeler:\n\n-3 yemek ka\u015f\u0131\u011f\u0131 tereya\u011f\u0131\n\n-Bir miktar ekmek k\u0131r\u0131nt\u0131s\u0131\n\n-1/3 su barda\u011f\u0131 un\n\n-1 su barda\u011f\u0131 s\u00fct\n\n-1 \u00e7ay ka\u015f\u0131\u011f\u0131 hardal\n\n-1/2 \u00e7ay ka\u015f\u0131\u011f\u0131 tuz\n\n-1/4 \u00e7ay ka\u015f\u0131\u011f\u0131 k\u0131rm\u0131z\u0131 toz biber\n\n-Taze \u00e7ekilmi\u015f karabiber\n\n-4 b\u00fcy\u00fck yumurta\n\n-1/2 su barda\u011f\u0131 rendelenmi\u015f mozerella peyniri\n\n-1/2 su barda\u011f\u0131 rendelenmi\u015f ka\u015far peyniri\n\n-1/4 su barda\u011f\u0131 rendelenmi\u015f parmesan peyniri\n\nNas\u0131l yap\u0131l\u0131r?\n\n-\u00d6ncelikle 4 adet sufle kal\u0131b\u0131n\u0131z\u0131 tereya\u011f\u0131 ile ya\u011flay\u0131n ve i\u00e7ini ekmek k\u0131r\u0131nt\u0131lar\u0131yla kaplay\u0131n.\n\n-Daha sonra 3 yemek ka\u015f\u0131\u011f\u0131 tereya\u011f\u0131 bir kab\u0131n i\u00e7erisine al\u0131n ve ocakta eritmeye ba\u015flay\u0131n.\n\n-\u0130\u00e7erisine unu ekleyin ve kavurmaya devam edin. Un ve tereya\u011f\u0131 kar\u0131\u015f\u0131m\u0131 yava\u015f yava\u015f k\u0131zarmaya ba\u015flad\u0131\u011f\u0131nda s\u00fct\u00fc ekleyip kar\u0131\u015ft\u0131r\u0131n.\n\n-T\u00fcm peynirli s\u0131ras\u0131yla ekleyip kar\u0131\u015ft\u0131rmaya devam edin.\n\n-Tuz, k\u0131rm\u0131z\u0131 toz biber, hardal\u0131 da ilave edin ve kar\u0131\u015ft\u0131n.\n\n-Bu esnada 4 b\u00fcy\u00fck yumurtan\u0131n sadece sar\u0131lar\u0131n\u0131 tek tek kar\u0131\u015f\u0131ma ilave ederek homojen bir g\u00f6r\u00fcn\u00fcm elde edin.\n\n-Son olarak taze \u00e7ekilmi\u015f karabiberi de ekleyip oca\u011f\u0131n alt\u0131n\u0131 kapat\u0131n ve kar\u0131\u015f\u0131m\u0131n\u0131z\u0131 bir kenara al\u0131n.\n\n-4 b\u00fcy\u00fck yumurtadan geriye kalan beyazlar\u0131 ayr\u0131 bir kaba al\u0131n ve kar k\u00f6p\u00fc\u011f\u00fc olana kadar \u00e7\u0131rp\u0131n.\n\n-Yumurta beyazlar\u0131n\u0131 yava\u015f yava\u015f hamurlu kar\u0131\u015f\u0131m\u0131n\u0131z\u0131n i\u00e7ine ekleyerek spatula yard\u0131m\u0131yla alttan \u00fcste do\u011fru iyice kar\u0131\u015ft\u0131r\u0131n ve yedirin.\n\n-Haz\u0131r olan sufle hamurunuzu ya\u011flad\u0131\u011f\u0131n\u0131z kaplar\u0131n\u0131za b\u00f6l\u00fcn ve \u00f6nceden \u0131s\u0131t\u0131lm\u0131\u015f 180 derece f\u0131r\u0131nda pi\u015firin.\n\n-\u0130\u00e7i nemli ve d\u0131\u015f\u0131 hafif sallanan bu harika peynirli sufleyi s\u0131cak s\u0131cak servis edebilirsiniz.\n\nPo\u015fe yumurta tarifi\n\n\n\n\n\nMalzemeler:\n\n-1 hamburger ekme\u011fi\n\n-1 dilim dana jambon\n\n-1 yumurta\n\n-1 yemek ka\u015f\u0131\u011f\u0131 sirke\n\n-2 su barda\u011f\u0131 su\n\n-Tuz\n\n-Karabiber\n\nNas\u0131l yap\u0131l\u0131r?\n\n-Ekme\u011fi f\u0131r\u0131n \u0131zgaras\u0131nda k\u0131zart\u0131n. K\u00fc\u00e7\u00fck bir tencerede su kaynat\u0131n, sirke ekleyin ve yumurtay\u0131 bir kep\u00e7enin i\u00e7ine k\u0131r\u0131n.\n\n-Kep\u00e7eyi yava\u015f\u00e7a suyun i\u00e7ine bat\u0131r\u0131n. 30 saniye kadar bekleyip yumurtay\u0131 suyun i\u00e7ine b\u0131rak\u0131n.\n\n-2-3 dakika pi\u015firin ve yumurtay\u0131 kevgir yard\u0131m\u0131yla suyun i\u00e7inden al\u0131n.\n\n-Ekme\u011fin \u00fczerine jambonu ve yumurtay\u0131 yerle\u015ftirin. Taze \u00e7ekilmi\u015f karabiber ve tuz serpi\u015ftirin, servis yap\u0131n.\n\nDetoks \u00e7ay\u0131 tarifi\n\n\n\n\n\nMalzemeler:\n\n-2 \u00e7orba ka\u015f\u0131\u011f\u0131 ye\u015fil \u00e7ay\n\n-1 limon suyu\n\n-3 adet karabiber\n\n-4 sap maydanoz\n\n-1 tane ye\u015fil elma\n\n-1 tatl\u0131 ka\u015f\u0131\u011f\u0131 mate \u00e7ay\u0131\n\n-4 adet karanfil\n\n-1 kabuk tar\u00e7\u0131n\n\nNas\u0131l yap\u0131l\u0131r?\n\n-5 su barda\u011f\u0131 suyu kaynat\u0131n. \u0130\u00e7erisine elman\u0131n kabuklar\u0131n\u0131 soymadan dilimler halinde at\u0131n.\n\n-Ard\u0131ndan t\u00fcm malzemeleri ekleyin. 5 dakika kaynad\u0131ktan sonra oca\u011f\u0131n alt\u0131n\u0131 kapat\u0131n ve 10 dakika dinlenmeye b\u0131rak\u0131n.\n\nAfiyet olsun.",
    "keywords": [
        "i\u00e7ine",
        "sufle",
        "bir",
        "men\u00fcs\u00fc",
        "su",
        "ka\u015f\u0131\u011f\u0131",
        "\u00e7ekilmi\u015f",
        "g\u00fcn\u00fcn",
        "g\u00fcn",
        "ve",
        "sahur",
        "27",
        "barda\u011f\u0131",
        "yava\u015f",
        "yumurtay\u0131"
    ],
    "meta_keywords": [
        ""
    ],
    "publish_date": null,
    "summary": "G\u00fcn\u00fcn sahur men\u00fcs\u00fcn\u00fcn 27. g\u00fcn\u00fcnde hem pratik hem de sofran\u0131z\u0131 \u015fenlendirecek tariflere yer verdik.\nKolay yap\u0131m\u0131 ile peynirli sufle, yumurtan\u0131n en g\u00fczel hali po\u015fe yumurta ve i\u00e7ecek olarak ise detoks \u00e7ay\u0131 tarifini payla\u015ft\u0131k.\n\u0130\u015fte 27. g\u00fcn sahur men\u00fcs\u00fc...Peynirli sufle tarifiMalzemeler:-3 yemek ka\u015f\u0131\u011f\u0131 tereya\u011f\u0131-Bir miktar ekmek k\u0131r\u0131nt\u0131s\u0131-1/3 su barda\u011f\u0131 un-1 su barda\u011f\u0131 s\u00fct-1 \u00e7ay ka\u015f\u0131\u011f\u0131 hardal-1/2 \u00e7ay ka\u015f\u0131\u011f\u0131 tuz-1/4 \u00e7ay ka\u015f\u0131\u011f\u0131 k\u0131rm\u0131z\u0131 toz biber-Taze \u00e7ekilmi\u015f karabiber-4 b\u00fcy\u00fck yumurta-1/2 su barda\u011f\u0131 rendelenmi\u015f mozerella peyniri-1/2 su barda\u011f\u0131 rendelenmi\u015f ka\u015far peyniri-1/4 su barda\u011f\u0131 rendelenmi\u015f parmesan peyniriNas\u0131l yap\u0131l\u0131r?\n-\u00d6ncelikle 4 adet sufle kal\u0131b\u0131n\u0131z\u0131 tereya\u011f\u0131 ile ya\u011flay\u0131n ve i\u00e7ini ekmek k\u0131r\u0131nt\u0131lar\u0131yla kaplay\u0131n.\n-Daha sonra 3 yemek ka\u015f\u0131\u011f\u0131 tereya\u011f\u0131 bir kab\u0131n i\u00e7erisine al\u0131n ve ocakta eritmeye ba\u015flay\u0131n.\n-\u0130\u00e7erisine unu ekleyin ve kavurmaya devam edin.\nUn ve tereya\u011f\u0131 kar\u0131\u015f\u0131m\u0131 yava\u015f yava\u015f k\u0131zarmaya ba\u015flad\u0131\u011f\u0131nda s\u00fct\u00fc ekleyip kar\u0131\u015ft\u0131r\u0131n.\n-T\u00fcm peynirli s\u0131ras\u0131yla ekleyip kar\u0131\u015ft\u0131rmaya devam edin.\n-Tuz, k\u0131rm\u0131z\u0131 toz biber, hardal\u0131 da ilave edin ve kar\u0131\u015ft\u0131n.\n-Bu esnada 4 b\u00fcy\u00fck yumurtan\u0131n sadece sar\u0131lar\u0131n\u0131 tek tek kar\u0131\u015f\u0131ma ilave ederek homojen bir g\u00f6r\u00fcn\u00fcm elde edin.\n-Son olarak taze \u00e7ekilmi\u015f karabiberi de ekleyip oca\u011f\u0131n alt\u0131n\u0131 kapat\u0131n ve kar\u0131\u015f\u0131m\u0131n\u0131z\u0131 bir kenara al\u0131n.\n-4 b\u00fcy\u00fck yumurtadan geriye kalan beyazlar\u0131 ayr\u0131 bir kaba al\u0131n ve kar k\u00f6p\u00fc\u011f\u00fc olana kadar \u00e7\u0131rp\u0131n.\n-Yumurta beyazlar\u0131n\u0131 yava\u015f yava\u015f hamurlu kar\u0131\u015f\u0131m\u0131n\u0131z\u0131n i\u00e7ine ekleyerek spatula yard\u0131m\u0131yla alttan \u00fcste do\u011fru iyice kar\u0131\u015ft\u0131r\u0131n ve yedirin.\n-Haz\u0131r olan sufle hamurunuzu ya\u011flad\u0131\u011f\u0131n\u0131z kaplar\u0131n\u0131za b\u00f6l\u00fcn ve \u00f6nceden \u0131s\u0131t\u0131lm\u0131\u015f 180 derece f\u0131r\u0131nda pi\u015firin.\n-\u0130\u00e7i nemli ve d\u0131\u015f\u0131 hafif sallanan bu harika peynirli sufleyi s\u0131cak s\u0131cak servis edebilirsiniz.\nPo\u015fe yumurta tarifiMalzemeler:-1 hamburger ekme\u011fi-1 dilim dana jambon-1 yumurta-1 yemek ka\u015f\u0131\u011f\u0131 sirke-2 su barda\u011f\u0131 su-Tuz-KarabiberNas\u0131l yap\u0131l\u0131r?\n-Ekme\u011fi f\u0131r\u0131n \u0131zgaras\u0131nda k\u0131zart\u0131n.\nK\u00fc\u00e7\u00fck bir tencerede su kaynat\u0131n, sirke ekleyin ve yumurtay\u0131 bir kep\u00e7enin i\u00e7ine k\u0131r\u0131n.\n-Kep\u00e7eyi yava\u015f\u00e7a suyun i\u00e7ine bat\u0131r\u0131n.\n30 saniye kadar bekleyip yumurtay\u0131 suyun i\u00e7ine b\u0131rak\u0131n.\n-2-3 dakika pi\u015firin ve yumurtay\u0131 kevgir yard\u0131m\u0131yla suyun i\u00e7inden al\u0131n.\n-Ekme\u011fin \u00fczerine jambonu ve yumurtay\u0131 yerle\u015ftirin.\nTaze \u00e7ekilmi\u015f karabiber ve tuz serpi\u015ftirin, servis yap\u0131n.\nDetoks \u00e7ay\u0131 tarifiMalzemeler:-2 \u00e7orba ka\u015f\u0131\u011f\u0131 ye\u015fil \u00e7ay-1 limon suyu-3 adet karabiber-4 sap maydanoz-1 tane ye\u015fil elma-1 tatl\u0131 ka\u015f\u0131\u011f\u0131 mate \u00e7ay\u0131-4 adet karanfil-1 kabuk tar\u00e7\u0131nNas\u0131l yap\u0131l\u0131r?\n-5 su barda\u011f\u0131 suyu kaynat\u0131n.\n\u0130\u00e7erisine elman\u0131n kabuklar\u0131n\u0131 soymadan dilimler halinde at\u0131n.\n-Ard\u0131ndan t\u00fcm malzemeleri ekleyin.\n5 dakika kaynad\u0131ktan sonra oca\u011f\u0131n alt\u0131n\u0131 kapat\u0131n ve 10 dakika dinlenmeye b\u0131rak\u0131n.\nAfiyet olsun.",
    "article_html": "",
    "meta_description": "27. g\u00fcn sahur men\u00fcs\u00fc i\u00e7in peynirli sufle, po\u015fe yumurta ve detoks \u00e7ay\u0131 tarifini payla\u015ft\u0131k. \u0130\u015fte 27. g\u00fcn sahur men\u00fcs\u00fc i\u00e7in malzemeler...",
    "meta_lang": "tr"
}