{
    "article_id": "2ec598eb12cee36b75c721cd9f558c63.1589925600.9853292",
    "title": "TikTok'a '\u00e7ocuklar\u0131n mahremiyetini ihlal etme' su\u00e7lamas\u0131",
    "authors": [],
    "canonical_link": "https://www.milliyet.com.tr/teknoloji/tiktoka-cocuklarin-mahremiyetini-ihlal-etme-suclamasi-6212677",
    "url": "http://milliyet.com.tr/teknoloji/tiktoka-cocuklarin-mahremiyetini-ihlal-etme-suclamasi-6212677",
    "top_img": "https://i2.milimaj.com/i/milliyet/75/0x0/5ebdc1f5adcdeb13f0e5a670.jpg",
    "meta_img": "https://i2.milimaj.com/i/milliyet/75/0x0/5ebdc1f5adcdeb13f0e5a670.jpg",
    "movies": [],
    "text": "Aralar\u0131nda Dijital Demokrasi Merkezi ve Reklams\u0131z \u00c7ocukluk Kampanyas\u0131 gibi gruplar\u0131n da bulundu\u011fu 20 gizlilik g\u00f6zlemcisi organizasyon, bug\u00fcn TikTok'un \"Amerika\u2019daki \u00c7ocuklar\u0131n \u00c7evrim \u0130\u00e7i Mahremiyetinin Korunumu yasas\u0131na ayk\u0131r\u0131 hareket etti\u011fi ve \u00e7ocuklar\u0131 riske att\u0131\u011f\u0131\" gerek\u00e7esiyle ABD Federal Ticaret Komisyonuna su\u00e7 duyurusunda bulundu.\n\nGizlilik g\u00f6zlemcileri, su\u00e7 duyurusunda TikTok'un 13 ya\u015f\u0131n alt\u0131ndaki \u00e7ocuklar\u0131n ki\u015fisel bilgilerini, ebeveynlerinin r\u0131zas\u0131 olmadan toplad\u0131\u011f\u0131n\u0131 \u00f6ne s\u00fcrd\u00fc.\n\nTikTok'un kullan\u0131c\u0131lara ait verileri, ticari ama\u00e7la kulland\u0131\u011f\u0131 belirtilirken, uygulama nedeniyle \u00e7ocuklar\u0131n uygunsuz i\u00e7eriklere ya da k\u00f6t\u00fc niyetli ki\u015filerin istismar\u0131na a\u00e7\u0131k oldu\u011fu kaydedildi.\n\nABD'de ge\u00e7en y\u0131l 5,7 milyon dolar para cezas\u0131na \u00e7arpt\u0131r\u0131lm\u0131\u015ft\u0131\n\n\u00c7in teknoloji \u015firketi ByteDance'in sahibi oldu\u011fu TikTok, gen\u00e7ler aras\u0131nda yayg\u0131n olarak kullan\u0131lan sosyal payla\u015f\u0131m platformlar\u0131 aras\u0131nda bulunuyor.\n\nABD'li yetkililerin, TikTok'un \u00c7inli bir ticari giri\u015fim olmas\u0131 ve \u00e7ocuklar aras\u0131ndaki geni\u015f \u00e7apl\u0131 kullan\u0131m\u0131 nedeniyle \"ulusal g\u00fcvenlik\" riskleri olu\u015fturabilece\u011fi konusunda endi\u015feli oldu\u011fu belirtiliyor.\n\nTikTok, 2019'da \"\u00e7ocuklara ait verileri izinsiz toplad\u0131\u011f\u0131\" gerek\u00e7esiyle ABD'de 5,7 milyon dolar para cezas\u0131na \u00e7arpt\u0131r\u0131lm\u0131\u015ft\u0131.\n\nTikTok ise yapt\u0131\u011f\u0131 yaz\u0131l\u0131 a\u00e7\u0131klamada, kullan\u0131c\u0131lar\u0131n gizlili\u011fini ciddiye ald\u0131\u011f\u0131n\u0131, uygulaman\u0131n kullan\u0131c\u0131lar i\u00e7in g\u00fcvenli ve e\u011flenceli bir platform olmas\u0131n\u0131 sa\u011flamay\u0131 taahh\u00fct ettiklerini belirtti.\n\nUzmanlar, uygulama sebebiyle \u00e7ocuklar\u0131n uygunsuz i\u00e7eriklerle kar\u015f\u0131 kar\u015f\u0131ya kalabilece\u011fi ve TikTok'un \"k\u0131s\u0131tl\u0131 mod se\u00e7ene\u011fi\" gibi y\u00f6ntemlerle i\u00e7erikleri filtrelenmesi gerekti\u011fi konusunda uyar\u0131yor.",
    "keywords": [
        "\u00e7ocuklar\u0131n",
        "tiktoka",
        "etme",
        "uygunsuz",
        "su\u00e7",
        "oldu\u011fu",
        "tiktokun",
        "mahremiyetini",
        "su\u00e7lamas\u0131",
        "uygulama",
        "para",
        "ticari",
        "ihlal",
        "ve",
        "verileri"
    ],
    "meta_keywords": [
        ""
    ],
    "publish_date": null,
    "summary": "Aralar\u0131nda Dijital Demokrasi Merkezi ve Reklams\u0131z \u00c7ocukluk Kampanyas\u0131 gibi gruplar\u0131n da bulundu\u011fu 20 gizlilik g\u00f6zlemcisi organizasyon, bug\u00fcn TikTok'un \"Amerika\u2019daki \u00c7ocuklar\u0131n \u00c7evrim \u0130\u00e7i Mahremiyetinin Korunumu yasas\u0131na ayk\u0131r\u0131 hareket etti\u011fi ve \u00e7ocuklar\u0131 riske att\u0131\u011f\u0131\" gerek\u00e7esiyle ABD Federal Ticaret Komisyonuna su\u00e7 duyurusunda bulundu.\nGizlilik g\u00f6zlemcileri, su\u00e7 duyurusunda TikTok'un 13 ya\u015f\u0131n alt\u0131ndaki \u00e7ocuklar\u0131n ki\u015fisel bilgilerini, ebeveynlerinin r\u0131zas\u0131 olmadan toplad\u0131\u011f\u0131n\u0131 \u00f6ne s\u00fcrd\u00fc.\nTikTok'un kullan\u0131c\u0131lara ait verileri, ticari ama\u00e7la kulland\u0131\u011f\u0131 belirtilirken, uygulama nedeniyle \u00e7ocuklar\u0131n uygunsuz i\u00e7eriklere ya da k\u00f6t\u00fc niyetli ki\u015filerin istismar\u0131na a\u00e7\u0131k oldu\u011fu kaydedildi.\nABD'de ge\u00e7en y\u0131l 5,7 milyon dolar para cezas\u0131na \u00e7arpt\u0131r\u0131lm\u0131\u015ft\u0131\u00c7in teknoloji \u015firketi ByteDance'in sahibi oldu\u011fu TikTok, gen\u00e7ler aras\u0131nda yayg\u0131n olarak kullan\u0131lan sosyal payla\u015f\u0131m platformlar\u0131 aras\u0131nda bulunuyor.\nABD'li yetkililerin, TikTok'un \u00c7inli bir ticari giri\u015fim olmas\u0131 ve \u00e7ocuklar aras\u0131ndaki geni\u015f \u00e7apl\u0131 kullan\u0131m\u0131 nedeniyle \"ulusal g\u00fcvenlik\" riskleri olu\u015fturabilece\u011fi konusunda endi\u015feli oldu\u011fu belirtiliyor.\nTikTok, 2019'da \"\u00e7ocuklara ait verileri izinsiz toplad\u0131\u011f\u0131\" gerek\u00e7esiyle ABD'de 5,7 milyon dolar para cezas\u0131na \u00e7arpt\u0131r\u0131lm\u0131\u015ft\u0131.\nTikTok ise yapt\u0131\u011f\u0131 yaz\u0131l\u0131 a\u00e7\u0131klamada, kullan\u0131c\u0131lar\u0131n gizlili\u011fini ciddiye ald\u0131\u011f\u0131n\u0131, uygulaman\u0131n kullan\u0131c\u0131lar i\u00e7in g\u00fcvenli ve e\u011flenceli bir platform olmas\u0131n\u0131 sa\u011flamay\u0131 taahh\u00fct ettiklerini belirtti.\nUzmanlar, uygulama sebebiyle \u00e7ocuklar\u0131n uygunsuz i\u00e7eriklerle kar\u015f\u0131 kar\u015f\u0131ya kalabilece\u011fi ve TikTok'un \"k\u0131s\u0131tl\u0131 mod se\u00e7ene\u011fi\" gibi y\u00f6ntemlerle i\u00e7erikleri filtrelenmesi gerekti\u011fi konusunda uyar\u0131yor.",
    "article_html": "",
    "meta_description": "Gizlilik g\u00f6zlemcileri, sosyal payla\u015f\u0131m sitesi TikTok hakk\u0131nda \u00e7ocuklar\u0131n mahremiyetini ihlal etti\u011fi iddias\u0131yla su\u00e7 duyurusuna bulundu.",
    "meta_lang": "tr"
}