{
    "article_id": "9b091c02cc7427d669844e4e9b39a081.1589925601.481288",
    "title": "\u0130\u015fte 2020 Y\u0131l\u0131nda \u00c7\u0131kacak En \u0130yi Ak\u0131ll\u0131 Telefonlar!",
    "authors": [],
    "canonical_link": "https://www.milliyet.com.tr/teknoloji/iste-2020-yilinda-cikacak-en-iyi-akilli-telefonlar-6205813",
    "url": "http://milliyet.com.tr/teknoloji/iste-2020-yilinda-cikacak-en-iyi-akilli-telefonlar-6205813",
    "top_img": "https://i2.milimaj.com/i/milliyet/75/600x600/5c5c174fcb145171243deea1",
    "meta_img": "https://i2.milimaj.com/i/milliyet/75/600x600/5c5c174fcb145171243deea1",
    "movies": [],
    "text": "Moblobi.com\n\nSosyal medya: @Moblobi\n\nAk\u0131ll\u0131 telefon sekt\u00f6r\u00fc d\u00fcnyadaki \u00e7o\u011fu ki\u015fi i\u00e7in art\u0131k her g\u00fcn takip edilen, yeni modelleri merakla beklenen bir alan haline geldi. Hatta \u00e7o\u011fu ki\u015fi maddi g\u00fcc\u00fc yetersiz bile olsa en l\u00fcks ak\u0131ll\u0131 telefonlar\u0131 yenisi \u00e7\u0131kar \u00e7\u0131kmaz almaya ba\u015flad\u0131. Biz de sizin i\u00e7in yakla\u015fan 2020 y\u0131l\u0131nda \u00e7\u0131kmas\u0131 beklenen ak\u0131ll\u0131 telefonlar\u0131 ve k\u0131saca bu telefonlar i\u00e7in beklenenleri listeledik. \u0130\u015fte detaylar\u2026\n\nApple iPhone XII\n\nApple iPhone XII hayranlar\u0131n\u0131n kar\u015f\u0131s\u0131na 2020 y\u0131l\u0131nda \u00e7\u0131kacak. Bu y\u0131l iPhone 11, iPhone 11 Pro, iPhone 11 Pro modelleri ile bizi tan\u0131\u015ft\u0131ran Apple, 2020 y\u0131l\u0131nda da 4 farkl\u0131 telefon modeli ile piyasada yer alabilir. \u0130lk olarak Apple\u2019\u0131n bu yeni ak\u0131ll\u0131 telefonlarda LCD ekran\u0131n terkedilece\u011fini belirtelim. 5G\u2019nin yer alaca\u011f\u0131 telefonda 2 model biraz daha uygun fiyatl\u0131; di\u011fer 2 model ise daha pahal\u0131 olacak. Pahal\u0131 olan modellerde 6,1 in\u00e7 ve 6,7 ekran boyutu beklenirken; uygun fiyatl\u0131 modellerde ise 5,4 ve 6,1 in\u00e7 ekran olmas\u0131 bekleniyor. Yine Apple\u2019\u0131n 2020 y\u0131l\u0131nda sunaca\u011f\u0131 pahal\u0131 modellerinde 3D teknolojisi de yer alabilir. Apple\u2019\u0131n kendi i\u015fletim sistemini h\u0131zland\u0131rma ama\u00e7l\u0131 ve yapay zeka destekli bir\u00e7ok \u00e7al\u0131\u015fma yapt\u0131\u011f\u0131n\u0131 biliyoruz. Apple\u2019\u0131n yeni ak\u0131ll\u0131 telefon modeli iPhone XII\u2019de de yeni bir y\u00fcz tan\u0131ma (Face ID) sistemi ve yeni bir kamera sistemi ile kar\u015f\u0131la\u015faca\u011f\u0131z.\n\niPhone X Fold\n\nBir\u00e7ok ak\u0131ll\u0131 telefon markas\u0131n\u0131n katlanabilir ak\u0131ll\u0131 telefonunu piyasaya \u00e7\u0131kard\u0131\u011f\u0131n\u0131 ge\u00e7mi\u015fte g\u00f6rd\u00fck. Bunlardan etkilenen Apple\u2019\u0131n da bir katlanabilir ak\u0131ll\u0131 telefon \u00fczerinde \u00e7al\u0131\u015ft\u0131\u011f\u0131 ve 2020 senesinde yeti\u015firse piyasaya s\u00fcrece\u011fi konu\u015fuluyor.\n\nSamsung Galaxy S11 ve Samsung Galaxy Fold 2\n\nSamsung\u2019un en \u00e7ok satan ak\u0131ll\u0131 telefon serilerinden olan S serisinde ise 2020 y\u0131l\u0131nda Samsung Galaxy S11\u2019in \u00e7\u0131kmas\u0131n\u0131 bekliyoruz. Bundan \u00f6nceki deneyimlerimizde Samsung\u2019un ak\u0131ll\u0131 telefonlar\u0131n\u0131 MWC etkinli\u011finden \u00f6nce y\u0131l\u0131n ba\u015f\u0131nda a\u00e7\u0131klad\u0131\u011f\u0131n\u0131 g\u00f6rm\u00fc\u015ft\u00fck. Bu nedenle de Samsung Galaxy S11\u2019in de 2020 y\u0131l\u0131n\u0131n ba\u015flar\u0131nda a\u00e7\u0131klanmas\u0131n\u0131 bekleyebiliriz.\n\nEkran\u0131n alt taraf\u0131nda bulunan 108 MP kamera, Snapdragon 865 i\u015flemci, parmak iziyle a\u00e7\u0131lma ve kablosuz \u015farj Samsung Galaxy S11\u2019de bulunacak \u00f6zelliklerden sadece birka\u00e7\u0131.\n\nDi\u011fer taraftan Samsung\u2019un katlanabilir ak\u0131ll\u0131 telefon konusunda baz\u0131 s\u0131k\u0131nt\u0131lar ya\u015famas\u0131 nedeniyle piyasaya s\u00fcr\u00fclmesi gecikmi\u015fti. 2020\u2019de Samsung Galaxy Fold 2 ad\u0131yla bunu da g\u00f6rebiliriz.\n\nSamsung Galaxy A\n\n2019 MWC\u2019de Samsung Galaxy A serisi ak\u0131ll\u0131 telefonlardan Samsung Galaxy A30 ve Samsung Galaxy A50 g\u00f6r\u00fcc\u00fcye \u00e7\u0131km\u0131\u015ft\u0131. Buradan hareketle, \u00fclkemizde de \u00e7ok\u00e7a sat\u0131lan Samsung Galaxy A serisi ak\u0131ll\u0131 telefonlar\u0131n yeni versiyonlar\u0131n\u0131 2020\u2019de g\u00f6rebilece\u011fimizi payla\u015fabiliriz.\n\nHuawei P40 ve Huawei P40 Pro\n\nFoto\u011fraflardaki kaliteyi \u00f6n olan alan P serisi Huawei ak\u0131ll\u0131 telefonlarda; 2020 y\u0131l\u0131nda Huawei P40 ve Huawei P40 Pro modellerinin \u00e7\u0131kmas\u0131n\u0131 bekliyoruz. Foto\u011frafda iddial\u0131 olaca\u011f\u0131n\u0131 tahmin etti\u011fimiz Huawei P40 ve Huawei P40 Pro modellerinde ak\u0131ll\u0131 telefona ilave kamera da eklenebilir. Ancak bu modellerde ne yaz\u0131k ki Google servislerini g\u00f6remeyece\u011fimizi de belirtelim.\n\nSony Xperia 2\n\nAk\u0131ll\u0131 telefon pazar\u0131nda iddial\u0131 olmaya \u00e7al\u0131\u015fan Sony ise, Sony Xperia 2 modelini 2020\u2019de tan\u0131t\u0131yor olacak.\n\nOne Plus 8\n\nOnePlus 8\u2019in 2020 y\u0131l\u0131nda sat\u0131\u015fa sunulmas\u0131 bekleniyor.\n\nNokia 10 PureView ya da Nokia 9.2 PureView\n\nY\u0131llar \u00f6nceki efsane telefon \u00fcreticisi Nokia 2020\u2019de yeniden canlanmak ve sekt\u00f6rde kendisine yer bulmak isteyecek. Nokia\u2019n\u0131n \u00e7\u0131karmaya haz\u0131rland\u0131\u011f\u0131 ak\u0131ll\u0131 telefonun ismi hen\u00fcz net de\u011fil. Nokia 10 PureView ya da Nokia 9.2 PureView isimlerinden birine sahip olmas\u0131 bekleniyor. Nokia\u2019n\u0131n 2020 y\u0131l\u0131nda \u00e7\u0131karaca\u011f\u0131 ak\u0131ll\u0131 telefon modelinin 48 MB arka kamera, 16 MB \u00f6n kamera ve 6,5 in\u00e7 ekran b\u00fcy\u00fckl\u00fc\u011f\u00fcne sahip olmas\u0131 bekleniyor.\n\nLG G9 ThinQ\n\nLG firmas\u0131 taraf\u0131ndan 2020 y\u0131l\u0131nda LG G9 ThinQ isimli ak\u0131ll\u0131 telefonun \u00e7\u0131kar\u0131lmas\u0131 bekleniyor. LG\u2019nin \u00e7\u0131kacak olan LG G9 ThinQ modelinde 5G\u2019yi kullanmayaca\u011f\u0131n\u0131 a\u00e7\u0131klamas\u0131, bu modele olan beklentiyi de azaltt\u0131. Ancak yenilik\u00e7i birka\u00e7 \u00f6zelli\u011finin de olabilece\u011fi bekleniyor.\n\nXiaomi Mi 10\n\nT\u00fcrkiye\u2019de de iyi sat\u0131\u015f rakamlar\u0131 yakalayan Xiaomi, 2020 y\u0131l\u0131nda Xiaomi Mi 10 adl\u0131 ak\u0131ll\u0131 telefonunu \u00e7\u0131karmaya haz\u0131rlan\u0131yor. \u00c7\u0131kacak olan yeni ak\u0131ll\u0131 telefon modelinde 5000 mAh pil g\u00fcc\u00fcn\u00fcn (eski modellerinde 3300 idi); 6,2 in\u00e7 ekran \u00f6zelliklerinin olmas\u0131 bekleniyor. En b\u00fcy\u00fck beklenti ise Xiaomi Mi 10\u2019un bu \u00f6zellikleri, di\u011fer ak\u0131ll\u0131 telefon markalar\u0131na g\u00f6re daha uygun maliyetli sunmaya \u00e7al\u0131\u015fmas\u0131.",
    "keywords": [
        "\u00e7\u0131kacak",
        "y\u0131l\u0131nda",
        "i\u0307\u015fte",
        "telefon",
        "telefonlar",
        "samsung",
        "p40",
        "yeni",
        "ve",
        "galaxy",
        "en",
        "2020",
        "bu",
        "ak\u0131ll\u0131",
        "i\u0307yi"
    ],
    "meta_keywords": [
        ""
    ],
    "publish_date": null,
    "summary": "Moblobi.comSosyal medya: @MoblobiAk\u0131ll\u0131 telefon sekt\u00f6r\u00fc d\u00fcnyadaki \u00e7o\u011fu ki\u015fi i\u00e7in art\u0131k her g\u00fcn takip edilen, yeni modelleri merakla beklenen bir alan haline geldi.\nHatta \u00e7o\u011fu ki\u015fi maddi g\u00fcc\u00fc yetersiz bile olsa en l\u00fcks ak\u0131ll\u0131 telefonlar\u0131 yenisi \u00e7\u0131kar \u00e7\u0131kmaz almaya ba\u015flad\u0131.\nBiz de sizin i\u00e7in yakla\u015fan 2020 y\u0131l\u0131nda \u00e7\u0131kmas\u0131 beklenen ak\u0131ll\u0131 telefonlar\u0131 ve k\u0131saca bu telefonlar i\u00e7in beklenenleri listeledik.\n\u0130\u015fte detaylar\u2026Apple iPhone XIIApple iPhone XII hayranlar\u0131n\u0131n kar\u015f\u0131s\u0131na 2020 y\u0131l\u0131nda \u00e7\u0131kacak.\nBu y\u0131l iPhone 11, iPhone 11 Pro, iPhone 11 Pro modelleri ile bizi tan\u0131\u015ft\u0131ran Apple, 2020 y\u0131l\u0131nda da 4 farkl\u0131 telefon modeli ile piyasada yer alabilir.\n\u0130lk olarak Apple\u2019\u0131n bu yeni ak\u0131ll\u0131 telefonlarda LCD ekran\u0131n terkedilece\u011fini belirtelim.\n5G\u2019nin yer alaca\u011f\u0131 telefonda 2 model biraz daha uygun fiyatl\u0131; di\u011fer 2 model ise daha pahal\u0131 olacak.\nPahal\u0131 olan modellerde 6,1 in\u00e7 ve 6,7 ekran boyutu beklenirken; uygun fiyatl\u0131 modellerde ise 5,4 ve 6,1 in\u00e7 ekran olmas\u0131 bekleniyor.\nYine Apple\u2019\u0131n 2020 y\u0131l\u0131nda sunaca\u011f\u0131 pahal\u0131 modellerinde 3D teknolojisi de yer alabilir.\nApple\u2019\u0131n kendi i\u015fletim sistemini h\u0131zland\u0131rma ama\u00e7l\u0131 ve yapay zeka destekli bir\u00e7ok \u00e7al\u0131\u015fma yapt\u0131\u011f\u0131n\u0131 biliyoruz.\nApple\u2019\u0131n yeni ak\u0131ll\u0131 telefon modeli iPhone XII\u2019de de yeni bir y\u00fcz tan\u0131ma (Face ID) sistemi ve yeni bir kamera sistemi ile kar\u015f\u0131la\u015faca\u011f\u0131z.\niPhone X FoldBir\u00e7ok ak\u0131ll\u0131 telefon markas\u0131n\u0131n katlanabilir ak\u0131ll\u0131 telefonunu piyasaya \u00e7\u0131kard\u0131\u011f\u0131n\u0131 ge\u00e7mi\u015fte g\u00f6rd\u00fck.\nBunlardan etkilenen Apple\u2019\u0131n da bir katlanabilir ak\u0131ll\u0131 telefon \u00fczerinde \u00e7al\u0131\u015ft\u0131\u011f\u0131 ve 2020 senesinde yeti\u015firse piyasaya s\u00fcrece\u011fi konu\u015fuluyor.\nSamsung Galaxy S11 ve Samsung Galaxy Fold 2Samsung\u2019un en \u00e7ok satan ak\u0131ll\u0131 telefon serilerinden olan S serisinde ise 2020 y\u0131l\u0131nda Samsung Galaxy S11\u2019in \u00e7\u0131kmas\u0131n\u0131 bekliyoruz.\nBundan \u00f6nceki deneyimlerimizde Samsung\u2019un ak\u0131ll\u0131 telefonlar\u0131n\u0131 MWC etkinli\u011finden \u00f6nce y\u0131l\u0131n ba\u015f\u0131nda a\u00e7\u0131klad\u0131\u011f\u0131n\u0131 g\u00f6rm\u00fc\u015ft\u00fck.\nBu nedenle de Samsung Galaxy S11\u2019in de 2020 y\u0131l\u0131n\u0131n ba\u015flar\u0131nda a\u00e7\u0131klanmas\u0131n\u0131 bekleyebiliriz.\nEkran\u0131n alt taraf\u0131nda bulunan 108 MP kamera, Snapdragon 865 i\u015flemci, parmak iziyle a\u00e7\u0131lma ve kablosuz \u015farj Samsung Galaxy S11\u2019de bulunacak \u00f6zelliklerden sadece birka\u00e7\u0131.\nDi\u011fer taraftan Samsung\u2019un katlanabilir ak\u0131ll\u0131 telefon konusunda baz\u0131 s\u0131k\u0131nt\u0131lar ya\u015famas\u0131 nedeniyle piyasaya s\u00fcr\u00fclmesi gecikmi\u015fti.\n2020\u2019de Samsung Galaxy Fold 2 ad\u0131yla bunu da g\u00f6rebiliriz.\nSamsung Galaxy A2019 MWC\u2019de Samsung Galaxy A serisi ak\u0131ll\u0131 telefonlardan Samsung Galaxy A30 ve Samsung Galaxy A50 g\u00f6r\u00fcc\u00fcye \u00e7\u0131km\u0131\u015ft\u0131.\nBuradan hareketle, \u00fclkemizde de \u00e7ok\u00e7a sat\u0131lan Samsung Galaxy A serisi ak\u0131ll\u0131 telefonlar\u0131n yeni versiyonlar\u0131n\u0131 2020\u2019de g\u00f6rebilece\u011fimizi payla\u015fabiliriz.\nHuawei P40 ve Huawei P40 ProFoto\u011fraflardaki kaliteyi \u00f6n olan alan P serisi Huawei ak\u0131ll\u0131 telefonlarda; 2020 y\u0131l\u0131nda Huawei P40 ve Huawei P40 Pro modellerinin \u00e7\u0131kmas\u0131n\u0131 bekliyoruz.\nFoto\u011frafda iddial\u0131 olaca\u011f\u0131n\u0131 tahmin etti\u011fimiz Huawei P40 ve Huawei P40 Pro modellerinde ak\u0131ll\u0131 telefona ilave kamera da eklenebilir.\nAncak bu modellerde ne yaz\u0131k ki Google servislerini g\u00f6remeyece\u011fimizi de belirtelim.\nSony Xperia 2Ak\u0131ll\u0131 telefon pazar\u0131nda iddial\u0131 olmaya \u00e7al\u0131\u015fan Sony ise, Sony Xperia 2 modelini 2020\u2019de tan\u0131t\u0131yor olacak.\nOne Plus 8OnePlus 8\u2019in 2020 y\u0131l\u0131nda sat\u0131\u015fa sunulmas\u0131 bekleniyor.\nNokia 10 PureView ya da Nokia 9.2 PureViewY\u0131llar \u00f6nceki efsane telefon \u00fcreticisi Nokia 2020\u2019de yeniden canlanmak ve sekt\u00f6rde kendisine yer bulmak isteyecek.\nNokia\u2019n\u0131n \u00e7\u0131karmaya haz\u0131rland\u0131\u011f\u0131 ak\u0131ll\u0131 telefonun ismi hen\u00fcz net de\u011fil.\nNokia 10 PureView ya da Nokia 9.2 PureView isimlerinden birine sahip olmas\u0131 bekleniyor.\nNokia\u2019n\u0131n 2020 y\u0131l\u0131nda \u00e7\u0131karaca\u011f\u0131 ak\u0131ll\u0131 telefon modelinin 48 MB arka kamera, 16 MB \u00f6n kamera ve 6,5 in\u00e7 ekran b\u00fcy\u00fckl\u00fc\u011f\u00fcne sahip olmas\u0131 bekleniyor.\nLG G9 ThinQLG firmas\u0131 taraf\u0131ndan 2020 y\u0131l\u0131nda LG G9 ThinQ isimli ak\u0131ll\u0131 telefonun \u00e7\u0131kar\u0131lmas\u0131 bekleniyor.\nLG\u2019nin \u00e7\u0131kacak olan LG G9 ThinQ modelinde 5G\u2019yi kullanmayaca\u011f\u0131n\u0131 a\u00e7\u0131klamas\u0131, bu modele olan beklentiyi de azaltt\u0131.\nAncak yenilik\u00e7i birka\u00e7 \u00f6zelli\u011finin de olabilece\u011fi bekleniyor.\nXiaomi Mi 10T\u00fcrkiye\u2019de de iyi sat\u0131\u015f rakamlar\u0131 yakalayan Xiaomi, 2020 y\u0131l\u0131nda Xiaomi Mi 10 adl\u0131 ak\u0131ll\u0131 telefonunu \u00e7\u0131karmaya haz\u0131rlan\u0131yor.\n\u00c7\u0131kacak olan yeni ak\u0131ll\u0131 telefon modelinde 5000 mAh pil g\u00fcc\u00fcn\u00fcn (eski modellerinde 3300 idi); 6,2 in\u00e7 ekran \u00f6zelliklerinin olmas\u0131 bekleniyor.\nEn b\u00fcy\u00fck beklenti ise Xiaomi Mi 10\u2019un bu \u00f6zellikleri, di\u011fer ak\u0131ll\u0131 telefon markalar\u0131na g\u00f6re daha uygun maliyetli sunmaya \u00e7al\u0131\u015fmas\u0131.",
    "article_html": "",
    "meta_description": "Ak\u0131ll\u0131 telefon sekt\u00f6r\u00fc d\u00fcnyadaki \u00e7o\u011fu ki\u015fi i\u00e7in art\u0131k her g\u00fcn takip edilen, yeni modelleri merakla beklenen bir alan haline geldi. Hatta \u00e7o\u011fu ki\u015fi maddi g\u00fcc\u00fc yetersiz bile olsa en l\u00fcks ak\u0131ll\u0131 telefonlar\u0131 yenisi \u00e7\u0131kar \u00e7\u0131kmaz almaya ba\u015flad\u0131. Biz de sizin i\u00e7in yakla\u015fan 2020 y\u0131l\u0131nda \u00e7\u0131kmas\u0131 beklenen ak\u0131ll\u0131 telefonlar\u0131 ve k\u0131saca bu telefonlar i\u00e7in beklenenleri listeledik. \u0130\u015fte detaylar\u2026",
    "meta_lang": "tr"
}