{
    "article_id": "d92b0db7f102060482063529638dc174.1589925602.7260938",
    "title": "DNS ve VPN Nedir, Ne \u0130\u015fe Yarar?",
    "authors": [],
    "canonical_link": "https://www.milliyet.com.tr/teknoloji/dns-ve-vpn-nedir-ne-ise-yarar-6205710",
    "url": "http://milliyet.com.tr/teknoloji/dns-ve-vpn-nedir-ne-ise-yarar-6205710",
    "top_img": "https://i2.milimaj.com/i/milliyet/75/0x0/5eb13518554281093438d214.jpeg",
    "meta_img": "https://i2.milimaj.com/i/milliyet/75/0x0/5eb13518554281093438d214.jpeg",
    "movies": [],
    "text": "Moblobi.com\n\nSosyal medya: @Moblobi\n\nDNS\u2019in a\u00e7\u0131l\u0131m\u0131 \u201cDomain Name System\u201d olarak bilinir. DNS\u2019in tan\u0131m\u0131 k\u0131saca, say\u0131lardan olu\u015fan ve web sitemizi tan\u0131mlayan bir k\u00fcmedir. Daha anla\u015f\u0131l\u0131r olmas\u0131 i\u00e7in DNS\u2019in nas\u0131l \u00e7al\u0131\u015ft\u0131\u011f\u0131n\u0131 k\u0131saca anlatal\u0131m: Hepimiz i\u00e7in alan ad\u0131 \u00e7ubu\u011funa \u00e7ok say\u0131da say\u0131y\u0131 yazarak t\u0131klamak ve istedi\u011fimiz siteye gitmek olduk\u00e7a zordur. \u00d6zellikle de bu say\u0131lar\u0131 s\u00fcrekli hat\u0131rlayarak bir web sitesini ziyaret etmek neredeyse imkans\u0131zd\u0131r. Biz insanlar\u0131n kelimeleri hat\u0131rlamalar\u0131 \u00e7ok daha kolayd\u0131r. E\u011fer herhangi bir web sitesine gitmek istiyorsak, sitenin ad\u0131n\u0131 alan \u00e7ubu\u011funa yazar ve Enter\u2019a basar\u0131z. Bizim sahip oldu\u011fumuz bu kelime \u00f6be\u011fi bilgimiz, Enter\u2019a bast\u0131\u011f\u0131m\u0131zda, ba\u011fl\u0131 oldu\u011fumuz sunucuya gider ve sunucu taraf\u0131ndan \u00e7\u00f6z\u00fcl\u00fcr. Ard\u0131ndan da hangi IP numaras\u0131na aitse oraya y\u00f6nlendirilir. Bu sayede biz de say\u0131larla u\u011fra\u015fmadan istedi\u011fimiz siteye kolayca gitmi\u015f oluruz. \u0130\u015fte bu sisteme de k\u0131saca Domain Name System yani DNS denir.\n\nDNS ile ilgili \u00fclkemizde rastlan\u0131lan en yayg\u0131n sorun BTK (Bilgi Teknolojileri ve \u0130leti\u015fim Kurumu) taraf\u0131ndan belli IP numaras\u0131n\u0131n yasaklanmas\u0131d\u0131r. Buna \u00e7\u00f6z\u00fcm olarak ise IP numaras\u0131n\u0131n yasakland\u0131\u011f\u0131 sunucuyu de\u011fi\u015ftirmek gerekir. Daha net anlatmak gerekirse; hosting hizmetini ald\u0131\u011f\u0131n\u0131z servis sa\u011flay\u0131c\u0131n\u0131z\u0131 ya da size verdikleri sunucuyu de\u011fi\u015ftirmeniz gerekir.\n\nVPN Nedir? Nas\u0131l \u00c7al\u0131\u015f\u0131r?\n\nVPN\u2019in a\u00e7\u0131l\u0131m\u0131 \u201cVirtual Private Network\u201d olarak bilinir. Genel olarak, engellenen sitelere ula\u015fmak i\u00e7in kullan\u0131lan bir sistemdir. Fakat DNS ile ana fark\u0131 bu yasaklanan sitenin \u00fclke \u00e7ap\u0131nda yasaklanm\u0131\u015f olmas\u0131d\u0131r. VPN sistemi ba\u015fka \u00fclkelerin IP numaralar\u0131n\u0131 kullanarak yasakl\u0131 siteye girer. Bu sayede de \u00fclkenin engellemelerinden kurtulmu\u015f olur.\n\nVPN kulland\u0131\u011f\u0131n\u0131zda bu hizmeti sunan sa\u011flay\u0131c\u0131n\u0131n ziyaret etti\u011finiz bilgileri kay\u0131t edip etmedi\u011fi hakk\u0131nda emin olamazs\u0131n\u0131z. Bu nedenle VPN \u00fczerinden ziyaret etti\u011finiz siteler bir\u00e7ok ki\u015fi taraf\u0131ndan izlenip verileniz toplanabilir ve hatta onlar\u0131n kendi ama\u00e7lar\u0131 do\u011frultusunda kullan\u0131labilir. D\u00fc\u015f\u00fck ihtimal olmas\u0131na ra\u011fmen baz\u0131 vir\u00fcs ve siber sald\u0131r\u0131lara da maruz kalabilirsiniz. Ayr\u0131ca bir y\u00f6nlendirme i\u015flemi oldu\u011fu i\u00e7in kredi kart\u0131, banka hesab\u0131, e-posta gibi bilgileriniz de \u00e7al\u0131nabilir. Bu sebeple de \u00e7ok dikkatli olman\u0131z gerekir.\n\nBilinenin aksine VPN kulland\u0131\u011f\u0131n\u0131zda, internet h\u0131z\u0131n\u0131zda \u00e7ok fazla bir d\u00fc\u015fme ya\u015fanmayacakt\u0131r. Bu hizmet \u00e7o\u011funlukla \u00fccretsizdir; ancak \u00e7ok daha h\u0131zl\u0131 olarak \u00fccretli sunanlar da mevcuttur.",
    "keywords": [
        "ziyaret",
        "ne",
        "i\u00e7in",
        "bir",
        "olarak",
        "nedir",
        "daha",
        "dns",
        "\u00e7ok",
        "ve",
        "da",
        "yarar",
        "i\u0307\u015fe",
        "ip",
        "vpn",
        "bu"
    ],
    "meta_keywords": [
        ""
    ],
    "publish_date": null,
    "summary": "Moblobi.comSosyal medya: @MoblobiDNS\u2019in a\u00e7\u0131l\u0131m\u0131 \u201cDomain Name System\u201d olarak bilinir.\nDNS\u2019in tan\u0131m\u0131 k\u0131saca, say\u0131lardan olu\u015fan ve web sitemizi tan\u0131mlayan bir k\u00fcmedir.\nDaha anla\u015f\u0131l\u0131r olmas\u0131 i\u00e7in DNS\u2019in nas\u0131l \u00e7al\u0131\u015ft\u0131\u011f\u0131n\u0131 k\u0131saca anlatal\u0131m: Hepimiz i\u00e7in alan ad\u0131 \u00e7ubu\u011funa \u00e7ok say\u0131da say\u0131y\u0131 yazarak t\u0131klamak ve istedi\u011fimiz siteye gitmek olduk\u00e7a zordur.\n\u00d6zellikle de bu say\u0131lar\u0131 s\u00fcrekli hat\u0131rlayarak bir web sitesini ziyaret etmek neredeyse imkans\u0131zd\u0131r.\nBiz insanlar\u0131n kelimeleri hat\u0131rlamalar\u0131 \u00e7ok daha kolayd\u0131r.\nE\u011fer herhangi bir web sitesine gitmek istiyorsak, sitenin ad\u0131n\u0131 alan \u00e7ubu\u011funa yazar ve Enter\u2019a basar\u0131z.\nBizim sahip oldu\u011fumuz bu kelime \u00f6be\u011fi bilgimiz, Enter\u2019a bast\u0131\u011f\u0131m\u0131zda, ba\u011fl\u0131 oldu\u011fumuz sunucuya gider ve sunucu taraf\u0131ndan \u00e7\u00f6z\u00fcl\u00fcr.\nArd\u0131ndan da hangi IP numaras\u0131na aitse oraya y\u00f6nlendirilir.\nBu sayede biz de say\u0131larla u\u011fra\u015fmadan istedi\u011fimiz siteye kolayca gitmi\u015f oluruz.\n\u0130\u015fte bu sisteme de k\u0131saca Domain Name System yani DNS denir.\nDNS ile ilgili \u00fclkemizde rastlan\u0131lan en yayg\u0131n sorun BTK (Bilgi Teknolojileri ve \u0130leti\u015fim Kurumu) taraf\u0131ndan belli IP numaras\u0131n\u0131n yasaklanmas\u0131d\u0131r.\nBuna \u00e7\u00f6z\u00fcm olarak ise IP numaras\u0131n\u0131n yasakland\u0131\u011f\u0131 sunucuyu de\u011fi\u015ftirmek gerekir.\nDaha net anlatmak gerekirse; hosting hizmetini ald\u0131\u011f\u0131n\u0131z servis sa\u011flay\u0131c\u0131n\u0131z\u0131 ya da size verdikleri sunucuyu de\u011fi\u015ftirmeniz gerekir.\nNas\u0131l \u00c7al\u0131\u015f\u0131r?\nVPN\u2019in a\u00e7\u0131l\u0131m\u0131 \u201cVirtual Private Network\u201d olarak bilinir.\nGenel olarak, engellenen sitelere ula\u015fmak i\u00e7in kullan\u0131lan bir sistemdir.\nFakat DNS ile ana fark\u0131 bu yasaklanan sitenin \u00fclke \u00e7ap\u0131nda yasaklanm\u0131\u015f olmas\u0131d\u0131r.\nVPN sistemi ba\u015fka \u00fclkelerin IP numaralar\u0131n\u0131 kullanarak yasakl\u0131 siteye girer.\nBu sayede de \u00fclkenin engellemelerinden kurtulmu\u015f olur.\nVPN kulland\u0131\u011f\u0131n\u0131zda bu hizmeti sunan sa\u011flay\u0131c\u0131n\u0131n ziyaret etti\u011finiz bilgileri kay\u0131t edip etmedi\u011fi hakk\u0131nda emin olamazs\u0131n\u0131z.\nBu nedenle VPN \u00fczerinden ziyaret etti\u011finiz siteler bir\u00e7ok ki\u015fi taraf\u0131ndan izlenip verileniz toplanabilir ve hatta onlar\u0131n kendi ama\u00e7lar\u0131 do\u011frultusunda kullan\u0131labilir.\nD\u00fc\u015f\u00fck ihtimal olmas\u0131na ra\u011fmen baz\u0131 vir\u00fcs ve siber sald\u0131r\u0131lara da maruz kalabilirsiniz.\nAyr\u0131ca bir y\u00f6nlendirme i\u015flemi oldu\u011fu i\u00e7in kredi kart\u0131, banka hesab\u0131, e-posta gibi bilgileriniz de \u00e7al\u0131nabilir.\nBu sebeple de \u00e7ok dikkatli olman\u0131z gerekir.\nBilinenin aksine VPN kulland\u0131\u011f\u0131n\u0131zda, internet h\u0131z\u0131n\u0131zda \u00e7ok fazla bir d\u00fc\u015fme ya\u015fanmayacakt\u0131r.\nBu hizmet \u00e7o\u011funlukla \u00fccretsizdir; ancak \u00e7ok daha h\u0131zl\u0131 olarak \u00fccretli sunanlar da mevcuttur.",
    "article_html": "",
    "meta_description": "G\u00fcnl\u00fck hayat\u0131m\u0131zda birbirine yak\u0131n olan kelimeleri kar\u0131\u015ft\u0131rabiliyoruz. Bu kelimeler \u00f6zel teknik anlamlar i\u00e7eriyorsa birbirine kar\u0131\u015ft\u0131rma ihtimalimiz biraz daha art\u0131yor. DNS ve VPN de genellikle birbirlerine kar\u0131\u015ft\u0131r\u0131labilen kavramlard\u0131r. Peki DNS ve VPN fark\u0131 nedir? Nas\u0131l \u00e7al\u0131\u015f\u0131r ve ne i\u015fe yararlar? \u0130\u015fte detaylar\u2026",
    "meta_lang": "tr"
}