{
    "article_id": "6ee00efb4ff3a5c3bf16d944ef21e662.1589925603.3955054",
    "title": "\u0130\u015fsizlik Maa\u015f\u0131 Nas\u0131l Al\u0131n\u0131r, Ne Kadard\u0131r?",
    "authors": [],
    "canonical_link": "https://www.milliyet.com.tr/teknoloji/issizlik-maasi-nasil-alinir-ne-kadardir-6205706",
    "url": "http://milliyet.com.tr/teknoloji/issizlik-maasi-nasil-alinir-ne-kadardir-6205706",
    "top_img": "https://i2.milimaj.com/i/milliyet/75/0x0/5eb13484554281093438d209.jpeg",
    "meta_img": "https://i2.milimaj.com/i/milliyet/75/0x0/5eb13484554281093438d209.jpeg",
    "movies": [],
    "text": "Moblobi.com\n\nSosyal medya: @Moblobi\n\n\u0130\u015fsizlik maa\u015f\u0131 ad\u0131ndan da anla\u015f\u0131labilece\u011fi gibi \u0130\u015fkur taraf\u0131ndan i\u015fsiz kald\u0131\u011f\u0131n\u0131z d\u00f6nemler i\u00e7in size \u00f6denen ve hayat\u0131n\u0131z\u0131 asgari d\u00fczeyde devam ettirebilece\u011finiz seviyede bir \u00f6demedir. \u0130\u015fsizlik maa\u015f\u0131 alabilmek i\u00e7in i\u015f akdinizin feshedilmesinden sonra en ge\u00e7 30 g\u00fcn i\u00e7erisinde \u0130\u015fkur M\u00fcd\u00fcrl\u00fcklerine ba\u015fvurman\u0131z gerekir. Fakat bu 30 g\u00fcnl\u00fck s\u00fcreyi elinizde olmayan sebeplerle (hukuki terimi m\u00fccbir sebep) ge\u00e7irirseniz bunun da bir \u00e7\u00f6z\u00fcm\u00fc var. M\u00fccbir sebepler denilen bu sebeplerin ger\u00e7ekle\u015fmesi halinde, 30 g\u00fcnl\u00fck s\u00fcre ba\u015fvuru s\u00fcrenize ekleniyor.\n\nE\u011fer i\u015fsizlik maa\u015f\u0131na ba\u015fvurmak istiyorsan\u0131z baz\u0131 \u015fartlar\u0131 yerine getirmi\u015f olman\u0131z gerekiyor. \u0130\u015fsizlik maa\u015f\u0131 ba\u015fvuru \u015fartlar\u0131 olarak, hizmet aktinizin sona ermesinden \u00f6nce 120 g\u00fcn hizmet s\u00f6zle\u015fmenizin bulunmu\u015f olmas\u0131, son \u00fc\u00e7 y\u0131l i\u00e7erisinde en az 600 g\u00fcn prim \u00f6demi\u015f olmak gibi baz\u0131 \u00f6zel \u015fartlar yer al\u0131yor. Burada yer alan en \u00f6nemli \u015fartlardan biri de i\u015fe sizin iste\u011finiz ya da kusurunuz d\u0131\u015f\u0131nda i\u015fveren taraf\u0131ndan son verilmesi. Yani siz kendi iste\u011finizle istifa ederseniz i\u015fsizlik maa\u015f\u0131 alam\u0131yorsunuz.\n\n\u015eartlar\u0131 sa\u011flaman\u0131z halinde ba\u015fvurunuzu direkt \u0130\u015fkur M\u00fcd\u00fcrl\u00fcklerine giderek yapabilece\u011finiz gibi; dilerseniz internet sitesi \u00fczerinden de yapabilirsiniz. Fakat vekaletname ile bir ba\u015fkas\u0131 \u00fczerinden ba\u015fvuru yapam\u0131yorsunuz.\n\n\u0130\u015fsizlik maa\u015f\u0131 nas\u0131l al\u0131n\u0131r? Ne kadard\u0131r?\n\nBa\u015fvuru \u015fartlar\u0131n\u0131 yerine getirip; i\u015fsizlik maa\u015f\u0131 almaya hak kazand\u0131\u011f\u0131n\u0131zda ise PTT \u015fubelerinden birine giderek maa\u015flar\u0131n\u0131z\u0131 alabileceksiniz. \u00d6demelerin her ay\u0131n 5\u2019inde yap\u0131ld\u0131\u011f\u0131n\u0131 da belirtelim. \u0130\u015fsiz kald\u0131\u011f\u0131n\u0131z s\u00fcreler i\u00e7erisinde de \u0130\u015fkur size yeni bir i\u015f bulmada yard\u0131mc\u0131 oldu\u011fu gibi; e\u011fitimler de vererek mesleki olarak sizi geli\u015ftiriyor.\n\n\u0130\u015fsizlik maa\u015f\u0131n\u0131n nas\u0131l hesapland\u0131\u011f\u0131na ise isterseniz birlikte bir bakal\u0131m: Kanun gere\u011fi hizmet akdinin fesinden \u00f6nceki \u00fc\u00e7 y\u0131l i\u00e7erisinde \u00e7al\u0131\u015fm\u0131\u015f olman\u0131z ve en az 600 i\u015fg\u00fcn\u00fc prim \u00f6demesi yapm\u0131\u015f olman\u0131z gerekiyor. Yani i\u015fe girdikten sonra 1-2 y\u0131l i\u00e7erisinde ayr\u0131l\u0131rsan\u0131z bu haktan faydalanam\u0131yorsunuz.\n\n\u0130\u015fssizlik maa\u015f\u0131 hesaplan\u0131rken g\u00fcnl\u00fck br\u00fct kazanc\u0131n\u0131z\u0131n y\u00fczde 40\u2019\u0131 esas al\u0131n\u0131yor. Fakat bu bedel mevcut maa\u015f\u0131n\u0131z \u00e7ok y\u00fcksek olsa bile asgari \u00fccretin br\u00fct tutar\u0131n\u0131n y\u00fczde 80\u2019ini ge\u00e7emiyor. Yani \u00fcst limitiniz br\u00fct asgari \u00fccretin y\u00fczde 80\u2019i oluyor. Zaten bu \u00f6demenin amac\u0131n\u0131n da asl\u0131nda hayat\u0131n\u0131z\u0131 en alt d\u00fczeyde ge\u00e7irebilecek bir seviye oldu\u011funu yaz\u0131m\u0131z\u0131n ba\u015f\u0131nda belirtmi\u015ftik. E\u011fer hedef i\u015fsizlik maa\u015f\u0131n\u0131n rahat bir ge\u00e7inme d\u00fczeyi sa\u011flamas\u0131 olsayd\u0131, muhtemelen herkes \u00fc\u00e7 sene \u00e7al\u0131\u015ft\u0131ktan sonra bu yolu se\u00e7iyor olurdu. Bu da i\u015fsizli\u011fi artt\u0131r\u0131rd\u0131.\n\nPeki i\u015fsizlik maa\u015f\u0131 almaya hak kazananlar ne kadarl\u0131k bir s\u00fcre ile bu maa\u015f\u0131 alabiliyorlar? Hemen belirtelim:\n\n600 g\u00fcn prim \u00f6demi\u015fseniz 180 g\u00fcn,\n\n900 g\u00fcn prim \u00f6edemi\u015fseniz 240 g\u00fcn,\n\n1080 g\u00fcn prim \u00f6demi\u015fseniz 300 g\u00fcn i\u015fsizlik ama\u015f\u0131 alabiliyorsunuz.\n\nBununla ilgili kafan\u0131za tak\u0131lan her t\u00fcrl\u00fc soruyu \u0130\u015fkur M\u00fcd\u00fcrl\u00fcklerine sorabilece\u011finizi de hat\u0131rlatal\u0131m.",
    "keywords": [
        "kadard\u0131r",
        "ne",
        "prim",
        "bir",
        "maa\u015f\u0131",
        "i\u015fsizlik",
        "nas\u0131l",
        "i\u0307\u015fkur",
        "g\u00fcn",
        "i\u0307\u015fsizlik",
        "da",
        "en",
        "al\u0131n\u0131r",
        "i\u00e7erisinde",
        "bu"
    ],
    "meta_keywords": [
        ""
    ],
    "publish_date": null,
    "summary": "Moblobi.comSosyal medya: @Moblobi\u0130\u015fsizlik maa\u015f\u0131 ad\u0131ndan da anla\u015f\u0131labilece\u011fi gibi \u0130\u015fkur taraf\u0131ndan i\u015fsiz kald\u0131\u011f\u0131n\u0131z d\u00f6nemler i\u00e7in size \u00f6denen ve hayat\u0131n\u0131z\u0131 asgari d\u00fczeyde devam ettirebilece\u011finiz seviyede bir \u00f6demedir.\n\u0130\u015fsizlik maa\u015f\u0131 alabilmek i\u00e7in i\u015f akdinizin feshedilmesinden sonra en ge\u00e7 30 g\u00fcn i\u00e7erisinde \u0130\u015fkur M\u00fcd\u00fcrl\u00fcklerine ba\u015fvurman\u0131z gerekir.\nFakat bu 30 g\u00fcnl\u00fck s\u00fcreyi elinizde olmayan sebeplerle (hukuki terimi m\u00fccbir sebep) ge\u00e7irirseniz bunun da bir \u00e7\u00f6z\u00fcm\u00fc var.\nM\u00fccbir sebepler denilen bu sebeplerin ger\u00e7ekle\u015fmesi halinde, 30 g\u00fcnl\u00fck s\u00fcre ba\u015fvuru s\u00fcrenize ekleniyor.\nE\u011fer i\u015fsizlik maa\u015f\u0131na ba\u015fvurmak istiyorsan\u0131z baz\u0131 \u015fartlar\u0131 yerine getirmi\u015f olman\u0131z gerekiyor.\n\u0130\u015fsizlik maa\u015f\u0131 ba\u015fvuru \u015fartlar\u0131 olarak, hizmet aktinizin sona ermesinden \u00f6nce 120 g\u00fcn hizmet s\u00f6zle\u015fmenizin bulunmu\u015f olmas\u0131, son \u00fc\u00e7 y\u0131l i\u00e7erisinde en az 600 g\u00fcn prim \u00f6demi\u015f olmak gibi baz\u0131 \u00f6zel \u015fartlar yer al\u0131yor.\nBurada yer alan en \u00f6nemli \u015fartlardan biri de i\u015fe sizin iste\u011finiz ya da kusurunuz d\u0131\u015f\u0131nda i\u015fveren taraf\u0131ndan son verilmesi.\nYani siz kendi iste\u011finizle istifa ederseniz i\u015fsizlik maa\u015f\u0131 alam\u0131yorsunuz.\n\u015eartlar\u0131 sa\u011flaman\u0131z halinde ba\u015fvurunuzu direkt \u0130\u015fkur M\u00fcd\u00fcrl\u00fcklerine giderek yapabilece\u011finiz gibi; dilerseniz internet sitesi \u00fczerinden de yapabilirsiniz.\nFakat vekaletname ile bir ba\u015fkas\u0131 \u00fczerinden ba\u015fvuru yapam\u0131yorsunuz.\n\u0130\u015fsizlik maa\u015f\u0131 nas\u0131l al\u0131n\u0131r?\nNe kadard\u0131r?\nBa\u015fvuru \u015fartlar\u0131n\u0131 yerine getirip; i\u015fsizlik maa\u015f\u0131 almaya hak kazand\u0131\u011f\u0131n\u0131zda ise PTT \u015fubelerinden birine giderek maa\u015flar\u0131n\u0131z\u0131 alabileceksiniz.\n\u00d6demelerin her ay\u0131n 5\u2019inde yap\u0131ld\u0131\u011f\u0131n\u0131 da belirtelim.\n\u0130\u015fsiz kald\u0131\u011f\u0131n\u0131z s\u00fcreler i\u00e7erisinde de \u0130\u015fkur size yeni bir i\u015f bulmada yard\u0131mc\u0131 oldu\u011fu gibi; e\u011fitimler de vererek mesleki olarak sizi geli\u015ftiriyor.\n\u0130\u015fsizlik maa\u015f\u0131n\u0131n nas\u0131l hesapland\u0131\u011f\u0131na ise isterseniz birlikte bir bakal\u0131m: Kanun gere\u011fi hizmet akdinin fesinden \u00f6nceki \u00fc\u00e7 y\u0131l i\u00e7erisinde \u00e7al\u0131\u015fm\u0131\u015f olman\u0131z ve en az 600 i\u015fg\u00fcn\u00fc prim \u00f6demesi yapm\u0131\u015f olman\u0131z gerekiyor.\nYani i\u015fe girdikten sonra 1-2 y\u0131l i\u00e7erisinde ayr\u0131l\u0131rsan\u0131z bu haktan faydalanam\u0131yorsunuz.\n\u0130\u015fssizlik maa\u015f\u0131 hesaplan\u0131rken g\u00fcnl\u00fck br\u00fct kazanc\u0131n\u0131z\u0131n y\u00fczde 40\u2019\u0131 esas al\u0131n\u0131yor.\nFakat bu bedel mevcut maa\u015f\u0131n\u0131z \u00e7ok y\u00fcksek olsa bile asgari \u00fccretin br\u00fct tutar\u0131n\u0131n y\u00fczde 80\u2019ini ge\u00e7emiyor.\nYani \u00fcst limitiniz br\u00fct asgari \u00fccretin y\u00fczde 80\u2019i oluyor.\nZaten bu \u00f6demenin amac\u0131n\u0131n da asl\u0131nda hayat\u0131n\u0131z\u0131 en alt d\u00fczeyde ge\u00e7irebilecek bir seviye oldu\u011funu yaz\u0131m\u0131z\u0131n ba\u015f\u0131nda belirtmi\u015ftik.\nE\u011fer hedef i\u015fsizlik maa\u015f\u0131n\u0131n rahat bir ge\u00e7inme d\u00fczeyi sa\u011flamas\u0131 olsayd\u0131, muhtemelen herkes \u00fc\u00e7 sene \u00e7al\u0131\u015ft\u0131ktan sonra bu yolu se\u00e7iyor olurdu.\nBu da i\u015fsizli\u011fi artt\u0131r\u0131rd\u0131.\nPeki i\u015fsizlik maa\u015f\u0131 almaya hak kazananlar ne kadarl\u0131k bir s\u00fcre ile bu maa\u015f\u0131 alabiliyorlar?\nHemen belirtelim:600 g\u00fcn prim \u00f6demi\u015fseniz 180 g\u00fcn,900 g\u00fcn prim \u00f6edemi\u015fseniz 240 g\u00fcn,1080 g\u00fcn prim \u00f6demi\u015fseniz 300 g\u00fcn i\u015fsizlik ama\u015f\u0131 alabiliyorsunuz.\nBununla ilgili kafan\u0131za tak\u0131lan her t\u00fcrl\u00fc soruyu \u0130\u015fkur M\u00fcd\u00fcrl\u00fcklerine sorabilece\u011finizi de hat\u0131rlatal\u0131m.",
    "article_html": "",
    "meta_description": "\u0130\u015fsizlik maa\u015f\u0131 nas\u0131l al\u0131n\u0131r konusu, bug\u00fcnk\u00fc \u00e7al\u0131\u015fma ve kariyer hayat\u0131nda herkesin en \u00e7ok merak etti\u011fi konular\u0131n ba\u015f\u0131nda geliyor. Hesaplama y\u00f6nteminin kar\u0131\u015f\u0131kl\u0131\u011f\u0131 ve mevzuatsal bilgilerin zor olmas\u0131 i\u015fsizlik maa\u015f\u0131 ile ilgili konular\u0131 bir\u00e7ok ki\u015fi i\u00e7in kar\u0131\u015f\u0131k hale getiriyor. Peki i\u015fsizlik maa\u015f\u0131 nedir? Ba\u015fvuru \u015fartlar\u0131 nelerdir? \u0130\u015fsizlik maa\u015f\u0131 nas\u0131l al\u0131n\u0131r? Ne kadard\u0131r? \u015eimdi size daha anla\u015f\u0131labilir bir dille aktaral\u0131m\u2026",
    "meta_lang": "tr"
}