{
    "article_id": "73305a85a1d0ce3e94c0183542e6fc50.1589925606.7296472",
    "title": "A\u015fk\u0131m Kap\u0131\u015fmak Pembenar'a konuk oluyor!",
    "authors": [
        "G\u00fcn\u00fcn Yaz\u0131lar\u0131",
        "Op. Dr. Defne Erkara",
        "Kar\u0131n Germe Sonras\u0131 Iz",
        "Op. Dr. G\u00fcncel \u00d6zt\u00fcrk",
        "\u0130yi Bir Burun Esteti\u011fi I\u00e7in...",
        "Nil\u00fcfer Pazvanto\u011flu",
        "Covid Djiital Sergisi",
        "\u00d6zlem \u00c7etinkaya",
        "Karantinada Tan\u0131\u015fma",
        "Ebru Demirhan",
        "Araftan \u00c7\u0131kmak",
        "Diyabetli Sa\u011fl\u0131k Ve Ya\u015fam Ko\u00e7u Neslihan Sipahi",
        "Sa\u011fl\u0131k Ko\u00e7lu\u011funun \u00d6nemi",
        "Dans Sanat\u00e7\u0131s\u0131 G\u00f6ker Y\u0131ld\u0131z",
        "Her Hayal Bir Beden",
        "Ay\u015feg\u00fcl Kartal",
        "Milimetrekareye Ka\u00e7 A\u015fk S\u0131\u011far",
        "\u00d6zlem \u00d6zdemir Ta\u015f",
        "Bah\u00e7e Mobilyas\u0131 Nas\u0131l Olmal\u0131",
        "Uzm.Klinik Psikolog Nigar \u00c7i\u00e7ek"
    ],
    "canonical_link": "https://www.milliyet.com.tr/pembenar/askim-kapismak-pembenara-konuk-oluyor-6197966",
    "url": "http://milliyet.com.tr/pembenar/askim-kapismak-pembenara-konuk-oluyor-6197966",
    "top_img": "https://i2.milimaj.com/i/milliyet/75/0x0/5ea2fb9c5542820cbc7657c4.jpg",
    "meta_img": "https://i2.milimaj.com/i/milliyet/75/0x0/5ea2fb9c5542820cbc7657c4.jpg",
    "movies": [],
    "text": "A\u015fk\u0131m Kap\u0131\u015fmak 1979 y\u0131l\u0131nda \u0130stanbul\u2019da d\u00fcnyaya geldi.\n\n\n\nT\u00fcrkiye'de e\u011fitimini tamamlad\u0131ktan sonra, kendini daha da geli\u015ftirmek isteyen Kap\u0131\u015fmak, Amerikan \u00dcniversitesi Newport\u2019ta Davran\u0131\u015f Bilimleri-Psikoloji \u00fczerine lisans e\u011fitimini tamamlad\u0131.\n\n\n\nE\u011fitimini s\u00fcrd\u00fcr\u00fcrken, \u00e7ok \u00f6nem verdi\u011fi bir konu olan zihinsel engelli ve kimsesiz \u00e7ocuklarla g\u00f6n\u00fcll\u00fc olarak \u00e7al\u0131\u015fmalar yapt\u0131. Her zaman yard\u0131m etmeye \u00f6ncelik veren \u00fcnl\u00fc davran\u0131\u015f bilimci Kap\u0131\u015fmak, Maltepe Cezaevinde \u00e7ocuklara ve gen\u00e7 insanlara motivasyon g\u00fcnleri d\u00fczenledi.\n\n\n\nA\u015fk\u0131m Kap\u0131\u015fmak, davran\u0131\u015f bilimi ve psikoloji ile ilgili bir\u00e7ok konu ile ilgilenirken ayn\u0131 zamanda etkili ileti\u015fim, pozitif ya\u015fam, ba\u015far\u0131 ve hedef \u00fczerine seminerler d\u00fczenlemektedir.\n\n\n\nDavran\u0131\u015f bilimine dair akl\u0131n\u0131za tak\u0131lan bir\u00e7ok sorunun cevab\u0131n\u0131 yazar ve davran\u0131\u015f bilimleri uzman\u0131 A\u015fk\u0131m Kap\u0131\u015fmak, 25 Nisan saat 17.00'de PembeNar'\u0131n Instagram hesab\u0131nda yap\u0131lacak canl\u0131 yay\u0131nda verecek.\n\n\n\nKa\u00e7\u0131rmay\u0131n!",
    "keywords": [
        "bir\u00e7ok",
        "oluyor",
        "davran\u0131\u015f",
        "\u00fczerine",
        "e\u011fitimini",
        "ile",
        "a\u015fk\u0131m",
        "kap\u0131\u015fmak",
        "konuk",
        "ve",
        "konu",
        "pembenara",
        "\u00fcnl\u00fc"
    ],
    "meta_keywords": [
        ""
    ],
    "publish_date": null,
    "summary": "A\u015fk\u0131m Kap\u0131\u015fmak 1979 y\u0131l\u0131nda \u0130stanbul\u2019da d\u00fcnyaya geldi.\nT\u00fcrkiye'de e\u011fitimini tamamlad\u0131ktan sonra, kendini daha da geli\u015ftirmek isteyen Kap\u0131\u015fmak, Amerikan \u00dcniversitesi Newport\u2019ta Davran\u0131\u015f Bilimleri-Psikoloji \u00fczerine lisans e\u011fitimini tamamlad\u0131.\nE\u011fitimini s\u00fcrd\u00fcr\u00fcrken, \u00e7ok \u00f6nem verdi\u011fi bir konu olan zihinsel engelli ve kimsesiz \u00e7ocuklarla g\u00f6n\u00fcll\u00fc olarak \u00e7al\u0131\u015fmalar yapt\u0131.\nHer zaman yard\u0131m etmeye \u00f6ncelik veren \u00fcnl\u00fc davran\u0131\u015f bilimci Kap\u0131\u015fmak, Maltepe Cezaevinde \u00e7ocuklara ve gen\u00e7 insanlara motivasyon g\u00fcnleri d\u00fczenledi.\nA\u015fk\u0131m Kap\u0131\u015fmak, davran\u0131\u015f bilimi ve psikoloji ile ilgili bir\u00e7ok konu ile ilgilenirken ayn\u0131 zamanda etkili ileti\u015fim, pozitif ya\u015fam, ba\u015far\u0131 ve hedef \u00fczerine seminerler d\u00fczenlemektedir.\nDavran\u0131\u015f bilimine dair akl\u0131n\u0131za tak\u0131lan bir\u00e7ok sorunun cevab\u0131n\u0131 yazar ve davran\u0131\u015f bilimleri uzman\u0131 A\u015fk\u0131m Kap\u0131\u015fmak, 25 Nisan saat 17.00'de PembeNar'\u0131n Instagram hesab\u0131nda yap\u0131lacak canl\u0131 yay\u0131nda verecek.\nKa\u00e7\u0131rmay\u0131n!",
    "article_html": "",
    "meta_description": "25 Nisan Cumartesi g\u00fcn\u00fc, yazar ve davran\u0131\u015f bilimleri uzman\u0131 A\u015fk\u0131m Kap\u0131\u015fmak, merak edilen t\u00fcm sorular\u0131 cevaplamak ad\u0131na Pembenar'\u0131n konu\u011fu oluyor. Canl\u0131 yay\u0131n\u0131m\u0131z, 25 Nisan saat 17.00'de PembeNar'\u0131n Instagram hesab\u0131nda!",
    "meta_lang": "tr"
}