{
    "article_id": "3d36eb5668398dfee12e25f5fb83b107.1589925608.0539794",
    "title": "\u00c7al\u0131\u015fma masan\u0131zda asla bulundurmaman\u0131z gereken 6 \u015fey",
    "authors": [
        "G\u00fcn\u00fcn Yaz\u0131lar\u0131",
        "Op. Dr. Defne Erkara",
        "Kar\u0131n Germe Sonras\u0131 Iz",
        "Op. Dr. G\u00fcncel \u00d6zt\u00fcrk",
        "\u0130yi Bir Burun Esteti\u011fi I\u00e7in...",
        "Nil\u00fcfer Pazvanto\u011flu",
        "Covid Djiital Sergisi",
        "\u00d6zlem \u00c7etinkaya",
        "Karantinada Tan\u0131\u015fma",
        "Ebru Demirhan",
        "Araftan \u00c7\u0131kmak",
        "Diyabetli Sa\u011fl\u0131k Ve Ya\u015fam Ko\u00e7u Neslihan Sipahi",
        "Sa\u011fl\u0131k Ko\u00e7lu\u011funun \u00d6nemi",
        "Dans Sanat\u00e7\u0131s\u0131 G\u00f6ker Y\u0131ld\u0131z",
        "Her Hayal Bir Beden",
        "Ay\u015feg\u00fcl Kartal",
        "Milimetrekareye Ka\u00e7 A\u015fk S\u0131\u011far",
        "\u00d6zlem \u00d6zdemir Ta\u015f",
        "Bah\u00e7e Mobilyas\u0131 Nas\u0131l Olmal\u0131",
        "Uzm.Klinik Psikolog Nigar \u00c7i\u00e7ek"
    ],
    "canonical_link": "https://www.milliyet.com.tr/pembenar/calisma-masanizda-asla-bulundurmamaniz-gereken-6-sey-6180506",
    "url": "http://milliyet.com.tr/pembenar/calisma-masanizda-asla-bulundurmamaniz-gereken-6-sey-6180506",
    "top_img": "https://i2.milimaj.com/i/milliyet/75/0x0/5e870f685542821890d62453.jpg",
    "meta_img": "https://i2.milimaj.com/i/milliyet/75/0x0/5e870f685542821890d62453.jpg",
    "movies": [
        "https://www.youtube.com/embed/zWeSgeBoYdA?enablejsapi=1"
    ],
    "text": "\u00c7al\u0131\u015fma masan\u0131zda bulunan baz\u0131 nesnelerin motivasyonunuzu d\u00fc\u015f\u00fcrd\u00fc\u011f\u00fcn\u00fc biliyor musunuz? Temiz bir masa, daha organize ve \u00fcretken hissetmenize yard\u0131mc\u0131 olabilir. Masan\u0131z, \u00fcretkenli\u011fi en \u00fcst d\u00fczeye \u00e7\u0131karacak motivasyonu sa\u011flamal\u0131 ve i\u015finizi en etkili bir \u015fekilde yapabilece\u011finiz d\u00fczende bulunmal\u0131d\u0131r. Da\u011f\u0131n\u0131k bir masa i\u015finizi etkili yapabilmeniz ad\u0131na olumsuz bir etkiye sahip olacakt\u0131r. \u0130ster evde \u00e7al\u0131\u015f\u0131n ister ofiste fakat \u00e7al\u0131\u015fma masan\u0131zda asla bu 6 nesneyi bulundurmay\u0131n. \u0130\u015fte \u00e7al\u0131\u015fma masan\u0131zda asla bulundurmaman\u0131z gereken 6 \u015fey...\n\nKi\u015fisel bak\u0131m \u00fcr\u00fcnleri\n\n\u00c7al\u0131\u015f\u0131rken ki\u015fisel bak\u0131m \u00fcr\u00fcnlerinize ihtiya\u00e7 duyuyorsan\u0131z onlar\u0131 mutlaka \u00e7ekmecenizde saklay\u0131n. Masan\u0131zda bulunan c\u0131mb\u0131z, t\u0131rnak makas\u0131, kremler veya makyaj malzemeleri dikkatinizi b\u00fcy\u00fck \u00f6l\u00e7\u00fcde da\u011f\u0131tacakt\u0131r.\n\nOda parf\u00fcm\u00fc\n\n\u00c7al\u0131\u015ft\u0131\u011f\u0131n\u0131z ortamda a\u011f\u0131r kokulardan uzak durmaya \u00e7al\u0131\u015f\u0131n. Alerjik durumlar\u0131n yan\u0131 s\u0131ra kokunun sizde yaratt\u0131\u011f\u0131 his beyninizi ba\u015fka \u015feyler d\u00fc\u015f\u00fcnmeye itebilir. Bu da \u00e7al\u0131\u015fman\u0131z\u0131 engelleyecektir.\n\nKirli kahve bardaklar\u0131\n\nFazla da\u011f\u0131n\u0131kl\u0131\u011f\u0131 engellemek i\u00e7in \u00f6ncelikli olarak bo\u015f kahve fincanlar\u0131n\u0131z\u0131 masadan kald\u0131r\u0131n. \u00c7\u00fcnk\u00fc bu bardaklar\u0131 s\u00fcrekli g\u00f6rmek sizi olumsuz etkiler. AW Media'n\u0131n dijital PR y\u00f6neticisi Valli Vishnubhotla, Business Insider'a verdi\u011fi r\u00f6portajda, ''Bir dakika ay\u0131r\u0131p kahve kupalar\u0131n\u0131 mutfa\u011fa kald\u0131rmak motivasyonunuzu art\u0131racakt\u0131r.'' diyor.\n\n\u015eeker veya abur cuburlar\n\n\u0130ster ofisinizde \u00e7al\u0131\u015f\u0131yor olur ister evinizde, \u00e7al\u0131\u015fma masan\u0131zda y\u00fcksek kalorili at\u0131\u015ft\u0131rmal\u0131klar bulundurmay\u0131n. \u00c7\u00fcnk\u00fc bunlar\u0131 bulundurman\u0131z s\u00fcrekli yemenize neden olacakt\u0131r.\n\nCep telefonu\n\n\u00c7al\u0131\u015fma esnas\u0131nda bildirimleriniz kapal\u0131 olsa bile telefonunuz sizi rahats\u0131z edebilir. Bu durum \u00e7al\u0131\u015f\u0131rken dikkatinizi da\u011f\u0131tabilir ve toparlanmakta g\u00fc\u00e7l\u00fck \u00e7ekebilirsiniz. Sosyal medyada biraz dola\u015fman\u0131n ne zarar\u0131 olabilir diye d\u00fc\u015f\u00fcn\u00fcrken saatlerce i\u015finizi bo\u015flad\u0131\u011f\u0131n\u0131z\u0131 fark edebilirsiniz.\n\n\u00d6\u011fle yeme\u011finiz\n\n\u00d6\u011fle yeme\u011fini masan\u0131zda yemenin ak\u0131ll\u0131ca olaca\u011f\u0131n\u0131 d\u00fc\u015f\u00fcn\u00fcyorsan\u0131z yan\u0131l\u0131yorsunuz. Bu \u00fcretkenli\u011finize zarar veren bir durum. Kaliforniya \u00dcniversitesi'nden Profes\u00f6r Kimberly Elsbach, bir ki\u015finin yemek yedi\u011fi yer ile \u00e7al\u0131\u015ft\u0131\u011f\u0131 yerin ayn\u0131 olmas\u0131n\u0131n onun motivasyonuna zarar verece\u011fini dile getiriyor. \u00c7al\u0131\u015fma zaman\u0131n\u0131n yemek aras\u0131 ile b\u00f6l\u00fcnmesi, masadan k\u0131sa s\u00fcreli\u011fine ayr\u0131l\u0131nmas\u0131, d\u00f6nd\u00fc\u011f\u00fcn\u00fczde i\u015finize tekrar ba\u015flama iste\u011finizi uyand\u0131racakt\u0131r.",
    "keywords": [
        "\u015fey",
        "\u00e7al\u0131\u015fma",
        "masan\u0131zda",
        "zarar",
        "bir",
        "gereken",
        "asla",
        "\u00e7\u00fcnk\u00fc",
        "kahve",
        "ve",
        "i\u015finizi",
        "\u00e7al\u0131\u015f\u0131n",
        "bulundurmaman\u0131z",
        "bu"
    ],
    "meta_keywords": [
        ""
    ],
    "publish_date": null,
    "summary": "\u00c7al\u0131\u015fma masan\u0131zda bulunan baz\u0131 nesnelerin motivasyonunuzu d\u00fc\u015f\u00fcrd\u00fc\u011f\u00fcn\u00fc biliyor musunuz?\nTemiz bir masa, daha organize ve \u00fcretken hissetmenize yard\u0131mc\u0131 olabilir.\nMasan\u0131z, \u00fcretkenli\u011fi en \u00fcst d\u00fczeye \u00e7\u0131karacak motivasyonu sa\u011flamal\u0131 ve i\u015finizi en etkili bir \u015fekilde yapabilece\u011finiz d\u00fczende bulunmal\u0131d\u0131r.\nDa\u011f\u0131n\u0131k bir masa i\u015finizi etkili yapabilmeniz ad\u0131na olumsuz bir etkiye sahip olacakt\u0131r.\n\u0130ster evde \u00e7al\u0131\u015f\u0131n ister ofiste fakat \u00e7al\u0131\u015fma masan\u0131zda asla bu 6 nesneyi bulundurmay\u0131n.\n\u0130\u015fte \u00e7al\u0131\u015fma masan\u0131zda asla bulundurmaman\u0131z gereken 6 \u015fey...Ki\u015fisel bak\u0131m \u00fcr\u00fcnleri\u00c7al\u0131\u015f\u0131rken ki\u015fisel bak\u0131m \u00fcr\u00fcnlerinize ihtiya\u00e7 duyuyorsan\u0131z onlar\u0131 mutlaka \u00e7ekmecenizde saklay\u0131n.\nMasan\u0131zda bulunan c\u0131mb\u0131z, t\u0131rnak makas\u0131, kremler veya makyaj malzemeleri dikkatinizi b\u00fcy\u00fck \u00f6l\u00e7\u00fcde da\u011f\u0131tacakt\u0131r.\nOda parf\u00fcm\u00fc\u00c7al\u0131\u015ft\u0131\u011f\u0131n\u0131z ortamda a\u011f\u0131r kokulardan uzak durmaya \u00e7al\u0131\u015f\u0131n.\nAlerjik durumlar\u0131n yan\u0131 s\u0131ra kokunun sizde yaratt\u0131\u011f\u0131 his beyninizi ba\u015fka \u015feyler d\u00fc\u015f\u00fcnmeye itebilir.\nBu da \u00e7al\u0131\u015fman\u0131z\u0131 engelleyecektir.\nKirli kahve bardaklar\u0131Fazla da\u011f\u0131n\u0131kl\u0131\u011f\u0131 engellemek i\u00e7in \u00f6ncelikli olarak bo\u015f kahve fincanlar\u0131n\u0131z\u0131 masadan kald\u0131r\u0131n.\n\u00c7\u00fcnk\u00fc bu bardaklar\u0131 s\u00fcrekli g\u00f6rmek sizi olumsuz etkiler.\nAW Media'n\u0131n dijital PR y\u00f6neticisi Valli Vishnubhotla, Business Insider'a verdi\u011fi r\u00f6portajda, ''Bir dakika ay\u0131r\u0131p kahve kupalar\u0131n\u0131 mutfa\u011fa kald\u0131rmak motivasyonunuzu art\u0131racakt\u0131r.''\n\u015eeker veya abur cuburlar\u0130ster ofisinizde \u00e7al\u0131\u015f\u0131yor olur ister evinizde, \u00e7al\u0131\u015fma masan\u0131zda y\u00fcksek kalorili at\u0131\u015ft\u0131rmal\u0131klar bulundurmay\u0131n.\n\u00c7\u00fcnk\u00fc bunlar\u0131 bulundurman\u0131z s\u00fcrekli yemenize neden olacakt\u0131r.\nCep telefonu\u00c7al\u0131\u015fma esnas\u0131nda bildirimleriniz kapal\u0131 olsa bile telefonunuz sizi rahats\u0131z edebilir.\nBu durum \u00e7al\u0131\u015f\u0131rken dikkatinizi da\u011f\u0131tabilir ve toparlanmakta g\u00fc\u00e7l\u00fck \u00e7ekebilirsiniz.\nSosyal medyada biraz dola\u015fman\u0131n ne zarar\u0131 olabilir diye d\u00fc\u015f\u00fcn\u00fcrken saatlerce i\u015finizi bo\u015flad\u0131\u011f\u0131n\u0131z\u0131 fark edebilirsiniz.\n\u00d6\u011fle yeme\u011finiz\u00d6\u011fle yeme\u011fini masan\u0131zda yemenin ak\u0131ll\u0131ca olaca\u011f\u0131n\u0131 d\u00fc\u015f\u00fcn\u00fcyorsan\u0131z yan\u0131l\u0131yorsunuz.\nBu \u00fcretkenli\u011finize zarar veren bir durum.\nKaliforniya \u00dcniversitesi'nden Profes\u00f6r Kimberly Elsbach, bir ki\u015finin yemek yedi\u011fi yer ile \u00e7al\u0131\u015ft\u0131\u011f\u0131 yerin ayn\u0131 olmas\u0131n\u0131n onun motivasyonuna zarar verece\u011fini dile getiriyor.\n\u00c7al\u0131\u015fma zaman\u0131n\u0131n yemek aras\u0131 ile b\u00f6l\u00fcnmesi, masadan k\u0131sa s\u00fcreli\u011fine ayr\u0131l\u0131nmas\u0131, d\u00f6nd\u00fc\u011f\u00fcn\u00fczde i\u015finize tekrar ba\u015flama iste\u011finizi uyand\u0131racakt\u0131r.",
    "article_html": "",
    "meta_description": "\u00c7al\u0131\u015f\u0131rken en b\u00fcy\u00fck problemimiz dikkatimizi i\u015fe verememek oluyor. Bu noktada motivasyonumuzu d\u00fc\u015f\u00fcrecek ve dikkatimizi da\u011f\u0131tacak nesneler de verimli \u00e7al\u0131\u015fmay\u0131 b\u00fcy\u00fck oranda etkiliyor. \u0130ster evde \u00e7al\u0131\u015f\u0131n ister ofiste fakat \u00e7al\u0131\u015fma masan\u0131zda asla bu 6 nesneyi bulundurmay\u0131n. Peki, \u00e7al\u0131\u015fma masan\u0131zda asla bulundurmaman\u0131z gereken o nesneler neler? \u0130\u015fte motivasyonu d\u00fc\u015f\u00fcren, masan\u0131zdan uzak tutman\u0131z gereken 6 \u015fey...",
    "meta_lang": "tr"
}