{
    "article_id": "203a4bc135de6d905d545ecfa9ef122e.1589925496.9703798",
    "title": "T\u00fcrkiye'den, Yunanistan'a '19 May\u0131s' tepkisi",
    "authors": [],
    "canonical_link": "https://www.milliyet.com.tr/gundem/turkiyeden-yunanistana-19-mayis-tepkisi-6215968",
    "url": "http://milliyet.com.tr/gundem/turkiyeden-yunanistana-19-mayis-tepkisi-6215968",
    "top_img": "https://i2.milimaj.com/i/milliyet/75/0x0/5ec44c735542841b38939934.jpg",
    "meta_img": "https://i2.milimaj.com/i/milliyet/75/0x0/5ec44c735542841b38939934.jpg",
    "movies": [],
    "text": "D\u0131\u015fi\u015fleri Bakanl\u0131\u011f\u0131ndan yap\u0131lan yaz\u0131l\u0131 a\u00e7\u0131klamada, \u201cKurtulu\u015f Sava\u015f\u0131m\u0131z\u0131n ilk ad\u0131m\u0131n\u0131n at\u0131ld\u0131\u011f\u0131 19 May\u0131s 1919 tarihi yaln\u0131zca milletimiz i\u00e7in de\u011fil, emperyalizme kar\u015f\u0131 sava\u015f vermi\u015f b\u00fct\u00fcn mazlum milletler i\u00e7in kutlu bir g\u00fcnd\u00fcr. B\u00f6yle bir g\u00fcnde Yunanistan Meclisi ve makamlar\u0131 taraf\u0131ndan 19 May\u0131s 1919\u2019un y\u0131l d\u00f6n\u00fcm\u00fc bahanesiyle yap\u0131lan mesnetsiz ve hezeyan dolu a\u00e7\u0131klamalar ne tarihi ger\u00e7eklerle ne de 21. y\u00fczy\u0131l\u0131n de\u011ferleriyle ba\u011fda\u015fmaktad\u0131r. Birinci D\u00fcnya Sava\u015f\u0131\u2019n\u0131n 1918\u2019de bitmesinin ard\u0131ndan \u0130stanbul\u2019un i\u015fgal edilen tek ba\u015fkent olmas\u0131na 15 May\u0131s 1919\u2019da Yunan ordusunun \u0130zmir\u2019i i\u015fgal etmesi eklenmi\u015f, bu ac\u0131 i\u015fgal, hi\u00e7bir gerek\u00e7esi olmayan, mezalime sahne olmu\u015f planl\u0131 ve y\u00fcz k\u0131zart\u0131c\u0131 bir istilaya d\u00f6n\u00fc\u015fm\u00fc\u015ft\u00fcr. \u0130\u015fgalin \u00fczerinden daha be\u015f ay ge\u00e7meden i\u015flenen mezalimin ula\u015ft\u0131\u011f\u0131 deh\u015fet verici boyutlar\u0131n m\u00fcttefiklerin Tahkikat Komisyonu olu\u015fturmas\u0131n\u0131 gerektirecek kadar ciddi oldu\u011fu unutulmamal\u0131d\u0131r\u201d denildi.\n\nYunanistan\u2019\u0131n sorunlar\u0131 diyalog yoluyla \u00e7\u00f6zme \u00e7a\u011fr\u0131lar\u0131na ilgisiz kalmakta \u0131srar etti\u011fi belirtilen a\u00e7\u0131klamada, \u201cKendi tarihiyle y\u00fczle\u015femeyen Yunan liderli\u011fi, m\u00fcttefik \u00fclkelerin Tahkikat Komisyonunun raporlar\u0131n\u0131 ve Lozan Bar\u0131\u015f Antla\u015fmas\u0131\u2019n\u0131n sava\u015f su\u00e7lar\u0131na ili\u015fkin maddesinin alt\u0131nda yatan ger\u00e7ekleri hat\u0131rlamal\u0131d\u0131r. Lozan Bar\u0131\u015f Antla\u015fmas\u0131\u2019n\u0131n 59. maddesi, Anadolu\u2019yu i\u015fgal eden Yunan ordusunun i\u015fledi\u011fi fiillerin sava\u015f hukukuna ayk\u0131r\u0131 oldu\u011funu tespit etmi\u015ftir. T\u00fcrkiye Cumhuriyeti\u2019nin kurulu\u015fundan sonra Yunanistan Ba\u015fbakan\u0131 Venizelos\u2019un 1934 y\u0131l\u0131nda Ulu \u00d6nder Mustafa Kemal Atat\u00fcrk\u2019\u00fc Nobel Bar\u0131\u015f \u00d6d\u00fcl\u00fc'ne aday g\u00f6stermesi, sorumsuz siyaset\u00e7ilerin ve radikal \u00e7evrelerin bug\u00fcn tarihi tersten okuma \u00e7abas\u0131nda oldu\u011funun bir ba\u015fka kan\u0131t\u0131d\u0131r. \u0130kili ili\u015fkilerimizdeki sorunlar\u0131 diyalog yoluyla \u00e7\u00f6zme \u00e7a\u011fr\u0131lar\u0131m\u0131za ilgisiz kalmakta \u0131srar eden Yunanistan\u2019\u0131n uzatt\u0131\u011f\u0131m\u0131z dostluk elini ge\u00e7mi\u015fte oldu\u011fu gibi tutmas\u0131, d\u00fcnyan\u0131n de\u011fi\u015fimini do\u011fru okuman\u0131n da gere\u011fidir\" ifadelerine yer verildi.\n\nD\u0131\u015fi\u015fleri Bakanl\u0131\u011f\u0131 S\u00f6zc\u00fcs\u00fc Aksoy'dan Yunanistan'da T\u00fcrk bayra\u011f\u0131 yak\u0131lmas\u0131na tepki\n\nD\u0131\u015fi\u015fleri Bakanl\u0131\u011f\u0131 S\u00f6zc\u00fcs\u00fc Hami Aksoy, Yunanistan'\u0131n ba\u015fkenti Atina'da d\u00fczenlenen g\u00f6sterilerde T\u00fcrk bayra\u011f\u0131n\u0131n yak\u0131lmas\u0131na ili\u015fkin, Atat\u00fcrk'\u00fcn, \u0130zmir'in i\u015fgalden kurtulmas\u0131n\u0131n ard\u0131ndan \u00f6n\u00fcne serilen Yunan bayra\u011f\u0131n\u0131 \u00e7i\u011fnetmedi\u011fini hat\u0131rlatarak, \"\u015eanl\u0131 bayra\u011f\u0131m\u0131za hi\u00e7 kimse el uzatamaz!\" ifadeleriyle tepki g\u00f6sterdi.\n\nAksoy, konuya ili\u015fkin Twitter'dan mesaj payla\u015ft\u0131.\n\nBakanl\u0131k S\u00f6zc\u00fcs\u00fc Aksoy, mesaj\u0131nda, \"Ordular\u0131m\u0131z \u0130zmir'i geri ald\u0131\u011f\u0131nda Atat\u00fcrk \u00f6n\u00fcne serilen Yunan bayra\u011f\u0131n\u0131, 'Bir milletin onurudur' diye \u00e7i\u011fnetmemi\u015fti. Aradan y\u00fcz y\u0131l ge\u00e7ti. Irk\u00e7\u0131 kafalar hala gereken dersi almam\u0131\u015f. \u015eanl\u0131 bayra\u011f\u0131m\u0131za hi\u00e7 kimse el uzatamaz!\" ifadesini kulland\u0131.",
    "keywords": [
        "s\u00f6zc\u00fcs\u00fc",
        "yunanistana",
        "sava\u015f",
        "bir",
        "ili\u015fkin",
        "t\u00fcrkiyeden",
        "19",
        "i\u015fgal",
        "bar\u0131\u015f",
        "ve",
        "yunan",
        "may\u0131s",
        "tarihi",
        "tepkisi"
    ],
    "meta_keywords": [
        ""
    ],
    "publish_date": null,
    "summary": "D\u0131\u015fi\u015fleri Bakanl\u0131\u011f\u0131ndan yap\u0131lan yaz\u0131l\u0131 a\u00e7\u0131klamada, \u201cKurtulu\u015f Sava\u015f\u0131m\u0131z\u0131n ilk ad\u0131m\u0131n\u0131n at\u0131ld\u0131\u011f\u0131 19 May\u0131s 1919 tarihi yaln\u0131zca milletimiz i\u00e7in de\u011fil, emperyalizme kar\u015f\u0131 sava\u015f vermi\u015f b\u00fct\u00fcn mazlum milletler i\u00e7in kutlu bir g\u00fcnd\u00fcr.\nB\u00f6yle bir g\u00fcnde Yunanistan Meclisi ve makamlar\u0131 taraf\u0131ndan 19 May\u0131s 1919\u2019un y\u0131l d\u00f6n\u00fcm\u00fc bahanesiyle yap\u0131lan mesnetsiz ve hezeyan dolu a\u00e7\u0131klamalar ne tarihi ger\u00e7eklerle ne de 21. y\u00fczy\u0131l\u0131n de\u011ferleriyle ba\u011fda\u015fmaktad\u0131r.\nBirinci D\u00fcnya Sava\u015f\u0131\u2019n\u0131n 1918\u2019de bitmesinin ard\u0131ndan \u0130stanbul\u2019un i\u015fgal edilen tek ba\u015fkent olmas\u0131na 15 May\u0131s 1919\u2019da Yunan ordusunun \u0130zmir\u2019i i\u015fgal etmesi eklenmi\u015f, bu ac\u0131 i\u015fgal, hi\u00e7bir gerek\u00e7esi olmayan, mezalime sahne olmu\u015f planl\u0131 ve y\u00fcz k\u0131zart\u0131c\u0131 bir istilaya d\u00f6n\u00fc\u015fm\u00fc\u015ft\u00fcr.\n\u0130\u015fgalin \u00fczerinden daha be\u015f ay ge\u00e7meden i\u015flenen mezalimin ula\u015ft\u0131\u011f\u0131 deh\u015fet verici boyutlar\u0131n m\u00fcttefiklerin Tahkikat Komisyonu olu\u015fturmas\u0131n\u0131 gerektirecek kadar ciddi oldu\u011fu unutulmamal\u0131d\u0131r\u201d denildi.\nYunanistan\u2019\u0131n sorunlar\u0131 diyalog yoluyla \u00e7\u00f6zme \u00e7a\u011fr\u0131lar\u0131na ilgisiz kalmakta \u0131srar etti\u011fi belirtilen a\u00e7\u0131klamada, \u201cKendi tarihiyle y\u00fczle\u015femeyen Yunan liderli\u011fi, m\u00fcttefik \u00fclkelerin Tahkikat Komisyonunun raporlar\u0131n\u0131 ve Lozan Bar\u0131\u015f Antla\u015fmas\u0131\u2019n\u0131n sava\u015f su\u00e7lar\u0131na ili\u015fkin maddesinin alt\u0131nda yatan ger\u00e7ekleri hat\u0131rlamal\u0131d\u0131r.\nLozan Bar\u0131\u015f Antla\u015fmas\u0131\u2019n\u0131n 59. maddesi, Anadolu\u2019yu i\u015fgal eden Yunan ordusunun i\u015fledi\u011fi fiillerin sava\u015f hukukuna ayk\u0131r\u0131 oldu\u011funu tespit etmi\u015ftir.\nT\u00fcrkiye Cumhuriyeti\u2019nin kurulu\u015fundan sonra Yunanistan Ba\u015fbakan\u0131 Venizelos\u2019un 1934 y\u0131l\u0131nda Ulu \u00d6nder Mustafa Kemal Atat\u00fcrk\u2019\u00fc Nobel Bar\u0131\u015f \u00d6d\u00fcl\u00fc'ne aday g\u00f6stermesi, sorumsuz siyaset\u00e7ilerin ve radikal \u00e7evrelerin bug\u00fcn tarihi tersten okuma \u00e7abas\u0131nda oldu\u011funun bir ba\u015fka kan\u0131t\u0131d\u0131r.\n\u0130kili ili\u015fkilerimizdeki sorunlar\u0131 diyalog yoluyla \u00e7\u00f6zme \u00e7a\u011fr\u0131lar\u0131m\u0131za ilgisiz kalmakta \u0131srar eden Yunanistan\u2019\u0131n uzatt\u0131\u011f\u0131m\u0131z dostluk elini ge\u00e7mi\u015fte oldu\u011fu gibi tutmas\u0131, d\u00fcnyan\u0131n de\u011fi\u015fimini do\u011fru okuman\u0131n da gere\u011fidir\" ifadelerine yer verildi.\nD\u0131\u015fi\u015fleri Bakanl\u0131\u011f\u0131 S\u00f6zc\u00fcs\u00fc Aksoy'dan Yunanistan'da T\u00fcrk bayra\u011f\u0131 yak\u0131lmas\u0131na tepkiD\u0131\u015fi\u015fleri Bakanl\u0131\u011f\u0131 S\u00f6zc\u00fcs\u00fc Hami Aksoy, Yunanistan'\u0131n ba\u015fkenti Atina'da d\u00fczenlenen g\u00f6sterilerde T\u00fcrk bayra\u011f\u0131n\u0131n yak\u0131lmas\u0131na ili\u015fkin, Atat\u00fcrk'\u00fcn, \u0130zmir'in i\u015fgalden kurtulmas\u0131n\u0131n ard\u0131ndan \u00f6n\u00fcne serilen Yunan bayra\u011f\u0131n\u0131 \u00e7i\u011fnetmedi\u011fini hat\u0131rlatarak, \"\u015eanl\u0131 bayra\u011f\u0131m\u0131za hi\u00e7 kimse el uzatamaz!\"\nifadeleriyle tepki g\u00f6sterdi.\nAksoy, konuya ili\u015fkin Twitter'dan mesaj payla\u015ft\u0131.\nBakanl\u0131k S\u00f6zc\u00fcs\u00fc Aksoy, mesaj\u0131nda, \"Ordular\u0131m\u0131z \u0130zmir'i geri ald\u0131\u011f\u0131nda Atat\u00fcrk \u00f6n\u00fcne serilen Yunan bayra\u011f\u0131n\u0131, 'Bir milletin onurudur' diye \u00e7i\u011fnetmemi\u015fti.\nAradan y\u00fcz y\u0131l ge\u00e7ti.\nIrk\u00e7\u0131 kafalar hala gereken dersi almam\u0131\u015f.\n\u015eanl\u0131 bayra\u011f\u0131m\u0131za hi\u00e7 kimse el uzatamaz!\"\nifadesini kulland\u0131.",
    "article_html": "",
    "meta_description": "Son Dakika G\u00fcncel Haberler - D\u0131\u015fi\u015fleri Bakanl\u0131\u011f\u0131, Yunanistan Meclisi ve makamlar\u0131 taraf\u0131ndan yap\u0131lan a\u00e7\u0131klamalara tepki g\u00f6stererek, \u201cMesnetsiz ve hezeyan dolu a\u00e7\u0131klamalar ne tarihi ger\u00e7eklerle ne de 21. y\u00fczy\u0131l\u0131n de\u011ferleriyle ba\u011fda\u015fmaktad\u0131r\u201d a\u00e7\u0131klamas\u0131n\u0131 yapt\u0131.",
    "meta_lang": "tr"
}