{
    "article_id": "04db5b06cd05c4e55d17b8aef44364a4.1589925616.947354",
    "title": "Ev yap\u0131m\u0131 kolay iskender tarifi",
    "authors": [
        "G\u00fcn\u00fcn Yaz\u0131lar\u0131",
        "Op. Dr. Defne Erkara",
        "Kar\u0131n Germe Sonras\u0131 Iz",
        "Op. Dr. G\u00fcncel \u00d6zt\u00fcrk",
        "\u0130yi Bir Burun Esteti\u011fi I\u00e7in...",
        "Nil\u00fcfer Pazvanto\u011flu",
        "Covid Djiital Sergisi",
        "\u00d6zlem \u00c7etinkaya",
        "Karantinada Tan\u0131\u015fma",
        "Ebru Demirhan",
        "Araftan \u00c7\u0131kmak",
        "Diyabetli Sa\u011fl\u0131k Ve Ya\u015fam Ko\u00e7u Neslihan Sipahi",
        "Sa\u011fl\u0131k Ko\u00e7lu\u011funun \u00d6nemi",
        "Dans Sanat\u00e7\u0131s\u0131 G\u00f6ker Y\u0131ld\u0131z",
        "Her Hayal Bir Beden",
        "Ay\u015feg\u00fcl Kartal",
        "Milimetrekareye Ka\u00e7 A\u015fk S\u0131\u011far",
        "\u00d6zlem \u00d6zdemir Ta\u015f",
        "Bah\u00e7e Mobilyas\u0131 Nas\u0131l Olmal\u0131",
        "Uzm.Klinik Psikolog Nigar \u00c7i\u00e7ek"
    ],
    "canonical_link": "https://www.milliyet.com.tr/pembenar/ev-yapimi-kolay-iskender-tarifi-6213320",
    "url": "http://milliyet.com.tr/pembenar/ev-yapimi-kolay-iskender-tarifi-6213320",
    "top_img": "https://i2.milimaj.com/i/milliyet/75/0x0/5ebef4225542801ddc2f8345.jpg",
    "meta_img": "https://i2.milimaj.com/i/milliyet/75/0x0/5ebef4225542801ddc2f8345.jpg",
    "movies": [],
    "text": "KO\u00c7\n\nBO\u011eA\n\n\u0130K\u0130ZLER\n\nYENGE\u00c7\n\nASLAN\n\nBA\u015eAK\n\nTERAZ\u0130\n\nAKREP\n\nYAY\n\nO\u011eLAK\n\nSAKA (KOVA)\n\nBALIK\n\nBug\u00fcn Yeni ba\u015flang\u0131\u00e7lar yapmak i\u00e7in hevesli olaca\u011f\u0131n\u0131z bir g\u00fcndesiniz. Ki\u015fisel hassasiyetinizin oldu\u011fu konularda kendinizi s\u0131n\u0131rland\u0131r\u0131lm\u0131\u015f hissedebilirsiniz. Sa\u011fl\u0131\u011f\u0131n\u0131za dikkat etmeniz gereken zamanlar var. Bilemedi\u011finiz konularla ilgili \u00e7\u00f6z\u00fclme ya\u015fayabilirsiniz. Bedeninize ait konulara dikkat etmelisiniz, g\u00fcndelik kazalar olabilir.Devam\u0131n\u0131 Oku Devam\u0131n\u0131 Oku\n\nBug\u00fcn Elinizde olmayan nedenlerden dolay\u0131 kay\u0131p ya\u015fayabilirsiniz. Bu sizi kabullenme i\u00e7ine sokabilir. Kontrol\u00fcn\u00fcz\u00fc kaybetmemeye \u00e7al\u0131\u015f\u0131n. \u0130\u00e7sel s\u00fcre\u00e7ler ya\u015fayabilirsiniz. U\u011fra\u015ft\u0131\u011f\u0131n\u0131z i\u015flerle ilgili tamamlanma ger\u00e7ekle\u015febilir. Olas\u0131 kazalara kar\u015f\u0131 dikkatli olman\u0131z gereken zamanlar var. Sosyal konulara y\u00f6nelmek isteyebilirsiniz.Devam\u0131n\u0131 Oku Devam\u0131n\u0131 Oku\n\nBug\u00fcn Gelecek beklentilerinizin \u00f6n plana \u00e7\u0131kt\u0131\u011f\u0131 bir g\u00fcndesiniz. Sosyal konular g\u00fcndeminizi olu\u015fturabilir. \u0130\u015f hayat\u0131n\u0131zda alaca\u011f\u0131n\u0131z destekler sizi rahatlatacakt\u0131r. Bitirmeniz gereken u\u011fra\u015flar\u0131n\u0131zda s\u0131k\u0131\u015fma olabilir. Bilemedi\u011finiz konular y\u00fcz\u00fcnden kay\u0131plar ya\u015fayabilirsiniz. \u0130leti\u015fimden kaynakl\u0131 zorlanmalar olabilir. Ak\u0131\u015fta kalmaya \u00f6zen g\u00f6sterin.Devam\u0131n\u0131 Oku Devam\u0131n\u0131 Oku\n\nBug\u00fcn \u0130\u015f hayat\u0131n\u0131zla ilgili geli\u015fmeler g\u00fcndeminizi etkileyebilir. Hedeflerinize ula\u015fmak i\u00e7in tamamlanma i\u00e7ine girebilirsiniz. \u00dcstlerinizle ili\u015fkilerinizde \u00f6zenli davranman\u0131zda fayda var. \u0130\u015f yerinde olabilecek kazalara kar\u015f\u0131 dikkatli olmal\u0131s\u0131n\u0131z. Bilemedi\u011finiz konularla ilgili kontrol kayb\u0131 ya\u015famamaya \u00f6zen g\u00f6sterin. \u0130\u00e7sel s\u00fcre\u00e7ler ya\u015fayabilirsiniz.Devam\u0131n\u0131 Oku Devam\u0131n\u0131 Oku\n\nBug\u00fcn Yeni ufuklara a\u00e7\u0131lmak i\u00e7in heyecan duydu\u011funuz bir g\u00fcndesiniz. Yolculuklara \u00e7\u0131kmak i\u00e7in planlar yapabilirsiniz. Elinizde olmayan nedenlerden kaynakl\u0131 programlardaki aksamalar biraz sizi rahats\u0131z edebilir. Kabullenme i\u00e7ine girebilirsiniz. G\u00fcndelik kazalara kar\u015f\u0131 dikkatli olman\u0131zda fayda var. Yabanc\u0131larla ilgili konular g\u00fcndeminizi etkileyebilir.Devam\u0131n\u0131 Oku Devam\u0131n\u0131 Oku\n\nBug\u00fcn Ortakl\u0131 para konular\u0131 g\u00fcndeminizi etkileyebilir. Korku ve endi\u015fe duydu\u011funuz konularla ilgilenmek zorunda kalabilirsiniz. Elinizde olmayan nedenlerden dolay\u0131 ya\u015fad\u0131\u011f\u0131n\u0131z s\u00fcre\u00e7lerde kabullenme i\u00e7ine girebilirsiniz. Parasal konularla ilgili yap\u0131lanmaya gitmek isteyebilirsiniz. Bu durum duygusal y\u00f6nden ba\u011flay\u0131c\u0131 ko\u015fullar olu\u015fturabilir.Devam\u0131n\u0131 Oku Devam\u0131n\u0131 Oku\n\nBug\u00fcn E\u015finizle ilgili konular g\u00fcndeminizi olu\u015fturabilir. Kar\u015f\u0131n\u0131zdaki ki\u015fiyle denge ve uyum aray\u0131\u015f\u0131 i\u00e7inde olabilirsiniz. Elinizde olmayan nedenlerden dolay\u0131 u\u011fra\u015ft\u0131ran durumlarla kar\u015f\u0131 kar\u015f\u0131ya kalabilirsiniz. Bug\u00fcn yapaca\u011f\u0131n\u0131z anla\u015fma ve s\u00f6zle\u015fmelere \u00f6zen g\u00f6stermenizde fayda var. G\u00fcn i\u00e7inde olas\u0131 kazalara kar\u015f\u0131 dikkatli olun.Devam\u0131n\u0131 Oku Devam\u0131n\u0131 Oku\n\nBug\u00fcn \u00c7al\u0131\u015fma hayat\u0131n\u0131zdaki sorumluluklar\u0131n\u0131zla ilgilenece\u011finiz bir g\u00fcndesiniz. U\u011fra\u015ft\u0131\u011f\u0131n\u0131z i\u015flerinizi tamamlama y\u00f6n\u00fcnde h\u0131zl\u0131 ad\u0131mlar atabilirsiniz. Baz\u0131 konularda ya\u015fayaca\u011f\u0131n\u0131z s\u0131k\u0131\u015fmalar keyfinizi ka\u00e7\u0131rabilir. Elinizde olmayan nedenlerden \u00f6t\u00fcr\u00fc kazalara maruz kalabilirsiniz. Kabullenme i\u00e7ine girip, sakin kalmakta fayda var.Devam\u0131n\u0131 Oku Devam\u0131n\u0131 Oku\n\nBug\u00fcn Kendinizi ifade etmekten keyif alaca\u011f\u0131n\u0131z bir g\u00fcndesiniz. U\u011fra\u015ft\u0131\u011f\u0131n\u0131z i\u015flerde yarat\u0131c\u0131l\u0131\u011f\u0131n\u0131z\u0131 kullanabilirsiniz. G\u00fczel \u015feyler i\u00e7in harcama yapmaktan \u00e7ekinmeyece\u011finiz zamanlar var. G\u00fcn i\u00e7inde elinizde olmayan nedenlerden dolay\u0131 kay\u0131plarda ya\u015fayabilirsiniz. \u00c7ocuklarla zaman ge\u00e7irmek size iyi gelecektir.Devam\u0131n\u0131 Oku Devam\u0131n\u0131 Oku\n\nBug\u00fcn Ev i\u00e7indeki kazalara dikkat etmeniz gereken bir g\u00fcndesiniz. Elinizde olmayan nedenlerden ailevi konular i\u00e7inde kalabilirsiniz. Gizli d\u00fc\u015fmanlar edinece\u011finiz zamanlar olabilir. Korkular\u0131n\u0131z g\u00fcn y\u00fcz\u00fcne \u00e7\u0131kabilir. Baban\u0131za ait konular\u0131 ihmal etmemeye \u00f6zen g\u00f6sterin. \u0130\u00e7 sesinizi dinleyerek bir\u00e7ok konunun \u00fcstesinden gelebilirsiniz.Devam\u0131n\u0131 Oku Devam\u0131n\u0131 Oku\n\nBug\u00fcn Yak\u0131n \u00e7evrenizdeki olaylar g\u00fcndeminizi etkileyebilir. \u00c7al\u0131\u015fma hayat\u0131n\u0131zda yo\u011fun ve hareketli bir g\u00fcn sizi bekliyor. K\u00fc\u00e7\u00fck kazalara kar\u015f\u0131 dikkatli olmal\u0131s\u0131n\u0131z. Elinizde olmayan nedenlerden dolay\u0131 yorucu ko\u015fullar alt\u0131na girebilirsiniz. Kabullenme i\u00e7ine girece\u011finiz ko\u015fullar olu\u015fabilir. \u0130\u015fle ilgili s\u0131k\u0131\u015fmalar moralinizi bozabilir.Devam\u0131n\u0131 Oku Devam\u0131n\u0131 Oku",
    "keywords": [
        "ev",
        "var",
        "oku",
        "elinizde",
        "kazalara",
        "devam\u0131n\u0131",
        "bir",
        "olmayan",
        "ilgili",
        "nedenlerden",
        "yap\u0131m\u0131",
        "tarifi",
        "kolay",
        "iskender",
        "okubug\u00fcn"
    ],
    "meta_keywords": [
        ""
    ],
    "publish_date": null,
    "summary": "KO\u00c7BO\u011eA\u0130K\u0130ZLERYENGE\u00c7ASLANBA\u015eAKTERAZ\u0130AKREPYAYO\u011eLAKSAKA (KOVA)BALIKBug\u00fcn Yeni ba\u015flang\u0131\u00e7lar yapmak i\u00e7in hevesli olaca\u011f\u0131n\u0131z bir g\u00fcndesiniz.\nKi\u015fisel hassasiyetinizin oldu\u011fu konularda kendinizi s\u0131n\u0131rland\u0131r\u0131lm\u0131\u015f hissedebilirsiniz.\nSa\u011fl\u0131\u011f\u0131n\u0131za dikkat etmeniz gereken zamanlar var.\nBilemedi\u011finiz konularla ilgili \u00e7\u00f6z\u00fclme ya\u015fayabilirsiniz.\nBedeninize ait konulara dikkat etmelisiniz, g\u00fcndelik kazalar olabilir.Devam\u0131n\u0131 Oku Devam\u0131n\u0131 OkuBug\u00fcn Elinizde olmayan nedenlerden dolay\u0131 kay\u0131p ya\u015fayabilirsiniz.\nBu sizi kabullenme i\u00e7ine sokabilir.\nKontrol\u00fcn\u00fcz\u00fc kaybetmemeye \u00e7al\u0131\u015f\u0131n.\n\u0130\u00e7sel s\u00fcre\u00e7ler ya\u015fayabilirsiniz.\nU\u011fra\u015ft\u0131\u011f\u0131n\u0131z i\u015flerle ilgili tamamlanma ger\u00e7ekle\u015febilir.\nOlas\u0131 kazalara kar\u015f\u0131 dikkatli olman\u0131z gereken zamanlar var.\nSosyal konulara y\u00f6nelmek isteyebilirsiniz.Devam\u0131n\u0131 Oku Devam\u0131n\u0131 OkuBug\u00fcn Gelecek beklentilerinizin \u00f6n plana \u00e7\u0131kt\u0131\u011f\u0131 bir g\u00fcndesiniz.\nSosyal konular g\u00fcndeminizi olu\u015fturabilir.\n\u0130\u015f hayat\u0131n\u0131zda alaca\u011f\u0131n\u0131z destekler sizi rahatlatacakt\u0131r.\nBitirmeniz gereken u\u011fra\u015flar\u0131n\u0131zda s\u0131k\u0131\u015fma olabilir.\nBilemedi\u011finiz konular y\u00fcz\u00fcnden kay\u0131plar ya\u015fayabilirsiniz.\n\u0130leti\u015fimden kaynakl\u0131 zorlanmalar olabilir.\nAk\u0131\u015fta kalmaya \u00f6zen g\u00f6sterin.Devam\u0131n\u0131 Oku Devam\u0131n\u0131 OkuBug\u00fcn \u0130\u015f hayat\u0131n\u0131zla ilgili geli\u015fmeler g\u00fcndeminizi etkileyebilir.\nHedeflerinize ula\u015fmak i\u00e7in tamamlanma i\u00e7ine girebilirsiniz.\n\u00dcstlerinizle ili\u015fkilerinizde \u00f6zenli davranman\u0131zda fayda var.\n\u0130\u015f yerinde olabilecek kazalara kar\u015f\u0131 dikkatli olmal\u0131s\u0131n\u0131z.\nBilemedi\u011finiz konularla ilgili kontrol kayb\u0131 ya\u015famamaya \u00f6zen g\u00f6sterin.\n\u0130\u00e7sel s\u00fcre\u00e7ler ya\u015fayabilirsiniz.Devam\u0131n\u0131 Oku Devam\u0131n\u0131 OkuBug\u00fcn Yeni ufuklara a\u00e7\u0131lmak i\u00e7in heyecan duydu\u011funuz bir g\u00fcndesiniz.\nYolculuklara \u00e7\u0131kmak i\u00e7in planlar yapabilirsiniz.\nElinizde olmayan nedenlerden kaynakl\u0131 programlardaki aksamalar biraz sizi rahats\u0131z edebilir.\nG\u00fcndelik kazalara kar\u015f\u0131 dikkatli olman\u0131zda fayda var.\nYabanc\u0131larla ilgili konular g\u00fcndeminizi etkileyebilir.Devam\u0131n\u0131 Oku Devam\u0131n\u0131 OkuBug\u00fcn Ortakl\u0131 para konular\u0131 g\u00fcndeminizi etkileyebilir.\nKorku ve endi\u015fe duydu\u011funuz konularla ilgilenmek zorunda kalabilirsiniz.\nElinizde olmayan nedenlerden dolay\u0131 ya\u015fad\u0131\u011f\u0131n\u0131z s\u00fcre\u00e7lerde kabullenme i\u00e7ine girebilirsiniz.\nParasal konularla ilgili yap\u0131lanmaya gitmek isteyebilirsiniz.\nBu durum duygusal y\u00f6nden ba\u011flay\u0131c\u0131 ko\u015fullar olu\u015fturabilir.Devam\u0131n\u0131 Oku Devam\u0131n\u0131 OkuBug\u00fcn E\u015finizle ilgili konular g\u00fcndeminizi olu\u015fturabilir.\nKar\u015f\u0131n\u0131zdaki ki\u015fiyle denge ve uyum aray\u0131\u015f\u0131 i\u00e7inde olabilirsiniz.\nElinizde olmayan nedenlerden dolay\u0131 u\u011fra\u015ft\u0131ran durumlarla kar\u015f\u0131 kar\u015f\u0131ya kalabilirsiniz.\nBug\u00fcn yapaca\u011f\u0131n\u0131z anla\u015fma ve s\u00f6zle\u015fmelere \u00f6zen g\u00f6stermenizde fayda var.\nG\u00fcn i\u00e7inde olas\u0131 kazalara kar\u015f\u0131 dikkatli olun.Devam\u0131n\u0131 Oku Devam\u0131n\u0131 OkuBug\u00fcn \u00c7al\u0131\u015fma hayat\u0131n\u0131zdaki sorumluluklar\u0131n\u0131zla ilgilenece\u011finiz bir g\u00fcndesiniz.\nU\u011fra\u015ft\u0131\u011f\u0131n\u0131z i\u015flerinizi tamamlama y\u00f6n\u00fcnde h\u0131zl\u0131 ad\u0131mlar atabilirsiniz.\nBaz\u0131 konularda ya\u015fayaca\u011f\u0131n\u0131z s\u0131k\u0131\u015fmalar keyfinizi ka\u00e7\u0131rabilir.\nElinizde olmayan nedenlerden \u00f6t\u00fcr\u00fc kazalara maruz kalabilirsiniz.\nKabullenme i\u00e7ine girip, sakin kalmakta fayda var.Devam\u0131n\u0131 Oku Devam\u0131n\u0131 OkuBug\u00fcn Kendinizi ifade etmekten keyif alaca\u011f\u0131n\u0131z bir g\u00fcndesiniz.\nG\u00fczel \u015feyler i\u00e7in harcama yapmaktan \u00e7ekinmeyece\u011finiz zamanlar var.\nG\u00fcn i\u00e7inde elinizde olmayan nedenlerden dolay\u0131 kay\u0131plarda ya\u015fayabilirsiniz.\n\u00c7ocuklarla zaman ge\u00e7irmek size iyi gelecektir.Devam\u0131n\u0131 Oku Devam\u0131n\u0131 OkuBug\u00fcn Ev i\u00e7indeki kazalara dikkat etmeniz gereken bir g\u00fcndesiniz.\nElinizde olmayan nedenlerden ailevi konular i\u00e7inde kalabilirsiniz.\nGizli d\u00fc\u015fmanlar edinece\u011finiz zamanlar olabilir.\nBaban\u0131za ait konular\u0131 ihmal etmemeye \u00f6zen g\u00f6sterin.\n\u0130\u00e7 sesinizi dinleyerek bir\u00e7ok konunun \u00fcstesinden gelebilirsiniz.Devam\u0131n\u0131 Oku Devam\u0131n\u0131 OkuBug\u00fcn Yak\u0131n \u00e7evrenizdeki olaylar g\u00fcndeminizi etkileyebilir.\n\u00c7al\u0131\u015fma hayat\u0131n\u0131zda yo\u011fun ve hareketli bir g\u00fcn sizi bekliyor.\nK\u00fc\u00e7\u00fck kazalara kar\u015f\u0131 dikkatli olmal\u0131s\u0131n\u0131z.\nElinizde olmayan nedenlerden dolay\u0131 yorucu ko\u015fullar alt\u0131na girebilirsiniz.\nKabullenme i\u00e7ine girece\u011finiz ko\u015fullar olu\u015fabilir.\n\u0130\u015fle ilgili s\u0131k\u0131\u015fmalar moralinizi bozabilir.Devam\u0131n\u0131 Oku Devam\u0131n\u0131 Oku",
    "article_html": "",
    "meta_description": "\u0130skender T\u00fcrk Mutfa\u011f\u0131'n\u0131n en lezzetli yemeklerinden biri. Peki hep restoranlarda yedi\u011fimiz \u0130skender'i evde yapmaya ne dersiniz? Siz de \u0130skender nas\u0131l yap\u0131l\u0131r merak ediyorsan\u0131z ev yap\u0131m\u0131 \u0130skender kebap tarifimize bay\u0131lacaks\u0131n\u0131z! \u0130\u015fte ev yap\u0131m\u0131 \u0130skender tarifi...",
    "meta_lang": "tr"
}