{
    "article_id": "17b6b5d13d48a7c852bc6f0e20513586.1589925618.498484",
    "title": "e-Devlet 1000 TL yard\u0131m ba\u015fvurusu sonucu sorgulama ekran\u0131, nas\u0131l al\u0131n\u0131r? Pandemi sosyal yard\u0131m paras\u0131 ba\u015fvurusu nas\u0131l ve nereden yap\u0131l\u0131r?",
    "authors": [],
    "canonical_link": "https://www.milliyet.com.tr/ekonomi/e-devlet-1000-tl-yardim-basvurusu-sonuclari-sorgulama-ekrani-sosyal-yardim-parasi-basvurusu-nasil-yapilir-6215453",
    "url": "http://milliyet.com.tr/ekonomi/e-devlet-1000-tl-yardim-basvurusu-sonuclari-sorgulama-ekrani-sosyal-yardim-parasi-basvurusu-nasil-yapilir-6215453",
    "top_img": "https://i2.milimaj.com/i/milliyet/75/0x0/5ec3915d5542841b38939653.jpg",
    "meta_img": "https://i2.milimaj.com/i/milliyet/75/0x0/5ec3915d5542841b38939653.jpg",
    "movies": [],
    "text": "1.ve 2. faz pandemi sosyal yard\u0131m \u00f6demeleri yap\u0131ld\u0131. 3.faz sosyal yard\u0131m paras\u0131 ba\u015fvurular\u0131 devam ediyor.1000 TL sosyal yard\u0131m paras\u0131 ba\u015fvurular\u0131 elektronik ortam \u00fczerinde ger\u00e7ekle\u015ftiriliyor. Ba\u015fvurular\u0131n nas\u0131l yap\u0131laca\u011f\u0131 ve sonu\u00e7lar\u0131n nas\u0131l sorgulanaca\u011f\u0131 merak ediliyor. Peki 1000 tl sosyal yard\u0131m ba\u015fvurusu e-Devlet'te nas\u0131l yap\u0131l\u0131r?\n\nSOSYAL YARDIM PARASI BA\u015eVURUSU NASIL YAPILIR?\n\nAile \u00c7al\u0131\u015fma ve Sosyal Hizmetler Bakan\u0131 Zehra Z\u00fcmr\u00fct Sel\u00e7uk, Twitter hesab\u0131nda payla\u015f\u0131m yapt\u0131.\n\nBakan Sel\u00e7uk'un yapt\u0131\u011f\u0131 payla\u015f\u0131mda, Sosyal Destek Program\u0131na T.C. kimlik numaras\u0131n\u0131n son hanesi \"0\" olanlar\u0131n pazartesi, \"2\" olanlar\u0131n sal\u0131, \"4\" olanlar\u0131n \u00e7ar\u015famba, \"6\" olanlar\u0131n per\u015fembe ve \"8\" olanlar\u0131n cuma g\u00fcn\u00fc ba\u015fvuru yapabilece\u011fini belirtti. Bakan Sel\u00e7uk yapt\u0131\u011f\u0131 a\u00e7\u0131klamada cumartesi ve pazar g\u00fcnleri ise s\u0131n\u0131rlama olmaks\u0131z\u0131n herkesin ba\u015fvurabilece\u011fini aktard\u0131.\n\nSOSYAL DESTEK \u00d6N BA\u015eVURUSU \u0130\u00c7\u0130N TIKLAYINIZ!\n\nSOSYAL YARDIM PARASI SORGULAMASI NASIL YAPILIR?\n\nSosyal Yard\u0131m Bilgileri Sorgulama ekran\u0131na e-Devlet \u00fczerinden giri\u015f sa\u011flanabiliyor.\n\nSOSYAL YARDIM B\u0130LG\u0130LER\u0130 SORGULAMA EKRANI \u0130\u00c7\u0130N TIKLAYINIZ!",
    "keywords": [
        "paras\u0131",
        "olanlar\u0131n",
        "sosyal",
        "sorgulama",
        "nas\u0131l",
        "tl",
        "yapt\u0131\u011f\u0131",
        "yard\u0131m",
        "ve",
        "ba\u015fvurusu",
        "yardim",
        "yap\u0131l\u0131r",
        "sonucu"
    ],
    "meta_keywords": [
        ""
    ],
    "publish_date": null,
    "summary": "1.ve 2. faz pandemi sosyal yard\u0131m \u00f6demeleri yap\u0131ld\u0131.\n3.faz sosyal yard\u0131m paras\u0131 ba\u015fvurular\u0131 devam ediyor.1000 TL sosyal yard\u0131m paras\u0131 ba\u015fvurular\u0131 elektronik ortam \u00fczerinde ger\u00e7ekle\u015ftiriliyor.\nBa\u015fvurular\u0131n nas\u0131l yap\u0131laca\u011f\u0131 ve sonu\u00e7lar\u0131n nas\u0131l sorgulanaca\u011f\u0131 merak ediliyor.\nPeki 1000 tl sosyal yard\u0131m ba\u015fvurusu e-Devlet'te nas\u0131l yap\u0131l\u0131r?\nSOSYAL YARDIM PARASI BA\u015eVURUSU NASIL YAPILIR?\nAile \u00c7al\u0131\u015fma ve Sosyal Hizmetler Bakan\u0131 Zehra Z\u00fcmr\u00fct Sel\u00e7uk, Twitter hesab\u0131nda payla\u015f\u0131m yapt\u0131.\nBakan Sel\u00e7uk'un yapt\u0131\u011f\u0131 payla\u015f\u0131mda, Sosyal Destek Program\u0131na T.C.\nkimlik numaras\u0131n\u0131n son hanesi \"0\" olanlar\u0131n pazartesi, \"2\" olanlar\u0131n sal\u0131, \"4\" olanlar\u0131n \u00e7ar\u015famba, \"6\" olanlar\u0131n per\u015fembe ve \"8\" olanlar\u0131n cuma g\u00fcn\u00fc ba\u015fvuru yapabilece\u011fini belirtti.\nBakan Sel\u00e7uk yapt\u0131\u011f\u0131 a\u00e7\u0131klamada cumartesi ve pazar g\u00fcnleri ise s\u0131n\u0131rlama olmaks\u0131z\u0131n herkesin ba\u015fvurabilece\u011fini aktard\u0131.\nSOSYAL DESTEK \u00d6N BA\u015eVURUSU \u0130\u00c7\u0130N TIKLAYINIZ!\nSOSYAL YARDIM PARASI SORGULAMASI NASIL YAPILIR?\nSosyal Yard\u0131m Bilgileri Sorgulama ekran\u0131na e-Devlet \u00fczerinden giri\u015f sa\u011flanabiliyor.\nSOSYAL YARDIM B\u0130LG\u0130LER\u0130 SORGULAMA EKRANI \u0130\u00c7\u0130N TIKLAYINIZ!",
    "article_html": "",
    "meta_description": "Son Haberler - D\u00fcnyaya yay\u0131lan corona vir\u00fcs\u00fcn ekonomik etki yaratmamas\u0131 i\u00e7in ihtiya\u00e7 sahiplerine 1000 TL sosyal yard\u0131m paras\u0131 \u00f6deniyor. Sosyal yard\u0131m ba\u015fvurusu e-Devlet'te yap\u0131labiliyor. Ba\u015fvurular T.C kimlik numaras\u0131n\u0131n son hanesine g\u00f6re ba\u015fvuru g\u00fcnleri bulunuyor. Peki  Sosyal yard\u0131m paras\u0131 ba\u015fvurusu nas\u0131l yap\u0131l\u0131r? \u0130\u015fte 1000 TL sosyal yard\u0131m paras\u0131 sorgulama ekran\u0131...",
    "meta_lang": "tr"
}