{
    "article_id": "17f97b1f2fc46a821b7f6d9c9428e09a.1589925619.3647885",
    "title": "Temel ihtiya\u00e7 kredisi ba\u015fvuru sorgulama Ziraat - Vak\u0131fbank - Halkbank sonu\u00e7lar\u0131 | 6 Ay geri \u00f6demesiz, d\u00fc\u015f\u00fck faizli, 10.000 TL kredi",
    "authors": [],
    "canonical_link": "https://www.milliyet.com.tr/ekonomi/10-bin-tl-bireysel-temel-ihtiyac-destek-kredisi-basvuru-ekrani-temel-ihtiyac-kredisi-basvuru-sorgulama-ziraat-vakifbank-halkbank-sonuclari-6215415",
    "url": "http://milliyet.com.tr/ekonomi/10-bin-tl-bireysel-temel-ihtiyac-destek-kredisi-basvuru-ekrani-temel-ihtiyac-kredisi-basvuru-sorgulama-ziraat-vakifbank-halkbank-sonuclari-6215415",
    "top_img": "https://i2.milimaj.com/i/milliyet/75/0x0/5ec3845f55427f162c98178b.jpg",
    "meta_img": "https://i2.milimaj.com/i/milliyet/75/0x0/5ec3845f55427f162c98178b.jpg",
    "movies": [],
    "text": "Corona vir\u00fcs salg\u0131n\u0131 nedeniyle ekonomik anlamda olumsuz etkilenen vatanda\u015flara sunulan Temel ihtiya\u00e7 kredisi ba\u015fvurular\u0131 ba\u015flad\u0131\u011f\u0131 g\u00fcnden bu yana yo\u011fun ilgi g\u00f6rmeye devam ediyor. 6 Ay ger \u00f6demesiz, d\u00fc\u015f\u00fck faizli temel ihtiya\u00e7 kredisine ba\u015fvuru nas\u0131l yap\u0131l\u0131r? Temel ihtiya\u00e7 kredisi ba\u015fvuru sorgulama Ziraat - Vak\u0131fbank - Halkbank sonu\u00e7lar\u0131 nereden \u00f6\u011frenilir? Temel ihtiya\u00e7 kredisine dair bilinmesi gerekenleri haberimizde derledik. \u00dc\u00e7 ayr\u0131 bankan\u0131n sa\u011flad\u0131\u011f\u0131 ve \u00fc\u00e7 ayr\u0131 banka \u00fczerinden sorgulanan ba\u015fvuru i\u015flemleri sab\u0131rs\u0131zl\u0131kla ara\u015ft\u0131r\u0131l\u0131yor. \u0130\u015fte Ziraat Bankas\u0131, Vak\u0131fbank, Halkbank resmi interner siteleri \u00fczerinde yer alan 10 bin TL bireysel temel ihtiya\u00e7 kredisi ba\u015fvuru bilgilerine haberimizde yer verdik.\n\n10 B\u0130N TL B\u0130REYSEL TEMEL \u0130HT\u0130YA\u00c7 KRED\u0130S\u0130 BA\u015eVURUSU NASIL YAPILIR?\n\nZ\u0130RAAT BANKASI\n\nKRED\u0130M\u0130 NASIL KULLANAB\u0130L\u0130R\u0130M?\n\n\u0130nternet \u015fube veya Ziraat mobil uygulamam\u0131zdan Ba\u015fvurular-Ba\u015fvuru Takip-\u00dcr\u00fcn Ba\u015fvurular\u0131 ekran\u0131 arac\u0131l\u0131\u011f\u0131 ile kredinizi her zaman kullanabilirsiniz.\n\nBankkart\u0131n\u0131z ve kart \u015fifreniz varsa https://bireysel.ziraatbank.com.tr(Bu sayfa yeni pencerede a\u00e7\u0131lacakt\u0131r) adresinden ya da Ziraat Mobil uygulamam\u0131zdan \"Hemen Ba\u015fvur\" se\u00e7ene\u011fi ile parolan\u0131z\u0131 olu\u015fturabilir, Ba\u015fvurular-Ba\u015fvuru Takip-\u00dcr\u00fcn Ba\u015fvurular\u0131 ekran\u0131 arac\u0131l\u0131\u011f\u0131 ile kredinizi her zaman kullanabilirsiniz.\n\nBankkart\u0131n\u0131z ve kart \u015fifreniz yoksa kredinizi kullanmak i\u00e7in Bankkart\u0131n\u0131z ve kart \u015fifreniz yoksa kredinizi kullanmak i\u00e7int\u0131klay\u0131n\u0131z(Bu sayfa yeni pencerede a\u00e7\u0131lacakt\u0131r).\n\nKredinizi ATM'lerimizden Bankkart\u0131n\u0131zla veya Bankkart\u0131n\u0131z yoksa \"Karts\u0131z \u0130\u015flemler-Di\u011fer \u0130\u015flemler-\u0130htiya\u00e7 Destek Kredi \u00d6demesi\" se\u00e7ene\u011finden diledi\u011finiz zaman alabilirsiniz.\n\nBA\u015eVURU \u0130\u00c7\u0130N TIKLAYINIZ\n\n\n\nKRED\u0130 BA\u015eVURUM HANG\u0130 A\u015eAMADA?\n\nKredi Ba\u015fvurunuzun g\u00fcncel durumunu Internet \u015eube, Ziraat Mobil uygulamas\u0131 ve https://www.ziraatbank.com.tr/tr/bireysel/basvurular/bireysel-kredi-basvurulari/ihtiyac-destek-kredisi-kullandirim(Bu sayfa yeni pencerede a\u00e7\u0131lacakt\u0131r) adresinden takip edebiliriniz.\n\nBA\u015eVURU SORGULAMA \u0130\u00c7\u0130N TIKLAYINIZ\n\n\n\nKRED\u0130 HAKKINDA GENEL B\u0130LG\u0130LER NELERD\u0130R?\n\nK\u00fcresel \u00f6l\u00e7ekte ya\u015fanan ve \u00fclkemizi de etkileyen COVID-19 salg\u0131n\u0131n\u0131n ekonomik hayata, \u00fcretim ve istihdama ili\u015fkin olas\u0131 hasarlar\u0131n\u0131 en aza indirme hedefiyle uygulamaya al\u0131nan \"Ekonomik \u0130stikrar Kalkan\u0131\" tedbirleri do\u011frultusunda Ziraat Bankas\u0131 olarak hane halk\u0131 geliri ayl\u0131k 5.000,-TL ve alt\u0131nda olan bireysel m\u00fc\u015fterilerimizi finansal a\u00e7\u0131dan desteklemek i\u00e7in yeni bir kredi uygulamas\u0131 ba\u015flat\u0131yoruz.\n\nTemel ihtiya\u00e7lar\u0131n\u0131 uygun \u015fartlarda finanse edebilmeleri amac\u0131yla Bireysel M\u00fc\u015fterilerimiz;\n\n10.000,-TL'ye kadar,\n\n6 ay\u0131 \u00f6demesiz d\u00f6nemli, 36 ay vadeli,\n\nAyl\u0131k E\u015fit Taksitli,\n\nKredi kullanabilecektir.\n\nBireysel \u0130htiya\u00e7 Destek Kredisine ba\u015fvurmak i\u00e7in hemen t\u0131klay\u0131n\u0131z(Bu sayfa yeni pencerede a\u00e7\u0131lacakt\u0131r).\n\n\u00d6rnek \u00d6deme Tablosu;\n\nVAKIFBANK\n\nEkonomik \u0130stikrar Kalkan\u0131 kapsam\u0131nda orta ve d\u00fc\u015f\u00fck gelir grubunda yer alan m\u00fc\u015fterilerimize finansman deste\u011fi sa\u011flamak i\u00e7in haz\u0131rlanan \u201cBireysel Temel \u0130htiya\u00e7 Destek Kredisi\u201d kampanyas\u0131 Vak\u0131fBank\u2019ta.\n\nKredinin \u00d6zellikleri Nelerdir?\n\n10.000 TL\u2019ye kadar,\n\n6 ay\u0131 \u00f6demesiz olacak \u015fekilde, 36 aya kadar vadeli,\n\nAyl\u0131k e\u015fit taksitli,\n\nAyl\u0131k %0,49 faiz oran\u0131na sahip olacakt\u0131r.\n\nKimler Faydalanabilir?\n\nBireysel Temel \u0130htiya\u00e7 Destek Kredisi kampanyas\u0131ndan hane halk\u0131 geliri 5.000 TL ve alt\u0131nda olan bireysel m\u00fc\u015fteriler faydalanabilecektir.\n\nBireysel Temel \u0130htiya\u00e7 Destek Kredisine nas\u0131l ba\u015fvurabilirim?\n\n\n\nBireysel Temel \u0130htiya\u00e7 Destek Kredisi kampanyas\u0131na hemen ba\u015fvuru yapmak i\u00e7in t\u0131klay\u0131n\u0131z.\n\nBa\u015fvurumun Sonucunu Nas\u0131l \u00d6\u011frenebilirim?\n\n\n\nKredi kullanabilmeniz i\u00e7in \u00f6ncelikle taraf\u0131n\u0131za mutlaka onay SMS\u2019i gelmesi gerekmektedir.\n\nOnay mesaj\u0131n\u0131z\u0131 ald\u0131ktan sonra, \u015fubeye gitmeden a\u015fa\u011f\u0131daki ad\u0131mlar\u0131 takip ederek Vak\u0131fBank Mobil ve \u0130nternet Bankac\u0131l\u0131\u011f\u0131 \u00fczerinden kredinizi kullanabilirsiniz.\n\nBA\u015eVURU \u0130\u00c7\u0130N TIKLAYINIZ\n\n\n\nBA\u015eVURU SORGULAMA \u0130\u00c7\u0130N TIKLAYINIZ\n\n\n\nKredinizi Kullanmak \u0130\u00e7in;\n\nVak\u0131fBank Mobil\u2019den Ba\u015fvurular>\u0130htiya\u00e7 Kredisi Ba\u015fvurusu men\u00fcs\u00fcnden Kredi Tipi olarak 6 Ay \u00d6demesiz D\u00f6nemli Destek Kredisi se\u00e7erek kullanabilirsiniz.\n\n\u0130nternet Bankac\u0131l\u0131\u011f\u0131ndan Ba\u015fvurular>\u0130htiya\u00e7 Kredisi Ba\u015fvurusu men\u00fcs\u00fcnden Kredi Tipi olarak 6 Ay \u00d6demesiz D\u00f6nemli Destek Kredisi se\u00e7erek kullanabilirsiniz.\n\nKredinizi Almak \u0130\u00e7in;\n\nKredi tutar\u0131n\u0131z\u0131, \u015eubeye gitmeden Vak\u0131fBank ATM\u2019leri \u00fczerinden kartla hemen \u00e7ekebilirsiniz. Kart\u0131n\u0131z yoksa Vak\u0131fBank Mobil\u2019de yer alan QR \u0130\u015flemlerini kullanarak ATM ye dokunmadan da paran\u0131z\u0131 \u00e7ekebilirsiniz.\n\nHALKBANK\n\nHassas g\u00fcnlerden ge\u00e7ti\u011fimiz bu d\u00f6nemde devreye al\u0131nan \u201cEkonomik \u0130stikrar Kalkan\u0131\u201d tedbirleri kapsam\u0131nda; hane halk\u0131 ayl\u0131k geliri 5.000 TL\u2019nin alt\u0131nda olan m\u00fc\u015fterilerimizin g\u0131da, sa\u011fl\u0131k, kira, fatura \u00f6demeleri (elektrik, su, do\u011falgaz vb.) gibi temel ihtiya\u00e7lar\u0131n\u0131n finansman\u0131n\u0131 sa\u011flamak amac\u0131yla, ayl\u0131k %0,49 faiz oran\u0131 ile 6 ay \u00f6demesiz d\u00f6nemli, 36 aya varan vade se\u00e7enekleriyle 10.000 TL'ye kadar Bireysel Temel \u0130htiya\u00e7 Destek Kredisi hizmete sunulmu\u015ftur.\n\nTutar ve \u00d6deme Ko\u015fullar\u0131\n\n\n\nDilerseniz; 10.000 TL\u2019ye kadar kredinizi ayl\u0131k %0,49 faiz oran\u0131 ve 36 aya varan vade se\u00e7enekleriyle kullanabilirsiniz.\n\nKredi \u00f6demelerinizi; 6 ay \u00f6demesiz d\u00f6nemli olarak yapabilirsiniz.\n\nahsis \u00fccretli bir kredidir (Binde 5). Kulland\u0131r\u0131lacak kredilerde tahsis \u00fccretine ilave olarak, kefalet tutar\u0131 \u00fczerinden binde 7,5 komisyon tahsil edilerek Kredi Garanti fonuna \u00f6denmektedir. Toplamda bir defaya mahsus olmak \u00fczere, kredi kulland\u0131r\u0131m esnas\u0131nda %1,10 oran\u0131nda komisyon tahsil edilmi\u015f olur.\n\nNas\u0131l Faydalanabilirim?\n\nBireysel Temel \u0130htiya\u00e7 Destek Kredisi\u2019nden hane halk\u0131 ayl\u0131k geliri (ayn\u0131 evde ya\u015fayan e\u015f ve \u00e7ocuk) 5.000 TL ve alt\u0131nda olan \u00fccretliler, asgari \u00fccretliler, emekliler, serbest meslek mensubu olan m\u00fc\u015fterilerimiz yararlanabilecektir.\n\nKamu bankalar\u0131n\u0131n sadece birinden ba\u015fvuru yap\u0131labilecektir. Ayn\u0131 hane i\u00e7erisinden ise sadece bir ki\u015fi ba\u015fvuruda bulunabilecektir.\n\nKredi talebinizin de\u011ferlendirilmesi i\u00e7in KGF (Kredi Garanti Fonu) ile ki\u015fisel verileriniz payla\u015f\u0131lacakt\u0131r. KVKK ayd\u0131nlatma metnine t\u0131klayarak ula\u015fabilirsiniz.\n\nBa\u015fvurular\u0131n\u0131z\u0131;\n\nHalkbank \u0130nternet \u015eubemize giri\u015f yaparak; Ba\u015fvuru\u00e0 Bireysel Kredi Ba\u015fvurusu\u00e0 Kredi T\u00fcr\u00fc: T\u00fcketici Kredisi\u00e0Kredi Alt T\u00fcr\u00fc: Bireysel Temel \u0130htiya\u00e7 Destek Kredisi ad\u0131mlar\u0131n\u0131 izleyerek ba\u015fvuruda bulunabilirsiniz.\n\n\n\nHalkbank Mobil \u015eubemize giri\u015f yaparak; Ba\u015fvuru\u00e0 Kredi Ba\u015fvurusu\u00e0 Kredi T\u00fcr\u00fc: T\u00fcketici Kredisi\u00e0 Kredi Alt T\u00fcr\u00fc: Bireysel Temel \u0130htiya\u00e7 Destek Kredisi ad\u0131mlar\u0131n\u0131 izleyerek ba\u015fvuruda bulunabilirsiniz.\n\n\n\n0850 222 0 400 Halkbank Dialog\u2019u arayarak Sesli yan\u0131t sisteminde \u00f6nceliklendirilmi\u015f i\u015flemler men\u00fcs\u00fcnde 2 numaral\u0131 Bireysel Temel \u0130htiya\u00e7 Destek Kredisini se\u00e7erek ba\u015fvuruda bulunabilirsiniz.\n\n\n\nBA\u015eVURU \u0130\u00c7\u0130N TIKLAYINIZ\n\n\n\n",
    "keywords": [
        "destek",
        "bireysel",
        "i\u00e7in",
        "sorgulama",
        "ihtiya\u00e7",
        "temel",
        "kredisi",
        "tl",
        "kredi",
        "sonu\u00e7lar\u0131",
        "ve",
        "i\u0307htiya\u00e7",
        "\u00f6demesiz",
        "ziraat",
        "vak\u0131fbank"
    ],
    "meta_keywords": [
        ""
    ],
    "publish_date": null,
    "summary": "Corona vir\u00fcs salg\u0131n\u0131 nedeniyle ekonomik anlamda olumsuz etkilenen vatanda\u015flara sunulan Temel ihtiya\u00e7 kredisi ba\u015fvurular\u0131 ba\u015flad\u0131\u011f\u0131 g\u00fcnden bu yana yo\u011fun ilgi g\u00f6rmeye devam ediyor.\n6 Ay ger \u00f6demesiz, d\u00fc\u015f\u00fck faizli temel ihtiya\u00e7 kredisine ba\u015fvuru nas\u0131l yap\u0131l\u0131r?\nTemel ihtiya\u00e7 kredisi ba\u015fvuru sorgulama Ziraat - Vak\u0131fbank - Halkbank sonu\u00e7lar\u0131 nereden \u00f6\u011frenilir?\nTemel ihtiya\u00e7 kredisine dair bilinmesi gerekenleri haberimizde derledik.\n\u00dc\u00e7 ayr\u0131 bankan\u0131n sa\u011flad\u0131\u011f\u0131 ve \u00fc\u00e7 ayr\u0131 banka \u00fczerinden sorgulanan ba\u015fvuru i\u015flemleri sab\u0131rs\u0131zl\u0131kla ara\u015ft\u0131r\u0131l\u0131yor.\n\u0130\u015fte Ziraat Bankas\u0131, Vak\u0131fbank, Halkbank resmi interner siteleri \u00fczerinde yer alan 10 bin TL bireysel temel ihtiya\u00e7 kredisi ba\u015fvuru bilgilerine haberimizde yer verdik.\n10 B\u0130N TL B\u0130REYSEL TEMEL \u0130HT\u0130YA\u00c7 KRED\u0130S\u0130 BA\u015eVURUSU NASIL YAPILIR?\nZ\u0130RAAT BANKASIKRED\u0130M\u0130 NASIL KULLANAB\u0130L\u0130R\u0130M?\n\u0130nternet \u015fube veya Ziraat mobil uygulamam\u0131zdan Ba\u015fvurular-Ba\u015fvuru Takip-\u00dcr\u00fcn Ba\u015fvurular\u0131 ekran\u0131 arac\u0131l\u0131\u011f\u0131 ile kredinizi her zaman kullanabilirsiniz.\nBankkart\u0131n\u0131z ve kart \u015fifreniz varsa https://bireysel.ziraatbank.com.tr(Bu sayfa yeni pencerede a\u00e7\u0131lacakt\u0131r) adresinden ya da Ziraat Mobil uygulamam\u0131zdan \"Hemen Ba\u015fvur\" se\u00e7ene\u011fi ile parolan\u0131z\u0131 olu\u015fturabilir, Ba\u015fvurular-Ba\u015fvuru Takip-\u00dcr\u00fcn Ba\u015fvurular\u0131 ekran\u0131 arac\u0131l\u0131\u011f\u0131 ile kredinizi her zaman kullanabilirsiniz.\nBankkart\u0131n\u0131z ve kart \u015fifreniz yoksa kredinizi kullanmak i\u00e7in Bankkart\u0131n\u0131z ve kart \u015fifreniz yoksa kredinizi kullanmak i\u00e7int\u0131klay\u0131n\u0131z(Bu sayfa yeni pencerede a\u00e7\u0131lacakt\u0131r).\nKredinizi ATM'lerimizden Bankkart\u0131n\u0131zla veya Bankkart\u0131n\u0131z yoksa \"Karts\u0131z \u0130\u015flemler-Di\u011fer \u0130\u015flemler-\u0130htiya\u00e7 Destek Kredi \u00d6demesi\" se\u00e7ene\u011finden diledi\u011finiz zaman alabilirsiniz.\nBA\u015eVURU \u0130\u00c7\u0130N TIKLAYINIZKRED\u0130 BA\u015eVURUM HANG\u0130 A\u015eAMADA?\nKredi Ba\u015fvurunuzun g\u00fcncel durumunu Internet \u015eube, Ziraat Mobil uygulamas\u0131 ve https://www.ziraatbank.com.tr/tr/bireysel/basvurular/bireysel-kredi-basvurulari/ihtiyac-destek-kredisi-kullandirim(Bu sayfa yeni pencerede a\u00e7\u0131lacakt\u0131r) adresinden takip edebiliriniz.\nBA\u015eVURU SORGULAMA \u0130\u00c7\u0130N TIKLAYINIZKRED\u0130 HAKKINDA GENEL B\u0130LG\u0130LER NELERD\u0130R?\nK\u00fcresel \u00f6l\u00e7ekte ya\u015fanan ve \u00fclkemizi de etkileyen COVID-19 salg\u0131n\u0131n\u0131n ekonomik hayata, \u00fcretim ve istihdama ili\u015fkin olas\u0131 hasarlar\u0131n\u0131 en aza indirme hedefiyle uygulamaya al\u0131nan \"Ekonomik \u0130stikrar Kalkan\u0131\" tedbirleri do\u011frultusunda Ziraat Bankas\u0131 olarak hane halk\u0131 geliri ayl\u0131k 5.000,-TL ve alt\u0131nda olan bireysel m\u00fc\u015fterilerimizi finansal a\u00e7\u0131dan desteklemek i\u00e7in yeni bir kredi uygulamas\u0131 ba\u015flat\u0131yoruz.\nTemel ihtiya\u00e7lar\u0131n\u0131 uygun \u015fartlarda finanse edebilmeleri amac\u0131yla Bireysel M\u00fc\u015fterilerimiz;10.000,-TL'ye kadar,6 ay\u0131 \u00f6demesiz d\u00f6nemli, 36 ay vadeli,Ayl\u0131k E\u015fit Taksitli,Kredi kullanabilecektir.\nBireysel \u0130htiya\u00e7 Destek Kredisine ba\u015fvurmak i\u00e7in hemen t\u0131klay\u0131n\u0131z(Bu sayfa yeni pencerede a\u00e7\u0131lacakt\u0131r).\n\u00d6rnek \u00d6deme Tablosu;VAKIFBANKEkonomik \u0130stikrar Kalkan\u0131 kapsam\u0131nda orta ve d\u00fc\u015f\u00fck gelir grubunda yer alan m\u00fc\u015fterilerimize finansman deste\u011fi sa\u011flamak i\u00e7in haz\u0131rlanan \u201cBireysel Temel \u0130htiya\u00e7 Destek Kredisi\u201d kampanyas\u0131 Vak\u0131fBank\u2019ta.\nKredinin \u00d6zellikleri Nelerdir?\n10.000 TL\u2019ye kadar,6 ay\u0131 \u00f6demesiz olacak \u015fekilde, 36 aya kadar vadeli,Ayl\u0131k e\u015fit taksitli,Ayl\u0131k %0,49 faiz oran\u0131na sahip olacakt\u0131r.\nKimler Faydalanabilir?\nBireysel Temel \u0130htiya\u00e7 Destek Kredisi kampanyas\u0131ndan hane halk\u0131 geliri 5.000 TL ve alt\u0131nda olan bireysel m\u00fc\u015fteriler faydalanabilecektir.\nBireysel Temel \u0130htiya\u00e7 Destek Kredisine nas\u0131l ba\u015fvurabilirim?\nBireysel Temel \u0130htiya\u00e7 Destek Kredisi kampanyas\u0131na hemen ba\u015fvuru yapmak i\u00e7in t\u0131klay\u0131n\u0131z.\nBa\u015fvurumun Sonucunu Nas\u0131l \u00d6\u011frenebilirim?\nKredi kullanabilmeniz i\u00e7in \u00f6ncelikle taraf\u0131n\u0131za mutlaka onay SMS\u2019i gelmesi gerekmektedir.\nOnay mesaj\u0131n\u0131z\u0131 ald\u0131ktan sonra, \u015fubeye gitmeden a\u015fa\u011f\u0131daki ad\u0131mlar\u0131 takip ederek Vak\u0131fBank Mobil ve \u0130nternet Bankac\u0131l\u0131\u011f\u0131 \u00fczerinden kredinizi kullanabilirsiniz.\nBA\u015eVURU \u0130\u00c7\u0130N TIKLAYINIZBA\u015eVURU SORGULAMA \u0130\u00c7\u0130N TIKLAYINIZKredinizi Kullanmak \u0130\u00e7in;Vak\u0131fBank Mobil\u2019den Ba\u015fvurular>\u0130htiya\u00e7 Kredisi Ba\u015fvurusu men\u00fcs\u00fcnden Kredi Tipi olarak 6 Ay \u00d6demesiz D\u00f6nemli Destek Kredisi se\u00e7erek kullanabilirsiniz.\n\u0130nternet Bankac\u0131l\u0131\u011f\u0131ndan Ba\u015fvurular>\u0130htiya\u00e7 Kredisi Ba\u015fvurusu men\u00fcs\u00fcnden Kredi Tipi olarak 6 Ay \u00d6demesiz D\u00f6nemli Destek Kredisi se\u00e7erek kullanabilirsiniz.\nKredinizi Almak \u0130\u00e7in;Kredi tutar\u0131n\u0131z\u0131, \u015eubeye gitmeden Vak\u0131fBank ATM\u2019leri \u00fczerinden kartla hemen \u00e7ekebilirsiniz.\nKart\u0131n\u0131z yoksa Vak\u0131fBank Mobil\u2019de yer alan QR \u0130\u015flemlerini kullanarak ATM ye dokunmadan da paran\u0131z\u0131 \u00e7ekebilirsiniz.\nHALKBANKHassas g\u00fcnlerden ge\u00e7ti\u011fimiz bu d\u00f6nemde devreye al\u0131nan \u201cEkonomik \u0130stikrar Kalkan\u0131\u201d tedbirleri kapsam\u0131nda; hane halk\u0131 ayl\u0131k geliri 5.000 TL\u2019nin alt\u0131nda olan m\u00fc\u015fterilerimizin g\u0131da, sa\u011fl\u0131k, kira, fatura \u00f6demeleri (elektrik, su, do\u011falgaz vb.)\ngibi temel ihtiya\u00e7lar\u0131n\u0131n finansman\u0131n\u0131 sa\u011flamak amac\u0131yla, ayl\u0131k %0,49 faiz oran\u0131 ile 6 ay \u00f6demesiz d\u00f6nemli, 36 aya varan vade se\u00e7enekleriyle 10.000 TL'ye kadar Bireysel Temel \u0130htiya\u00e7 Destek Kredisi hizmete sunulmu\u015ftur.\nTutar ve \u00d6deme Ko\u015fullar\u0131Dilerseniz; 10.000 TL\u2019ye kadar kredinizi ayl\u0131k %0,49 faiz oran\u0131 ve 36 aya varan vade se\u00e7enekleriyle kullanabilirsiniz.\nKredi \u00f6demelerinizi; 6 ay \u00f6demesiz d\u00f6nemli olarak yapabilirsiniz.\nahsis \u00fccretli bir kredidir (Binde 5).\nKulland\u0131r\u0131lacak kredilerde tahsis \u00fccretine ilave olarak, kefalet tutar\u0131 \u00fczerinden binde 7,5 komisyon tahsil edilerek Kredi Garanti fonuna \u00f6denmektedir.\nToplamda bir defaya mahsus olmak \u00fczere, kredi kulland\u0131r\u0131m esnas\u0131nda %1,10 oran\u0131nda komisyon tahsil edilmi\u015f olur.\nNas\u0131l Faydalanabilirim?\nBireysel Temel \u0130htiya\u00e7 Destek Kredisi\u2019nden hane halk\u0131 ayl\u0131k geliri (ayn\u0131 evde ya\u015fayan e\u015f ve \u00e7ocuk) 5.000 TL ve alt\u0131nda olan \u00fccretliler, asgari \u00fccretliler, emekliler, serbest meslek mensubu olan m\u00fc\u015fterilerimiz yararlanabilecektir.\nKamu bankalar\u0131n\u0131n sadece birinden ba\u015fvuru yap\u0131labilecektir.\nAyn\u0131 hane i\u00e7erisinden ise sadece bir ki\u015fi ba\u015fvuruda bulunabilecektir.\nKredi talebinizin de\u011ferlendirilmesi i\u00e7in KGF (Kredi Garanti Fonu) ile ki\u015fisel verileriniz payla\u015f\u0131lacakt\u0131r.\nKVKK ayd\u0131nlatma metnine t\u0131klayarak ula\u015fabilirsiniz.\nBa\u015fvurular\u0131n\u0131z\u0131;Halkbank \u0130nternet \u015eubemize giri\u015f yaparak; Ba\u015fvuru\u00e0 Bireysel Kredi Ba\u015fvurusu\u00e0 Kredi T\u00fcr\u00fc: T\u00fcketici Kredisi\u00e0Kredi Alt T\u00fcr\u00fc: Bireysel Temel \u0130htiya\u00e7 Destek Kredisi ad\u0131mlar\u0131n\u0131 izleyerek ba\u015fvuruda bulunabilirsiniz.\nHalkbank Mobil \u015eubemize giri\u015f yaparak; Ba\u015fvuru\u00e0 Kredi Ba\u015fvurusu\u00e0 Kredi T\u00fcr\u00fc: T\u00fcketici Kredisi\u00e0 Kredi Alt T\u00fcr\u00fc: Bireysel Temel \u0130htiya\u00e7 Destek Kredisi ad\u0131mlar\u0131n\u0131 izleyerek ba\u015fvuruda bulunabilirsiniz.\n0850 222 0 400 Halkbank Dialog\u2019u arayarak Sesli yan\u0131t sisteminde \u00f6nceliklendirilmi\u015f i\u015flemler men\u00fcs\u00fcnde 2 numaral\u0131 Bireysel Temel \u0130htiya\u00e7 Destek Kredisini se\u00e7erek ba\u015fvuruda bulunabilirsiniz.\nBA\u015eVURU \u0130\u00c7\u0130N TIKLAYINIZ",
    "article_html": "",
    "meta_description": "Son Haberler - Temel ihtiya\u00e7 kredisi ba\u015fvuru sorgulama aramas\u0131 ilgiyle devam ediyor. Hangi banka kredisinden yararlanan vatanda\u015flar, o bankan\u0131n resmi internet sitesi \u00fczerinde yer alan ba\u015fvuru yap ve ba\u015fvuru sorgula linklerini ara\u015ft\u0131r\u0131yor. Temel ihtiya\u00e7 kredisi ba\u015fvuru sorgulama Ziraat - Vak\u0131fbank - Halkbank sonu\u00e7lar\u0131 yo\u011fun ilgi g\u00f6r\u00fcyor.  Peki ba\u015fvuru yapmak isteyenler nas\u0131l ba\u015fvuruda bulunabilecek? \u0130\u015fte 10 Bin TL ihtiya\u00e7 destek kredisi ba\u015fvuru sayfas\u0131...",
    "meta_lang": "tr"
}