{
    "article_id": "6bd16beb479c40febfa96d61b8e77682.1589925626.9245045",
    "title": "15 ilde seyahat yasa\u011f\u0131 olan iller hangileri, yasak ne zaman bitiyor? \u015eehirler aras\u0131 seyahat yasa\u011f\u0131 ne zamana kadar uzat\u0131ld\u0131?",
    "authors": [],
    "canonical_link": "https://www.milliyet.com.tr/gundem/15-ilde-seyahat-yasagi-ne-zaman-bitiyor-sehirler-arasi-seyahat-yasagi-ne-zaman-kadar-uzatildi-6215407",
    "url": "http://milliyet.com.tr/gundem/15-ilde-seyahat-yasagi-ne-zaman-bitiyor-sehirler-arasi-seyahat-yasagi-ne-zaman-kadar-uzatildi-6215407",
    "top_img": "https://i2.milimaj.com/i/milliyet/75/0x0/5ec3814a5542841b38939624.jpg",
    "meta_img": "https://i2.milimaj.com/i/milliyet/75/0x0/5ec3814a5542841b38939624.jpg",
    "movies": [],
    "text": "D\u00fcn Kabine Toplant\u0131s\u0131 ger\u00e7ekle\u015ftiirildi. Tarabya'daki Huber K\u00f6\u015fk\u00fc'nde yap\u0131lan Kabine Toplant\u0131s\u0131 sonras\u0131nda Cumhurba\u015fkan\u0131 Recep Tayyip Erdo\u011fan, \u00f6nemli a\u00e7\u0131klamalar yapt\u0131. Cumhurba\u015fkan\u0131 Erdo\u011fan, seyahat yasa\u011f\u0131 ile ilgili yeni durumu payla\u015ft\u0131. Peki Peki 15 ilde seyahat yasa\u011f\u0131 ne zaman bitiyor?\n\nCumhurba\u015fkan\u0131 Recep Tayyip Erdo\u011fan kabine toplant\u0131s\u0131 sonras\u0131 yeni corona vir\u00fcs tedbirlerini a\u00e7\u0131klad\u0131\n\nSEYAHAT YASA\u011eI NE ZAMAN B\u0130T\u0130YOR?\n\nCumhurba\u015fkan\u0131 Erdo\u011fan, seyahat k\u0131s\u0131tlamas\u0131 ile ilgili \u015fu ifadeleri kulland\u0131;\n\n\"15 ilimiz i\u00e7in ge\u00e7erli olan \u015fehirler aras\u0131 seyahat k\u0131s\u0131tlamas\u0131, 15 g\u00fcn s\u00fcreyle uzat\u0131lm\u0131\u015ft\u0131r.\"\n\n\u0130\u00c7\u0130\u015eLER\u0130 81 \u0130L VAL\u0130L\u0130\u011e\u0130NE G\u00d6NDERD\u0130\n\nGelinen noktada d\u00fcn yap\u0131lan Cumhurba\u015fkan\u0131 Recep Tayyip Erdo\u011fan ba\u015fkanl\u0131\u011f\u0131ndaki kabine toplant\u0131s\u0131nda b\u00fcy\u00fck\u015fehir stat\u00fcs\u00fcndeki 14 il ile Zonguldak iline giri\u015f/\u00e7\u0131k\u0131\u015f k\u0131s\u0131tlamas\u0131na y\u00f6nelik al\u0131nan/al\u0131nacak tedbirlerin de\u011ferlendirildi\u011fi kaydedildi. Yap\u0131lan de\u011ferlendirmeler sonucunda \u015fehir giri\u015f-\u00e7\u0131k\u0131\u015f k\u0131s\u0131tlamas\u0131 uygulanan 15 ilde Bilim Kurulunun \u00f6nerileri do\u011frultusunda uygulaman\u0131n devam edilmesi y\u00f6n\u00fcnde karar verildi\u011fi belirtildi.\n\nBu kapsamda, daha \u00f6nceki genelgelerle \u00e7izilen \u00e7er\u00e7evede ilgili Valilerce, \u0130l \u0130daresi Kanunu\u2019nun 11/C maddesi ile Umumi H\u0131fz\u0131ss\u0131hha Kanununun 27 nci ve 72 nci maddeleri uyar\u0131nca a\u015fa\u011f\u0131da belirtilen tedbir kararlar\u0131n\u0131n belirtildi:\n\nSEYAHAT YASA\u011eI UZATILAN \u0130LLER HANG\u0130LER\u0130?\n\nB\u00fcy\u00fck\u015fehir stat\u00fcs\u00fcndeki Ankara, Bal\u0131kesir, Bursa, Eski\u015fehir, Gaziantep, \u0130stanbul, \u0130zmir, Kayseri, Kocaeli, Konya, Manisa, Sakarya, Samsun, Van illeri ile Zonguldak ili olmak \u00fczere toplam 15 il s\u0131n\u0131rlar\u0131ndan kara, hava ve deniz yolu ile (toplu ula\u015f\u0131m arac\u0131, \u00f6zel ara\u00e7 vb.) yap\u0131lacak t\u00fcm giri\u015f/\u00e7\u0131k\u0131\u015flar 15 g\u00fcnl\u00fck s\u00fcreyle 19 May\u0131s 2020 Sal\u0131 g\u00fcn\u00fc saat 24.00'dan 03 Haziran 2020 \u00c7ar\u015famba g\u00fcn\u00fc saat 24.00\u2019a kadar ge\u00e7ici olarak durdurulacak. Bu illerimizde ya\u015fayan/bulunan t\u00fcm vatanda\u015flar\u0131n belirtilen s\u00fcre boyunca illerinde kalmalar\u0131 esas olacak. \u015eehir giri\u015f-\u00e7\u0131k\u0131\u015f k\u0131s\u0131tlamas\u0131na y\u00f6nelik daha \u00f6nceki genelgelerle belirlenen usul, esas ve istisnalar bu genelge ile getirilen k\u0131s\u0131tlama d\u00f6nemi i\u00e7in de ge\u00e7erli olacak.\n\nS\u00f6z konusu tedbirlere ili\u015fkin valiler taraf\u0131ndan ilgili mevzuat uyar\u0131nca gerekli kararlar\u0131n ivedilikle al\u0131nmas\u0131, uygulamada herhangi bir aksakl\u0131\u011fa meydan verilmemesi istendi. Al\u0131nan kararlara uymayan vatanda\u015flara Umumi H\u0131fz\u0131ss\u0131hha Kanununun 282\u2019nci maddesi gere\u011fince idari para cezas\u0131 verilecek. Ayk\u0131r\u0131l\u0131\u011f\u0131n durumuna g\u00f6re Kanunun ilgili maddeleri gere\u011fince i\u015flem yap\u0131lacak, konusu su\u00e7 te\u015fkil eden davran\u0131\u015flara ili\u015fkin T\u00fcrk Ceza Kanununun 195\u2019 inci maddesi kapsam\u0131nda gerekli adli i\u015flemler ba\u015flat\u0131lacak.",
    "keywords": [
        "erdo\u011fan",
        "seyahat",
        "\u015fehirler",
        "ne",
        "yasa\u011f\u0131",
        "yasak",
        "15",
        "yap\u0131lan",
        "kanununun",
        "toplant\u0131s\u0131",
        "olan",
        "ilgili",
        "uzat\u0131ld\u0131",
        "ve",
        "zaman",
        "ile",
        "kabine",
        "zamana",
        "kadar"
    ],
    "meta_keywords": [
        ""
    ],
    "publish_date": null,
    "summary": "D\u00fcn Kabine Toplant\u0131s\u0131 ger\u00e7ekle\u015ftiirildi.\nTarabya'daki Huber K\u00f6\u015fk\u00fc'nde yap\u0131lan Kabine Toplant\u0131s\u0131 sonras\u0131nda Cumhurba\u015fkan\u0131 Recep Tayyip Erdo\u011fan, \u00f6nemli a\u00e7\u0131klamalar yapt\u0131.\nCumhurba\u015fkan\u0131 Erdo\u011fan, seyahat yasa\u011f\u0131 ile ilgili yeni durumu payla\u015ft\u0131.\nPeki Peki 15 ilde seyahat yasa\u011f\u0131 ne zaman bitiyor?\nCumhurba\u015fkan\u0131 Recep Tayyip Erdo\u011fan kabine toplant\u0131s\u0131 sonras\u0131 yeni corona vir\u00fcs tedbirlerini a\u00e7\u0131klad\u0131SEYAHAT YASA\u011eI NE ZAMAN B\u0130T\u0130YOR?\nCumhurba\u015fkan\u0131 Erdo\u011fan, seyahat k\u0131s\u0131tlamas\u0131 ile ilgili \u015fu ifadeleri kulland\u0131;\"15 ilimiz i\u00e7in ge\u00e7erli olan \u015fehirler aras\u0131 seyahat k\u0131s\u0131tlamas\u0131, 15 g\u00fcn s\u00fcreyle uzat\u0131lm\u0131\u015ft\u0131r.\"\n\u0130\u00c7\u0130\u015eLER\u0130 81 \u0130L VAL\u0130L\u0130\u011e\u0130NE G\u00d6NDERD\u0130Gelinen noktada d\u00fcn yap\u0131lan Cumhurba\u015fkan\u0131 Recep Tayyip Erdo\u011fan ba\u015fkanl\u0131\u011f\u0131ndaki kabine toplant\u0131s\u0131nda b\u00fcy\u00fck\u015fehir stat\u00fcs\u00fcndeki 14 il ile Zonguldak iline giri\u015f/\u00e7\u0131k\u0131\u015f k\u0131s\u0131tlamas\u0131na y\u00f6nelik al\u0131nan/al\u0131nacak tedbirlerin de\u011ferlendirildi\u011fi kaydedildi.\nYap\u0131lan de\u011ferlendirmeler sonucunda \u015fehir giri\u015f-\u00e7\u0131k\u0131\u015f k\u0131s\u0131tlamas\u0131 uygulanan 15 ilde Bilim Kurulunun \u00f6nerileri do\u011frultusunda uygulaman\u0131n devam edilmesi y\u00f6n\u00fcnde karar verildi\u011fi belirtildi.\nBu kapsamda, daha \u00f6nceki genelgelerle \u00e7izilen \u00e7er\u00e7evede ilgili Valilerce, \u0130l \u0130daresi Kanunu\u2019nun 11/C maddesi ile Umumi H\u0131fz\u0131ss\u0131hha Kanununun 27 nci ve 72 nci maddeleri uyar\u0131nca a\u015fa\u011f\u0131da belirtilen tedbir kararlar\u0131n\u0131n belirtildi:SEYAHAT YASA\u011eI UZATILAN \u0130LLER HANG\u0130LER\u0130?\nB\u00fcy\u00fck\u015fehir stat\u00fcs\u00fcndeki Ankara, Bal\u0131kesir, Bursa, Eski\u015fehir, Gaziantep, \u0130stanbul, \u0130zmir, Kayseri, Kocaeli, Konya, Manisa, Sakarya, Samsun, Van illeri ile Zonguldak ili olmak \u00fczere toplam 15 il s\u0131n\u0131rlar\u0131ndan kara, hava ve deniz yolu ile (toplu ula\u015f\u0131m arac\u0131, \u00f6zel ara\u00e7 vb.)\nyap\u0131lacak t\u00fcm giri\u015f/\u00e7\u0131k\u0131\u015flar 15 g\u00fcnl\u00fck s\u00fcreyle 19 May\u0131s 2020 Sal\u0131 g\u00fcn\u00fc saat 24.00'dan 03 Haziran 2020 \u00c7ar\u015famba g\u00fcn\u00fc saat 24.00\u2019a kadar ge\u00e7ici olarak durdurulacak.\nBu illerimizde ya\u015fayan/bulunan t\u00fcm vatanda\u015flar\u0131n belirtilen s\u00fcre boyunca illerinde kalmalar\u0131 esas olacak.\n\u015eehir giri\u015f-\u00e7\u0131k\u0131\u015f k\u0131s\u0131tlamas\u0131na y\u00f6nelik daha \u00f6nceki genelgelerle belirlenen usul, esas ve istisnalar bu genelge ile getirilen k\u0131s\u0131tlama d\u00f6nemi i\u00e7in de ge\u00e7erli olacak.\nS\u00f6z konusu tedbirlere ili\u015fkin valiler taraf\u0131ndan ilgili mevzuat uyar\u0131nca gerekli kararlar\u0131n ivedilikle al\u0131nmas\u0131, uygulamada herhangi bir aksakl\u0131\u011fa meydan verilmemesi istendi.\nAl\u0131nan kararlara uymayan vatanda\u015flara Umumi H\u0131fz\u0131ss\u0131hha Kanununun 282\u2019nci maddesi gere\u011fince idari para cezas\u0131 verilecek.\nAyk\u0131r\u0131l\u0131\u011f\u0131n durumuna g\u00f6re Kanunun ilgili maddeleri gere\u011fince i\u015flem yap\u0131lacak, konusu su\u00e7 te\u015fkil eden davran\u0131\u015flara ili\u015fkin T\u00fcrk Ceza Kanununun 195\u2019 inci maddesi kapsam\u0131nda gerekli adli i\u015flemler ba\u015flat\u0131lacak.",
    "article_html": "",
    "meta_description": "Son Dakika G\u00fcncel Haberler - Cumhurba\u015fkan\u0131 Recep Tayyip Erdo\u011fan, d\u00fcn Kabine Toplant\u0131s\u0131 sonras\u0131nda \u00f6nemli a\u00e7\u0131klamalarda bulundu. Cumhurba\u015fkan\u0131 Erdo\u011fan, seyahat yasa\u011f\u0131 ile ilgili konuya da de\u011findi. Vatanda\u015flar seyahat yasa\u011f\u0131 ile ilgili son durumu merak ediyorlar. Peki 15 ilde seyahat yasa\u011f\u0131 ne zaman bitiyor? \u015eehirler aras\u0131 seyahat yasa\u011f\u0131 ne zaman kadar uzat\u0131ld\u0131? \u0130\u015fte detaylar...",
    "meta_lang": "tr"
}