{
    "article_id": "5ff9b2eaf05d74dda116c08a69621bf0.1589925628.1732433",
    "title": "\u0130NSTAGRAM DONDURMA Linki 2020 - Instagram Hesap Dondurma (Ge\u00e7ici ve Kal\u0131c\u0131 Profili Durdurma Ekran\u0131)",
    "authors": [],
    "canonical_link": "https://www.milliyet.com.tr/gundem/instagram-dondurma-linki-2020-instagram-hesap-dondurma-gecici-ve-kalici-profili-durdurma-ekrani-6068467",
    "url": "http://milliyet.com.tr/gundem/instagram-dondurma-linki-2020-instagram-hesap-dondurma-gecici-ve-kalici-profili-durdurma-ekrani-6068467",
    "top_img": "https://i2.milimaj.com/i/milliyet/75/0x0/5db9b7ad55427e133050d5b8.gif",
    "meta_img": "https://i2.milimaj.com/i/milliyet/75/0x0/5db9b7ad55427e133050d5b8.gif",
    "movies": [],
    "text": "Fenomen foto\u011fraf ve video payla\u015f\u0131m uygulamas\u0131 Instagram ile ilgili en \u00e7ok merak edilen konulardan biri de, Instagram hesap dondurma ve silme nas\u0131l yap\u0131l\u0131r sorusunun cevab\u0131. Gerek mobil gerek masa\u00fcst\u00fcnden nas\u0131l Instagram hesaplar\u0131n\u0131 kapataca\u011f\u0131n\u0131 ara\u015ft\u0131ran vatanda\u015flar i\u00e7in Instagram hesap dondurma ve silme linkini derledik. \u0130\u015fte Instagram hesap silme ve ge\u00e7ici kapatma ekran\u0131 2020...\n\n\n\nGe\u00e7ici kapatma ekran\u0131\n\n\n\n\n\nKal\u0131c\u0131 olarak silme ekran\u0131\n\n\n\nINSTAGRAM DONDURMA \u0130\u015eLEM\u0130 (GE\u00c7\u0130C\u0130 KAPATMA)\n\nHesab\u0131n\u0131z\u0131 ge\u00e7ici olarak kapatt\u0131\u011f\u0131n\u0131zda profiliniz, foto\u011fraflar\u0131n\u0131z, yorumlar\u0131n\u0131z ve be\u011fenmeleriniz, tekrar giri\u015f yaparak hesab\u0131n\u0131z\u0131 yeniden etkinle\u015ftirene kadar gizlenir. Hesab\u0131n\u0131z\u0131 dondurmak i\u00e7in;\n\nINSTAGRAM DONDURMAK \u0130\u00c7\u0130N TIKLAYINIZ (GE\u00c7\u0130C\u0130 KAPATMA L\u0130NK\u0130)\n\n1. instagram.com'a bir mobil taray\u0131c\u0131dan veya bilgisayardan giri\u015f yap\u0131n. Instagram hesab\u0131n\u0131z\u0131 Instagram uygulamas\u0131n\u0131n i\u00e7inden ge\u00e7ici olarak kapatamazs\u0131n\u0131z.\n\n2. Sa\u011f \u00fcst k\u0131s\u0131mdaki simgesine dokunun veya t\u0131klay\u0131n ve Profili D\u00fczenle'yi se\u00e7in.\n\n3. Ekranda a\u015fa\u011f\u0131ya inin, sa\u011f alttaki Hesab\u0131m\u0131 ge\u00e7ici olarak kapat'a dokunun veya t\u0131klay\u0131n.\n\n4. Hesab\u0131n\u0131 neden kapat\u0131yorsun? sorusunun yan\u0131ndaki a\u00e7\u0131l\u0131r men\u00fcden bir se\u00e7im yap\u0131n ve \u015fifrenizi tekrar girin. Hesab\u0131n\u0131z\u0131 kapatma se\u00e7ene\u011fi, sadece men\u00fcden bir sebep se\u00e7ti\u011finizde g\u00f6r\u00fcn\u00fcr.\n\n5. Hesab\u0131 Ge\u00e7ici Olarak Kapat'a dokunun veya t\u0131klay\u0131n.Hesab\u0131n\u0131z\u0131 ge\u00e7ici olarak kapatmak i\u00e7in hesab\u0131n\u0131za giri\u015f yapabiliyor olman\u0131z gerekir. \u015eifrenizi veya kullan\u0131c\u0131 ad\u0131n\u0131z\u0131 hat\u0131rlayam\u0131yorsan\u0131z, giri\u015f yapmakla ilgili baz\u0131 ipu\u00e7lar\u0131na bakabilirsiniz.Hesab\u0131n\u0131z\u0131 kapatmak istemiyor ancak hesab\u0131n\u0131z\u0131 kimlerin g\u00f6rebildi\u011fini de\u011fi\u015ftirmek istiyorsan\u0131z, g\u00f6nderilerinizi gizli olarak ayarlayabilir veya ki\u015fileri engelleyebilirsiniz.\n\nINSTAGRAM DONDURMAK \u0130\u00c7\u0130N TIKLAYINIZ (GE\u00c7\u0130C\u0130 DONDURMA)\n\nINSTAGRAM HESAP S\u0130LME (KALICI KAPATMA)\n\nHesab\u0131n\u0131 Sil sayfas\u0131na gidin.\n\n\n\nInstagram internet sitesine giri\u015f yapmad\u0131ysan\u0131z, \u00f6ncelikle giri\u015f yapman\u0131z istenir. Hesab\u0131n\u0131z\u0131 Instagram uygulamas\u0131n\u0131n i\u00e7inden silemezsiniz.\n\nHesab\u0131n\u0131 neden siliyorsun? sorusunun yan\u0131ndaki a\u00e7\u0131l\u0131r men\u00fcden bir se\u00e7im yap\u0131n ve \u015fifrenizi tekrar girin. Hesab\u0131n\u0131z\u0131 kal\u0131c\u0131 olarak silme se\u00e7ene\u011fi, sadece men\u00fcden bir neden se\u00e7ti\u011finizde g\u00f6r\u00fcn\u00fcr.\n\nHesab\u0131m\u0131 kal\u0131c\u0131 olarak sil'e t\u0131klay\u0131n veya dokunun.\n\nFarkl\u0131 bir hesab\u0131 silmek istiyorsan\u0131z, Hesab\u0131n\u0131 Sil sayfas\u0131n\u0131n sa\u011f \u00fcst k\u00f6\u015fesindeki kullan\u0131c\u0131 ad\u0131na t\u0131klay\u0131n, kullan\u0131c\u0131 ad\u0131n\u0131n yan\u0131ndaki simgesine dokunun/t\u0131klay\u0131n ve \u00c7\u0131k\u0131\u015f Yap'\u0131 se\u00e7in. Silmek istedi\u011finiz hesapla tekrar giri\u015f yap\u0131n ve yukar\u0131daki talimatlar\u0131 izleyin.\n\nG\u00fcvenlik nedenleriyle, bir hesab\u0131 sizin i\u00e7in silemiyoruz. Hesab\u0131n\u0131z\u0131 silmek i\u00e7in hesab\u0131n\u0131za giri\u015f yapabiliyor olmal\u0131s\u0131n\u0131z. \u015eifrenizi veya kullan\u0131c\u0131 ad\u0131n\u0131z\u0131 hat\u0131rlayam\u0131yorsan\u0131z, giri\u015f yapmakla ilgili baz\u0131 ipu\u00e7lar\u0131na bakabilirsiniz.",
    "keywords": [
        "kal\u0131c\u0131",
        "linki",
        "hesab\u0131n\u0131z\u0131",
        "dondurma",
        "profili",
        "i\u0307nstagram",
        "olarak",
        "bir",
        "silme",
        "veya",
        "instagram",
        "giri\u015f",
        "ve",
        "ge\u00e7ici",
        "hesap",
        "\u015fifrenizi",
        "ekran\u0131"
    ],
    "meta_keywords": [
        ""
    ],
    "publish_date": null,
    "summary": "Fenomen foto\u011fraf ve video payla\u015f\u0131m uygulamas\u0131 Instagram ile ilgili en \u00e7ok merak edilen konulardan biri de, Instagram hesap dondurma ve silme nas\u0131l yap\u0131l\u0131r sorusunun cevab\u0131.\nGerek mobil gerek masa\u00fcst\u00fcnden nas\u0131l Instagram hesaplar\u0131n\u0131 kapataca\u011f\u0131n\u0131 ara\u015ft\u0131ran vatanda\u015flar i\u00e7in Instagram hesap dondurma ve silme linkini derledik.\n\u0130\u015fte Instagram hesap silme ve ge\u00e7ici kapatma ekran\u0131 2020...Ge\u00e7ici kapatma ekran\u0131Kal\u0131c\u0131 olarak silme ekran\u0131INSTAGRAM DONDURMA \u0130\u015eLEM\u0130 (GE\u00c7\u0130C\u0130 KAPATMA)Hesab\u0131n\u0131z\u0131 ge\u00e7ici olarak kapatt\u0131\u011f\u0131n\u0131zda profiliniz, foto\u011fraflar\u0131n\u0131z, yorumlar\u0131n\u0131z ve be\u011fenmeleriniz, tekrar giri\u015f yaparak hesab\u0131n\u0131z\u0131 yeniden etkinle\u015ftirene kadar gizlenir.\nHesab\u0131n\u0131z\u0131 dondurmak i\u00e7in;INSTAGRAM DONDURMAK \u0130\u00c7\u0130N TIKLAYINIZ (GE\u00c7\u0130C\u0130 KAPATMA L\u0130NK\u0130)1. instagram.com'a bir mobil taray\u0131c\u0131dan veya bilgisayardan giri\u015f yap\u0131n.\nInstagram hesab\u0131n\u0131z\u0131 Instagram uygulamas\u0131n\u0131n i\u00e7inden ge\u00e7ici olarak kapatamazs\u0131n\u0131z.\nSa\u011f \u00fcst k\u0131s\u0131mdaki simgesine dokunun veya t\u0131klay\u0131n ve Profili D\u00fczenle'yi se\u00e7in.\nEkranda a\u015fa\u011f\u0131ya inin, sa\u011f alttaki Hesab\u0131m\u0131 ge\u00e7ici olarak kapat'a dokunun veya t\u0131klay\u0131n.\nHesab\u0131n\u0131 neden kapat\u0131yorsun?\nsorusunun yan\u0131ndaki a\u00e7\u0131l\u0131r men\u00fcden bir se\u00e7im yap\u0131n ve \u015fifrenizi tekrar girin.\nHesab\u0131n\u0131z\u0131 kapatma se\u00e7ene\u011fi, sadece men\u00fcden bir sebep se\u00e7ti\u011finizde g\u00f6r\u00fcn\u00fcr.\nHesab\u0131 Ge\u00e7ici Olarak Kapat'a dokunun veya t\u0131klay\u0131n.Hesab\u0131n\u0131z\u0131 ge\u00e7ici olarak kapatmak i\u00e7in hesab\u0131n\u0131za giri\u015f yapabiliyor olman\u0131z gerekir.\n\u015eifrenizi veya kullan\u0131c\u0131 ad\u0131n\u0131z\u0131 hat\u0131rlayam\u0131yorsan\u0131z, giri\u015f yapmakla ilgili baz\u0131 ipu\u00e7lar\u0131na bakabilirsiniz.Hesab\u0131n\u0131z\u0131 kapatmak istemiyor ancak hesab\u0131n\u0131z\u0131 kimlerin g\u00f6rebildi\u011fini de\u011fi\u015ftirmek istiyorsan\u0131z, g\u00f6nderilerinizi gizli olarak ayarlayabilir veya ki\u015fileri engelleyebilirsiniz.\nINSTAGRAM DONDURMAK \u0130\u00c7\u0130N TIKLAYINIZ (GE\u00c7\u0130C\u0130 DONDURMA)INSTAGRAM HESAP S\u0130LME (KALICI KAPATMA)Hesab\u0131n\u0131 Sil sayfas\u0131na gidin.\nInstagram internet sitesine giri\u015f yapmad\u0131ysan\u0131z, \u00f6ncelikle giri\u015f yapman\u0131z istenir.\nHesab\u0131n\u0131z\u0131 Instagram uygulamas\u0131n\u0131n i\u00e7inden silemezsiniz.\nHesab\u0131n\u0131 neden siliyorsun?\nsorusunun yan\u0131ndaki a\u00e7\u0131l\u0131r men\u00fcden bir se\u00e7im yap\u0131n ve \u015fifrenizi tekrar girin.\nHesab\u0131n\u0131z\u0131 kal\u0131c\u0131 olarak silme se\u00e7ene\u011fi, sadece men\u00fcden bir neden se\u00e7ti\u011finizde g\u00f6r\u00fcn\u00fcr.\nHesab\u0131m\u0131 kal\u0131c\u0131 olarak sil'e t\u0131klay\u0131n veya dokunun.\nFarkl\u0131 bir hesab\u0131 silmek istiyorsan\u0131z, Hesab\u0131n\u0131 Sil sayfas\u0131n\u0131n sa\u011f \u00fcst k\u00f6\u015fesindeki kullan\u0131c\u0131 ad\u0131na t\u0131klay\u0131n, kullan\u0131c\u0131 ad\u0131n\u0131n yan\u0131ndaki simgesine dokunun/t\u0131klay\u0131n ve \u00c7\u0131k\u0131\u015f Yap'\u0131 se\u00e7in.\nSilmek istedi\u011finiz hesapla tekrar giri\u015f yap\u0131n ve yukar\u0131daki talimatlar\u0131 izleyin.\nG\u00fcvenlik nedenleriyle, bir hesab\u0131 sizin i\u00e7in silemiyoruz.\nHesab\u0131n\u0131z\u0131 silmek i\u00e7in hesab\u0131n\u0131za giri\u015f yapabiliyor olmal\u0131s\u0131n\u0131z.\n\u015eifrenizi veya kullan\u0131c\u0131 ad\u0131n\u0131z\u0131 hat\u0131rlayam\u0131yorsan\u0131z, giri\u015f yapmakla ilgili baz\u0131 ipu\u00e7lar\u0131na bakabilirsiniz.",
    "article_html": "",
    "meta_description": "Son Dakika G\u00fcncel Haberler - D\u00fcnya genelinde 1 milyar\u0131 a\u015fk\u0131n kullan\u0131c\u0131 say\u0131s\u0131 olan sosyal medya uygulamas\u0131 Instagram'da hesap dondurma ve hesap silme ile ilgili merak edilenleri bir araya getirdik. Yurt genelinde de milyonlarca kullan\u0131c\u0131s\u0131 olan Instagram'a ili\u015fkin en \u00e7ok Instagram hesap dondurma ve Instagram ge\u00e7ici hesap silme nas\u0131l yap\u0131l\u0131r sorular\u0131n\u0131n cevaplar\u0131 aran\u0131yor. \u0130\u015fte 2020 Instagram hesap dondurma linki ve Instagram dondurmaya ile ilgili t\u00fcm merak edilenler...",
    "meta_lang": "tr"
}