{
    "article_id": "a8aaa156ddc9799a91d9b1484b828d30.1589925629.373375",
    "title": "Korku filmleri 2020 - D\u00fcnyan\u0131n en iyi yabanc\u0131 korku (gerilim) filmleri \u00f6nerileri",
    "authors": [
        "Milliyet.Com.Tr T\u00fcrkiye'Nin Lider Haber Sitesi"
    ],
    "canonical_link": "https://www.milliyet.com.tr/korku-filmleri-2020-dunyanin-en-iyi-yabanci-korku-gerilim-filmleri-onerileri-molatik-14746/",
    "url": "http://milliyet.com.tr/korku-filmleri-2020-dunyanin-en-iyi-yabanci-korku-gerilim-filmleri-onerileri-molatik-14746/",
    "top_img": "https://i.milliyet.com.tr/MolatikDetayBig/2020/03/31/fft371_mf33103601.Jpeg",
    "meta_img": "https://i.milliyet.com.tr/MolatikDetayBig/2020/03/31/fft371_mf33103601.Jpeg",
    "movies": [],
    "text": "Korku filmleri 2020 - D\u00fcnyan\u0131n en iyi yabanc\u0131 korku (gerilim) filmleri \u00f6nerileri\n\nSinemaseverlerin tercih etti\u011fi film t\u00fcrlerinden birisi de korku filmleridir. Bir\u00e7ok insan zaman zaman film toplanmalar\u0131 yap\u0131p korku filmi seanslar\u0131 d\u00fczenliyor. Korkun\u00e7 sahneleri tek izlemek isteyenler de olmuyor de\u011fil tabii ki. Biz de Molatik ekibi olarak en \u00fcrk\u00fct\u00fcc\u00fc, gerilim dolu filmleri listeledik. \u0130\u015fte en iyi korku filmleri listesi. Korku filmi tercih ederken en iyi korku filmleri listemize bakmadan ge\u00e7meyin...\n\nPsycho (Sap\u0131k) - 1960 (IMDb: 8.5) Alfred Hitchcock taraf\u0131ndan \u00e7ekilen 'Sap\u0131k' filmi gelmi\u015f ge\u00e7mi\u015f en b\u00fcy\u00fck korku klasiklerinden biri olarak kabul ediliyor. 1960 yap\u0131m\u0131 film, Robert Bloch'un ayn\u0131 adl\u0131 roman\u0131ndan uyarlanm\u0131\u015ft\u0131r. Film, bir sekreter ile motel sahibi aras\u0131ndaki kar\u015f\u0131la\u015fmay\u0131 anlat\u0131r. Hitchcock, pek \u00e7ok r\u00f6portaj\u0131nda film hakk\u0131nda \"G\u00fclmek i\u00e7in yap\u0131lm\u0131\u015f e\u011flenceli bir film\" demi\u015ftir. ABD'de 'k\u00fclt\u00fcrel, tarihi ve estetik olarak \u00f6nemli' filmler aras\u0131na se\u00e7ilen filmin Kongre K\u00fct\u00fcphanesi'nin 'Ulusal Film Ar\u015fivi'nde muhafaza edilmesine karar verilmi\u015ftir. Filmin ba\u015frol oyuncular\u0131 Janet Leigh ve Anthony Perkins'tir. Filmin IMDb puan\u0131 8.5'tir.\n\nVampire Hunter D: Bloodlust - 2000 (IMDb: 7.7) Y\u00f6netmenli\u011fini Yoshiaki Kawajiri'nin yapt\u0131\u011f\u0131 'Vampire Hunter D: Bloodlust' bir Japon anime filmidir. Filmin senaryosu yine Kawajiri imzal\u0131d\u0131r. Film, Hideyuki Kikcuhi'nin Vampire Hunter D serisinin \u00fc\u00e7\u00fcnc\u00fc roman\u0131 Demon Deatchase'e dayan\u0131r. Yap\u0131m\u0131 3 y\u0131l s\u00fcren ve ele\u015ftirmenlerden ge\u00e7er not alan filmin IMDb puan\u0131 7.7'dir.\n\nEvil Dead II (Vah\u015fet) - 1987 (IMDb: 7.8) 'Evil Dead II' yani T\u00fcrk\u00e7e ismiyle 'Vah\u015fet', 1987 yap\u0131m\u0131 bir Amerikan korku komedi filmidir. 1981 yap\u0131m\u0131 'The Evil Dead' filminin devam\u0131 olan bu filmin y\u00f6netmenli\u011fini, serinin ilk filmi gibi Sam Raimi taraf\u0131ndan y\u00f6netilmi\u015ftir. Filmin ilk birka\u00e7 dakikas\u0131ndaki olaylar filmin \u00f6zeti niteli\u011findedir. Ash ve Linda karakterlerinin hik\u00e2yesini izledi\u011fimiz film, m\u00fczikten \u00e7izgi dizilerine pek \u00e7ok yerde kar\u015f\u0131m\u0131za \u00e7\u0131km\u0131\u015ft\u0131r. Filmin IMDb puan\u0131 7.8'dir.\n\nHalloween (Yabanc\u0131) - 1978 (IMDb: 7.8) John Carpenter'\u0131n y\u00f6netti\u011fi 'Halloween' yani T\u00fcrk\u00e7e ismiyle 'Yabanc\u0131', 1978 tarihinde vizyona girmi\u015ftir. Filmin ba\u015frollerinde Donald Pleasence ve Jamie Lee Curtis yer al\u0131r. Cad\u0131lar Bayram\u0131 gecesi ablas\u0131n\u0131 \u00f6ld\u00fcren 6 ya\u015f\u0131ndaki Michael Myers'\u0131n 15 y\u0131l kald\u0131\u011f\u0131 hastaneden ka\u00e7mas\u0131yla ilerleyen filme ele\u015ftirmenler Hitchcock'un 'Sap\u0131k' filminden esintiler ta\u015f\u0131d\u0131\u011f\u0131 yorumunu yapm\u0131\u015ft\u0131r. Slasher filmleri aras\u0131nda \u00f6nemli bir yere sahip olan 'Yabanc\u0131'n\u0131n IMDb puan\u0131 7.8'dir.\n\nWait Until Dark (Karanl\u0131\u011fa Kadar Bekle) - 1967 (IMDb: 7.8) Amerikan korku filmi 'Karanl\u0131\u011fa Kadar Bekle' 1967 y\u0131l\u0131nda yay\u0131nlam\u0131\u015ft\u0131r. Terence Young'un y\u00f6netmenli\u011finde \u00e7ekilen filmde Audrey Hepburn k\u00f6r bir kad\u0131n\u0131 canland\u0131rm\u0131\u015ft\u0131r. Filmde ayr\u0131ca Alan Arkin ve Richard Crenna gibi isimler de rol alm\u0131\u015ft\u0131r. 'Karanl\u0131\u011fa Kadar Bekle', 1966 tarihli bir oyundan beyazperdeye aktar\u0131lm\u0131\u015ft\u0131r. Audrey Hepburn'e 1967 y\u0131l\u0131nda 'En \u0130yi Kad\u0131n Oyuncu' dal\u0131nda Oscar adayl\u0131\u011f\u0131 getiren filmin IMDb puan\u0131 7.8'dir.\n\nThe Innocents - 1961 (IMDb: 7.8) 'The Innocents' filmi 1961 y\u0131l\u0131nda g\u00f6sterilmi\u015ftir. Ba\u015frolde Deborah Kerr'in yer ald\u0131\u011f\u0131 yap\u0131mda y\u00f6netmelik koltu\u011funda Jack Clayton oturmu\u015ftur. 'En \u0130yi \u0130ngiliz Filmi' ve 'En \u0130yi Uyarlama' dallar\u0131nda BAFTA \u00f6d\u00fcl\u00fc kazanan film, Henry James'in 'Y\u00fcrek Burgusu' adl\u0131 novellas\u0131ndan yola \u00e7\u0131k\u0131larak sinemaya aktar\u0131lm\u0131\u015ft\u0131r. Filmin IMDb puan\u0131 7.8'dir.\n\nFrankenstein (Frankenstayn) - 1931 (IMDb: 7.8) James Whale'in Mary Shelley'nin ayn\u0131 adl\u0131 eserinden uyarlad\u0131\u011f\u0131 eserinin sinema versiyonudur. Roman\u0131n birinci ve \u00fc\u00e7\u00fcnc\u00fc ciltilerinden etkiler ta\u015f\u0131yan filmin senaryosunda Victor Frankenstein ve Henry Clerval karakterlerinin ilk isimlerinin yerleri de\u011fi\u015ftirilmi\u015ftir. Filmdeki 'Yarat\u0131k'\u0131n kitaptakinin tersine yava\u015f hareket etmesi 1920'lerde \u00e7ekilen Alman film serisi Golem'den etkilenilmesine ba\u011flanm\u0131\u015ft\u0131r. 1931 yap\u0131m\u0131 filmin IMDb puan\u0131 7.8'dir.\n\nBride of Frankenstein (Frankenstayn'\u0131n Ni\u015fanl\u0131s\u0131) - 1935 (IMDb: 7.8) Mary Shelley'nin klasikle\u015fen Frankenstein roman\u0131n\u0131n ikinci cildinden sinemaya uyarlanan 'Frankenstayn'\u0131n Ni\u015fanl\u0131s\u0131' filmi 1935 y\u0131l\u0131nda vizyona girmi\u015ftir. \u0130lk filmin ba\u015far\u0131s\u0131n\u0131n \u00fczerine devam filmi \u00e7ekilen filmin y\u00f6netmen koltu\u011funda James Whale oturmu\u015ftur. Filmin ba\u015frollerinde Boris Karloff ve Colin Clive yer al\u0131r. Ba\u015f\u0131nda Mary Shelley'in anlat\u0131m\u0131n\u0131n yer ald\u0131\u011f\u0131 filmde 'Yarat\u0131k' art\u0131k konu\u015fmay\u0131 \u00f6\u011frenmi\u015ftir. 'Frankenstayn'\u0131n Ni\u015fanl\u0131s\u0131'n\u0131n IMDb puan\u0131 7.8'dir.\n\nThe Lighthouse (Deniz Feneri) - 2019 (IMDb: 7.7) Robert Eggers'in y\u00f6netti\u011fi psikolojik gerilim-korku filmi 'Deniz Feneri' 2019'un en iddial\u0131 yap\u0131mlar\u0131ndan biriydi. Siyah beyaz \u00e7ekilen film, ilk g\u00f6sterimini 72'nci Cannes Film Festivali'ni yapm\u0131\u015ft\u0131. Edgar Allan Poe'nun \u00f6yk\u00fclerinden esilenilen filmde ba\u015frollerde Willem Dafoe ve Robert Pattinson'\u0131 izliyorduk. 'En \u0130yi G\u00f6r\u00fcnt\u00fc Y\u00f6netmenli\u011fi' dal\u0131nda Oscar'a aday olmay\u0131 ba\u015faran filmin IMDb puan\u0131 7.7'dir.\n\nKamera wo tomeruna! - 2017 (IMDb: 7.7) 2017'de yay\u0131nlanan 'Kamera wo tomeruna!' bir Japon zombi-komedisi filmidir. 3 milyon yen b\u00fct\u00e7eli film \u00f6nceleri Japonya'da sadece 6 g\u00fcn boyunca g\u00f6sterime kald\u0131. Ancak daha sonra Udine Film Festivali'nde g\u00f6sterimi yap\u0131lan film bir anda d\u00fcnyan\u0131n dikkatini \u00e7ekti. Film pek \u00e7ok ele\u015ftirmenden senaryosu ve bar\u0131nd\u0131rd\u0131\u011f\u0131 mizahla \u00f6vg\u00fc toplad\u0131. Filmin IMDb puan\u0131 7.7'dir.\n\nGet Out (Kapan) - 2017 (IMDb: 7.7) 2017 yap\u0131m\u0131 olan 'Kapan', bir Amerikan korku filmidir. 'Kapan'\u0131n y\u00f6netmenli\u011fini ve senaristli\u011fini Jordan Peele ger\u00e7ekle\u015ftirmi\u015ftir. Filmin oyuncular\u0131 aras\u0131nda Daniel Kaluuya, Alison Williams ve Lil Rey Howery gibi isimler yer al\u0131r. 2017'deki Sundance Film Festivali'nde ilk g\u00f6sterimi yap\u0131lm\u0131\u015ft\u0131r. 75'inci Alt\u0131n K\u00fcre \u00d6d\u00fclleri'nde iki adayl\u0131k kazanan filmin IMDb puan\u0131 7.7'dir.\n\nWhat We Do in the Shadows (Aylak Vampirler) - 2014 (IMDb: 7.7) Yeni Zelanda yap\u0131m\u0131 'Aylak Vampirler' filmi bir 'sahte belgesel' yani mockumentary tarz\u0131nda bir korku-komedi filmidir. Filmin y\u00f6netmenli\u011fini ve senaristli\u011fini Jemaine Clement ve Taika Waititi \u00fcstlenmi\u015ftir. 2014'teki Sundance Film Festivali'nde g\u00f6sterimi yap\u0131lan ve \u00f6vg\u00fcler toplayan filmin IMDb puan\u0131 7.7'dir.\n\nThe Exorcist (\u015eeytan) - 1973 (IMDb: 8.0) Orijinal ad\u0131 'The Exorcist' olan '\u015eeytan' filmi 1973 y\u0131l\u0131nda yay\u0131nland\u0131. William Friedkin'in y\u00f6netti\u011fi film t\u00fcm d\u00fcnyada ele\u015ftiri toplad\u0131. Filmin kendisi kadar \u00e7ekim a\u015famas\u0131 da epey olayl\u0131 ge\u00e7ti. \u00c7ekimler esnas\u0131nda iki kere set yand\u0131, \u0131\u015f\u0131k\u00e7\u0131 ve g\u00f6r\u00fcnt\u00fc asistan\u0131 hayat\u0131n\u0131 kaybetti, \u00fc\u00e7 tane fig\u00fcran kalp krizi ge\u00e7irdi, ba\u015frol oyuncular\u0131ndan biri kolunu k\u0131rd\u0131 ve setteki kost\u00fcmler \u00e7al\u0131nd\u0131. T\u00fcm bu olaylarla beraber ad\u0131 'lanetli film'e \u00e7\u0131kan '\u015eeytan', korku sinemas\u0131n\u0131n s\u0131k\u0131 takip\u00e7ilerinin de favorileri aras\u0131nda. Filmin IMDb puan\u0131 8.0'd\u0131r.\n\nRosemary's Baby (Rosemary'nin Bebe\u011fi) - 1968 (IMDb: 8.0) 1968 yap\u0131m\u0131 'Rosemary'nin Bebe\u011fi' filmi bir psikolojik gerilimdir. D\u00fcnyaca \u00fcnl\u00fc y\u00f6netmen Roman Polanski taraf\u0131ndan \u00e7ekilen filmin bir de ayn\u0131 adl\u0131 bir roman\u0131 vard\u0131r. Filmin ba\u015frollerinde Mia Farrow ve John Cassavetes rol al\u0131r. Filmdeki rol\u00fcyle Ruth Gordan, 'En \u0130yi Yard\u0131mc\u0131 Kad\u0131n Oyuncu' dal\u0131nda hem Oscar hem de Alt\u0131n K\u00fcre \u00f6d\u00fcl\u00fc kazanmay\u0131 ba\u015farm\u0131\u015ft\u0131r. Filmin IMDb puan\u0131 8.0'd\u0131r.\n\nOnibaba (\u015eeytan Kad\u0131n) - 1964 (IMDb: 8.0) Japon y\u00f6netmen Kaneto \u015eindo'nun yaz\u0131p y\u00f6netti\u011fi '\u015eeytan Kad\u0131n' filmi\u011f 1964 y\u0131l\u0131nda vizyona girmi\u015ftir. Fantastik korku t\u00fcr\u00fcndeki film, bir\u00e7ok \u00fclkede \u00f6zg\u00fcn ad\u0131yla, T\u00fcrkiye gibi baz\u0131 \u00fclkelerde ise \u00f6zg\u00fcn ad\u0131n\u0131n o dillerdeki anlam\u0131na kar\u015f\u0131l\u0131k adlarla g\u00f6sterilmi\u015ftir. Japon y\u00f6netmen Kaneto \u015eindo'nun Budist bir efsaneden esinlenerek senaryosunu yazd\u0131\u011f\u0131 filmin IMDb puan\u0131 8.0'd\u0131r.\n\nKaidan - 1964 (IMDb: 8.0) Kaidan filmi bir antoloji korku \u00f6rne\u011fidir. Filmin y\u00f6netmeni Masaki Kobayashi'dir. Lafcadio Hearn'in ayn\u0131 adl\u0131 bir Japon halk masallar\u0131 derlemesinden beyaz perdeye aktar\u0131lm\u0131\u015ft\u0131r. Filmde d\u00f6rt ayr\u0131 ve ilgisiz hik\u00e2ye yer al\u0131r. 1965 y\u0131l\u0131nda d\u00fczenlenen Cannes Film Festivali'nde '\u00d6zel J\u00fcri \u00d6d\u00fcl\u00fc' kazanan film, 'En \u0130yi Yabanc\u0131 Dilde Film' dal\u0131nda Japonya'ya Oscar adayl\u0131\u011f\u0131 kazand\u0131rm\u0131\u015ft\u0131r. Filmin IMDb puan\u0131 8.0'd\u0131r.\n\n\n\nIMDb'YE G\u00d6RE EN \u0130Y\u0130 KORKU F\u0130LMLER\u0130 1964 y\u0131l\u0131nda vizyona girenfilmi bir antoloji korku \u00f6rne\u011fidir. Filmin y\u00f6netmeni Masaki Kobayashi'dir. Lafcadio Hearn'in ayn\u0131 adl\u0131 bir Japon halk masallar\u0131 derlemesinden beyaz perdeye aktar\u0131lm\u0131\u015ft\u0131r. Filmde d\u00f6rt ayr\u0131 ve ilgisiz hik\u00e2ye yer al\u0131r. 1965 y\u0131l\u0131nda d\u00fczenlenen Cannes Film Festivali'nde '\u00d6zel J\u00fcri \u00d6d\u00fcl\u00fc' kazanan film, 'En \u0130yi Yabanc\u0131 Dilde Film' dal\u0131nda Japonya'ya Oscar adayl\u0131\u011f\u0131 kazand\u0131rm\u0131\u015ft\u0131r.\n\nLes diaboliques (\u015eeytan Ruhlu \u0130nsanlar) - 1955 (IMDb: 8.0) Fransa yap\u0131m\u0131 psikolojik gerilim filmi olan '\u015eeytan Ruhlu \u0130nsanlar', 1955 y\u0131l\u0131nda vizyona girmi\u015ftir. Orijinal ad\u0131 Les Diaboliques olan film T\u00fcrkiye'de 1957'de g\u00f6sterilmi\u015ftir. Pierre Boileau ve Thomas Narcejac'\u0131n birlikte yaz\u0131klar\u0131 romanlar\u0131ndan sinemaya aktar\u0131lan filmin senaryosu Jerome Geronimi imzal\u0131d\u0131r. Henri-George Clouzot y\u00f6netmenli\u011finde \u00e7ekilen filmde Simone Signoret, Vera Clouzot ve Paul Meurisse gibi isimler rol alm\u0131\u015ft\u0131r. Filmin IMDb puan\u0131 8.0'd\u0131r.\n\nDas Testament des Dr. Mabuse (Dr. Mabuse'nin Vasiyeti) - 1933 (IMDb: 8.0) Bir Alman psikolojik gerilimi olan 'Dr. Mabuse'nin Vasiyeti' filmi 1933 y\u0131l\u0131nda vizyona girmi\u015ftir. Fritz Lang'\u0131n y\u00f6netti\u011fi filmin senaryosu Norbert Jacques imzal\u0131d\u0131r. Senaryoda y\u00f6netmen Lang'\u0131n da katk\u0131s\u0131 vard\u0131r. Dr. Mabuse karakterini Rudolf Klein-Rogge canland\u0131rm\u0131\u015ft\u0131r. Filmde Berlin polis m\u00fcfetti\u015fi Lohmann bir dava \u00fczerinde \u00e7al\u0131\u015f\u0131r. T\u00fcm ipu\u00e7lar\u0131 ak\u0131l hastal\u0131\u011f\u0131 nedeniyle y\u0131llardan beri hastanede yatan Dr. Mabuse'yi g\u00f6sterir. Film Dr. Mabuse ve Lohmann \u00fczerinden gerilim dozu y\u00fcksek sahneler i\u00e7erir. Filmin IMDb puan\u0131 8.0'd\u0131r.\n\nLat den ratte komma in (Gir Kan\u0131ma) - 2008 (IMDb: 7.9) \u0130sve\u00e7li y\u00f6netmen Tomas Alfredson'un y\u00f6netti\u011fi 'Gir Kan\u0131ma', filmin senaryosunu da yazan John Ajvide Lindqvist'in ayn\u0131 adl\u0131 roman\u0131ndan uyarlanm\u0131\u015ft\u0131r. Filmde Stockholm'\u00fcn banliy\u00f6lerinden birinde arkada\u015flar\u0131n\u0131n dalga ge\u00e7ti\u011fi 12 ya\u015f\u0131nda bir \u00e7ocu\u011fun bir vampirle geli\u015ftirdi\u011fi arkada\u015fl\u0131k ele al\u0131n\u0131r. Film yay\u0131nland\u0131\u011f\u0131 y\u0131l Avrupa'daki pek \u00e7ok festivalden \u00f6d\u00fclle d\u00f6nm\u00fc\u015ft\u00fcr. Filmin IMDb puan\u0131 7.9'd\u0131r.\n\nShaun of the Dead (Zombilerin \u015eafa\u011f\u0131) - 2004 (IMDb: 7.9) \"Aaa, bu listede ne i\u015fi var bu filmin?\" diyebilece\u011finiz 'Zombilerin \u015eafa\u011f\u0131' da elbette bu listede olacak. Korku komedi t\u00fcr\u00fcndeki film, 2004 y\u0131l\u0131nda vizyona girdi. Filmde k\u0131yamet zombi ayaklanmas\u0131na yakalanan ve zombilerden ka\u00e7\u0131p s\u0131\u011f\u0131nmaya \u00e7al\u0131\u015fan bir grup insan\u0131 izliyoruz. BAFTA \u00d6d\u00fclleri'nde iki adayl\u0131k kazanan filmin IMDb puan\u0131 7.9'dur.\n\nDawn of the Dead (Zombi) - 1978 (IMDb: 7.9) 1978 y\u0131l\u0131nda vizyona giren film, ad\u0131 \u00fcst\u00fcnde bir zombi filmidir. Filmde insan etiyle beslenen ve daha kitle histeriye sebebiyet veren, k\u00f6keni bilinmeyen bir salg\u0131n\u0131n yol a\u00e7t\u0131\u011f\u0131 \u00f6l\u00fcmleri izliyoruz. D\u00f6rt ayda \u00e7ekilen film, d\u00fcnya \u00e7ap\u0131nda 55 milyonun \u00fczerinde has\u0131lat elde etmeyi ba\u015fard\u0131. Film pek \u00e7ok 'en'ler listesinde kendine yer bulmay\u0131 ba\u015farm\u0131\u015ft\u0131r. 'Zombi'nin IMDb puan\u0131 7.9'dur.\n\nNight of the Living Dead (Ya\u015fayan \u00d6l\u00fclerin Gecesi) - 1968 (IMDb: 7.9) George A. Romero taraf\u0131ndan y\u00f6netilen 'Ya\u015fayan \u00d6l\u00fclerin Gecesi', 1968 yap\u0131m\u0131 bir siyah-beyaz korku filmidir. Filmde iki ba\u015fkahraman\u0131m\u0131z ile birlikte yedi ki\u015finin gizemli bir \u015fekilde hayata d\u00f6nen zombilerden kurtulmak \u00fczere bir \u00e7iftlik evine s\u0131\u011f\u0131nmalar\u0131 ve burada hayatta kalmaya \u00e7al\u0131\u015fmalar\u0131 anlat\u0131l\u0131r. Film ilk defa g\u00f6sterime girdi\u011finde \u015fiddet sahnelerinin a\u00e7\u0131kl\u0131\u011f\u0131 sebebiyle ele\u015ftirilmi\u015ftir. ABD Kongre K\u00fct\u00fcphanesi filmi 1999 y\u0131l\u0131nda 'k\u00fclt\u00fcrel, tarihi ya da estetik a\u00e7\u0131dan \u00f6nemli' oldu\u011fu gerek\u00e7esiyle Ulusal Film Ar\u015fivi'ne dahil etmi\u015ftir. Filmin IMDb puan\u0131 7.9'dur.\n\nKing Kong - 1933 (IMDb: 7.9) Korku \u00f6\u011feleri ta\u015f\u0131yan bir macera filmi olan 'King Kong', pop\u00fcler k\u00fclt\u00fcre \u00f6nemli izler b\u0131rakm\u0131\u015f bir filmdir. Devam filmleri de \u00e7ekilen bu yap\u0131m\u0131n ilk filmi 1933 y\u0131l\u0131nda g\u00f6sterime girmi\u015ftir. Bu orijinal King Kong'un y\u00f6netmenli\u011fini Merian C. Cooper \u00fcstlenmi\u015ftir. 672 bin dolara mal olan filmin IMDb puan\u0131 7.9'dur.\n\nNosferatu - 1922 (IMDb: 7.9) Alman d\u0131\u015favurumcu filmlerden biri olan 'Nosferatu' 1922 y\u0131l\u0131nda g\u00f6sterime girmi\u015ftir. Alman d\u0131\u015favurumcu ak\u0131m\u0131n ba\u015fyap\u0131tlar\u0131ndan biri olarak kabul edilen 'Nosferatu' ayn\u0131 zamanda bir korku klasi\u011fi haline de gelmi\u015ftir. F. W. Murnau'nun y\u00f6netti\u011fi filmde Max Schreck, vampir kont Orlak rol\u00fcndedir. Film, Bram Stoker'\u0131n 'Drakula' roman\u0131n\u0131n bir uyarlamas\u0131 olup olmad\u0131\u011f\u0131yla da tart\u0131\u015fma yaratm\u0131\u015ft\u0131r. 'Nosferatu'nun IMDb puan\u0131 7.9'dur.\n\nI Saw The Devil (\u015eeytan\u0131 G\u00f6rd\u00fcm) - 2010 (IMDb: 7.9) G\u00fcney Koreli y\u00f6netmen Kim Jee-Woon'un y\u00f6netti\u011fi '\u015eeytan\u0131 G\u00f6rd\u00fcm' filmi 2010 y\u0131l\u0131nda g\u00f6sterime girmi\u015ftir. Ni\u015fanl\u0131s\u0131 seri katil taraf\u0131ndan vah\u015fice \u00f6ld\u00fcr\u00fclen bir ajan\u0131n maceras\u0131na konuk oluyoruz filmde. Lee Byung-hun ve Choi min-sik gibi Koreli y\u0131ld\u0131zlar\u0131n rol ald\u0131\u011f\u0131 yap\u0131m, son d\u00f6nemin en \u00e7ok ses getiren aksiyon korku filmlerinden biridir. Filmin IMDb puan\u0131 7.9'dur.\n\nThe Shining (Cinnet) - 1980 (IMDb: 8.4) Gelmi\u015f ge\u00e7mi\u015f en pop\u00fcler korku romanlar\u0131 yazarlar\u0131ndan biri olan Stephen King'in ayn\u0131 adl\u0131 roman\u0131ndan beyaz perdeye uyarlanan 'The Shining' yani 'Cinnet' 1980 yap\u0131m\u0131 bir filmdir. Filmin y\u00f6netmeni de efsanevi isimlerden Stanley Kubrick'tir. Filmin ba\u015frol\u00fcnde yazar Jack Torrance'i canland\u0131ran usta akt\u00f6r Jack Nicholson yer al\u0131r. 'En fazla \u00e7ekim tekrar\u0131 yap\u0131lan film' unvan\u0131n\u0131 elinde bar\u0131nd\u0131ran filmde Torrance karakterinin e\u015fini Shelley Duval canland\u0131rm\u0131\u015ft\u0131r. 'Sap\u0131k' filmiyle beraber en \u00f6nemli korku klasikleri aras\u0131nda kabul edilir. Filmin IMDb puan\u0131 8.4't\u00fcr.\n\nAlien (Yarat\u0131k) - 1979 (IMDb: 8.4) Orijinal ad\u0131 'Alien' olan 'Yarat\u0131k' 1979 yap\u0131m\u0131 bir filmdir. Y\u00f6netmenli\u011fini Ridley Scott'\u0131n yapt\u0131\u011f\u0131 film her ne kadar bilim kurgu odakl\u0131 bir film olsa da i\u00e7erdi\u011fi korku \u00f6\u011felerinden \u00f6t\u00fcr\u00fc 'korku' t\u00fcr\u00fcne de dahil edilir. Beyaz perdede b\u00fcy\u00fck bir gi\u015fe ba\u015far\u0131s\u0131 yakalayan filmin daha sonra 4 devam filmi \u00e7ekilmi\u015ftir. 'Yarat\u0131k', 980 y\u0131l\u0131nda 'En \u0130yi Sanat Y\u00f6netimi' ve 'En \u0130yi Efekt' dallar\u0131nda Akademi \u00d6d\u00fclleri'ne aday olmay\u0131 ba\u015farm\u0131\u015ft\u0131r. Filmin IMDb puan\u0131 8.4't\u00fcr.\n\nTumbbad - 2018 (IMDb: 8.3) 2018 yap\u0131m\u0131 'Tumbbad' filmi Rahi Anil Barve ve Adesh Prasad'\u0131n y\u00f6netmenli\u011finde \u00e7ekilmi\u015ftir. Hindistan ve \u0130sve\u00e7 ortak yap\u0131m\u0131d\u0131r. Filmde, Vinayak karakterinin hik\u00e2yesi anlat\u0131l\u0131r. Ailesiyle Tumbbad'da ya\u015fayan ve ge\u00e7im s\u0131k\u0131nt\u0131s\u0131 \u00e7eken Vinayak bir g\u00fcn gizemli bir odaya girer. Ancak hat\u0131rlamak istemeyece\u011fi korkun\u00e7 tecr\u00fcbeler ya\u015far. Daha sonra evden uzakla\u015ft\u0131r\u0131l\u0131p Tumbbad'\u0131 terk eder. 15 y\u0131l sonra tekrar b\u00f6lgeye d\u00f6nen karakterimiz, ailesi hakk\u0131ndaki karanl\u0131k s\u0131rlar\u0131 \u00f6\u011frenir. Ancak k\u00f6t\u00fc bir s\u00fcrprizin kendisini bekledi\u011finden haberi yoktur. 'Tumbbad', 8.3'l\u00fck IMDb puan\u0131yla d\u00fcnya sinemas\u0131ndan korku \u00f6rneklerini sevenlerin be\u011fenisini toplam\u0131\u015f bir film oldu.\n\nThe Blue Elephant (Mavi Fil) - 2014 (IMDb: 8.1) Mavi Fil' filmi 2014 y\u0131l\u0131nda yay\u0131nlanm\u0131\u015ft\u0131r. Drama, korku, gizem t\u00fcrlerindeki filmin y\u00f6netmenli\u011fini Marwan Hamed \u00fcstlenmi\u015ftir. M\u0131s\u0131rl\u0131 yazar Ahmet Mourad'\u0131n bir roman\u0131ndan beyaz perdeye uyarlanm\u0131\u015ft\u0131r ancak filmin sonu ile kitab\u0131n sonu aras\u0131nda farkl\u0131l\u0131klar vard\u0131r. Filmde Yehia adl\u0131 bir karakter \u00fczerinden hik\u00e2ye anlat\u0131l\u0131r. Bir hastanede \u00e7al\u0131\u015fmaya 5 y\u0131l ara verdikten sonra tekrar geri d\u00f6nen bir psikiyatri uzman\u0131 olan Yehia, cinayetle su\u00e7lanan eski bir arkada\u015f\u0131yla kar\u015f\u0131la\u015f\u0131r. Ak\u0131l ve ruh sa\u011fl\u0131\u011f\u0131n\u0131n kontrol\u00fc i\u00e7in hastaneye giden bu arkada\u015f\u0131na yard\u0131mc\u0131 olmak isteyen Yehia kendini hi\u00e7 beklemedi\u011fi gizemli bir d\u00fcnyan\u0131n i\u00e7inde bulur. Filmin IMDb puan\u0131 8.1'dir.\n\n\n\nAma sen daha fazlas\u0131n\u0131 istersen TIKLA \u0130ZLE! M\u0131s\u0131r yap\u0131m\u0131 '' filmi 2014 y\u0131l\u0131nda yay\u0131nlanm\u0131\u015ft\u0131r. Drama, korku, gizem t\u00fcrlerindeki filmin y\u00f6netmenli\u011fini\u00fcstlenmi\u015ftir. M\u0131s\u0131rl\u0131 yazar'\u0131n bir roman\u0131ndan beyaz perdeye uyarlanm\u0131\u015ft\u0131r ancak filmin sonu ile kitab\u0131n sonu aras\u0131nda farkl\u0131l\u0131klar vard\u0131r. Filmde Yehia adl\u0131 bir karakter \u00fczerinden hik\u00e2ye anlat\u0131l\u0131r. Bir hastanede \u00e7al\u0131\u015fmaya 5 y\u0131l ara verdikten sonra tekrar geri d\u00f6nen bir psikiyatri uzman\u0131 olan Yehia, cinayetle su\u00e7lanan eski bir arkada\u015f\u0131yla kar\u015f\u0131la\u015f\u0131r. Ak\u0131l ve ruh sa\u011fl\u0131\u011f\u0131n\u0131n kontrol\u00fc i\u00e7in hastaneye giden bu arkada\u015f\u0131na yard\u0131mc\u0131 olmak isteyen Yehia kendini hi\u00e7 beklemedi\u011fi gizemli bir d\u00fcnyan\u0131n i\u00e7inde bulur.\n\nThe Thing (\u015eey) - 1982 (IMDb: 8.1) Orijinal ad\u0131 'The Thing' olan '\u015eey' filmi 1982 yap\u0131m\u0131 bir filmdir. John Carpenter taraf\u0131ndan y\u00f6netilen ve ba\u015frol\u00fcnde Kurt Rusell'\u0131n bulundu\u011fu film bir bilim kurgu-korku filimdir. Film, ad\u0131n\u0131 di\u011fer organizmalar\u0131 taklit eebilen d\u00fcnya d\u0131\u015f\u0131 bir ya\u015fam formuna itafen alm\u0131\u015ft\u0131r. '\u015eey', Antarktika ara\u015ft\u0131rma istasyonuna s\u0131zar ve ara\u015ft\u0131rmac\u0131lar\u0131n g\u00f6r\u00fcn\u00fc\u015flerini taklit ederek grup i\u00e7inde bir paranoyan\u0131n geli\u015fmesine sebep olur. Filmin IMDb puan\u0131 8.1'dir.\n\nWhat Ever Happened to Baby Jane? (K\u00fc\u00e7\u00fck Bebe\u011fe Ne Oldu?) - 1962 (IMDb: 8.1) 1962'de g\u00f6sterime giren 'K\u00fc\u00e7\u00fck Bebe\u011fe Ne Oldu?' filmi bir psikolojik gerilim filmidir. ABD'li romanc\u0131 Henry Farrell'\u0131n 1960 tarihli Gotik korku roman\u0131ndan uyarlanan siyah beyaz filmin y\u00f6netmeni Robert Aldrich'tir. Filmde eski bir malikanede toplumdan uzak ya\u015fayan, bir d\u00f6nemin \u00fcnl\u00fc sinema oyuncular\u0131 olan iki ya\u015fl\u0131 k\u0131z karde\u015fin \u00f6yk\u00fcs\u00fc anlat\u0131l\u0131r. Eski \u00e7ocuk y\u0131ld\u0131z\u0131 Bebek Jane'in tekerlekli sandalyeye mahkum k\u0131z karde\u015fi Blanche'a uygulad\u0131\u011f\u0131 psikolojik bask\u0131 \u00fcrk\u00fct\u00fcc\u00fc bir \u015fekilde perdeye aktar\u0131l\u0131r. Filmin IMDb puan\u0131 8.1'dir.\n\nFaust: Eine deutsche Volkssage - 1926 (IMDb: 8.1) 1926 yap\u0131m\u0131 'Faust: Eine deutsche Volkssage', Goethe'nin \u00f6l\u00fcms\u00fcz eserinin sinema uyarlamas\u0131d\u0131r. F.W. Murnau taraf\u0131ndan \u00e7ekilen filmde \u0130sve\u00e7li akt\u00f6r G\u00f6sta Ekman 'Faust'u, sessiz sinema d\u00f6neminin unutulmaz isimlerinden Emil Jannings 'Mephisto'yu, Alman aktris Camilla Horn da 'Gretchen' karakterini canland\u0131r\u0131r. Tanr\u0131'n\u0131n varl\u0131\u011f\u0131n\u0131 ve hayat\u0131n anlam\u0131n\u0131 sorgulamakta olan Faust karakterinin ger\u00e7e\u011fi arama yolculu\u011fu ve bu esnada arzular\u0131na yenik d\u00fc\u015fmesini konu alan film, bi\u00e7imsel \u00f6zellikleriyle Alman Ekspresyonizmi'nin sinema tarihine y\u00f6n veren yap\u0131mlar\u0131ndan biri olarak kabul edilir. Filmin IMDb puan\u0131 8.1'dir.\n\nDas Cabinet des Dr. Caligari (Dr. Caligari'nin Muayenehanesi) - 1920 (IMDb: 8.1) 1920 yap\u0131m\u0131 'Dr. Caligari'nin Muayenehanesi' filmi Robert Wiene'nin y\u00f6netti\u011fi bir filmdir. Alman d\u0131\u015favurumcu sineman\u0131n \u00f6nde gelen filmlerinden biri olarak kabul edilen yap\u0131m siyah beyaz \u00e7ekilmi\u015ftir. Bir\u00e7ok ba\u015fka filmi de etkilemi\u015f bir yap\u0131md\u0131r. Filmin IMDb puan\u0131 8.1'dir.\n\nPafekuto buru - 1997 (IMDb: 8.0) 'Pafekuto buru' yani \u0130ngilizce g\u00f6sterim ad\u0131yla 'Perfect Blue' Satoshi Kon taraf\u0131ndan y\u00f6netilen, Sadayuki Murai taraf\u0131ndan yaz\u0131lan bir animasyon filmidir. 1997'de yay\u0131nlanan film psikolojik gerilim ve korku \u00f6\u011felerini i\u00e7erir. Yoshikazu Takeuchi'nin ayn\u0131 adl\u0131 roman\u0131ndan beyaz perdeye aktar\u0131lm\u0131\u015ft\u0131r. Filmin IMDb puan\u0131 8.0'd\u0131r.\n\nVampire Hunter D: Bloodlust - 2000 (IMDb: 7.7)\n\nVampirlerin ve iblislerin yer y\u00fcz\u00fcnde gezdi\u011fi, karanl\u0131k bir d\u00fcnyada vampir bir baba ile insan bir annenin o\u011flu olan bir vampir, D kan\u0131n\u0131 ta\u015f\u0131d\u0131\u011f\u0131 her iki \u0131rk\u0131n korkusunu kazanm\u0131\u015f bir vampir avc\u0131s\u0131d\u0131r. D, vampirlerin sahip oldu\u011fu zafiyetlere yaln\u0131zca belirli bir oranda sahip olup insanlar aras\u0131nda ya\u015famaya \u00e7al\u0131\u015fsa da toplum taraf\u0131ndan kabul g\u00f6rmemektedir.\n\nYery\u00fcz\u00fcnde kalan son vampirlerden biri olan Baron Meier Link, Charlotte Elbourne ad\u0131nda gen\u00e7 bir k\u0131z\u0131 ka\u00e7\u0131r\u0131r. Bunun \u00fczerine Charlotte'un babas\u0131 D'yi k\u0131z\u0131n\u0131 geri getirmesi i\u00e7in kiralar ve e\u011fer bir vampire d\u00f6n\u00fc\u015fm\u00fc\u015fse insanc\u0131l bir \u015fekilde \u00f6ld\u00fcrmesini ister. Ayn\u0131 zamanda Charlotte'un abisi de karde\u015fini kurtarmas\u0131 i\u00e7in Marcus Karde\u015fleri kiralam\u0131\u015ft\u0131r. D ve Marcus Karde\u015fler Link'e ula\u015fmak i\u00e7in hem birbirleri ile hem de zamana kar\u015f\u0131 yar\u0131\u015f\u0131rlar. Filmin IMDb puan\u0131 7.7\u2019dir.\n\n\n\nVargtimmen - 1968 (IMDb: 7.7)\n\n1968 \u0130sve\u00e7 yap\u0131m\u0131 ger\u00e7ek\u00fcst\u00fc filmdir. Ingmar Bergman'\u0131n y\u00f6netti\u011fi filmde Johan Borg isimli ressam\u0131n Baltrum'daki bir adada kaybolu\u015funun perde arkas\u0131 anlat\u0131lmaktad\u0131r. Filmin IMDb puan\u0131 7.7\u2019dir.\n\n\n\nRepulsion (Tiksinti) - 1965 (IMDb: 7.7)\n\nRoman Polanski'nin y\u00f6netti\u011fi 1965 yap\u0131m\u0131 korku filmidir. Olay \u00f6rg\u00fcs\u00fc G\u00e9rard Brach ve Roman Polanski taraf\u0131ndan tasarlanan yap\u0131m, Polanski'nin Polonya d\u0131\u015f\u0131nda \u00e7ekti\u011fi ilk filmdir. Filmin IMDb puan\u0131 7.7\u2019dir.\n\n\n\nBirds (Ku\u015flar) - 1963 (IMDb: 7.7)\n\nZengin, g\u00fczel ve \u015f\u0131mar\u0131k bir gen\u00e7 kad\u0131n olan Melanie Daniels (Tippi Hedren), San Francisco\u2019daki bir evcil hayvan d\u00fckk\u00e2n\u0131nda yak\u0131\u015f\u0131kl\u0131 ve ilgin\u00e7 biri olan avukat Mitch Brenner (Rod Taylor) ile tan\u0131\u015f\u0131r. Melanie, Mitch'in bu d\u00fckk\u00e2nda ona oynad\u0131\u011f\u0131 k\u00fc\u00e7\u00fck oyuna k\u0131zsa da ondan ho\u015flan\u0131r. O g\u00fcn Mitch'in, k\u0131zkarde\u015finin do\u011fum g\u00fcn\u00fc i\u00e7in arad\u0131\u011f\u0131 fakat bulamad\u0131\u011f\u0131 ku\u015flar\u0131 sat\u0131n al\u0131r ve bunlar\u0131 hediye olarak Mitch'in Pasifik k\u0131y\u0131s\u0131ndaki k\u00fc\u00e7\u00fck bir kasaba olan Bodego Bay'deki evine g\u00f6t\u00fcrmeye karar verir. Kasabadaki hayat ilk ba\u015flarda Melanie'ye normal g\u00f6z\u00fckse birka\u00e7 g\u00fcn sonra kasaba ve \u00e7evresindeki ku\u015flar tuhaf davranmaya ve sebepsiz bir \u015fekilde insanlara sald\u0131rmaya ba\u015flar. Ku\u015flar\u0131n sald\u0131r\u0131lar\u0131 k\u0131sa bir s\u00fcre i\u00e7inde \u00f6l\u00fcmc\u00fcl olacak, insanlara yapt\u0131klar\u0131 sald\u0131r\u0131lar sertle\u015fecektir. Zira bir \u00e7ift\u00e7inin evinin cam\u0131n\u0131 k\u0131rarak i\u00e7eri girer ve \u00e7ift\u00e7iyi g\u00f6zlerini oyup \u00f6ld\u00fcr\u00fcrler; keza Melanie'nin tan\u0131\u015ft\u0131\u011f\u0131 gen\u00e7 kad\u0131n da onlar\u0131n kurban\u0131 olacakt\u0131r. Her t\u00fcrden ku\u015fun yaratt\u0131\u011f\u0131 bu olaylar kar\u015f\u0131s\u0131nda korkan ve ne yapaca\u011f\u0131n\u0131 bilemeyen kasaba halk\u0131 kafesteki ku\u015flar gibi evlerine, d\u00fckk\u00e2nlar\u0131na s\u0131\u011f\u0131n\u0131r ve bir anlamda i\u00e7eride hapis kal\u0131rlar. Filmin IMDb puan\u0131 7.7\u2019dir.\n\n\n\nPeeping Tom (R\u00f6ntgenci) - 1960 (IMDb: 7.7)\n\nLondra\u2019da bir kad\u0131nla tan\u0131\u015fan Mark Lewis onu ceketini alt\u0131na yerle\u015ftirdi\u011fi kamera ile \u00e7eker. Daha sonra ise kameran\u0131n viz\u00f6r\u00fcn\u00fc kad\u0131n\u0131 odas\u0131na y\u00f6nlendirir ve gidip kad\u0131n\u0131 \u00f6ld\u00fcr\u00fcr. Bu anlar\u0131 kamera kaydeder. Daha sonra filmi kendi odas\u0131nda izler. Polise de kendini muhabir olarak tan\u0131t\u0131r. Filmin IMDb puan\u0131 7.7\u2019dir.\n\n\n\nLes yeux sans visage (\u00c7aresiz G\u00f6zler) - 1960 (IMDb: 7.7)\n\nFilm, Paris yak\u0131nlar\u0131nda bir kad\u0131n\u0131n (Valli) gece saatlerinde arabas\u0131yla nehre bir ceset b\u0131rakmas\u0131yla ba\u015flar. Ceset bulunduktan sonra G\u00e9nessier (Brasseur) nehre b\u0131rak\u0131lan k\u0131z\u0131, y\u00fcz\u00fc bir trafik kazas\u0131nda korkun\u00e7 bir \u015fekilde yaralanm\u0131\u015f olan kendi k\u0131z\u0131, Christiane G\u00e9nessier (Scob), olarak te\u015fhis eder. Dr. G\u00e9nessier klinik olarak da kulland\u0131\u011f\u0131 b\u00fcy\u00fck bir konakta ya\u015famakta, kafeste tuttu\u011fu bir\u00e7ok Alman kurdu veya ba\u015fka k\u00f6pekler ile deneyler yapmaktad\u0131r. Filmin IMDb puan\u0131 7.7\u2019dir.\n\n\n\nInvasion of the Body Snatchers (Merihten Sald\u0131ranlar) - 1956 (IMDb: 7.7)\n\nAra\u015ft\u0131rmac\u0131 Elizabeth Driscoll, son zamanlarda g\u00f6ky\u00fcz\u00fcnden ya\u011fmakta olan \u00e7i\u00e7ek sporlar\u0131ndan birini al\u0131p incelemek \u00fczerine evine getirir. K\u0131sa bir s\u00fcre sonra erkek arkada\u015f\u0131 Geoffrey'in bir anda tuhafla\u015fmas\u0131na ve mesafeli tav\u0131rlar\u0131na tan\u0131k olur. Bu de\u011fi\u015fimin ciddiyetinin boyutlar\u0131n\u0131 ke\u015ffetmekte olan kad\u0131n i\u015f arkada\u015f\u0131 Matthew Bannel'a gider ve birlikte durumu ara\u015ft\u0131rmaya ba\u015flarlar. Ortaya \u00e7\u0131kan sonu\u00e7 ise \u00fcrk\u00fct\u00fcc\u00fc olur. G\u00f6ky\u00fcz\u00fcnden ya\u011fan sporlar, uzaydan gelmekte olan bir istilac\u0131 bitki t\u00fcr\u00fcn\u00fcn \u00f6rnekleridir. \u015eehri kurtarmak ise Elizabeth ve arkada\u015flar\u0131na d\u00fc\u015fm\u00fc\u015ft\u00fcr. Filmin IMDb puan\u0131 7.7\u2019dir.\n\n\n\nThe Invisible Man (G\u00f6r\u00fcnmeyen Adam) - 1933 (IMDb: 7.7)\n\nFilm, varl\u0131kl\u0131 ve zeki bir bilim insan\u0131yla s\u00fcrd\u00fcrd\u00fc\u011f\u00fc ili\u015fkisinde fiziksel ve duygusal \u015fiddet g\u00f6rmekte olan Cecilia Kass'\u0131n \u00e7evresinde \u00f6r\u00fcl\u00fcyor. Kontrolc\u00fc ve bask\u0131c\u0131 olan erkek arkada\u015f\u0131na daha fazla dayanamayan Cecilia gecenin bir yar\u0131s\u0131 ka\u00e7man\u0131n bir yolunu bulur ve ya\u015fad\u0131\u011f\u0131 kabustan olabildi\u011fince uzakla\u015fmaya karar verir. Eski sevgilisinin kendisini bulaca\u011f\u0131ndan endi\u015fe etti\u011fi i\u00e7in saklanmaya karar veren gen\u00e7 kad\u0131n, k\u0131z karde\u015fi, karde\u015flerin bir \u00e7ocukluk arkada\u015f\u0131 ve onun k\u0131z\u0131ndan yard\u0131m al\u0131r. Ancak Cecilia\u2019n\u0131n sorunlu eski sevgilisi intihar etti\u011finde ve ona b\u00fcy\u00fck servetinin c\u00f6mert bir k\u0131sm\u0131n\u0131 b\u0131rakt\u0131\u011f\u0131nda, Cecilia \u00f6l\u00fcm\u00fcn\u00fcn bir aldatmaca oldu\u011funu d\u00fc\u015f\u00fcnmeye ba\u015flar. Bir dizi \u00fcrk\u00fct\u00fcc\u00fc tesad\u00fcf tehlikeli hale gelmeye ve sevdi\u011fi insanlar\u0131n hayat\u0131n\u0131 tehdit etmeye ba\u015flad\u0131\u011f\u0131nda, Cecilia \u00e7aresizce kimsenin g\u00f6remedi\u011fi biri taraf\u0131ndan avland\u0131\u011f\u0131n\u0131 kan\u0131tlamaya \u00e7al\u0131\u015f\u0131r. Ancak bu s\u00fcre\u00e7te gen\u00e7 kad\u0131n\u0131n ak\u0131l sa\u011fl\u0131\u011f\u0131 tehlike alt\u0131na girer. Filmin IMDb puan\u0131 7.7\u2019dir.\n\n\n\nH\u00e4xan - 1922 (IMDb: 7.7)\n\n922 \u0130sve\u00e7-Danimarka yap\u0131m\u0131 belgesel tarz\u0131 sessiz korku filmi. Christensen'in engizisyon mahkemesi \u00fcyeleri i\u00e7in yaz\u0131lm\u0131\u015f olan 15. y\u00fczy\u0131l Alman rehber kitab\u0131 \u015eeytan \u00c7ekici (Malleus Maleficarum) \u00fczerine yapt\u0131\u011f\u0131 \u00e7al\u0131\u015fmalara dayanmaktad\u0131r. H\u00e4xan, bat\u0131l inan\u00e7larla hem zihinsel hem bedensel hastal\u0131klar\u0131n yanl\u0131\u015f anla\u015f\u0131lmas\u0131n\u0131n cad\u0131 av\u0131 histerisine nas\u0131l sebep olaca\u011f\u0131na dair bir \u00e7al\u0131\u015fmad\u0131r. Filmin IMDb puan\u0131 7.7\u2019dir.\n\n\n\nStree - 2018 (IMDb: 7.6)\n\nStree, erkeklerin k\u00f6t\u00fc bir ruh taraf\u0131ndan ka\u00e7\u0131r\u0131ld\u0131\u011f\u0131na inan\u0131lan bir kasabada ya\u015fananlar\u0131 konu ediyor. K\u00fc\u00e7\u00fck bir kasaba olan Chanderi\u2019de anlat\u0131lan bir hikaye kulaktan kula\u011fa yay\u0131lmaktad\u0131r. Rivayete g\u00f6re Stree ad\u0131ndaki k\u00f6t\u00fc bir ruh geceleri erkekleri ka\u00e7\u0131rmaktad\u0131r. Ka\u00e7\u0131r\u0131lan adamlardan geriye sadece k\u0131yafetleri kal\u0131r. Anlat\u0131lan hikayenin do\u011frulu\u011funu kimse bilmese de ak\u015fam oldu\u011funda kasabada ya\u015fayan erkeklerde bir korku meydana gelir. \u015eehrin duvarlar\u0131na yaz\u0131lan yaz\u0131lar ise onlar\u0131n erkeklerin korkular\u0131n\u0131n artmas\u0131na neden olacakt\u0131r. Filmin IMDb puan\u0131 7.6\u2019dir.\n\n\n\nLa piel que habito (\u0130\u00e7inde Ya\u015fad\u0131\u011f\u0131m Deri) - 2011 (IMDb: 7.6)\n\nBa\u015far\u0131l\u0131 bir plastik cerrah olan Dr. Robert Ledgard (Antonio Banderas) bir trafik kazas\u0131nda v\u00fccudu tamamen yanan e\u015fine yeni bir deri yaratmak i\u00e7in 12 y\u0131l boyunca u\u011fra\u015f\u0131r ve nihayet bunu ba\u015far\u0131r. Ancak e\u015fi aynada yanan v\u00fccudunu g\u00f6r\u00fcnce intihar eder. K\u00fc\u00e7\u00fck k\u0131z\u0131 Norma bu intihar\u0131 g\u00f6rerek psikolojik bir travma ya\u015far ve insanlardan uzak durmay\u0131 tercih eden, i\u00e7ine kapan\u0131k bir \u00e7ocuk haline gelir. Dr. Ledgard, k\u0131z\u0131n\u0131 daha sosyal hale getirmek i\u00e7in \u00e7abalar, ancak bu daha k\u00f6t\u00fc \u015fekilde sonu\u00e7lan\u0131r, k\u0131z\u0131 k\u00f6t\u00fc \u015fekilde bir tecav\u00fcze u\u011frar. IMDb puan\u0131 7.6'd\u0131r.\n\n\n\nZombieland - 2009 (IMDb: 7.6)\n\nD\u00fcnya zombilerin istilas\u0131 alt\u0131ndad\u0131r. Columbus, korkak ancak baz\u0131 kurallar sayesinde hayatta kalabilmi\u015f biridir. Tallahassee, s\u00fcrekli otomatik t\u00fcfek kullanan, zombi avlamay\u0131 seven, en b\u00fcy\u00fck amac\u0131 d\u00fcnyadaki son Twinkie keklerinden yemek olan sert g\u00f6r\u00fcn\u00fcml\u00fc biridir. Zombi istilas\u0131n\u0131n karma\u015fas\u0131nda, hayatta kalmak i\u00e7in insanlar\u0131 soymay\u0131 se\u00e7en Wichita ve k\u0131zkarde\u015fi Little Rock ile yollar\u0131 kesi\u015fen bu ikili zorlu maceralar ya\u015farlar. Zamanla birbirlerine ba\u011flan\u0131r, arkalar\u0131n\u0131 korurlar. IMDb puan\u0131 7.6'd\u0131r.\n\n\n\nSaw (Testere) - 2004 (IMDb: 7.6)\n\nFoto\u011fraf\u00e7\u0131 Adam Faulkner a\u011fz\u0131na kadar su dolu bir k\u00fcvette uyan\u0131r. \u0130\u00e7inde oldu\u011fu oda kullan\u0131lmayan bir banyodur. Ac\u0131mas\u0131zca d\u00fczenlenmi\u015f bir oyun burada ba\u015flamaktad\u0131r. IMDb puan\u0131 7.6'd\u0131r.\n\n\n\n\n\n28 Days Later (28 G\u00fcn Sonra) - 2002 (IMDb: 7.6)\n\nLondra'daki bir ara\u015ft\u0131rma merkezindeki denek maymunlar\u0131n, bir grup aktivist taraf\u0131ndan serbest b\u0131rak\u0131lmas\u0131 ile \u00e7evreye \u00f6l\u00fcmc\u00fcl bir vir\u00fcs yay\u0131l\u0131r. Vir\u00fcsten etkilenen ki\u015filer 15 saniye sonra insani \u00f6zelliklerinden \u00e7\u0131k\u0131p, cinayete e\u011filimli sald\u0131rgan yarat\u0131klara d\u00f6n\u00fc\u015f\u00fcr. IMDb puan\u0131 7.6'd\u0131r.\n\n\n\nThe Others (Di\u011ferleri) - 2001 (IMDb: 7.6)\n\nII. D\u00fcnya Sava\u015f\u0131'nda kocas\u0131n\u0131 kaybetmi\u015f olan Grace, g\u00fcne\u015f \u0131\u015f\u0131\u011f\u0131na hassasiyeti olan iki \u00e7ocu\u011fuyla birlikte, Jersey'de b\u00fcy\u00fck bir konakta ya\u015famaktad\u0131r. Perdelerin hep s\u0131ms\u0131k\u0131 kapal\u0131 tutuldu\u011fu eve, bir g\u00fcn \u00fc\u00e7 ki\u015fi u\u011frar: Ya\u015fl\u0131 bir kad\u0131n ve adam, bir de dilsiz gen\u00e7 k\u0131z. Eve hizmet\u00e7iler aramakta olan Grace, bu ki\u015fileri i\u015fe al\u0131r ve onlar\u0131 \u00e7ocuklar\u0131n\u0131n sa\u011fl\u0131k durumu konusunda uyar\u0131r. \u00d6te yandan, Grace'in k\u0131z\u0131 Anne, Victor ad\u0131nda bir \u00e7ocu\u011fun kendileriyle birlikte evde ya\u015fad\u0131\u011f\u0131na, onu arada s\u0131rada evin \u00e7e\u015fitli yerlerinde g\u00f6rd\u00fc\u011f\u00fcne inanmaktad\u0131r. Bunu defalarca annesine s\u00f6yler fakat annesi Grace bunu pek \u00f6nemsemez. IMDb puan\u0131 7.6'd\u0131r.\n\n\n\n\n\nMemor\u00eezu - 1995 (IMDb: 7.6)\n\nMagnetic Rose (\u5f7c\u5973\u306e\u60f3\u3044\u3067 Kanojo no Omoide), ald\u0131klar\u0131 SOS sinyallerini ara\u015ft\u0131rmak i\u00e7in d\u00fcnya y\u00f6r\u00fcngesindeki bir enkaza giren Corona gemisi personelinin kar\u015f\u0131la\u015ft\u0131klar\u0131 garip olaylar\u0131 konu almaktad\u0131r. Tensai Okamura'n\u0131n y\u00f6netti\u011fi ikinci hik\u00e2ye Stink Bomb (\u6700\u81ed\u5175\u5668 Saish\u016b-heiki) ise gen\u00e7 bir laboratuvar asistan\u0131n\u0131n bir kaza sonucunda biyolojik bir silaha d\u00f6n\u00fc\u015fmesi anlat\u0131lmaktad\u0131r. Katsuhiro Otomo'nun y\u00f6netti\u011fi son hik\u00e2ye olan Cannon Fodder (\u5927\u7832\u306e\u8857 Taih\u014d no Machi) ise bilinmeyen bir d\u00fc\u015fmana kar\u015f\u0131 sava\u015fan bir \u015fehrin g\u00fcnl\u00fck ya\u015fam\u0131n\u0131 anlatmaktad\u0131r. IMDb puan\u0131 7.6'd\u0131r.\n\n\n\nInterview with the Vampire: The Vampire Chronicles (Vampirle G\u00f6r\u00fc\u015fme) - 1994 (IMDb: 7.6)\n\nGen\u00e7 bir gazeteci (Slater) gizemli bir adamla r\u00f6portaj yapmaya ba\u015flar. Adam 200 ya\u015f\u0131nda bir vampir oldu\u011funu s\u00f6yler. \u0130nanmayan gazeteciye birka\u00e7 numara yaparak onu inand\u0131r\u0131r ve \u00f6yk\u00fcs\u00fcn\u00fc anlatmaya ba\u015flar. Louis (Pitt) varl\u0131kl\u0131 bir gen\u00e7tir. Kar\u0131s\u0131n\u0131 yak\u0131n zamanda kaybetmi\u015ftir ve kendisini bir t\u00fcrl\u00fc toparlayamam\u0131\u015ft\u0131r. Sarho\u015f oldu\u011fu bir gecede Lestat'\u0131n (Cruise) onu vampir yapma fikrine kar\u015f\u0131 \u00e7\u0131kamaz ve b\u00fct\u00fcn hayat\u0131 de\u011fi\u015fir fakat kendi i\u00e7inde gelgitler ya\u015famaktad\u0131r \u00e7\u00fcnk\u00fc insanlar\u0131 \u00f6ld\u00fcrme fikri ona \u00e7ok ters gelmektedir. Bu nedenle uzun bir s\u00fcre s\u0131\u00e7anlar fareler k\u00f6pekler ve tavuklarla idare etmi\u015ftir. Bu s\u0131rada k\u00fc\u00e7\u00fck bir k\u0131z olan Claudia'y\u0131 g\u00f6r\u00fcr ve onu \u0131s\u0131rmas\u0131yla b\u00fct\u00fcn her \u015fey de\u011fi\u015ftir. IMDb puan\u0131 7.6'd\u0131r.\n\n\n\n\n\nSanta Sangre (Kutsal Kan) - 1989 (IMDb: 7.6)\n\nAk\u0131l hastanesinde beyaz duvarlar\u0131n aras\u0131nda kendini ku\u015f zanneden ve bir a\u011fac\u0131n \u00fczerinde ya\u015fayan Fenix (kendi k\u00fcllerinden do\u011fan Anka Ku\u015fu) var kar\u015f\u0131m\u0131zda. Ge\u00e7mi\u015fe d\u00f6n\u00fc\u015flerle Fenix'in neden ak\u0131l hastanesinde oldu\u011funu \u00f6\u011freniriz \u00f6ncelikle. Ailesi ile birlikte g\u00f6steriler yapt\u0131klar\u0131 sirklerinde g\u00fczel bir \u00e7ocukluk ge\u00e7irmektedir Fenix. Ancak \u00e7apk\u0131n bir adam olan babas\u0131n\u0131n annesini sirkteki d\u00f6vmeli kad\u0131nla aldatt\u0131\u011f\u0131 gece her \u015fey de\u011fi\u015fir. Babas\u0131n\u0131 d\u00f6vmeli kad\u0131nla yakalayan annesi babas\u0131n\u0131n cinsel organ\u0131na s\u00fclf\u00fcrik asit atar, babas\u0131 buna kar\u015f\u0131l\u0131k annesinin kollar\u0131n\u0131 b\u0131\u00e7akla keser ve sonra da intihar eder. T\u00fcm bu olaylar\u0131 izleyen Fenix ciddi bir travma ge\u00e7irerek ak\u0131l hastanesine yatar. Fenix'in hayat\u0131 bir g\u00fcn odas\u0131n\u0131n cam\u0131ndan kollar\u0131 olmayan annesini soka\u011f\u0131n kenar\u0131nda beklerken g\u00f6rmesiyle tamamen de\u011fi\u015fecektir. Hastaneden ka\u00e7an Fenix ile annesi art\u0131k simbiyotik (iki canl\u0131 aras\u0131nda her iki taraf\u0131n kar\u015f\u0131l\u0131kl\u0131 yararlanmalar\u0131na dayal\u0131 ortak ili\u015fki) bir ya\u015fam\u0131 payla\u015fmaya ba\u015flarlar. IMDb puan\u0131 7.6'd\u0131r.\n\n\n\n\n\nProfondo Rosso (Derin K\u0131rm\u0131z\u0131) - 1975 (IMDb: 7.6)\n\nCaz piyanisti ve m\u00fczik hocas\u0131 Marcus Daly, kanl\u0131 bir cinayete \u015fahit olduktan sonra, cinayetin ard\u0131ndaki gizemi ara\u015ft\u0131rmaya ba\u015flar. Zamanla cinayetlerin say\u0131s\u0131 artmaya ba\u015flar ve Daly cinayetlerle kendisi aras\u0131ndaki ba\u011flant\u0131dan yola \u00e7a\u0131karak, katilin kim oldu\u011funu bulmaya \u00e7al\u0131\u015f\u0131r. Katile giden yol, s\u0131rlarla dolu bir bulmacay\u0131 and\u0131rmaktad\u0131r. IMDb puan\u0131 7.6'd\u0131r.\n\n\n\nThe Incredible Shrinking Man (Kendi Kendine K\u00fc\u00e7\u00fclen Adam) - 1957 (IMDb: 7.6)\n\nRadyoaktif bir s\u0131z\u0131nt\u0131ya maruz kalm\u0131\u015f olan Scott Carey(Grant Williams)\u2019nin zaman ge\u00e7tik\u00e7e k\u00fc\u00e7\u00fclmesini sinemaseverlere sunuyor. E\u015fi Louise (Randy Stuart) ile yapt\u0131\u011f\u0131 tatil s\u0131ras\u0131nda gizemli bir sis bulutunun \u00fczerinden ge\u00e7mesinin ard\u0131ndan gittik\u00e7e boyu k\u00fc\u00e7\u00fclen ve kilo veren Scott, doktorlar\u0131 bile \u00e7aresiz ve \u015fa\u015fk\u0131nl\u0131\u011fa s\u00fcr\u00fckleyecek bir sendrom ya\u015famaktad\u0131r ve bir Barbie evinin i\u00e7inde ya\u015fayacak d\u00fczeyde k\u00fc\u00e7\u00fclen Scott i\u00e7in art\u0131k hi\u00e7bir \u015fey eskisi gibi olmayacakt\u0131r. IMDb puan\u0131 7.6'dir.\n\n\n\nGodzilla - 1954 (IMDb: 7.6)\n\nN\u00fckleer testler sonucu denizde uyanan dev bir canavar, dinozorumsu bedeni ve n\u00fckleer nefesiyle deh\u015fet sa\u00e7maya ba\u015flar. Gemileri bat\u0131r\u0131r, adalar\u0131 yerle bir eder. Yerlilerin Gojira ad\u0131n\u0131 verdi\u011fi canavar y\u00f6n\u00fcn\u00fc Tokyo\u2019ya \u00e7evirir. Gojira\u2019n\u0131n ba\u015fkente getirece\u011fi y\u0131k\u0131m\u0131 durdurman\u0131n bedeli hi\u00e7 de hafif olmayacakt\u0131r. IMDb puan\u0131 7.6\u2019d\u0131r.\n\n\n\nVampyr - 1932 (IMDb: 7.6)\n\nFransa'n\u0131n k\u00fc\u00e7\u00fck bir kasabas\u0131na yolu d\u00fc\u015fen bir \u00f6\u011frenci olan Allan Grey'in uyuyup geceyi ge\u00e7irebilece\u011fi bir yere ihtiyac\u0131 vard\u0131r, ilk g\u00f6rd\u00fc\u011f\u00fc hana yerle\u015fir. Bu an itibar\u0131yla da tuhaf ve s\u0131ra d\u0131\u015f\u0131 \u015feyler i\u015faretlerle kar\u015f\u0131la\u015fmaya ba\u015flar. K\u00f6y halk\u0131 esrarengiz \u015feyler ya\u015famaktad\u0131r. Marguerite Chopin isimli bir vampir k\u00f6y\u00fcn sakinlerini lanetlemi\u015ftir, Grey de bu laneti kald\u0131rmak i\u00e7in kald\u0131\u011f\u0131 kalenin sahiplerine s\u00f6z verir. K\u00f6y\u00fc lanetten kurtarmak i\u00e7in vampirin yard\u0131mc\u0131lar\u0131yla sava\u015fmak zorunda olan Allan, kendi cenazesi de dahil olmak \u00fczere korkun\u00e7 sanr\u0131larla bo\u011fu\u015ftu\u011fu \u00fcrk\u00fct\u00fcc\u00fc bir yolculu\u011fa ad\u0131m at\u0131l\u0131r. IMDb puan\u0131 7.6\u2019d\u0131r.\n\n\n\nDr. Jekyll and Mr. Hyde (\u0130ki Ruhlu Adam) - 1931 (IMDb: 7.6)\n\nDr. Henry L. Jekyll (Fredric March) Victoria devri Londra's\u0131n\u0131n sayg\u0131n ve sevilen doktorlar\u0131ndan biridir. \u00dcst tabakadan varl\u0131kl\u0131 ve ince zevkleri de olan bir adamd\u0131r, zaten filmin ba\u015f\u0131nda onu malikhanesinde org \u00e7alarken g\u00f6r\u00fcr\u00fcz, bu pahal\u0131 ve hacimli m\u00fczik aletinin evlerde bulunmas\u0131 pek al\u0131\u015f\u0131lm\u0131\u015f bir \u015fey de\u011fildir. Mesle\u011fine ve hastalar\u0131na son derece ba\u011fl\u0131d\u0131r. Sosyetik davetleri ka\u00e7\u0131rmak u\u011fruna yoksul ve yard\u0131ma muhta\u00e7 hastalar\u0131na vakit ay\u0131rmay\u0131 tercih edecek kadar da insanc\u0131ld\u0131r. Ayn\u0131 zamanda bir bilim adam\u0131 olan Dr. Jekyll'e \u00fcniversitede bir konferans\u0131 oldu\u011fu u\u015fa\u011f\u0131 Poole (Edgar Norton) taraf\u0131ndan hat\u0131rlat\u0131l\u0131r. IMDb puan\u0131 7.6\u2019d\u0131r.\n\n\n\nThe Phantom of the Opera (Operadaki Hayalet) - 1925 (IMDb: 7.6)\n\n1890'lar\u0131n Paris'inde ge\u00e7en filmde, y\u00fcz\u00fc ileri derecede deforme oldu\u011fu i\u00e7in bir maske takarak dola\u015fan ve yer alt\u0131ndaki gizli mahzenlerde ya\u015fayan Paris Operas\u0131'n\u0131n \u2018Hayaleti\u2019nin sevdi\u011fi kad\u0131n\u0131 bir star yapabilmek i\u00e7in opera idaresini zorlamas\u0131, bu u\u011furda cinayet bile i\u015fleyerek binan\u0131n alt\u0131n\u0131 \u00fcst\u00fcne getirmesi anlat\u0131lmaktad\u0131r. IMDb puan\u0131 7.6\u2019d\u0131r.\n\n\n\nA Quiet Place (Sessiz Bir Yer) - 2018 (IMDb: 7.5)\n\n2 \u00e7ocuklu bir aile, izole bir k\u0131rsalda sakin bir ya\u015fam s\u00fcrmektedir. Hen\u00fcz b\u00fcy\u00fcme \u00e7a\u011flar\u0131nda olan \u00e7ocuklar da, ebeveynleri de hi\u00e7bir \u015fekilde konu\u015fmamakta, i\u015faret diliyle anla\u015fmaktad\u0131r. Ancak bunun sebebi konu\u015fam\u0131yor olmalar\u0131 de\u011fildir. Aile g\u0131c\u0131rt\u0131 \u00e7\u0131karacak her t\u00fcrl\u00fc ad\u0131mdan, ses yapacak her t\u00fcrl\u00fc hareketten uzak durmaktad\u0131r. Ancak g\u00fcn\u00fcn birinde bu sakin hayat, k\u00fc\u00e7\u00fck \u00e7ocuklar\u0131n oyun oynarken bir lambay\u0131 devirmeleri ile tepetaklak olur. Durgun sessizli\u011fin i\u00e7inde \u00e7\u0131kan bu ses, ailenin pe\u015findeki varl\u0131\u011f\u0131n dikkatini hemen \u00e7ekecek ve aile sessizliklerini bozman\u0131n bedelini a\u011f\u0131r \u00f6deyecektir. IMDb puan\u0131 7.5\u2019tir.\n\n\n\nUpgrade - 2018 (IMDb: 7.5)\n\nFilm gelecek zamanda, insanlar\u0131n konu\u015farak kontrol edebildikleri zeki evler ve arabalar \u00e7a\u011f\u0131nda ge\u00e7mektedir. Grey ise b\u00f6yle bir zamanda ya\u015famas\u0131na ra\u011fmen hala eski hazlara ba\u011fl\u0131d\u0131r, arabas\u0131n\u0131 makinelere b\u0131rakmak yerine kendisi tamir etmekte ve satmaktad\u0131r. Grey'in en \u00f6nemli m\u00fc\u015fterilerinden birisi de teknoloji devi Eron'dur. Grey, bir g\u00fcn e\u015fi ile e\u015finin otonom arabas\u0131 ile seyahat ederken, araba kontrolden \u00e7\u0131kar ve onlar\u0131n emirlerine uymaz. A\u015f\u0131r\u0131 h\u0131zlanan ara\u00e7 kaza yaparak devrilir. Araban\u0131n devrildi\u011fi b\u00f6lgede bekleyen bir grup insan, Grey'in e\u015fini \u00f6ld\u00fcrmekle kalmaz, Grey'i de fel\u00e7 ederler. Tamam\u0131yla yata\u011fa mahk\u00fbm olan Grey'e m\u00fc\u015fterisi Eron bir teklifte bulunur. Buna g\u00f6re onun v\u00fccuduna bir \u00e7ip yerle\u015ftirilecek ve o da bu \u00e7ip sayesinde yeniden hareket edebilecek ve y\u00fcr\u00fcyebilecektir. Teklifi kabul eden Grey \u00e7ipin tak\u0131lmas\u0131 i\u00e7in bir ameliyat ge\u00e7irir. Ameliyat sonras\u0131 v\u00fccuduna yerle\u015ftirilen Stem adl\u0131 \u00e7ip ile konu\u015fmaya ba\u015flayan Grey, e\u015finin katillerini bulmaya kararl\u0131d\u0131r ve bu konuda Stem'in yard\u0131m\u0131n\u0131 kullan\u0131r. IMDb puan\u0131 7.5\u2019tir.\n\n\n\nBusanhaeng (Zombi Ekspresi) - 2016 (IMDb: 7.5)\n\nY\u0131k\u0131c\u0131 bir vir\u00fcs G\u00fcney Kore'yi etkisi alt\u0131na al\u0131r. Bu s\u0131rada Seul'den Busan'a gitmekte olan trendeki yolcular hayatta kalma m\u00fccadelesi verir. IMDb puan\u0131 7.5\u2019tir.\n\n\n\nGok-seong (Kara B\u00fcy\u00fc) - 2016 (IMDb: 7.5)\n\nG\u00fcney Kore'de sakinleri birbirini \u00e7ok iyi tan\u0131yan bir da\u011f kasabas\u0131nda hayat her zamanki gibi devam ederken kasabaya zek\u00e2s\u0131 ve kibar tav\u0131rlar\u0131yla dikkat \u00e7eken ancak tek ba\u015f\u0131na olmaktan ho\u015flanan bir adam ta\u015f\u0131n\u0131r. Kasabaya geli\u015finden k\u0131sa s\u00fcre sonra gizemli bir hastal\u0131k yay\u0131lmaya ba\u015flar. Kasaba sakinleri hastal\u0131\u011f\u0131n sorumlusu olarak yabanc\u0131dan ku\u015fkulansalar da polis yabani mantar y\u00fcz\u00fcnden zehirlendiklerini d\u00fc\u015f\u00fcnmektedir. Soru\u015fturman\u0131n ba\u015f\u0131nda yer alan polis memuru Jong-goo yabanc\u0131 hakk\u0131nda bilgi veren Moo-myung isimli gizemli bir kad\u0131nla tan\u0131\u015f\u0131r. Akabinde Jong-goo'nun k\u0131z\u0131 da ayn\u0131 belirtilerle hastalan\u0131r. Umutsuzca k\u0131z\u0131n\u0131 hastal\u0131ktan kurtarmas\u0131 i\u00e7in \u015faman Il-gwan'a emanet eden Jong- goo'nun gizemli olay\u0131 \u00e7\u00f6zmekten ba\u015fka \u00e7aresi kalmam\u0131\u015ft\u0131r. IMDb puan\u0131 7.5\u2019tir.\n\n\n\nTucker & Dale vs. Evil - 2010 (IMDb: 7.5)\n\nHem t\u00fcyler \u00fcrperten korku unsurlar\u0131n\u0131 hem de kahkaha f\u0131rt\u0131nalar\u0131n\u0131 i\u00e7eren komedi filmlerini bir arada harmanlamak b\u00fcy\u00fck k\u00fclfet isteyen bir i\u015ftir. Bu t\u00fcrdeki filmlerden biri olan, 2010 yap\u0131m\u0131 \"Tucker & Dale vs. Evil\" da bir korku-komedi olarak t\u00fcr\u00fcn\u00fcn hayranlar\u0131na seslenmeye \u00e7al\u0131\u015f\u0131yor. Eli Craig'in yaz\u0131p y\u00f6netti\u011fi bu yap\u0131mda, Tucker ve Dale'in \u00e7\u0131kt\u0131klar\u0131 ser\u00fcvende ba\u015flar\u0131na gelen \u00fcrk\u00fct\u00fcc\u00fc-komik olaylar sinemaya aktar\u0131l\u0131yor. Bir grup \u00fcniversiteye haz\u0131rl\u0131k \u00f6\u011frencisi, kahramanlar\u0131m\u0131z\u0131n ba\u015f\u0131na bela olacak ve Tucker ve Dale'in k\u00f6t\u00fcl\u00fc\u011fe kar\u015f\u0131 \"\u00f6l\u00fcmc\u00fcl\" m\u00fccadelesi start alacakt\u0131r. IMDb puan\u0131 7.5\u2019tir.\n\n\n\nThe Conjuring (Korku Seans\u0131) - 2013 (IMDb: 7.5)\n\nKonusunu ger\u00e7ek bir hikayeden alan Korku Seans\u0131, do\u011fa\u00fcst\u00fc olaylar\u0131 inceleyip ayd\u0131nlatmaya \u00e7al\u0131\u015fan d\u00fcnyaca \u00fcnl\u00fc \u00e7ift Ed ve Lorraine Warren'\u0131n kar\u015f\u0131la\u015ft\u0131klar\u0131 \u00fcrk\u00fct\u00fcc\u00fc bir vakay\u0131 ele al\u0131r. Ed ve Lorraine Warren bir g\u00fcn Perron ailesinden bir telefon ald\u0131klar\u0131nda hayatlar\u0131n\u0131n en korkutucu g\u00f6revine at\u0131ld\u0131klar\u0131n\u0131n fark\u0131nda de\u011fildir. Perron ailesinin g\u00f6zlerden uzak \u00e7iftlik evi nedeni bilinmeyen karanl\u0131k bir varl\u0131k taraf\u0131ndan ku\u015fat\u0131lm\u0131\u015ft\u0131r ve bu nedenle de hayatlar\u0131 tam bir kabusa d\u00f6n\u00fc\u015fm\u00fc\u015ft\u00fcr. Bu vakay\u0131 \u00e7\u00f6zebileceklerine inanan deneyimli Warren \u00e7ifti, ne kadar \u015feytani bir varl\u0131kla kar\u015f\u0131 kar\u015f\u0131ya olduklar\u0131n\u0131 \u00e7ok ge\u00e7 fark edeceklerdir... IMDb puan\u0131 7.5\u2019tir.\n\n\n\nGrindhouse (Deh\u015fet Gezegeni) - 2007 (IMDb: 7.5)\n\nDubl\u00f6r\u2019 Mike, arabas\u0131n\u0131n i\u00e7ine monte etti\u011fi \u2019\u00f6l\u00fcm ge\u00e7irmez\u2019 bir mekanizma ile her t\u00fcrl\u00fc trafik kazas\u0131ndan yara almadan \u00e7\u0131kabilen bir katildir. \u00d6zellikle gen\u00e7 kad\u0131nlara kar\u015f\u0131 ger\u00e7ekle\u015ftirdi\u011fi sald\u0131r\u0131larda kulland\u0131\u011f\u0131 bu mekanizma sayesinde, ac\u0131mas\u0131z bir katil olarak nam salm\u0131\u015ft\u0131r. Bir g\u00fcn bir barda kar\u015f\u0131la\u015ft\u0131\u011f\u0131 d\u00f6rt kad\u0131n\u0131, yeni hedefleri olarak g\u00f6z\u00fcne kestirmi\u015ftir. Fakat bu sefer, kurbanlar\u0131n\u0131n kimliklerinden habersizdir ve nas\u0131l bir belaya bula\u015fmak \u00fczere oldu\u011funun fark\u0131nda de\u011fildir. IMDb puan\u0131 7.5\u2019tir.\n\n\n\nArmy of Darkness (Karanl\u0131\u011f\u0131n Ordusu) - 1992 (IMDb: 7.5)\n\nAsh ba\u015flang\u0131\u00e7ta \u0130ngiliz \u015f\u00f6valyeleriyle sava\u015fan \u0130sko\u00e7 Duke Henry\u2019nin adamlar\u0131ndan biri san\u0131l\u0131r ve esir al\u0131n\u0131r. Silah\u0131na ve motorlu testeresine el konur ve kaleye g\u00f6t\u00fcr\u00fcl\u00fcr. Papaz onun bir kehanette bahsedilen kurtar\u0131c\u0131 oldu\u011funu inanarak silahlar\u0131n\u0131 saklar. Ash, kalede \u00f6ld\u00fcr\u00fclmesi i\u00e7in i\u00e7inde iblislerin oldu\u011fu \u00e7ukura at\u0131l\u0131r. Papaz bu s\u0131rada motorlu testereyi Ash\u2019e verir. \u0130blisleri halleden Ash \u00e7ukurdan \u00e7\u0131kar. \u201cBoomstick\u201d dedi\u011fi t\u00fcfe\u011fini bulur. Kendi zaman\u0131na geri d\u00f6nmesine yard\u0131m etmeleri i\u00e7in halk\u0131 korkutur. IMDb puan\u0131 7.5\u2019tir.\n\n\n\nBraindead - 1992 (IMDb: 7.5)\n\nLionel Cosgrove, bask\u0131c\u0131 annesi Vera ile birlikte ya\u015fayan bir adamd\u0131r. Annesinin itirazlar\u0131na ra\u011fmen Paquita isimli bir kad\u0131na a\u015f\u0131k olur ve aralar\u0131nda bir ili\u015fki ba\u015flar. \u0130kili birlikte hayvanat bah\u00e7esi gezintisine \u00e7\u0131kar ve bu esnada Vera da pe\u015flerinden gider. Vera, bu esnada farkl\u0131 bir t\u00fcre ait olan bir maymun-fare taraf\u0131ndan \u0131s\u0131r\u0131l\u0131r ve bir \u00e7e\u015fit zombiye d\u00f6n\u00fc\u015f\u00fcr. Bu olay kar\u015f\u0131s\u0131nda deh\u015fete kap\u0131lan Lionel yine de annesini b\u0131rakamaz ve ona g\u00f6zkulak olmaya karar verir. Bula\u015f\u0131c\u0131 bir zombi hastal\u0131\u011f\u0131 da sa\u00e7maya devam eden kad\u0131n, ya\u015famak i\u00e7in insanlar\u0131 \u0131s\u0131rmaya devam etmektedir. Lionel ise \u00e7aresiz bir \u015fekilde kurbanlar\u0131 bodrumlar\u0131nda saklamaya ba\u015flar. Ancak olaylar zamanla \u00e7\u0131\u011f\u0131r\u0131ndan \u00e7\u0131kar. IMDb puan\u0131 7.5\u2019tir.\n\n\n\nJacobs Ladder (Deh\u015fetin Nefesi) \u2013 1990 Adrian Lyne taraf\u0131ndan y\u00f6netilen filmde sava\u015f\u0131n ard\u0131ndan ki kal\u0131nt\u0131lar\u0131n sadece maddi y\u00f6nde olmad\u0131\u011f\u0131, insan\u0131n zihnindeki kal\u0131nt\u0131lar\u0131n daha b\u00fcy\u00fck oldu\u011funu vurgular. Jacob Singer\u2019in k\u00e2buslar\u0131 uyan\u0131kken de bitmez. Evli ve bir \u00e7ocuk babas\u0131 Jabob, Vietnam Sava\u015f\u0131'n\u0131n izlerini hala belle\u011finde ta\u015f\u0131r. Sava\u015f ortam\u0131, Vietnam\u2019da askerler \u00fczerinde denenen ila\u00e7lar\u0131n bir yan etkisi\u2026 b\u00fct\u00fcn bunlar kabuslar\u0131n\u0131n a\u00e7\u0131klamas\u0131 olabilir mi? Tim Robbins, Elizabeth Pena gibi isimlerin rol ald\u0131\u011f\u0131 ger\u00e7ek\u00fcst\u00fc bir film Jacobs Ladder. Filmin IMDb puan\u0131 7.5'tir.\n\n\n\nNeco z Alenky (1988) \u00c7ek y\u00f6netmen Jan Svankmajer'den s\u00fcrreal bir Alice Harikalar Diyar\u0131'nda uyarlamas\u0131 olan Neco z Alenky, Lewis Caroll'\u0131n ayn\u0131 isimli roman\u0131n serbest bir uyarlamas\u0131 olan film. Filmde,orijinal hikayeye sad\u0131k bir \u015fekilde Alice, beyaz tav\u015fan\u0131n pe\u015fine tak\u0131larak ba\u015fka bir d\u00fcnyaya ge\u00e7i\u015f yap\u0131yor .Al\u0131\u015ft\u0131\u011f\u0131m\u0131z Alice hikayesindekinden farkl\u0131 olan bu d\u00fcnyada, korkutucu karakter ve yarat\u0131klarla kar\u015f\u0131la\u015f\u0131yoruz. Y\u00f6netmen Jan Svankmajer\u2019in animasyon, ger\u00e7ek \u00e7ekimler ve kukla kullanarak farkl\u0131 teknikleri bir araya getirerek \u00e7ekti\u011fi filmi, g\u00f6rmedi\u011fimiz bir Alice hikayesi sunuyor. Filmin IMDb puan\u0131 7.5'tir.\n\n\n\nThe Fly (Sinek) \u2013 1958 David Cronenberg taraf\u0131ndan y\u00f6netilen film, korku ve bilimkurgunun birle\u015fti\u011fi her sahnesinde y\u00f6netmenin karakterini i\u00e7eren bir yap\u0131t. Bir bilim insan\u0131 ile gazetecinin etraf\u0131nda \u015fekillenir. Kendine g\u00fcvenen, i\u015fine ba\u011f\u0131ml\u0131, bir \u015feyleri \u0131\u015f\u0131nlaman\u0131n m\u00fcmk\u00fcn oldu\u011funu kan\u0131tlamaya \u00e7al\u0131\u015fan, tuhaf ve olduk\u00e7a farkl\u0131 bir bilim insan\u0131d\u0131r Seth. Veronica ise bu tuhaf deneyleri sonucu onunla r\u00f6portaj yapmak isteyen bir gazetecidir. Veronica\u2019n\u0131n r\u00f6portaja geldi\u011fi g\u00fcn, \u0131\u015f\u0131nlanmay\u0131 g\u00f6stermek isteyen Seth, kendini bir yerden bir yere \u0131\u015f\u0131nlamay\u0131 ba\u015far\u0131r ancak hesaba katmad\u0131\u011f\u0131 \u015fey onunla \u0131\u015f\u0131nlanan bir sinektir. Seth zamanla kendi kimli\u011finden farkl\u0131la\u015fmaya ve bir sinek gibi davranmaya ba\u015flar. Peki bu ba\u015fkala\u015f\u0131m\u0131n sonucu nas\u0131l olacakt\u0131r? Filmin IMDb puan\u0131 7.5\u2019tir.\n\nA Nightmare on Elm Street (Elm Soka\u011f\u0131 K\u00e2busu) \u2013 1984 Wes Craven taraf\u0131ndan y\u00f6netilen film, korku filmleri aras\u0131nda k\u00fcltle\u015fmi\u015f olarak sayabiliriz. Freddy ismi ile akl\u0131m\u0131za kaz\u0131nan film, uykuya direnmek mi yoksa kabuslarda Freddy ile bulu\u015fmak m\u0131 ikilemini ya\u015fat\u0131r insana. Y\u0131llar \u00f6nce, \u00e7ocuklar\u0131 katleden Fred Krueger, mahalleli taraf\u0131ndan lin\u00e7 edilir. \u0130\u015fte bu olaydan sonra Los Angeles\u2019ta \u00e7ocuklar uykular\u0131nda \u00f6ld\u00fcr\u00fclmeye ba\u015flan\u0131r. Gen\u00e7leri katleden bu ki\u015fi Fred Krueger\u2019den ba\u015fkas\u0131 de\u011fildir. Y\u00f6netmenine b\u00fcy\u00fck \u00fcn kazand\u0131ran bu film, 1980\u2019ler gibi bir d\u00f6neme damgas\u0131n\u0131 vurmu\u015ftur. Robert Englund\u2019un enfes oyunculu\u011fu ile eminim herkes uykuya direnmeye \u00e7al\u0131\u015facakt\u0131r. Filmin IMDb puan\u0131 7.5\u2019tir.\n\n\n\nEvil Dead (\u015eeytan\u0131n \u00d6l\u00fcs\u00fc)- 1981 Sam Raimi\u2019nin y\u00f6netti\u011fi film, bir grup arkada\u015f\u0131n ormanda neler ile y\u00fczle\u015febileceklerini t\u00fcm a\u00e7\u0131kl\u0131\u011f\u0131yla ortaya koyar. E\u011flenceli bir hafta sonu plan\u0131 nas\u0131l deh\u015fete d\u00f6n\u00fc\u015febilir? Gen\u00e7ler, kald\u0131klar\u0131 kul\u00fcbede bir ses kayd\u0131 bulurlar, ses kayd\u0131n\u0131 profes\u00f6r b\u0131rakm\u0131\u015ft\u0131r. Ses kayd\u0131na g\u00f6re ise \u00d6l\u00fcler Kitab\u0131'n\u0131 bulurlar, i\u015fler giderek daha kar\u0131\u015fmaya ba\u015flar. Orman, art\u0131k tatil yapmaya geldikleri yer de\u011fildir. \u00c7\u00fcnk\u00fc t\u00fcm orman k\u00f6t\u00fc yarat\u0131klara d\u00f6n\u00fc\u015fmeye ba\u015flar. Grubun her \u00fcyesi farkl\u0131 \u015fekilde bu orman yarat\u0131klar\u0131 ile y\u00fczle\u015fecektir. Bruce Campbell\u2019in oynad\u0131\u011f\u0131 Ash karakteri ile filme yeni bir soluk gelmi\u015ftir. Filmin IMDb puan\u0131 7.5\u2019tir.\n\n\n\nAn American Werewolf in London (Kurt Adam Londra\u2019da) \u2013 1981 John Landis\u2019in y\u00f6netmen koltu\u011funda oturdu\u011fu filmde Amerika\u2019dan gelen iki arkada\u015f umulmad\u0131k bir \u015fekilde sars\u0131c\u0131 bir sald\u0131r\u0131ya maruz kal\u0131rlar. \u0130lk ba\u015fta kim taraf\u0131ndan sald\u0131r\u0131ya u\u011frad\u0131klar\u0131 anla\u015f\u0131lmasa bile filmin ilerleyen b\u00f6l\u00fcmlerinde t\u00fcm \u00e7\u0131plakl\u0131\u011f\u0131yla g\u00f6zler \u00f6n\u00fcne serilir. \u0130ki Amerikal\u0131n\u0131n sald\u0131r\u0131ya u\u011frad\u0131klar\u0131 yer \u0130ngiltere\u2019dir. Olayda arkada\u015f\u0131n\u0131 kaybeden David, hastanede muayene olmaktad\u0131r. Ancak i\u015fler tersine d\u00f6ner ve r\u00fcyas\u0131nda d\u00f6rt ayak \u00fczerinde ko\u015ftu\u011funu, avland\u0131\u011f\u0131n\u0131 fark eder. Dolunay gecesi kollar\u0131ndan k\u0131llar f\u0131\u015fk\u0131r\u0131r ve art\u0131k David ka\u00e7\u0131n\u0131lmaz bir on ile Kurt adama d\u00f6n\u00fc\u015fm\u00fc\u015ft\u00fcr. Londra sokaklar\u0131nda kendine avlar arayan David\u2019i \u00e2\u015f\u0131k oldu\u011fu hem\u015fire Alex dahi kurtaramaz. \u00d6ld\u00fcrd\u00fc\u011f\u00fc insanlar varl\u0131k ile yokluk aras\u0131na s\u0131k\u0131\u015farak David ile hesapla\u015f\u0131r. Filmin IMDb puan\u0131: 7.5\u2019tir.\n\n\n\n\n\nNosferatu \u2013 Phantom der Nacht (Vampir Nosferatu ) - 1979 Almanya \u2013 Fransa ortak yap\u0131m\u0131 olan Gotik korku filmi Vampir Nosferatu\u2019nun yap\u0131mc\u0131s\u0131 ve y\u00f6netmeni Werner Herzog\u2019tur. Bir emlak sat\u0131\u015f\u0131 i\u00e7in Transilvanya\u2019ya giden, Jonathan Harker ve e\u015fi Lucy\u2019nin g\u00f6revi evini satmas\u0131 i\u00e7in Drakula\u2019y\u0131 ikna etmektir. Ancak i\u015fler san\u0131ld\u0131\u011f\u0131 gibi devam etmeyecektir. Drakula kontrat\u0131 imzalar, onun tek arzusu huzura kavu\u015fmakt\u0131r. Fakat g\u00f6rd\u00fc\u011f\u00fc bir foto\u011fraf t\u00fcm fikrinin de\u011fi\u015fmesine sebep olur. Foto\u011fraf Jonathan\u2019\u0131n e\u015fi Lucy\u2019e aittir. Drakula, Jonathan ile birlikte Almanya\u2019ya giden gemiye biner ve pe\u015finde felaketi de getirir. Filmin IMDb puan\u0131: 7.5\u2019tir.\n\n\n\nThe Omen (Kehanet) \u2013 1976 Richard Donner taraf\u0131ndan y\u00f6netilen film, \u0130ngiltere \u2013 ABD ortak yap\u0131m\u0131d\u0131r. Baz\u0131 izleyicilere g\u00f6re senaryoda a\u00e7\u0131kl\u0131klar vard\u0131r ancak film yeteri kadar deh\u015fete d\u00fc\u015f\u00fcrd\u00fc\u011f\u00fc i\u00e7in bu a\u00e7\u0131kl\u0131klar \u00e7ok fazla g\u00f6ze batmaz. Amerikan El\u00e7isi Robert Thorn\u2019un e\u015fi hamiledir. Ancak bu hamileli\u011fin sonu iyi bitmez ve do\u011fum esnas\u0131nda bebek \u00f6l\u00fcr. E\u015fine bu durumu anlatmak istemeyen Richard, ba\u015fka bir bebek evlat edinir. Fakat bu bebek b\u00fcy\u00fcmeye ba\u015flad\u0131k\u00e7a normal olmayacakt\u0131r. Bir tak\u0131m intihar ve \u00f6l\u00fcmlerin ard\u0131ndan baba, o\u011flunun ard\u0131ndaki gizemi \u00e7\u00f6zmeye ba\u015flar. Asl\u0131nda o\u011flu, bebekken ald\u0131\u011f\u0131 kadar masum de\u011fildir ve \u015feytan ile yak\u0131n ili\u015fkisi vard\u0131r. Filmin IMDb puan\u0131: 7.5\u2019tir.\n\n\n\nThe Texas Chainsaw Massacre (Teksas Katliam\u0131) \u2013 1974 Tobe Hooper taraf\u0131ndan y\u00f6netilen filmin asl\u0131nda iki tane vizyon tarihi var. Biri 1974\u2019te orjinali yay\u0131mlanan film. Di\u011feri ise 2015\u2019te bir kopyas\u0131 ile vizyona giriyor. Teksas Katliam\u0131 asl\u0131nda ger\u00e7ek bir hik\u00e2ye, 1950\u2019lerde Ed Gein adl\u0131 bir seri katilin yapt\u0131klar\u0131ndan ilham alan Tobe Hooper muhte\u015fem bir k\u00fclt ile kar\u015f\u0131m\u0131za \u00e7\u0131k\u0131yor. \u0130lk g\u00f6sterimini yapan filmi sonuna kadar kimse izleyemiyor. \u00c7\u00fcnk\u00fc bundan 40 y\u0131l \u00f6nce kullan\u0131lan \u015fiddet \u00f6gelerinden daha fazlas\u0131n\u0131 i\u00e7eren filmi zleyip bitirecek kimse \u00e7\u0131kmad\u0131. Sally, karde\u015fi Franklin ve arka\u015flar\u0131 Jerry, Kirk ve Pam ile dedelerinin mezar\u0131n\u0131 ziyaret etmek i\u00e7in yola \u00e7\u0131kan gen\u00e7leri hayal edemeyecekleri bir son bekliyor. Yolculuk esnas\u0131nda otostop \u00e7eken Franklin\u2019i arabalar\u0131na alan gen\u00e7ler, asl\u0131nda onun normal biri olmad\u0131\u011f\u0131n\u0131 \u00e7ok sonra anlayacakt\u0131r. Filmin IMDb puan\u0131: 7.5\u2019tir.\n\n\n\nThe Wicker Man (Gizemli Ada) \u2013 1973 Neil Howie bir dedektif polistir. G\u00f6revi ise \u0130sko\u00e7ya\u2019daki Summerisle Adas\u0131\u2019nda gizemli bir \u015fekilde kaybolan gen\u00e7 k\u0131z\u0131n davas\u0131n\u0131 \u00e7\u00f6zmek i\u00e7in adaya gider. Ancak hi\u00e7 beklemedi\u011fi bir durum ile kar\u015f\u0131la\u015f\u0131r. Ada halk\u0131 gen k\u0131z\u0131n asl\u0131nda hi\u00e7 var olmad\u0131\u011f\u0131n\u0131 s\u00f6yler. Hi\u00e7 var olmayan biri nas\u0131l kaybolabilir? Pagan inanc\u0131na sahip yerli halk, gen\u00e7 k\u0131z\u0131n varl\u0131\u011f\u0131n\u0131 kabul etmez. Dedektif Howie ise paganizme dair \u00f6\u011frendikleri ile gizemli kaybolu\u015fun ta\u015flar\u0131n\u0131 yerlerine oturtmaya \u00e7al\u0131\u015f\u0131r. \u00d6\u011frendikleri ile asl\u0131nda olanlar \u00e7ok farkl\u0131d\u0131r. Y\u00f6netmen koltu\u011funda Robin Hardy\u2019in oturdu\u011fu film sizi dini inanc\u0131n sorgulanmas\u0131 ile ba\u015f ba\u015fa b\u0131rak\u0131r. Filmin IMDb puan\u0131: 7.5\u2019tir\n\n\n\nThe Haunting (Perili Ev) \u2013 1963 En iyi hayalet filmleri aras\u0131nda kabul edilen bu filmin y\u00f6netmeni Robert Wise\u2019dir. Hill House isimli malikanede hayaletlerin varl\u0131\u011f\u0131na dair \u015f\u00fcpheleri olan Dr. Markway, bu evde \u00e7e\u015fitli deneyler yapar. \u0130nan\u0131\u015fa g\u00f6re bu malikanede bir\u00e7ok gizemli \u00f6l\u00fcm ger\u00e7ekle\u015fmi\u015ftir. Dr. Markway, uyku problemi olan \u00fc\u00e7 ki\u015fiyi sorunlar\u0131n\u0131 bahane ederek bu eve davet eder. Hayaletlerin varl\u0131\u011f\u0131na inanmayan Luke, esrarengiz Tehodora ve \u00e7ekingen Eleanor eve gelirler. Asl\u0131nda hi\u00e7bir \u015fey planland\u0131\u011f\u0131 gibi gitmez ve bir s\u00fcre sonra hayaletli malikanede s\u0131k\u0131\u015ft\u0131klar\u0131n\u0131n fark\u0131na var\u0131rlar. Filmin IMDb puan\u0131: 7.5\u2019tir.\n\n\n\nNight of the Demon (\u015eeytan\u0131n Kurbanlar\u0131) \u2013 1957 Filmin y\u00f6netmen koltu\u011funda Jacques Tourneur\u2019u g\u00f6rd\u00fc\u011f\u00fcm\u00fcz film, 1959 y\u0131l\u0131nda T\u00fcrkiye\u2019de vizyona girmi\u015ftir. Yerel halk dilinde Frankenstein\u2019\u0131n \u0130ntikam\u0131 olarak da an\u0131lmaktad\u0131r. \u0130ngiltere\u2019de ortaya \u00e7\u0131kan \u015feytani bir tarikat taraf\u0131ndan katledilen bir\u00e7ok insan\u0131 ara\u015ft\u0131rmak \u00fczere Amerika\u2019dan yola \u00e7\u0131kan bir psikolo\u011fun ba\u015f\u0131ndan ge\u00e7enler \u00e7er\u00e7evesinde geli\u015fir film. Filmin yap\u0131m a\u015famas\u0131nda, yap\u0131mc\u0131 ve y\u00f6netmen aras\u0131nda \u00e7\u0131kan sanatsal farkl\u0131l\u0131klardan dolay\u0131 filmde baz\u0131 de\u011fi\u015fikliklere gidildi. Bir taraf \u015feytan\u0131n ekranda g\u00f6z\u00fckmesini isterken di\u011fer taraf bunu onaylamada i\u015fte bu y\u00fczden de 95 dakikal\u0131k olan filmin g\u00f6sterim s\u00fcresi 83 dakikaya indirilmi\u015f oldu. Filmin IMDb puan\u0131: 7.5\u2019tir.\n\n\n\nThe Bad Seed (Canavar Tohumu) \u2013 1956 S\u0131rlar\u0131m\u0131z\u0131 genellikle bizden ba\u011f\u0131ms\u0131z bir ki\u015fi daha bilir. Asl\u0131nda ya\u015fad\u0131klar\u0131m\u0131z\u0131n nedeni bir ki\u015fide hep sakl\u0131d\u0131r. Filmde ya\u015fan\u0131lan durumlar\u0131 bilen bir baba ve bir k\u0131z vard\u0131r. Kaderleri birbirlerinin elindedir. Christine Penmark\u2019\u0131n hayat\u0131 yolunda gitmektedir. G\u00fczel bir yuva, s\u0131cak bir e\u015f ve m\u00fckemmel k\u0131z evlat. Ama \u00e7ocuklu\u011fundan beri karanl\u0131k ve karabasan r\u00fcyalar g\u00f6rmektedir. Bir tarafta ise harika g\u00f6r\u00fcnen k\u0131zlar\u0131n\u0131n yalanlar\u0131, h\u0131rs\u0131zl\u0131klar\u0131 ve hi\u00e7te iyi olmayan davran\u0131\u015flar\u0131 Christine\u2019nin sinirlerini bozar. K\u0131z\u0131n\u0131n bu k\u00f6t\u00fc davran\u0131\u015flar\u0131n\u0131n sebebini Christine bilir, onun karanl\u0131k r\u00fcyalar\u0131n\u0131n sebebini de babas\u0131 bilir. Filmin IMDb puan\u0131: 7.5\u2019tir.\n\n\n\nBud Abbott Lou Costello Meet Frankenstein (\u0130ki A\u00e7\u0131kg\u00f6z Frankenstein\u2019a kar\u015f\u0131) \u2013 1948 Bu film di\u011fer korku filmlerinden biraz farkl\u0131 \u00e7\u00fcnk\u00fc hem korkutup hem g\u00fcld\u00fcren bir yap\u0131m. Charles Barton taraf\u0131ndan y\u00f6netilen filmin konusu, iki hamal olan Wilbur ve Chick\u2019in kendilerini Dracula, Kurt adam ve Frankenstein ile e\u011flenceli ve korku dolu bir maceraya atmas\u0131d\u0131r. \u0130ki kafadar\u0131n, korku filmlerinin en \u00fcrk\u00fct\u00fcc\u00fc karakterleri ile ya\u015fad\u0131\u011f\u0131 bu maceray\u0131 izlerken hem g\u00fcl\u00fcp hem korkacaks\u0131n\u0131z. Filmin IMDb puan\u0131: 7.5\u2019tir.\n\nThe Picture of Dorian Gray (Dorian Gray\u2019in Tablosu) \u2013 1945 The Picture of Dorian Gray 1945 Oscar Wilde\u2019nin tek roman\u0131 olan Dorian Gary\u2019in Portresi\u2019nden uyarlanm\u0131\u015f etkileyici ve sade bir filmdir. Genellikle hepimizin ke\u015fke bu b\u00f6yle olsayd\u0131 diye dilekler tutar art arda ke\u015fke deriz ancak bu ke\u015fkeler genelde geri d\u00f6n\u00fclemez ve yenilenemez dileklerdir. Peki ya bu dileklerden biri ger\u00e7ek olursa\u2026 Film i\u015fte tam bu noktada a\u00e7\u0131\u011fa \u00e7\u0131k\u0131yor ve yapt\u0131rd\u0131\u011f\u0131 tablosuna hayran kalan Dorian Gray, ke\u015fke ben hep gen\u00e7 kalsam da bu tablo ya\u015flansa dedi\u011fi dile\u011fi ger\u00e7ek oluyor. Tabi bu dile\u011fin bir sonucu var. Filmin IMDb puan\u0131: 7.5\u2019tir\n\nDracula (Drakula) \u2013 1931 \u0130rlandal\u0131 yazar Bram Stoker\u2019in \u00fcnl\u00fc Drakula roman\u0131n\u0131n en bilinen uyarlamas\u0131 olan film, Tod Browing\u2019in y\u00f6netmenli\u011finde \u00e7ekilmi\u015ftir. Ba\u015frolde Kont Drakula\u2019y\u0131 canland\u0131ran Bela Lugosi\u2019ye b\u00fcy\u00fck \u00fcn kazand\u0131rm\u0131\u015ft\u0131r. Londra\u2019da bulunan Carfax Manast\u0131r\u0131\u2019n\u0131 Kont Drakula\u2019ya satmakla g\u00f6revli olan Renfield, hi\u00e7 planlamad\u0131\u011f\u0131 bir durum ile kar\u015f\u0131 kar\u015f\u0131ya kal\u0131r. Drakula, hipnoz y\u00f6ntemiyle uyuttu\u011fu Renfield\u2019in kan\u0131n\u0131 emer ve emri alt\u0131na al\u0131r. Drakula, Renfield\u2019i de yan\u0131na alarak Londra\u2019ya gider. Manast\u0131r\u0131n yan\u0131ndaki ak\u0131l hastanesinde yatan hastalar\u0131 g\u00f6z\u00fcne kestiren Drakula ve Reinfield\u2019i de\u011fi\u015fik maceralar bekler.Filmin IMDb puan\u0131: 7,5\u2019tir.\n\nDoctor Sleep (Doktor Uyku) \u2013 2019 Mike Flanagan taraf\u0131ndan y\u00f6netilen film, bir tarikat\u0131n yapt\u0131klar\u0131 etraf\u0131nda \u015fekillenir. Ba\u015f\u0131n\u0131 \u015eapkal\u0131 Rose\u2019un \u00e7ekti\u011fi True Knot adl\u0131 tarikat, \u00f6zel g\u00fc\u00e7leri olan insanlar\u0131 \u00f6ld\u00fcrd\u00fc\u011f\u00fcnde onlardan \u00e7\u0131kan par\u0131lt\u0131l\u0131 buhar\u0131n \u00f6m\u00fcrlerini uzatt\u0131\u011f\u0131na inan\u0131r. Filmin yan karakterlerin biri olan Abra\u2019n\u0131n pe\u015finde olan tarikat ile Danny\u2019nin de yolu kesi\u015fecektir. Babas\u0131 ile ili\u015fkisi iyi olmayan Danny, kendini bu grupta bulur ve ilerleyen sahnelerde tarikat\u0131n as\u0131l amac\u0131n\u0131 \u00f6\u011frenir. Abra ile tan\u0131\u015fan Danny\u2019i yeni bir deneyim bekler. Abra onu \u015feytanlar\u0131yla y\u00fczle\u015ftirecek ve kendi ruhu i\u00e7in bir sava\u015fa s\u00fcr\u00fckleyecektir. Filmin IMDb Puan\u0131: 7.4\u2019t\u00fcr.\n\nTake Shelter (S\u0131\u011f\u0131nak) \u2013 2011 D\u00fcnya pr\u00f6miyeri 2011 Sundance Film Festivali\u2019nde yap\u0131lan S\u0131\u011f\u0131nak, ayn\u0131 y\u0131l Cannes\u2019da Ele\u015ftirmenler Haftas\u0131 B\u00fcy\u00fck \u00d6d\u00fcl\u00fc ve SACD \u00d6d\u00fcl\u00fc ba\u015fta olmak \u00fczere pek \u00e7ok dalda \u00f6d\u00fcl alm\u0131\u015f bir yap\u0131md\u0131r. Bir\u00e7ok \u00fclkede festival gezen filmin y\u00f6netmenli\u011fini Jeff Nichols yapm\u0131\u015ft\u0131r. T\u00fcrkiye\u2019de 2012 y\u0131l\u0131nda vizyona girmi\u015ftir. Konusu bak\u0131m\u0131ndan, gerilim ve duygu y\u00fckl\u00fc olan filmde Michael Shannon ve Jessica Chastain\u2019in oyunculuklar\u0131 ile g\u00fczel bir yap\u0131m haline gelmi\u015f. Curtis Laforce, Ohio\u2019da k\u00fc\u00e7\u00fck bir kasabada ya\u015fan evli ve i\u015fitme engelli bir k\u0131z sahibidir. Mutlu bir evlili\u011fi olan Curtis\u2019in ge\u00e7imlerini sa\u011flamak ve Hannah\u2019\u0131n e\u011fitim ve sa\u011fl\u0131k giderleri i\u00e7in s\u0131n\u0131rl\u0131 bir b\u00fct\u00e7esi vard\u0131r. Fakat Curtis\u2019in hayat\u0131 bir anda de\u011fi\u015fmeye ba\u015flar. R\u00fcyas\u0131nda g\u00f6rd\u00fc\u011f\u00fc f\u0131rt\u0131nadan sonra evlerinin arkas\u0131ndaki bah\u00e7eye bir s\u0131\u011f\u0131nak yapmaya ba\u015flayan Curtis, f\u0131rt\u0131nadan saklanmak i\u00e7in ailesini buraya saklar. Dram ve gerilimin birlikte oldu\u011fu g\u00fc\u00e7l\u00fc bir film, S\u0131\u011f\u0131nak. Filmin IMDb puan\u0131: 7.4\u2019t\u00fcr.\n\nREC (\u00d6l\u00fcm \u00c7\u0131\u011fl\u0131\u011f\u0131) \u2013 2007 Rec, Jaume Balaguero ve Paco Plaza\u2019n\u0131n birlikte yaz\u0131p y\u00f6netti\u011fi, bir\u00e7ok \u00f6d\u00fcle sahip korku ve gerilim dolu bir yap\u0131md\u0131r. The Blair Witch Project ile ortaya \u00e7\u0131kan, Cloverfield ve The Last Horror Movie gibi \u00f6rnekleriyle de devam eden ve standart el kameras\u0131yla \u00e7ekilen film, \u00fcrk\u00fct\u00fcc\u00fc ve korku dolu anlar\u0131 ile gerilim severlerden tam puan ald\u0131. Gazeteci Angela\u2019n\u0131n tek arzusu bir Tv kanal\u0131nda muhabir olarak \u00e7al\u0131\u015fmakt\u0131r. F\u0131rsat\u0131 yakalayan Angela, kameraman Pablo ile canl\u0131 yay\u0131n yapt\u0131klar\u0131 s\u0131rada gelen ihbar \u00fczerine yang\u0131n \u00e7\u0131kan bir eve gider. Ya\u015fl\u0131 bir kad\u0131n\u0131n kaza ge\u00e7irdi\u011fini ve yang\u0131n \u00e7\u0131kt\u0131\u011f\u0131n\u0131 d\u00fc\u015f\u00fcnen Angela ve Pablo ger\u00e7e\u011fin asl\u0131nda \u00e7ok farkl\u0131 oldu\u011funu sonra anlayacakt\u0131r. Filmin IMDb puan\u0131: 7.4\u2019t\u00fcr.\n\n13 Tzameti \u2013 2006 Fransa yap\u0131m\u0131 korku ve gerilim filmi olan 13 Tzameti\u2019nin y\u00f6netmenli\u011fini Gela Babluani \u00fcstlenmi\u015ftir. 2005 Venedik Film Festivali\u2019nde En \u0130yi \u0130lk Fim \u00d6d\u00fcl\u00fc\u2019n\u00fc alm\u0131\u015ft\u0131r. Ayn\u0131 zamanda uluslararas\u0131 \u00e7ok say\u0131da \u00f6d\u00fcl\u00fcnde sahibi olmu\u015ftur. Sebastian ad\u0131ndaki gen\u00e7 bir adam, \u00e7at\u0131s\u0131n\u0131 onard\u0131\u011f\u0131 bir evde, ba\u015fkas\u0131 i\u00e7in gelen zarf\u0131 a\u00e7arak sonu \u00e7ok iyi olmayan bir maceraya at\u0131l\u0131r. A\u00e7t\u0131\u011f\u0131 zarf \u00fczerine baz\u0131 bildirileri takip etmeye karar verir. Sonu belirsiz olan bu yolculuk onu nereye ta\u015f\u0131yacakt\u0131r. Pe\u015finde oldu\u011fundan habersiz, Gerard Dorez isimli poliste onun i\u00e7in bu olayda s\u00fcrpriz olacakt\u0131r. Filmin IMDb puan\u0131: 7.4\u2019t\u00fcr.\n\nEl Orfanato (Yetimhane) \u2013 2007 Meksika \u2013 \u0130spanya ortak yap\u0131m\u0131 olan filmin y\u00f6netmeni Juan Antonio Bayona\u2019d\u0131r. 2008\u2019de vizyona giren film, yetimhanede b\u00fcy\u00fcyen \u00f6ks\u00fcz ve yetimlerin korku dolu hayatlar\u0131n\u0131 anlatm\u0131\u015ft\u0131r. Annesiz ve babas\u0131z olman\u0131n verdi\u011fi derin ac\u0131, yaln\u0131zl\u0131k ve k\u0131r\u0131lganl\u0131\u011f\u0131n birle\u015ftirilerek anlat\u0131ld\u0131\u011f\u0131 film sars\u0131c\u0131 bir etkiye sahip. Laura ad\u0131ndaki gen\u00e7 k\u0131z ya\u015fam\u0131n\u0131 bu yetimhanede ge\u00e7irmi\u015ftir. Deniz kenar\u0131nda bulunan bu yetimhanede ona hem arkada\u015flar\u0131 hem de \u00e7al\u0131\u015fanlar \u00e7ok iyi davranm\u0131\u015ft\u0131r. Laura b\u00fcy\u00fcr, evlenir ve bir \u00e7ocuk sahibi olur. Y\u0131llar sonra g\u00fczel vakit ge\u00e7irdi\u011fi kapanan yetimhaneyi yeniden restore ettirir. Engelli ve hasta \u00e7ocuklar i\u00e7in yeniden ya\u015fam alan\u0131 kurar. Filmin IMDb puan\u0131: 7.4\u2019t\u00fcr.\n\nWallace & Gromit: the Curse of the Were-Rabbit (Wallace & Gromit: Yaramaz Tav\u015fana Kar\u015f\u0131) \u2013 2005 Nick Park ve Steve Box\u2019\u0131n y\u00f6netmenli\u011fini \u00fcstlendi\u011fi animasyon korku filmi hem e\u011flendirip hem de korkutan tarzdan. Karakterlerden Peynirperest Wallace ve tam bir insan dostu olan k\u00f6pe\u011fi Gromit\u2019in uzun metraj filmi korku ve animasyon t\u00fcr\u00fcnde olduk\u00e7a ba\u015far\u0131l\u0131. Peynirperest Wallace ve Gromit\u2019\u0130n ya\u015fad\u0131klar\u0131 evin bah\u00e7esine s\u00fcrekli gelen davetsiz misafirleri tav\u015fanlar ile ba\u015f etmek zorunda kal\u0131rlar. Tav\u015fanlardan kurtulmak i\u00e7in Anti-Pesto ad\u0131ndan bir ekip kuran ikilinin Y\u0131ll\u0131k Sebze Yar\u0131\u015fmas\u0131na az bir zaman kalm\u0131\u015fken i\u015fleri olduk\u00e7a b\u00fcy\u00fcr. Tabi birde ba\u015flar\u0131na \u015fehre dadanarak sebzelere zarar veren esrarengiz varl\u0131\u011f\u0131 yakalamak gelir. Bu durumdan sonra i\u015fler de\u011fi\u015fmeye ba\u015flar. Filmin IMDb puan\u0131: 7.4\u2019tir.\n\nEl Espinazo del Diablo (\u015eeytan\u0131n Bel Kemi\u011fi) \u2013 2001 \u00dclkenin i\u00e7inde bulundu\u011fu i\u00e7 sava\u015f ile yetimhane hayaleti birle\u015firse ortaya korkun\u00e7 ve dram y\u00fckl\u00fc bir film \u00e7\u0131kabilir. \u0130spanya ve Meksika ortak yap\u0131m\u0131 olan filmde, 1930\u2019lu y\u0131llarda \u0130spanya \u0130\u00e7 Sava\u015f\u0131 sona ermek \u00fczeredir. Diktat\u00f6r Franco\u2019nun ulusalc\u0131 partisi, Sol Parti\u2019yi yenmenin e\u015fi\u011findedir. Solcu bir baba taraf\u0131ndan yetimhaneye b\u0131rak\u0131lan Carlos, yetimhanede olduk\u00e7a zor g\u00fcnler ge\u00e7irir. 10 ya\u015f\u0131ndaki Carlos, babas\u0131n\u0131n gelip onu alaca\u011f\u0131 g\u00fcn i\u00e7in beklerken ba\u015f\u0131na k\u00f6t\u00fc olaylar gelir. Ayn\u0131 yetimhanede ya\u015fam\u0131\u015f olan Jacinto isimli bir hayalet taraf\u0131ndan taciz edilmeye ba\u015flanan Carlos\u2019un sonu ne olacakt\u0131r? Filmin IMDb puan\u0131: 7.4\u2019t\u00fcr.\n\n\n\nP\u0130 \u2013 1998 Darren Aronofsky\u2019\u0131n y\u00f6netmenli\u011fini \u00fcstlendi\u011fi ABD yap\u0131m\u0131 film, matematik merakl\u0131lar\u0131 i\u00e7in olduk\u00e7a de\u011fi\u015fik bir film. Filmin ba\u015frol oyuncusu olan Sean Gullette tek ba\u015f\u0131na bir \u015fov sergiliyor adeta. Do\u011fan\u0131n gizemini matematik ile \u00e7\u00f6zebilece\u011fine inanan Max\u2019in ba\u015f\u0131ndan ge\u00e7en ilgin\u00e7 olaylar\u0131 konu al\u0131r. \u2018P\u0130\u2019 say\u0131s\u0131na tak\u0131nt\u0131s\u0131 olan matematik\u00e7i Max do\u011fan\u0131n \u00f6l\u00e7\u00fclebilir kodlar\u0131n\u0131 ortaya \u00e7\u0131karmak i\u00e7in problemler ile bo\u011fu\u015fmaya ba\u015flar. Ancak sonu\u00e7 d\u00fcnyay\u0131 temellerinden sarsacak kadar yenilik\u00e7idir. Max bu bilgiyi saklamas\u0131 gerekti\u011fini d\u00fc\u015f\u00fcn\u00fcr fakat bu bilgi onun ba\u015f\u0131na ne getirecektir. Filmin IMDb puan\u0131: 7.4\u2019t\u00fcr.\n\nTez (Tesis) \u2013 1996 \u0130spanya, Alejandro Amenabar yap\u0131m\u0131 filmin konusu, korku filmlerini ara\u015ft\u0131ran bir \u00fcniversite \u00f6\u011frencisinin tan\u0131k oldu\u011fu olaylar \u00fczerinden geli\u015fir. Korku filmlerini ara\u015ft\u0131ran bir korku filmi izlemek olduk\u00e7a farkl\u0131 olacakt\u0131r. Sakin bir hayat s\u00fcren Angela, tez konusu i\u00e7in \u201csinemada \u015fiddet\u201d temas\u0131n\u0131 se\u00e7mi\u015f ancak kendisi \u015fiddet g\u00f6r\u00fcnt\u00fclerine dayanamad\u0131\u011f\u0131 i\u00e7in tezini yazmakta zorlan\u0131nca bir arkada\u015f\u0131ndan yard\u0131m istemi\u015ftir. Korku filmleri konusunda adeta bir usta olan Chema\u2019dan yard\u0131m isteyen Angela\u2019n\u0131n ba\u015f\u0131na talihsiz bir olay gelir. Tez profes\u00f6r\u00fcn\u00fc bir sinema salonunda film izlerken \u00f6l\u00fc bulur. Bu an\u0131 g\u00f6ren tek ki\u015fi Angela\u2019d\u0131r. Angela kasedi ele ge\u00e7irir, kasette hem bir katil hem de okulun kirli oyunlar\u0131 yatmaktad\u0131r. Filmin IMDb puan\u0131: 7.4\u2019t\u00fcr.\n\n\n\nEl d\u00eda de la bestia (Canavar G\u00fcn\u00fc)- 1995 Ba\u015far\u0131l\u0131 y\u00f6netmen \u00c2lex de la Lglesia taraf\u0131ndan yap\u0131lan filmde, Noel ak\u015fam\u0131 \u015feytan\u0131n d\u00fcnyaya geli\u015fi anlat\u0131l\u0131r. Kehanetlerin yava\u015f\u00e7a ger\u00e7ekle\u015fmeye ba\u015flad\u0131\u011f\u0131n\u0131 fark eden rahip \u015feytan\u0131 durdurmak i\u00e7in harekete ge\u00e7er. Rahibin \u015feytana ula\u015fmak i\u00e7in yapt\u0131\u011f\u0131 t\u00fcm \u015feyler ise sizi film boyunca \u015fa\u015f\u0131rtacak. \u015eeytana nas\u0131l ula\u015f\u0131rs\u0131n\u0131z? G\u00fcnahlar\u0131n\u0131z\u0131 \u00e7o\u011faltarak, g\u00fcnahlar\u0131n efendisine ula\u015fabilirsiniz ancak\u2026 oyunculuklar ve filmin konusu ile muhte\u015fem bir yap\u0131m ortaya \u00e7\u0131km\u0131\u015f. Filmin IMDb puan\u0131: 7.4\u2019t\u00fcr.\n\nDracula \u2013 1992 Bram Stoker\u2019\u0131n roman\u0131ndan uyarlanan film, \u00fcnl\u00fc y\u00f6netmen Francis Ford Coppola taraf\u0131ndan yap\u0131lm\u0131\u015ft\u0131r. Vampir filmleri aras\u0131nda en unutulmaz klasiklerden olan filmde Drakula\u2019y\u0131 canland\u0131ran Gary Oldman ve Van Helsing rol\u00fcndeki Anthony Hopkins gibi \u00fcnl\u00fc isimleri kadrosunda bar\u0131nd\u0131r\u0131yor. Ayn\u0131 zamanda film 1993 y\u0131l\u0131nda makyaj, kost\u00fcm ve ses efektlerinden Oscar alm\u0131\u015ft\u0131. Konusu ise; gen\u00e7 bir avukat olan Harker\u2019a verilen g\u00f6rev sonucu Do\u011fu Avrupa\u2019ya gider ve Drakula taraf\u0131ndan ka\u00e7\u0131r\u0131larak Londra\u2019ya gitmek zorunda b\u0131rak\u0131l\u0131r. Harker\u2019\u0131n ni\u015fanl\u0131s\u0131 Mina\u2019y\u0131 ele ge\u00e7irmek isteyen Drakula, \u00f6nce Mina\u2019n\u0131n arkada\u015f\u0131, Lucy\u2019i ele ge\u00e7irir. Lucy ve arkada\u015flar\u0131n\u0131n Drakula\u2019ya kar\u015f\u0131 vermeye \u00e7al\u0131\u015f\u0131rlar. Filmin IMDb puan\u0131: 7.4\u2019t\u00fcr.\n\nPossession (Saplant\u0131) \u20131981 Almanya \u2013 Fransa ortak yap\u0131m\u0131 olan filmin y\u00f6netmeni Andrzej Zulawski\u2019dir. Bu filmi di\u011ferlerinden ay\u0131ran en \u00f6nemli \u00f6zelli\u011fi, \u00e7o\u011fu \u00fclkede bir d\u00f6nem yasaklanm\u0131\u015f veya \u00e7o\u011fu sahnesi sans\u00fcre u\u011framas\u0131d\u0131r. Fantastik ve s\u00fcrreal bir anlat\u0131ma sahip filmde, Berlin Duvar\u0131 hala ayaktad\u0131r. Mark ve Anna\u2019n\u0131n ili\u015fkisi iyiye gitmez fakat Anna, Mark\u2019tan ayr\u0131lmakta zorlan\u0131r. En sonunda ayr\u0131lmaya karar veren Anna\u2019n\u0131n bu karar\u0131 Mark\u2019\u0131 \u015fa\u015f\u0131rt\u0131r ve Mark, Anna\u2019n\u0131n sevgilisini bulmaya karar verir. Sevgilisinin de kar\u0131s\u0131ndan uzun s\u00fcredir haber alamad\u0131\u011f\u0131n\u0131 \u00f6\u011frenen Mark, kar\u0131s\u0131n\u0131n pe\u015fine d\u00fc\u015fer ve olay\u0131n ne kadar ciddi ve do\u011fa\u00fcst\u00fc oldu\u011fuyla kar\u015f\u0131 kar\u015f\u0131ya kal\u0131r. Filmin IMDb puan\u0131: 7.4\u2019t\u00fcr.\n\nInvasion of the Body Snatchers (Ceset Yiyicilerin \u0130stilas\u0131) -1978 Philip Kaufman\u2019\u0131 y\u00f6netmen koltu\u011funda g\u00f6rd\u00fc\u011f\u00fcm\u00fcz film, ara\u015ft\u0131rmac\u0131 olan Elizabeth Driscoll\u2019un son g\u00fcnlerde g\u00f6ky\u00fcz\u00fcnden ya\u011fan \u00e7i\u00e7ek sporlar\u0131n\u0131 incelemesiyle ba\u015fl\u0131yor. \u00c7i\u00e7eklerin ya\u011fmas\u0131ndan sonra erkek arkada\u015f\u0131 tuhafla\u015fmaya ba\u015flayan Elizabeth, bir \u015feyler oldu\u011fundan \u015f\u00fcphelenir ve kendi gibi bu garip durumun ara\u015ft\u0131rmac\u0131s\u0131 olan i\u015f arkada\u015f\u0131 Matthew Bannel\u2019a gider. Birlikte durumu ara\u015ft\u0131rmaya ba\u015flayan iki kad\u0131n, ortaya \u00e7\u0131kan sonu\u00e7 ile \u00fcrkerler. Asl\u0131nda g\u00f6ky\u00fcz\u00fcnden ya\u011fan sporlar, uzaydan gelmekte olan istilac\u0131 bir bitki t\u00fcr\u00fcn\u00fcn \u00f6rnekleridir. \u015eehri kurtarmak art\u0131k arkada\u015f\u0131 ve Elizabeth\u2019in eline kalm\u0131\u015ft\u0131r. Filmin IMDb puan\u0131: 7.4\u2019t\u00fcr.\n\nSuspiria \u2013 1977\n\n\u0130talya\u2019n\u0131n en iyi gerilim ve korku filmi y\u00f6netmeni, Dario Argento\u2019nun en iyi filmlerden biri olan Suspiria, Amerikal\u0131 gen\u00e7 bir kad\u0131n olan Suzy Bannion\u2019un bale okuluna girmek i\u00e7in Almanya\u2019ya gidi\u015fiyle ba\u015flar. Okulun kap\u0131s\u0131n\u0131 \u00e7alar ancak kap\u0131y\u0131 kimse a\u00e7maz. Okulla ilgili garip olaylara tan\u0131k olmaya ba\u015flayan Suzy, taksiden indi\u011fi anda okuldan birinin ko\u015farak ormana girdi\u011fini g\u00f6r\u00fcr. Ertesi g\u00fcn tekrar okula gelen gen\u00e7 kad\u0131n, okula al\u0131n\u0131r ve yava\u015f yava\u015f uyum sa\u011flamaya ba\u015flar. Ancak zamanla \u00fcrk\u00fct\u00fcc\u00fc ve garip gelmeye ba\u015flayan okulun ard\u0131nda farkl\u0131 bir ger\u00e7ek yatar. Filmin IMDb puan\u0131: 7.4\u2019t\u00fcr.\n\nHouse (Ev) \u2013 1977\n\nJapon y\u00f6netmen Nobuhiko Obayashi taraf\u0131ndan \u00e7ekilen filmde, \u00e7ocuklar\u0131n bilin\u00e7alt\u0131ndan etkilenerek olu\u015fturdu\u011fu korku \u00f6\u011feleri yer almaktad\u0131r. Film bir korku komedisidir ve konusu bak\u0131m\u0131ndan olduk\u00e7a ilgin\u00e7tir. House, \u00e7ocuklar\u0131 yiyen bir evdir. \u015eeytani bir kedi, et\u00e7il bir piyano ve katil \u015filtelerin yer ald\u0131\u011f\u0131 filmde, y\u00f6netmenin ilham kayna\u011f\u0131 7 ya\u015f\u0131ndaki k\u0131z\u0131yd\u0131. Sizde \u00e7ocuklar\u0131n korkulu bilin\u00e7alt\u0131yla tan\u0131\u015fmak isteyip birazda g\u00fcl\u00fcmsemek isterseniz bu film tam da size g\u00f6re olabilir. Filmin IMDb puan\u0131: 7.4\u2019t\u00fcr.\n\nEraserhead (Silgi Kafa) \u2013 1977 David Lynch taraf\u0131ndan y\u00f6netilen film, y\u00f6netmenin ilk uzun metraj eseridir. Henry Spencer ve Mary\u2019nin uzun zaman \u00f6nce ya\u015fad\u0131klar\u0131 birlikteliklerinden bir bebek ortaya \u00e7\u0131kar. Mary hamiledir ve Henry bunu \u00f6\u011frendikten sonra onu kendi evine getirir. Do\u011fum ger\u00e7ekle\u015fir ancak do\u011fan \u015fey bebe\u011fe hi\u00e7 de benzemez. Mary bir yarat\u0131k do\u011furmu\u015ftur ve bunu g\u00f6r\u00fcnce evden ka\u00e7ar. Yarat\u0131k bebek ile ba\u015f ba\u015fa kalan Henry\u2019i zor g\u00fcnler bekler. Filmin IMDb puan\u0131: 7.4\u2019t\u00fcr.",
    "keywords": [
        "puan\u0131",
        "film",
        "d\u00fcnyan\u0131n",
        "yabanc\u0131",
        "filmin",
        "gerilim",
        "\u00f6nerileri",
        "filmleri",
        "bir",
        "imdb",
        "iyi",
        "korku",
        "olan",
        "ve",
        "en",
        "2020",
        "ile",
        "bu"
    ],
    "meta_keywords": [
        ""
    ],
    "publish_date": null,
    "summary": "Korku filmleri 2020 - D\u00fcnyan\u0131n en iyi yabanc\u0131 korku (gerilim) filmleri \u00f6nerileriSinemaseverlerin tercih etti\u011fi film t\u00fcrlerinden birisi de korku filmleridir.\nFilmin IMDb puan\u0131 8.5'tir.\n1981 yap\u0131m\u0131 'The Evil Dead' filminin devam\u0131 olan bu filmin y\u00f6netmenli\u011fini, serinin ilk filmi gibi Sam Raimi taraf\u0131ndan y\u00f6netilmi\u015ftir.\nFilmin IMDb puan\u0131 7.8'dir.\nAudrey Hepburn'e 1967 y\u0131l\u0131nda 'En \u0130yi Kad\u0131n Oyuncu' dal\u0131nda Oscar adayl\u0131\u011f\u0131 getiren filmin IMDb puan\u0131 7.8'dir.\nFilmin IMDb puan\u0131 7.8'dir.\n'En \u0130yi G\u00f6r\u00fcnt\u00fc Y\u00f6netmenli\u011fi' dal\u0131nda Oscar'a aday olmay\u0131 ba\u015faran filmin IMDb puan\u0131 7.7'dir.\nAncak daha sonra Udine Film Festivali'nde g\u00f6sterimi yap\u0131lan film bir anda d\u00fcnyan\u0131n dikkatini \u00e7ekti.\nFilmin IMDb puan\u0131 7.7'dir.\nFilmin IMDb puan\u0131 8.0'd\u0131r.\nD\u00fcnyaca \u00fcnl\u00fc y\u00f6netmen Roman Polanski taraf\u0131ndan \u00e7ekilen filmin bir de ayn\u0131 adl\u0131 bir roman\u0131 vard\u0131r.\nFilmin IMDb puan\u0131 8.0'd\u0131r.\nFilmin IMDb puan\u0131 8.0'd\u0131r.\nFilmin IMDb puan\u0131 8.0'd\u0131r.\nFilmin IMDb puan\u0131 8.0'd\u0131r.\nFilmin IMDb puan\u0131 7.9'd\u0131r.\nFilmin IMDb puan\u0131 7.9'dur.\nAlman d\u0131\u015favurumcu ak\u0131m\u0131n ba\u015fyap\u0131tlar\u0131ndan biri olarak kabul edilen 'Nosferatu' ayn\u0131 zamanda bir korku klasi\u011fi haline de gelmi\u015ftir.\nFilmin IMDb puan\u0131 7.9'dur.\nFilmin IMDb puan\u0131 8.4't\u00fcr.\nFilmin IMDb puan\u0131 8.4't\u00fcr.\nFilmin IMDb puan\u0131 8.1'dir.\nFilmin IMDb puan\u0131 8.1'dir.\nFilmin IMDb puan\u0131 8.1'dir.\nFilmin IMDb puan\u0131 8.1'dir.\nFilmin IMDb puan\u0131 8.1'dir.\nFilmin IMDb puan\u0131 8.0'd\u0131r.\nFilmin IMDb puan\u0131 7.7\u2019dir.\nFilmin IMDb puan\u0131 7.7\u2019dir.\nFilmin IMDb puan\u0131 7.7\u2019dir.\nFilmin IMDb puan\u0131 7.7\u2019dir.\nFilmin IMDb puan\u0131 7.7\u2019dir.\nFilmin IMDb puan\u0131 7.7\u2019dir.\nFilmin IMDb puan\u0131 7.7\u2019dir.\nFilmin IMDb puan\u0131 7.7\u2019dir.\nFilmin IMDb puan\u0131 7.7\u2019dir.\nVera, bu esnada farkl\u0131 bir t\u00fcre ait olan bir maymun-fare taraf\u0131ndan \u0131s\u0131r\u0131l\u0131r ve bir \u00e7e\u015fit zombiye d\u00f6n\u00fc\u015f\u00fcr.\nA Nightmare on Elm Street (Elm Soka\u011f\u0131 K\u00e2busu) \u2013 1984 Wes Craven taraf\u0131ndan y\u00f6netilen film, korku filmleri aras\u0131nda k\u00fcltle\u015fmi\u015f olarak sayabiliriz.\nFilmin IMDb puan\u0131: 7.5\u2019tirThe Haunting (Perili Ev) \u2013 1963 En iyi hayalet filmleri aras\u0131nda kabul edilen bu filmin y\u00f6netmeni Robert Wise\u2019dir.\nFilmin IMDb puan\u0131: 7.4\u2019t\u00fcr.\nFilmin IMDb puan\u0131: 7.4\u2019t\u00fcr.\nKorku filmlerini ara\u015ft\u0131ran bir korku filmi izlemek olduk\u00e7a farkl\u0131 olacakt\u0131r.\nFilmin IMDb puan\u0131: 7.4\u2019t\u00fcr.\nFilmin IMDb puan\u0131: 7.4\u2019t\u00fcr.\nFilmin IMDb puan\u0131: 7.4\u2019t\u00fcr.\nFilmin IMDb puan\u0131: 7.4\u2019t\u00fcr.\nFilmin IMDb puan\u0131: 7.4\u2019t\u00fcr.\nFilmin IMDb puan\u0131: 7.4\u2019t\u00fcr.\nFilmin IMDb puan\u0131: 7.4\u2019t\u00fcr.\nFilmin IMDb puan\u0131: 7.4\u2019t\u00fcr.",
    "article_html": "",
    "meta_description": "",
    "meta_lang": "tr"
}