{
    "article_id": "c916daad4e2e8d4deff2cadb0a9933fb.1589925635.249262",
    "title": "Sahte para ile esnaf\u0131 doland\u0131ran 3 ki\u015fi tutukland\u0131!",
    "authors": [],
    "canonical_link": "https://www.milliyet.com.tr/gundem/sahte-para-ile-esnafi-dolandiran-3-kisi-tutuklandi-6215622",
    "url": "http://milliyet.com.tr/gundem/sahte-para-ile-esnafi-dolandiran-3-kisi-tutuklandi-6215622",
    "top_img": "https://i2.milimaj.com/i/milliyet/75/0x0/5ec3c5b255428017543de0cc.jpg",
    "meta_img": "https://i2.milimaj.com/i/milliyet/75/0x0/5ec3c5b255428017543de0cc.jpg",
    "movies": [],
    "text": "Edinilen bilgiye g\u00f6re, corona vir\u00fcs salg\u0131n\u0131 nedeniyle b\u00fcy\u00fck \u015fehirlerde uygulanan \u015fehir d\u0131\u015f\u0131na \u00e7\u0131kma yasa\u011f\u0131na ra\u011fmen Ankara\u2019dan kiralad\u0131klar\u0131 ara\u00e7la yola \u00e7\u0131kan 3 ki\u015fi, Niksar il\u00e7esine kadar g\u00fczergah boyunca u\u011frad\u0131klar\u0131 il ve il\u00e7elerde sahte para vererek al\u0131\u015fveri\u015f yapt\u0131.\n\nNiksar \u0130l\u00e7e Emniyet M\u00fcd\u00fcrl\u00fc\u011f\u00fc ekipleri, il\u00e7ede esnaflara sahte para verildi\u011finin bildirmesi \u00fczerine \u00e7al\u0131\u015fma ba\u015flatt\u0131. Ekipler, yapt\u0131klar\u0131 ara\u015ft\u0131rmalar sonunda \u015f\u00fcphelilerin i\u00e7inde bulundu\u011fu 06 ADH 505 plakal\u0131 otomobilin Erbaa il\u00e7esine ka\u00e7t\u0131\u011f\u0131 bilgisi \u00fczerine Erbaa \u0130l\u00e7e Emniyet M\u00fcd\u00fcrl\u00fc\u011f\u00fc ekipleri ile yap\u0131lan koordineli \u00e7al\u0131\u015fma sonucu otomobili ve E.D. (48) adl\u0131 ki\u015fiyi g\u00f6zalt\u0131na ald\u0131. Ara\u00e7 i\u00e7erisinde ve \u015fahs\u0131n \u00fczerinde yap\u0131lan aramada toplam 78 adet 100 TL'lik sahte 7 bin 800 TL de\u011ferinde para ele ge\u00e7irilirken, di\u011fer iki ki\u015finin ise Tokat\u2019a ge\u00e7ti\u011fi bilgisini ald\u0131lar. Yap\u0131lan \u00e7al\u0131\u015fmalar sonucu Y.K. ve Y.Y. adl\u0131 iki \u015fah\u0131s ise il merkezinde yakalad\u0131.\n\nEmniyetteki i\u015flemlerinin ard\u0131ndan adliyeye sevk edilen \u015f\u00fcpheliler tutuklanarak cezaevine g\u00f6nderildi.",
    "keywords": [
        "\u00fczerine",
        "yap\u0131lan",
        "doland\u0131ran",
        "\u00e7al\u0131\u015fma",
        "tutukland\u0131",
        "i\u0307l\u00e7e",
        "ise",
        "ile",
        "esnaf\u0131",
        "ki\u015fi",
        "para",
        "ve",
        "m\u00fcd\u00fcrl\u00fc\u011f\u00fc",
        "sahte",
        "sonucu"
    ],
    "meta_keywords": [
        ""
    ],
    "publish_date": null,
    "summary": "Edinilen bilgiye g\u00f6re, corona vir\u00fcs salg\u0131n\u0131 nedeniyle b\u00fcy\u00fck \u015fehirlerde uygulanan \u015fehir d\u0131\u015f\u0131na \u00e7\u0131kma yasa\u011f\u0131na ra\u011fmen Ankara\u2019dan kiralad\u0131klar\u0131 ara\u00e7la yola \u00e7\u0131kan 3 ki\u015fi, Niksar il\u00e7esine kadar g\u00fczergah boyunca u\u011frad\u0131klar\u0131 il ve il\u00e7elerde sahte para vererek al\u0131\u015fveri\u015f yapt\u0131.\nNiksar \u0130l\u00e7e Emniyet M\u00fcd\u00fcrl\u00fc\u011f\u00fc ekipleri, il\u00e7ede esnaflara sahte para verildi\u011finin bildirmesi \u00fczerine \u00e7al\u0131\u015fma ba\u015flatt\u0131.\nEkipler, yapt\u0131klar\u0131 ara\u015ft\u0131rmalar sonunda \u015f\u00fcphelilerin i\u00e7inde bulundu\u011fu 06 ADH 505 plakal\u0131 otomobilin Erbaa il\u00e7esine ka\u00e7t\u0131\u011f\u0131 bilgisi \u00fczerine Erbaa \u0130l\u00e7e Emniyet M\u00fcd\u00fcrl\u00fc\u011f\u00fc ekipleri ile yap\u0131lan koordineli \u00e7al\u0131\u015fma sonucu otomobili ve E.D.\n(48) adl\u0131 ki\u015fiyi g\u00f6zalt\u0131na ald\u0131.\nAra\u00e7 i\u00e7erisinde ve \u015fahs\u0131n \u00fczerinde yap\u0131lan aramada toplam 78 adet 100 TL'lik sahte 7 bin 800 TL de\u011ferinde para ele ge\u00e7irilirken, di\u011fer iki ki\u015finin ise Tokat\u2019a ge\u00e7ti\u011fi bilgisini ald\u0131lar.\nYap\u0131lan \u00e7al\u0131\u015fmalar sonucu Y.K.\nadl\u0131 iki \u015fah\u0131s ise il merkezinde yakalad\u0131.\nEmniyetteki i\u015flemlerinin ard\u0131ndan adliyeye sevk edilen \u015f\u00fcpheliler tutuklanarak cezaevine g\u00f6nderildi.",
    "article_html": "",
    "meta_description": "Son Dakika G\u00fcncel Haberler - Tokat\u2019\u0131n Niksar il\u00e7esinde sahte para ile al\u0131\u015fveri\u015f yaparak esnaf\u0131 doland\u0131ran 3 ki\u015fi \u00e7\u0131kart\u0131ld\u0131klar\u0131 mahkemece tutuklanarak cezaevine g\u00f6nderildi.",
    "meta_lang": "tr"
}