{
    "article_id": "4b1f22296c379653ba59c4fd9305a13a.1589925500.003786",
    "title": "Cumhurba\u015fkan\u0131 Erdo\u011fan, TRT'nin d\u00fczenledi\u011fi Kur'an-\u0131 Kerim'i G\u00fczel Okuma Yar\u0131\u015fmas\u0131na kat\u0131ld\u0131",
    "authors": [],
    "canonical_link": "https://www.milliyet.com.tr/gundem/cumhurbaskani-erdogan-trtnin-duzenledigi-kuran-i-kerimi-guzel-okuma-yarismasina-katildi-6215956",
    "url": "http://milliyet.com.tr/gundem/cumhurbaskani-erdogan-trtnin-duzenledigi-kuran-i-kerimi-guzel-okuma-yarismasina-katildi-6215956",
    "top_img": "https://i2.milimaj.com/i/milliyet/75/0x0/5ec447355542841b389398fc.jpg",
    "meta_img": "https://i2.milimaj.com/i/milliyet/75/0x0/5ec447355542841b389398fc.jpg",
    "movies": [],
    "text": "Cumhurba\u015fkan\u0131 Recep Tayyip Erdo\u011fan, TRT taraf\u0131ndan 2017'den bu yana ramazan ay\u0131na \u00f6zel d\u00fczenlenen Kur'an-\u0131 Kerim'i G\u00fczel Okuma Yar\u0131\u015fmas\u0131'n\u0131n finaline video konferansla ba\u011flanarak yar\u0131\u015fmac\u0131lar\u0131 tebrik etti.\n\nT\u00fcm vatanda\u015flar\u0131n Kadir Gecesi'ni tebrik eden Erdo\u011fan, \"Rabb'imizin bin aydan hay\u0131rl\u0131 oldu\u011funu m\u00fcjdeledi\u011fi leyle-i kadirin \u00fclkemizle birlikte t\u00fcm \u0130slam alemine ve insanl\u0131\u011fa hay\u0131rlar getirmesini diliyorum. Yine Rabb'imizin ifadesiyle tan yeri a\u011farana kadar kutlu bir esenlik gecesi olan leyle-i kadirin hepimizin aff\u0131na, ma\u011ffiretine ve kurtulu\u015funa vesile olmas\u0131n\u0131 niyaz ediyorum. Bu m\u00fcbarek gecede Allah'a a\u00e7\u0131lan ellerin ona y\u00f6nelen kalplerin onu yakaran dillerin muradlar\u0131na ermesini Rabb'imden diliyorum.\" diye konu\u015ftu.\n\nErdo\u011fan, dualar\u0131n, niyazlar\u0131n, yakar\u0131\u015flar\u0131n, hamdlerin, tesbihlerin ve tehlillerin Allah'a ula\u015faca\u011f\u0131n\u0131 \u00fcmit ettikleri bu geceden istifade etmeyi dileyerek, \u015funlar\u0131 s\u00f6yledi:\n\n\"Rabb'imizin sadece kendisi i\u00e7in istedi\u011fi oru\u00e7 ibadetini hakk\u0131yla yaparak leyle-i kadire ve ard\u0131ndan bayrama ula\u015fanlara ne mutlu. \u0130ftar\u0131yla, teravihiyle, sahuruyla gecesi ayr\u0131 oru\u00e7lu olarak ge\u00e7irdi\u011fimiz her an\u0131yla g\u00fcnd\u00fcz\u00fc ay\u0131r bereketli ramazan-\u0131 \u015ferifin faziletinden istifade edenlere ne mutlu. \u0130nsano\u011flunun Rabb'inin kar\u015f\u0131s\u0131na g\u00fcnahs\u0131z olarak \u00e7\u0131kma idealini hayata ge\u00e7irme f\u0131rsat\u0131 olan leyle-i kadirde bu \u015ferefe nail olabilenlere ne mutlu. Kadir Gecesi'nde yeniledi\u011fimiz \u00fcmitlerimiz bir sonraki vuslata kadar bizim en b\u00fcy\u00fck g\u00fc\u00e7 kayna\u011f\u0131m\u0131z ve dayana\u011f\u0131m\u0131z olacakt\u0131r. Bizi bu y\u0131l da ramazana ve Kadir Gecesi'ne ula\u015ft\u0131ran Rabb'imize hamdediyoruz. Tabii bu gecenin feyzinden ve bereketinden ancak kalbi hak deryas\u0131na a\u00e7\u0131k kul oldu\u011funun bilincinde ve kullu\u011funun sorumluluklar\u0131n\u0131 yerine getirenler istifade edebilir. Kendi i\u00e7 d\u00fcnyas\u0131ndaki nefis sava\u015f\u0131n\u0131 Rabb'ine teslimiyetle bar\u0131\u015f iklimine d\u00f6nd\u00fcren her muttaki M\u00fcsl\u00fcman i\u00e7in bu gecenin de\u011ferine bedel bi\u00e7ilemez. Rabb'imden her geceyi kadir, her g\u00f6rd\u00fc\u011f\u00fcm\u00fcz\u00fc H\u0131z\u0131r bilerek ge\u00e7irecek bir \u015fuurla hayat\u0131m\u0131z\u0131 ge\u00e7irmeyi nasip etmesini diliyorum.\"\n\nHalk\u0131n bu kutlu gece ile ilgili duygular\u0131n\u0131n ramazan manilerine kadar yans\u0131d\u0131\u011f\u0131n\u0131 an\u0131msatan Erdo\u011fan, bu manilerden birini okudu.\n\nErdo\u011fan, Kur'an-\u0131 Kerim tilavetinin, Kur'an ay\u0131 olan ramazan-\u0131 \u015ferifi hakk\u0131yla ihya etmenin en g\u00fczel yollar\u0131ndan oldu\u011funu aktararak, \"Peygamber Efendimiz 'G\u00fczel ses Kur'an'\u0131n g\u00fczelli\u011fini art\u0131r\u0131r.' buyurur. \u00dclkemizin farkl\u0131 b\u00f6lgelerinden bu yar\u0131\u015fmaya i\u015ftirak eden Kur'an b\u00fclb\u00fcllerinin her birini \u015fahs\u0131m ve milletim ad\u0131na ayr\u0131 ayr\u0131 tebrik ediyorum. Bu sene t\u00fcm d\u00fcnyayla birlikte \u00fclkemizi de etkileyen koronavir\u00fcs salg\u0131n\u0131 sebebiyle buruk bir ramazan ge\u00e7irdik. Ancak, Rabb'imizin buyurdu\u011fu gibi 'Her zorlukla beraber muhakkak bir kolayl\u0131k vard\u0131r'. \u0130n\u015fallah bu musibetin de \u00fcstesinden gelece\u011fiz.\" diye konu\u015ftu.\n\nBu m\u00fcbarek g\u00fcnlerde yoksullarla, mazlumlarla, gariplerle dayan\u0131\u015fmas\u0131n\u0131 art\u0131ran ihtiya\u00e7 sahiplerine el uzatan milletin her bir ferdine \u015f\u00fckranlar\u0131n\u0131 sunan Cumhurba\u015fkan\u0131 Erdo\u011fan, s\u00f6zlerini \u015f\u00f6yle noktalad\u0131:\n\n\"\u00d6n\u00fcm\u00fczdeki y\u0131llarda ramazanlar\u0131 tekrar \u00f6zledi\u011fimiz haliyle ya\u015fama temennisiyle dereceye giren karde\u015flerimi \u015fahs\u0131m ve milletim ad\u0131na tebrik ediyorum. Her gecemizin kadir, her g\u00fcnd\u00fcz\u00fcm\u00fcz\u00fcn bayram gibi olmas\u0131 temennisiyle hepinize sevgilerimi, sayg\u0131lar\u0131m\u0131 sunuyorum.\"\n\nErdo\u011fan, yar\u0131\u015fmada eme\u011fi ge\u00e7en Diyanet \u0130\u015fleri Ba\u015fkan\u0131 Ali Erba\u015f ile TRT Y\u00f6netim Kurulu Ba\u015fkan\u0131 ve Genel M\u00fcd\u00fcr\u00fc \u0130brahim Eren'e te\u015fekk\u00fcr etti.\n\nYar\u0131\u015fmada 396 puanla H\u00fcseyin Akbulut birinci, 393 puanla Muhammet Sizcan ikinci, 390 puanla Eyy\u00fcp Ensar K\u0131l\u0131\u00e7 ise \u00fc\u00e7\u00fcnc\u00fc oldu. Dereceye girenler \u00e7e\u015fitli miktarlarda tam alt\u0131nla \u00f6d\u00fcllendirildi.\n\nD\u0130YANET \u0130\u015eLER\u0130 BA\u015eKANI PROF. DR. AL\u0130 ERBA\u015e'TAN A\u00c7IKLAMA\n\nDiyanet \u0130\u015fleri Ba\u015fkan\u0131 Prof. Dr. Ali Erba\u015f, \"Ramazan ay\u0131 i\u00e7in diyorum ki 'H\u0131z\u0131r gibi yeti\u015fti.' \u00c7\u00fcnk\u00fc d\u00fcnya olarak \u00e7ok b\u00fcy\u00fck bir s\u0131k\u0131nt\u0131 ya\u015f\u0131yoruz. Evlerimizdeyiz ama ramazan ay\u0131n\u0131 daha g\u00fczel de\u011ferlendirme imkan\u0131 bulduk. Bu Kur'an okuma yar\u0131\u015fmas\u0131 da h\u0131z\u0131r gibi yeti\u015fti.\" dedi.\n\nTRT taraf\u0131ndan 2017 y\u0131l\u0131ndan itibaren ramazan ay\u0131na \u00f6zel olarak d\u00fczenlenen Kur'an-\u0131 Kerim'i G\u00fczel Okuma Yar\u0131\u015fmas\u0131'n\u0131n finali ger\u00e7ekle\u015ftirildi. Bu y\u0131l 4'\u00fcnc\u00fcs\u00fc d\u00fczenlenen yar\u0131\u015fmada, dereceye girenlere \u00f6d\u00fclleri verildi.\n\nDiyanet \u0130\u015fleri Ba\u015fkan\u0131 Prof. Dr. Ali Erba\u015f, \"Sizin en hay\u0131rl\u0131n\u0131z Kur'an\u0131 \u00f6\u011frenen ve \u00f6\u011fretenlerinizdir.\" hadisi \u015ferifini hat\u0131rlatarak, bu program\u0131n yar\u0131\u015fmalar\u0131n en hay\u0131rl\u0131s\u0131 oldu\u011funu s\u00f6yledi.\n\nYar\u0131\u015fmay\u0131 bir e\u011fitim olarak g\u00f6rd\u00fcklerini vurgulayan Erba\u015f, \"Biz bu yar\u0131\u015fmay\u0131 bir e\u011fitim olarak g\u00f6r\u00fcyoruz. \u00c7\u00fcnk\u00fc hocalar\u0131m\u0131z her bir okuyan arkada\u015f\u0131m\u0131z\u0131n k\u0131raatlerini, tilavetlerini de\u011ferlendirirken o kadar muazzam bilgiler veriyorlar ki bir ders niteli\u011fi ta\u015f\u0131yor tahlilleri, de\u011ferlendirmeleri.\" ifadelerini kulland\u0131.\n\n\"Ramazan ay\u0131 h\u0131z\u0131r gibi yeti\u015fti\"\n\n\u00d6n\u00fcm\u00fczdeki y\u0131llarda da program\u0131n devam etmesi temennisinde bulunan Erba\u015f, s\u00f6zlerine \u015f\u00f6yle devam etti:\n\n\"Ramazan ay\u0131 i\u00e7in diyorum ki 'H\u0131z\u0131r gibi yeti\u015fti.' \u00c7\u00fcnk\u00fc d\u00fcnya olarak \u00e7ok b\u00fcy\u00fck bir s\u0131k\u0131nt\u0131 ya\u015f\u0131yoruz. Evlerimizdeyiz ama ramazan ay\u0131n\u0131 daha g\u00fczel de\u011ferlendirme imkan\u0131 bulduk. Bu Kur'an okuma yar\u0131\u015fmas\u0131 da h\u0131z\u0131r gibi yeti\u015fti. Ramazan ay\u0131nda milletimizi Kur'an'la o kadar bulu\u015fturmalar\u0131na vesile oldu ki hem dinleyerek g\u00f6n\u00fcllerimiz, ruhlar\u0131m\u0131z g\u0131das\u0131n\u0131 ald\u0131 hem de hocalar\u0131m\u0131z\u0131n de\u011ferlendirmeleriyle ayetlerin talim olarak, tecvit olarak ders niteli\u011fi ta\u015f\u0131mas\u0131na vesile oldular. Zaman zaman ayetlerden alaca\u011f\u0131m\u0131z mesajlar\u0131 hocalar\u0131m\u0131z milletimizle payla\u015ft\u0131lar.\"\n\nTRT Genel M\u00fcd\u00fcr\u00fc \u0130brahim Eren ise ge\u00e7en sene d\u00fczenlenen yar\u0131\u015fman\u0131n final b\u00f6l\u00fcm\u00fcn\u00fcn B\u00fcy\u00fck \u00c7aml\u0131ca Camisi'nde Cumhurba\u015fkan\u0131 Recep Tayyip Erdo\u011fan ve d\u00fcnyan\u0131n d\u00f6rt bir taraf\u0131ndan gelen haf\u0131zlar\u0131n kat\u0131l\u0131m\u0131yla ger\u00e7ekle\u015ftirildi\u011fini hat\u0131rlatarak, bu sene finalin pandemi sebebiyle st\u00fcdyoda seyircisiz olarak \u00e7ekildi\u011fini s\u00f6yledi.\n\nEren, \"Ancak, 2017 y\u0131l\u0131nda yay\u0131nland\u0131\u011f\u0131 ilk g\u00fcnden beri her sene izlenmeyi artt\u0131ran ve halk\u0131m\u0131z taraf\u0131ndan takdir g\u00f6ren program\u0131m\u0131z\u0131n final b\u00f6l\u00fcm\u00fcn\u00fc bu ak\u015fam da ekranlar\u0131 ba\u015f\u0131nda milyonlarca izleyiciyle beraber izlemekten dolay\u0131 b\u00fcy\u00fck mutluluk duyuyorum.\" diye konu\u015ftu.\n\n\"Ramazan ay\u0131nda bu program sayesinde evlerimiz huzur doldu\"\n\nTRT olarak bir\u00e7ok proje \u00fcrettiklerini kaydeden Eren, konu\u015fmas\u0131n\u0131 \u015f\u00f6yle tamamlad\u0131:\n\n\"D\u00fcnyan\u0131n d\u00f6rt bir taraf\u0131nda TRT'nin i\u00e7erikleri \u00e7e\u015fitli dinden, dilden milyonlarca insan taraf\u0131ndan izleniyor. TRT'nin bu i\u00e7erikleri sayesinde T\u00fcrkiye'nin temsil etti\u011fi de\u011ferlerle tan\u0131\u015ft\u0131 bu insanlar. Bug\u00fcne kadarki t\u00fcm bu projelerde oldu\u011fu gibi bu projede de 2017'deki ilk final b\u00f6l\u00fcm\u00fcnden itibaren bizleri yaln\u0131z b\u0131rakmayan Say\u0131n Cumhurba\u015fkan\u0131m\u0131z\u0131n deste\u011fi sayesinde 4'\u00fcnc\u00fc senesinde hamdolsun finalimizi ger\u00e7ekle\u015ftiriyoruz. Pandemi nedeniyle evlerimizde kald\u0131k, karantinada kald\u0131k. Ramazan ay\u0131nda da bu program sayesinde, sizlerin sayesinde evlerimiz Kur'an-\u0131 Kerim'le doldu, evlerimiz huzur doldu.\"",
    "keywords": [
        "erdo\u011fan",
        "taraf\u0131ndan",
        "yar\u0131\u015fmas\u0131na",
        "bir",
        "olarak",
        "g\u00fczel",
        "kerimi",
        "gibi",
        "trtnin",
        "cumhurba\u015fkan\u0131",
        "ve",
        "h\u0131z\u0131r",
        "ramazan",
        "kuran\u0131",
        "da",
        "d\u00fczenledi\u011fi",
        "okuma",
        "kat\u0131ld\u0131",
        "bu"
    ],
    "meta_keywords": [
        ""
    ],
    "publish_date": null,
    "summary": "Cumhurba\u015fkan\u0131 Recep Tayyip Erdo\u011fan, TRT taraf\u0131ndan 2017'den bu yana ramazan ay\u0131na \u00f6zel d\u00fczenlenen Kur'an-\u0131 Kerim'i G\u00fczel Okuma Yar\u0131\u015fmas\u0131'n\u0131n finaline video konferansla ba\u011flanarak yar\u0131\u015fmac\u0131lar\u0131 tebrik etti.\nT\u00fcm vatanda\u015flar\u0131n Kadir Gecesi'ni tebrik eden Erdo\u011fan, \"Rabb'imizin bin aydan hay\u0131rl\u0131 oldu\u011funu m\u00fcjdeledi\u011fi leyle-i kadirin \u00fclkemizle birlikte t\u00fcm \u0130slam alemine ve insanl\u0131\u011fa hay\u0131rlar getirmesini diliyorum.\nYine Rabb'imizin ifadesiyle tan yeri a\u011farana kadar kutlu bir esenlik gecesi olan leyle-i kadirin hepimizin aff\u0131na, ma\u011ffiretine ve kurtulu\u015funa vesile olmas\u0131n\u0131 niyaz ediyorum.\nBu m\u00fcbarek gecede Allah'a a\u00e7\u0131lan ellerin ona y\u00f6nelen kalplerin onu yakaran dillerin muradlar\u0131na ermesini Rabb'imden diliyorum.\"\ndiye konu\u015ftu.\nErdo\u011fan, dualar\u0131n, niyazlar\u0131n, yakar\u0131\u015flar\u0131n, hamdlerin, tesbihlerin ve tehlillerin Allah'a ula\u015faca\u011f\u0131n\u0131 \u00fcmit ettikleri bu geceden istifade etmeyi dileyerek, \u015funlar\u0131 s\u00f6yledi:\"Rabb'imizin sadece kendisi i\u00e7in istedi\u011fi oru\u00e7 ibadetini hakk\u0131yla yaparak leyle-i kadire ve ard\u0131ndan bayrama ula\u015fanlara ne mutlu.\n\u0130ftar\u0131yla, teravihiyle, sahuruyla gecesi ayr\u0131 oru\u00e7lu olarak ge\u00e7irdi\u011fimiz her an\u0131yla g\u00fcnd\u00fcz\u00fc ay\u0131r bereketli ramazan-\u0131 \u015ferifin faziletinden istifade edenlere ne mutlu.\n\u0130nsano\u011flunun Rabb'inin kar\u015f\u0131s\u0131na g\u00fcnahs\u0131z olarak \u00e7\u0131kma idealini hayata ge\u00e7irme f\u0131rsat\u0131 olan leyle-i kadirde bu \u015ferefe nail olabilenlere ne mutlu.\nKadir Gecesi'nde yeniledi\u011fimiz \u00fcmitlerimiz bir sonraki vuslata kadar bizim en b\u00fcy\u00fck g\u00fc\u00e7 kayna\u011f\u0131m\u0131z ve dayana\u011f\u0131m\u0131z olacakt\u0131r.\nBizi bu y\u0131l da ramazana ve Kadir Gecesi'ne ula\u015ft\u0131ran Rabb'imize hamdediyoruz.\nTabii bu gecenin feyzinden ve bereketinden ancak kalbi hak deryas\u0131na a\u00e7\u0131k kul oldu\u011funun bilincinde ve kullu\u011funun sorumluluklar\u0131n\u0131 yerine getirenler istifade edebilir.\nKendi i\u00e7 d\u00fcnyas\u0131ndaki nefis sava\u015f\u0131n\u0131 Rabb'ine teslimiyetle bar\u0131\u015f iklimine d\u00f6nd\u00fcren her muttaki M\u00fcsl\u00fcman i\u00e7in bu gecenin de\u011ferine bedel bi\u00e7ilemez.\nRabb'imden her geceyi kadir, her g\u00f6rd\u00fc\u011f\u00fcm\u00fcz\u00fc H\u0131z\u0131r bilerek ge\u00e7irecek bir \u015fuurla hayat\u0131m\u0131z\u0131 ge\u00e7irmeyi nasip etmesini diliyorum.\"\nHalk\u0131n bu kutlu gece ile ilgili duygular\u0131n\u0131n ramazan manilerine kadar yans\u0131d\u0131\u011f\u0131n\u0131 an\u0131msatan Erdo\u011fan, bu manilerden birini okudu.\nErdo\u011fan, Kur'an-\u0131 Kerim tilavetinin, Kur'an ay\u0131 olan ramazan-\u0131 \u015ferifi hakk\u0131yla ihya etmenin en g\u00fczel yollar\u0131ndan oldu\u011funu aktararak, \"Peygamber Efendimiz 'G\u00fczel ses Kur'an'\u0131n g\u00fczelli\u011fini art\u0131r\u0131r.'\n\u00dclkemizin farkl\u0131 b\u00f6lgelerinden bu yar\u0131\u015fmaya i\u015ftirak eden Kur'an b\u00fclb\u00fcllerinin her birini \u015fahs\u0131m ve milletim ad\u0131na ayr\u0131 ayr\u0131 tebrik ediyorum.\nBu sene t\u00fcm d\u00fcnyayla birlikte \u00fclkemizi de etkileyen koronavir\u00fcs salg\u0131n\u0131 sebebiyle buruk bir ramazan ge\u00e7irdik.\nAncak, Rabb'imizin buyurdu\u011fu gibi 'Her zorlukla beraber muhakkak bir kolayl\u0131k vard\u0131r'.\n\u0130n\u015fallah bu musibetin de \u00fcstesinden gelece\u011fiz.\"\ndiye konu\u015ftu.\nBu m\u00fcbarek g\u00fcnlerde yoksullarla, mazlumlarla, gariplerle dayan\u0131\u015fmas\u0131n\u0131 art\u0131ran ihtiya\u00e7 sahiplerine el uzatan milletin her bir ferdine \u015f\u00fckranlar\u0131n\u0131 sunan Cumhurba\u015fkan\u0131 Erdo\u011fan, s\u00f6zlerini \u015f\u00f6yle noktalad\u0131:\"\u00d6n\u00fcm\u00fczdeki y\u0131llarda ramazanlar\u0131 tekrar \u00f6zledi\u011fimiz haliyle ya\u015fama temennisiyle dereceye giren karde\u015flerimi \u015fahs\u0131m ve milletim ad\u0131na tebrik ediyorum.\nHer gecemizin kadir, her g\u00fcnd\u00fcz\u00fcm\u00fcz\u00fcn bayram gibi olmas\u0131 temennisiyle hepinize sevgilerimi, sayg\u0131lar\u0131m\u0131 sunuyorum.\"\nErdo\u011fan, yar\u0131\u015fmada eme\u011fi ge\u00e7en Diyanet \u0130\u015fleri Ba\u015fkan\u0131 Ali Erba\u015f ile TRT Y\u00f6netim Kurulu Ba\u015fkan\u0131 ve Genel M\u00fcd\u00fcr\u00fc \u0130brahim Eren'e te\u015fekk\u00fcr etti.\nYar\u0131\u015fmada 396 puanla H\u00fcseyin Akbulut birinci, 393 puanla Muhammet Sizcan ikinci, 390 puanla Eyy\u00fcp Ensar K\u0131l\u0131\u00e7 ise \u00fc\u00e7\u00fcnc\u00fc oldu.\nDereceye girenler \u00e7e\u015fitli miktarlarda tam alt\u0131nla \u00f6d\u00fcllendirildi.\nD\u0130YANET \u0130\u015eLER\u0130 BA\u015eKANI PROF. DR. AL\u0130 ERBA\u015e'TAN A\u00c7IKLAMADiyanet \u0130\u015fleri Ba\u015fkan\u0131 Prof. Dr. Ali Erba\u015f, \"Ramazan ay\u0131 i\u00e7in diyorum ki 'H\u0131z\u0131r gibi yeti\u015fti.'\n\u00c7\u00fcnk\u00fc d\u00fcnya olarak \u00e7ok b\u00fcy\u00fck bir s\u0131k\u0131nt\u0131 ya\u015f\u0131yoruz.\nEvlerimizdeyiz ama ramazan ay\u0131n\u0131 daha g\u00fczel de\u011ferlendirme imkan\u0131 bulduk.\nBu Kur'an okuma yar\u0131\u015fmas\u0131 da h\u0131z\u0131r gibi yeti\u015fti.\"\nTRT taraf\u0131ndan 2017 y\u0131l\u0131ndan itibaren ramazan ay\u0131na \u00f6zel olarak d\u00fczenlenen Kur'an-\u0131 Kerim'i G\u00fczel Okuma Yar\u0131\u015fmas\u0131'n\u0131n finali ger\u00e7ekle\u015ftirildi.\nBu y\u0131l 4'\u00fcnc\u00fcs\u00fc d\u00fczenlenen yar\u0131\u015fmada, dereceye girenlere \u00f6d\u00fclleri verildi.\nDiyanet \u0130\u015fleri Ba\u015fkan\u0131 Prof. Dr. Ali Erba\u015f, \"Sizin en hay\u0131rl\u0131n\u0131z Kur'an\u0131 \u00f6\u011frenen ve \u00f6\u011fretenlerinizdir.\"\nhadisi \u015ferifini hat\u0131rlatarak, bu program\u0131n yar\u0131\u015fmalar\u0131n en hay\u0131rl\u0131s\u0131 oldu\u011funu s\u00f6yledi.\nYar\u0131\u015fmay\u0131 bir e\u011fitim olarak g\u00f6rd\u00fcklerini vurgulayan Erba\u015f, \"Biz bu yar\u0131\u015fmay\u0131 bir e\u011fitim olarak g\u00f6r\u00fcyoruz.\n\u00c7\u00fcnk\u00fc hocalar\u0131m\u0131z her bir okuyan arkada\u015f\u0131m\u0131z\u0131n k\u0131raatlerini, tilavetlerini de\u011ferlendirirken o kadar muazzam bilgiler veriyorlar ki bir ders niteli\u011fi ta\u015f\u0131yor tahlilleri, de\u011ferlendirmeleri.\"\nifadelerini kulland\u0131.\n\"Ramazan ay\u0131 h\u0131z\u0131r gibi yeti\u015fti\"\u00d6n\u00fcm\u00fczdeki y\u0131llarda da program\u0131n devam etmesi temennisinde bulunan Erba\u015f, s\u00f6zlerine \u015f\u00f6yle devam etti:\"Ramazan ay\u0131 i\u00e7in diyorum ki 'H\u0131z\u0131r gibi yeti\u015fti.'\n\u00c7\u00fcnk\u00fc d\u00fcnya olarak \u00e7ok b\u00fcy\u00fck bir s\u0131k\u0131nt\u0131 ya\u015f\u0131yoruz.\nEvlerimizdeyiz ama ramazan ay\u0131n\u0131 daha g\u00fczel de\u011ferlendirme imkan\u0131 bulduk.\nBu Kur'an okuma yar\u0131\u015fmas\u0131 da h\u0131z\u0131r gibi yeti\u015fti.\nRamazan ay\u0131nda milletimizi Kur'an'la o kadar bulu\u015fturmalar\u0131na vesile oldu ki hem dinleyerek g\u00f6n\u00fcllerimiz, ruhlar\u0131m\u0131z g\u0131das\u0131n\u0131 ald\u0131 hem de hocalar\u0131m\u0131z\u0131n de\u011ferlendirmeleriyle ayetlerin talim olarak, tecvit olarak ders niteli\u011fi ta\u015f\u0131mas\u0131na vesile oldular.\nZaman zaman ayetlerden alaca\u011f\u0131m\u0131z mesajlar\u0131 hocalar\u0131m\u0131z milletimizle payla\u015ft\u0131lar.\"\nTRT Genel M\u00fcd\u00fcr\u00fc \u0130brahim Eren ise ge\u00e7en sene d\u00fczenlenen yar\u0131\u015fman\u0131n final b\u00f6l\u00fcm\u00fcn\u00fcn B\u00fcy\u00fck \u00c7aml\u0131ca Camisi'nde Cumhurba\u015fkan\u0131 Recep Tayyip Erdo\u011fan ve d\u00fcnyan\u0131n d\u00f6rt bir taraf\u0131ndan gelen haf\u0131zlar\u0131n kat\u0131l\u0131m\u0131yla ger\u00e7ekle\u015ftirildi\u011fini hat\u0131rlatarak, bu sene finalin pandemi sebebiyle st\u00fcdyoda seyircisiz olarak \u00e7ekildi\u011fini s\u00f6yledi.\nEren, \"Ancak, 2017 y\u0131l\u0131nda yay\u0131nland\u0131\u011f\u0131 ilk g\u00fcnden beri her sene izlenmeyi artt\u0131ran ve halk\u0131m\u0131z taraf\u0131ndan takdir g\u00f6ren program\u0131m\u0131z\u0131n final b\u00f6l\u00fcm\u00fcn\u00fc bu ak\u015fam da ekranlar\u0131 ba\u015f\u0131nda milyonlarca izleyiciyle beraber izlemekten dolay\u0131 b\u00fcy\u00fck mutluluk duyuyorum.\"\ndiye konu\u015ftu.\n\"Ramazan ay\u0131nda bu program sayesinde evlerimiz huzur doldu\"TRT olarak bir\u00e7ok proje \u00fcrettiklerini kaydeden Eren, konu\u015fmas\u0131n\u0131 \u015f\u00f6yle tamamlad\u0131:\"D\u00fcnyan\u0131n d\u00f6rt bir taraf\u0131nda TRT'nin i\u00e7erikleri \u00e7e\u015fitli dinden, dilden milyonlarca insan taraf\u0131ndan izleniyor.\nTRT'nin bu i\u00e7erikleri sayesinde T\u00fcrkiye'nin temsil etti\u011fi de\u011ferlerle tan\u0131\u015ft\u0131 bu insanlar.\nBug\u00fcne kadarki t\u00fcm bu projelerde oldu\u011fu gibi bu projede de 2017'deki ilk final b\u00f6l\u00fcm\u00fcnden itibaren bizleri yaln\u0131z b\u0131rakmayan Say\u0131n Cumhurba\u015fkan\u0131m\u0131z\u0131n deste\u011fi sayesinde 4'\u00fcnc\u00fc senesinde hamdolsun finalimizi ger\u00e7ekle\u015ftiriyoruz.\nPandemi nedeniyle evlerimizde kald\u0131k, karantinada kald\u0131k.\nRamazan ay\u0131nda da bu program sayesinde, sizlerin sayesinde evlerimiz Kur'an-\u0131 Kerim'le doldu, evlerimiz huzur doldu.\"",
    "article_html": "",
    "meta_description": "Son Dakika G\u00fcncel Haberler - Cumhurba\u015fkan\u0131 Recep Tayyip Erdo\u011fan, \u00d6n\u00fcm\u00fczdeki y\u0131llarda ramazanlar\u0131 tekrar \u00f6zledi\u011fimiz haliyle ya\u015fama temennisiyle dereceye giren karde\u015flerimi \u015fahs\u0131m ve milletim ad\u0131na tebrik ediyorum. Her gecemizin kadir, her g\u00fcnd\u00fcz\u00fcm\u00fcz\u00fcn bayram gibi olmas\u0131 temennisiyle hepinize sevgilerimi, sayg\u0131lar\u0131m\u0131 sunuyorum. dedi.",
    "meta_lang": "tr"
}