{
    "article_id": "249f561e0338c5d451376321ca1df942.1589925641.1074011",
    "title": "Vakalar artt\u0131, soka\u011fa \u00e7\u0131kma yasa\u011f\u0131 bir kez daha uzat\u0131ld\u0131!",
    "authors": [],
    "canonical_link": "https://www.milliyet.com.tr/dunya/vakalar-artti-sokaga-cikma-yasagi-bir-kez-daha-uzatildi-6214390",
    "url": "http://milliyet.com.tr/dunya/vakalar-artti-sokaga-cikma-yasagi-bir-kez-daha-uzatildi-6214390",
    "top_img": "https://i2.milimaj.com/i/milliyet/75/0x0/5ec161225542840a8c759bd1.jpg",
    "meta_img": "https://i2.milimaj.com/i/milliyet/75/0x0/5ec161225542840a8c759bd1.jpg",
    "movies": [],
    "text": "Hindistan \u0130\u00e7i\u015fleri Bakanl\u0131\u011f\u0131ndan yap\u0131lan a\u00e7\u0131klamaya g\u00f6re, Ulusal Afet \u0130daresi, \u00fclke genelinde halihaz\u0131rda uygulanan soka\u011fa \u00e7\u0131kma yasa\u011f\u0131n\u0131 31 May\u0131s\u2019a kadar uzatt\u0131.\n\nYar\u0131ndan itibaren y\u00fcr\u00fcrl\u00fc\u011fe girecek yeni karara g\u00f6re, hava yolu ve metro seferleri yap\u0131lmayacak, eyaletler aras\u0131 tren seferleri ise baz\u0131 k\u0131s\u0131tlamalarla s\u00fcrecek.\n\nSoka\u011fa \u00e7\u0131kma yasa\u011f\u0131 s\u00fcresince okullar, al\u0131\u015fveri\u015f merkezleri, dini, siyasi ve k\u00fclt\u00fcrel faaliyetlerle ilgili toplanma alanlar\u0131 kapal\u0131 olacak.\n\nSalg\u0131n\u0131n yo\u011fun oldu\u011fu b\u00f6lgeler d\u0131\u015f\u0131nda, 60 ya\u015f \u00fczeri ki\u015filer ve 10 ya\u015f alt\u0131 \u00e7ocuklar d\u0131\u015f\u0131ndaki insanlar sosyal mesafe \u015fart\u0131yla d\u0131\u015far\u0131 \u00e7\u0131kabilecek.\n\nSpor tesisleri ve stadyumlar, seyircisiz olarak faaliyetlerine devam edebilecek.\n\nKovid-19 g\u00f6r\u00fclen \u00fclke ve b\u00f6lgelerdeki yeni vakalara ili\u015fkin g\u00fcncel verilerin derlendi\u011fi \"Worldometer\" internet sitesine g\u00f6re, Hindistan'da 92 bin 239 vaka g\u00f6r\u00fcld\u00fc, 2 bin 911 can kayb\u0131 ya\u015fand\u0131.\n\nHindistan'da Ba\u015fbakan Nerandra Modi liderli\u011findeki Hindistan Halk Partisi h\u00fck\u00fcmeti 23 Mart'ta salg\u0131nla m\u00fccadele i\u00e7in \u00fclke genelinde soka\u011fa \u00e7\u0131kma yasa\u011f\u0131 ilan etmi\u015fti. 21 g\u00fcn s\u00fcrmesi \u00f6ng\u00f6r\u00fclen soka\u011fa \u00e7\u0131kma yasa\u011f\u0131 13 Nisan'da uzat\u0131lm\u0131\u015ft\u0131.\n\nD\u00fc\u015f\u00fcnce kurulu\u015fu \"Hint Ekonomisi \u0130zleme Merkezi\"nin yay\u0131mlad\u0131\u011f\u0131 bir rapora g\u00f6re, \u00fclkede soka\u011fa \u00e7\u0131kma yasa\u011f\u0131n\u0131n nisan ay\u0131nda 122 milyondan fazla ki\u015finin i\u015fini kaybetmesine sebep oldu\u011fu tahmin ediliyor.",
    "keywords": [
        "yasa\u011f\u0131",
        "seferleri",
        "vakalar",
        "g\u00f6re",
        "bir",
        "soka\u011fa",
        "daha",
        "yeni",
        "ya\u015f",
        "oldu\u011fu",
        "uzat\u0131ld\u0131",
        "artt\u0131",
        "ve",
        "\u00e7\u0131kma",
        "\u00fclke",
        "kez"
    ],
    "meta_keywords": [
        ""
    ],
    "publish_date": null,
    "summary": "Hindistan \u0130\u00e7i\u015fleri Bakanl\u0131\u011f\u0131ndan yap\u0131lan a\u00e7\u0131klamaya g\u00f6re, Ulusal Afet \u0130daresi, \u00fclke genelinde halihaz\u0131rda uygulanan soka\u011fa \u00e7\u0131kma yasa\u011f\u0131n\u0131 31 May\u0131s\u2019a kadar uzatt\u0131.\nYar\u0131ndan itibaren y\u00fcr\u00fcrl\u00fc\u011fe girecek yeni karara g\u00f6re, hava yolu ve metro seferleri yap\u0131lmayacak, eyaletler aras\u0131 tren seferleri ise baz\u0131 k\u0131s\u0131tlamalarla s\u00fcrecek.\nSoka\u011fa \u00e7\u0131kma yasa\u011f\u0131 s\u00fcresince okullar, al\u0131\u015fveri\u015f merkezleri, dini, siyasi ve k\u00fclt\u00fcrel faaliyetlerle ilgili toplanma alanlar\u0131 kapal\u0131 olacak.\nSalg\u0131n\u0131n yo\u011fun oldu\u011fu b\u00f6lgeler d\u0131\u015f\u0131nda, 60 ya\u015f \u00fczeri ki\u015filer ve 10 ya\u015f alt\u0131 \u00e7ocuklar d\u0131\u015f\u0131ndaki insanlar sosyal mesafe \u015fart\u0131yla d\u0131\u015far\u0131 \u00e7\u0131kabilecek.\nSpor tesisleri ve stadyumlar, seyircisiz olarak faaliyetlerine devam edebilecek.\nKovid-19 g\u00f6r\u00fclen \u00fclke ve b\u00f6lgelerdeki yeni vakalara ili\u015fkin g\u00fcncel verilerin derlendi\u011fi \"Worldometer\" internet sitesine g\u00f6re, Hindistan'da 92 bin 239 vaka g\u00f6r\u00fcld\u00fc, 2 bin 911 can kayb\u0131 ya\u015fand\u0131.\nHindistan'da Ba\u015fbakan Nerandra Modi liderli\u011findeki Hindistan Halk Partisi h\u00fck\u00fcmeti 23 Mart'ta salg\u0131nla m\u00fccadele i\u00e7in \u00fclke genelinde soka\u011fa \u00e7\u0131kma yasa\u011f\u0131 ilan etmi\u015fti.\n21 g\u00fcn s\u00fcrmesi \u00f6ng\u00f6r\u00fclen soka\u011fa \u00e7\u0131kma yasa\u011f\u0131 13 Nisan'da uzat\u0131lm\u0131\u015ft\u0131.\nD\u00fc\u015f\u00fcnce kurulu\u015fu \"Hint Ekonomisi \u0130zleme Merkezi\"nin yay\u0131mlad\u0131\u011f\u0131 bir rapora g\u00f6re, \u00fclkede soka\u011fa \u00e7\u0131kma yasa\u011f\u0131n\u0131n nisan ay\u0131nda 122 milyondan fazla ki\u015finin i\u015fini kaybetmesine sebep oldu\u011fu tahmin ediliyor.",
    "article_html": "",
    "meta_description": "G\u00fcncel Haberler - Hindistan\u2019da yeni tip corona vir\u00fcs (Kovid-19) vakalar\u0131nda ya\u015fanan art\u0131\u015f nedeniyle soka\u011fa \u00e7\u0131kma yasa\u011f\u0131 bir kez daha uzat\u0131ld\u0131.",
    "meta_lang": "tr"
}