{
    "article_id": "cd10cbec8fb67b412b9885c0ebb4d108.1589925644.137437",
    "title": "\u0130sve\u00e7'te futbol kul\u00fcpleri liglerin ba\u015flamas\u0131n\u0131 istiyor",
    "authors": [],
    "canonical_link": "https://www.milliyet.com.tr/skorer/isvecte-futbol-kulupleri-liglerin-baslamasini-istiyor-6213531",
    "url": "http://milliyet.com.tr/skorer/isvecte-futbol-kulupleri-liglerin-baslamasini-istiyor-6213531",
    "top_img": "https://i2.milimaj.com/i/milliyet/75/0x0/5ebfa62255428016887da8c9.jpg",
    "meta_img": "https://i2.milimaj.com/i/milliyet/75/0x0/5ebfa62255428016887da8c9.jpg",
    "movies": [],
    "text": "\u0130sve\u00e7 1. ve 2. liglerindeki kul\u00fcplerin ba\u011fl\u0131 oldu\u011fu SEF, vir\u00fcs\u00fcn yay\u0131lmas\u0131 endi\u015fesiyle futbol ma\u00e7lar\u0131n\u0131n oynanmas\u0131na ye\u015fil \u0131\u015f\u0131k yakmayan sa\u011fl\u0131k bakanl\u0131\u011f\u0131na \u00e7a\u011fr\u0131da bulundu.\n\nSEF'in internet sitesinden yap\u0131lan a\u00e7\u0131klamada, kul\u00fcplerin iflas, \u00e7al\u0131\u015fanlar\u0131n\u0131n da i\u015fsiz kalma riskiyle kar\u015f\u0131 kar\u015f\u0131ya oldu\u011fu hat\u0131rlat\u0131larak, \"Sezonun 14 Haziran'da ba\u015flayabilmesi i\u00e7in gereken t\u00fcm tedbirler al\u0131nd\u0131. Ma\u00e7lar\u0131n seyircisiz oynanmas\u0131, d\u00fczenli test, g\u00fcvenli seyahat ve hijyen gereksinimlerinin sa\u011flanmas\u0131 bunlardan baz\u0131lar\u0131. Al\u0131\u015fveri\u015f merkezleri ve lokantalar\u0131n, y\u00f6nergelere uymak ko\u015fuluyla a\u00e7\u0131lmas\u0131na izin veriliyor. Fakat bo\u015f trib\u00fcnlere kar\u015f\u0131 11'e 11 futbol oynanam\u0131yor. Mant\u0131k bunun neresinde?\" ifadeleri kullan\u0131ld\u0131.\n\n\u0130sve\u00e7, pandemi s\u00fcrecinde \u00e7o\u011fu Avrupa \u00fclkesinin aksine soka\u011fa \u00e7\u0131kma yasa\u011f\u0131, okul ve i\u015f yerlerinin kapat\u0131lmas\u0131 gibi s\u0131k\u0131 k\u0131s\u0131tlamalar uygulamay\u0131 tercih etmedi.\n\nYaya Toure'nin Manchester City Formas\u0131yla En \u0130yi Anlar\u0131",
    "keywords": [
        "kul\u00fcpleri",
        "kar\u015f\u0131",
        "futbol",
        "oldu\u011fu",
        "\u00fclkesinin",
        "kul\u00fcplerin",
        "ba\u015flamas\u0131n\u0131",
        "\u00e7o\u011fu",
        "liglerin",
        "i\u0307sve\u00e7te",
        "ve",
        "\u00e7\u0131kma",
        "\u00e7a\u011fr\u0131da",
        "\u0131\u015f\u0131k",
        "istiyor"
    ],
    "meta_keywords": [
        ""
    ],
    "publish_date": null,
    "summary": "\u0130sve\u00e7 1. ve 2. liglerindeki kul\u00fcplerin ba\u011fl\u0131 oldu\u011fu SEF, vir\u00fcs\u00fcn yay\u0131lmas\u0131 endi\u015fesiyle futbol ma\u00e7lar\u0131n\u0131n oynanmas\u0131na ye\u015fil \u0131\u015f\u0131k yakmayan sa\u011fl\u0131k bakanl\u0131\u011f\u0131na \u00e7a\u011fr\u0131da bulundu.\nSEF'in internet sitesinden yap\u0131lan a\u00e7\u0131klamada, kul\u00fcplerin iflas, \u00e7al\u0131\u015fanlar\u0131n\u0131n da i\u015fsiz kalma riskiyle kar\u015f\u0131 kar\u015f\u0131ya oldu\u011fu hat\u0131rlat\u0131larak, \"Sezonun 14 Haziran'da ba\u015flayabilmesi i\u00e7in gereken t\u00fcm tedbirler al\u0131nd\u0131.\nMa\u00e7lar\u0131n seyircisiz oynanmas\u0131, d\u00fczenli test, g\u00fcvenli seyahat ve hijyen gereksinimlerinin sa\u011flanmas\u0131 bunlardan baz\u0131lar\u0131.\nAl\u0131\u015fveri\u015f merkezleri ve lokantalar\u0131n, y\u00f6nergelere uymak ko\u015fuluyla a\u00e7\u0131lmas\u0131na izin veriliyor.\nFakat bo\u015f trib\u00fcnlere kar\u015f\u0131 11'e 11 futbol oynanam\u0131yor.\nMant\u0131k bunun neresinde?\"\nifadeleri kullan\u0131ld\u0131.\n\u0130sve\u00e7, pandemi s\u00fcrecinde \u00e7o\u011fu Avrupa \u00fclkesinin aksine soka\u011fa \u00e7\u0131kma yasa\u011f\u0131, okul ve i\u015f yerlerinin kapat\u0131lmas\u0131 gibi s\u0131k\u0131 k\u0131s\u0131tlamalar uygulamay\u0131 tercih etmedi.\nYaya Toure'nin Manchester City Formas\u0131yla En \u0130yi Anlar\u0131",
    "article_html": "",
    "meta_description": "\u0130sve\u00e7 Profesyonel Futbol Ligleri (SEF), sa\u011fl\u0131k  bakanl\u0131\u011f\u0131na \u00e7a\u011fr\u0131da bulunarak yeni tip koronavir\u00fcs (Kovid-19) salg\u0131n\u0131 nedeniyle  durdurulan liglerin 14 Haziran'da ba\u015flamas\u0131n\u0131 istediklerini a\u00e7\u0131klad\u0131.",
    "meta_lang": "tr"
}