{
    "article_id": "8152976f51152460cf61cc4ca94fa33f.1589925644.7055511",
    "title": "Son dakika... 81 ilde 51 bin 885 personelin kat\u0131ld\u0131\u011f\u0131 dev corona vir\u00fcs uygulamas\u0131!",
    "authors": [],
    "canonical_link": "https://www.milliyet.com.tr/gundem/son-dakika-81-ilde-51-bin-885-personelin-katildigi-dev-corona-virus-uygulamasi-6213487",
    "url": "http://milliyet.com.tr/gundem/son-dakika-81-ilde-51-bin-885-personelin-katildigi-dev-corona-virus-uygulamasi-6213487",
    "top_img": "https://i2.milimaj.com/i/milliyet/75/0x0/5ebf94b755427e13f0c66af1.jpg",
    "meta_img": "https://i2.milimaj.com/i/milliyet/75/0x0/5ebf94b755427e13f0c66af1.jpg",
    "movies": [],
    "text": "Son dakika haberine g\u00f6re, \u0130\u00e7i\u015fleri Bakanl\u0131\u011f\u0131'ndan yap\u0131lan a\u00e7\u0131klama \u015f\u00f6yle:\n\nDenetimlerde; sosyal mesafe kural\u0131n\u0131 ihlalden 2 bin 701, soka\u011fa \u00e7\u0131kma k\u0131s\u0131tlamas\u0131na tabi 20 ya\u015f alt\u0131 bin 479 ve 65 ya\u015f ve \u00fczeri 188 olmak \u00fczere toplam 4 bin 368 ki\u015fiye idari ya da adli i\u015flem uyguland\u0131. Koronavir\u00fcs tedbirleri kapsam\u0131nda al\u0131nan kararlar\u0131 ihlal eden, bin 42 toplu ta\u015f\u0131maya, 151 ticari taksiye ve 4 bin 638 di\u011fer ara\u00e7lar olmak \u00fczere toplam 5 bin 831 ara\u00e7 s\u00fcr\u00fcc\u00fcs\u00fcne/ sahibine para cezas\u0131 verildi\n\nS\u00fcresiz kapat\u0131lma kural\u0131n\u0131 ihlal eden 68, belirlenen \u00e7al\u0131\u015fma saatleri d\u0131\u015f\u0131nda faaliyet y\u00fcr\u00fcten 25 ve sosyal mesafe kural\u0131n\u0131 uygulamayan 98 olmak \u00fczere toplam 191 i\u015f yeri sahibine/ i\u015fletmecisine idari ve adli i\u015flem ger\u00e7ekle\u015ftirildi\n\n\u0130\u00e7i\u015fleri Bakanl\u0131\u011f\u0131 Emniyet Genel M\u00fcd\u00fcrl\u00fc\u011f\u00fc, Jandarma Genel Komutanl\u0131\u011f\u0131 ve Sahil G\u00fcvenlik Komutanl\u0131\u011f\u0131 birimleri taraf\u0131ndan yeni tip koronavir\u00fcs (Covid-19) tedbirleri kapsam\u0131nda al\u0131nan kararlar\u0131n uygulan\u0131p uygulanmad\u0131\u011f\u0131n\u0131n denetlenmesi amac\u0131yla \u00fclke genelinde e\u015f zamanl\u0131 olarak \u201cT\u00fcrkiye G\u00fcve Huzur\u201d uygulamas\u0131 ger\u00e7ekle\u015ftirildi.\n\n15 May\u0131s Cuma g\u00fcn\u00fc 15:00-24:00 saatleri aras\u0131nda 8 bin 151 noktada ger\u00e7ekle\u015ftirilen uygulamaya, 30 bin 443 emniyet, 20 bin 730 jandarma ve 712 sahil g\u00fcvenlik personeli olmak \u00fczere toplam 51 bin 885 personel ve 217 dedekt\u00f6r k\u00f6pe\u011fi kat\u0131ld\u0131.\n\nKoronavir\u00fcs tedbirleri kapsam\u0131nda, s\u00fcresiz kapat\u0131lan i\u015fyerlerinin kapal\u0131 olup olmad\u0131\u011f\u0131, \u00e7al\u0131\u015fma saatleri yeniden d\u00fczenlenen i\u015fyerlerinin belirlenen saatlerde faaliyet g\u00f6sterip g\u00f6stermedi\u011fi ve kapan\u0131\u015f saatlerine riayet edip edilmedi\u011fi denetlendi. Semt pazarlar\u0131, market, f\u0131r\u0131n, petrol istasyonu vb. i\u015fyerlerinde sosyal mesafe ve maske takma zorunlulu\u011funun yan\u0131 s\u0131ra AVM ve marketlerde 10m2\u2019ye 1 ki\u015fi d\u00fc\u015fecek \u015fekilde m\u00fc\u015fteri kabul\u00fc ve d\u0131\u015far\u0131da s\u0131ra bekleyen \u015fah\u0131slar\u0131n sosyal mesafe kural\u0131na uyup uymad\u0131\u011f\u0131 kontrol edildi.\n\nSoka\u011fa \u00e7\u0131kma k\u0131s\u0131tlamas\u0131na tabii tutulan 20 ya\u015f alt\u0131 ve 65 ya\u015f ve \u00fczeri ile kronik rahats\u0131zl\u0131\u011f\u0131 bulunan vatanda\u015flar\u0131n, al\u0131nan kararlara riayet edip etmedikleri kontrol edildi.\n\nToplu ta\u015f\u0131ma ve ticari taksilerin yolcu kapasiteleri, ara\u00e7 i\u00e7erisinde maske kullan\u0131m\u0131 ve di\u011fer kurallar ile park, bah\u00e7e, mesire ve y\u00fcr\u00fcy\u00fc\u015f alanlar\u0131 gibi yerlerde tedbirlere vatanda\u015flar\u0131n uyup uymad\u0131\u011f\u0131 denetlendi.\n\n\u00dclke genelinden e\u015f zamanl\u0131 yap\u0131lan uygulamada; 332 bin 492 \u015fah\u0131s sorguland\u0131, 542 aranan \u015fah\u0131s tespit edildi. Bunlar\u0131n 38\u2018i g\u00f6zalt\u0131na al\u0131nd\u0131.Sosyal mesafe kural\u0131n\u0131 ihlalden 2 bin 701, soka\u011fa \u00e7\u0131kma k\u0131s\u0131tlamas\u0131na tabi 20 ya\u015f alt\u0131 bin 479 ve 65 ya\u015f ve \u00fczeri 188 olmak \u00fczere toplam 4 bin 368 \u015fahsa idari ve adli i\u015flem d\u00fczenlendi.\n\nDenetimlerde: 254 bin 52 ara\u00e7 kontrol edildi. Kontrol edilen ara\u00e7lardan 1.042 toplu ta\u015f\u0131maya, 151 ticari taksiye ve 4.638 di\u011fer ara\u00e7lar olmak \u00fczere toplam 5.831 ara\u00e7 s\u00fcr\u00fcc\u00fcs\u00fcne/ sahibine para cezas\u0131 uyguland\u0131.\n\n10 bin 315 park-bah\u00e7e, 2 bin 959 mesire-y\u00fcr\u00fcy\u00fc\u015f alan\u0131 ile 92 bin 500 i\u015f yeri denetlendi. S\u00fcresiz kapat\u0131lma kural\u0131n\u0131 ihlal eden 68, belirlenen \u00e7al\u0131\u015fma saatleri d\u0131\u015f\u0131nda faaliyet y\u00fcr\u00fcten 25 ve sosyal mesafe kural\u0131n\u0131 uygulamayan 98 olmak \u00fczere toplam 191 i\u015f yeri sahibine/ i\u015fletmecisine idari ve adli i\u015flem ger\u00e7ekle\u015ftirildi.",
    "keywords": [
        "vir\u00fcs",
        "corona",
        "uygulamas\u0131",
        "kat\u0131ld\u0131\u011f\u0131",
        "olmak",
        "dev",
        "son",
        "sosyal",
        "personelin",
        "ya\u015f",
        "\u00fczere",
        "toplam",
        "ilde",
        "kural\u0131n\u0131",
        "bin",
        "ve",
        "sahibine",
        "mesafe",
        "dakika"
    ],
    "meta_keywords": [
        ""
    ],
    "publish_date": null,
    "summary": "Son dakika haberine g\u00f6re, \u0130\u00e7i\u015fleri Bakanl\u0131\u011f\u0131'ndan yap\u0131lan a\u00e7\u0131klama \u015f\u00f6yle:Denetimlerde; sosyal mesafe kural\u0131n\u0131 ihlalden 2 bin 701, soka\u011fa \u00e7\u0131kma k\u0131s\u0131tlamas\u0131na tabi 20 ya\u015f alt\u0131 bin 479 ve 65 ya\u015f ve \u00fczeri 188 olmak \u00fczere toplam 4 bin 368 ki\u015fiye idari ya da adli i\u015flem uyguland\u0131.\nKoronavir\u00fcs tedbirleri kapsam\u0131nda al\u0131nan kararlar\u0131 ihlal eden, bin 42 toplu ta\u015f\u0131maya, 151 ticari taksiye ve 4 bin 638 di\u011fer ara\u00e7lar olmak \u00fczere toplam 5 bin 831 ara\u00e7 s\u00fcr\u00fcc\u00fcs\u00fcne/ sahibine para cezas\u0131 verildiS\u00fcresiz kapat\u0131lma kural\u0131n\u0131 ihlal eden 68, belirlenen \u00e7al\u0131\u015fma saatleri d\u0131\u015f\u0131nda faaliyet y\u00fcr\u00fcten 25 ve sosyal mesafe kural\u0131n\u0131 uygulamayan 98 olmak \u00fczere toplam 191 i\u015f yeri sahibine/ i\u015fletmecisine idari ve adli i\u015flem ger\u00e7ekle\u015ftirildi\u0130\u00e7i\u015fleri Bakanl\u0131\u011f\u0131 Emniyet Genel M\u00fcd\u00fcrl\u00fc\u011f\u00fc, Jandarma Genel Komutanl\u0131\u011f\u0131 ve Sahil G\u00fcvenlik Komutanl\u0131\u011f\u0131 birimleri taraf\u0131ndan yeni tip koronavir\u00fcs (Covid-19) tedbirleri kapsam\u0131nda al\u0131nan kararlar\u0131n uygulan\u0131p uygulanmad\u0131\u011f\u0131n\u0131n denetlenmesi amac\u0131yla \u00fclke genelinde e\u015f zamanl\u0131 olarak \u201cT\u00fcrkiye G\u00fcve Huzur\u201d uygulamas\u0131 ger\u00e7ekle\u015ftirildi.\n15 May\u0131s Cuma g\u00fcn\u00fc 15:00-24:00 saatleri aras\u0131nda 8 bin 151 noktada ger\u00e7ekle\u015ftirilen uygulamaya, 30 bin 443 emniyet, 20 bin 730 jandarma ve 712 sahil g\u00fcvenlik personeli olmak \u00fczere toplam 51 bin 885 personel ve 217 dedekt\u00f6r k\u00f6pe\u011fi kat\u0131ld\u0131.\nKoronavir\u00fcs tedbirleri kapsam\u0131nda, s\u00fcresiz kapat\u0131lan i\u015fyerlerinin kapal\u0131 olup olmad\u0131\u011f\u0131, \u00e7al\u0131\u015fma saatleri yeniden d\u00fczenlenen i\u015fyerlerinin belirlenen saatlerde faaliyet g\u00f6sterip g\u00f6stermedi\u011fi ve kapan\u0131\u015f saatlerine riayet edip edilmedi\u011fi denetlendi.\nSemt pazarlar\u0131, market, f\u0131r\u0131n, petrol istasyonu vb.\ni\u015fyerlerinde sosyal mesafe ve maske takma zorunlulu\u011funun yan\u0131 s\u0131ra AVM ve marketlerde 10m2\u2019ye 1 ki\u015fi d\u00fc\u015fecek \u015fekilde m\u00fc\u015fteri kabul\u00fc ve d\u0131\u015far\u0131da s\u0131ra bekleyen \u015fah\u0131slar\u0131n sosyal mesafe kural\u0131na uyup uymad\u0131\u011f\u0131 kontrol edildi.\nSoka\u011fa \u00e7\u0131kma k\u0131s\u0131tlamas\u0131na tabii tutulan 20 ya\u015f alt\u0131 ve 65 ya\u015f ve \u00fczeri ile kronik rahats\u0131zl\u0131\u011f\u0131 bulunan vatanda\u015flar\u0131n, al\u0131nan kararlara riayet edip etmedikleri kontrol edildi.\nToplu ta\u015f\u0131ma ve ticari taksilerin yolcu kapasiteleri, ara\u00e7 i\u00e7erisinde maske kullan\u0131m\u0131 ve di\u011fer kurallar ile park, bah\u00e7e, mesire ve y\u00fcr\u00fcy\u00fc\u015f alanlar\u0131 gibi yerlerde tedbirlere vatanda\u015flar\u0131n uyup uymad\u0131\u011f\u0131 denetlendi.\n\u00dclke genelinden e\u015f zamanl\u0131 yap\u0131lan uygulamada; 332 bin 492 \u015fah\u0131s sorguland\u0131, 542 aranan \u015fah\u0131s tespit edildi.\nBunlar\u0131n 38\u2018i g\u00f6zalt\u0131na al\u0131nd\u0131.Sosyal mesafe kural\u0131n\u0131 ihlalden 2 bin 701, soka\u011fa \u00e7\u0131kma k\u0131s\u0131tlamas\u0131na tabi 20 ya\u015f alt\u0131 bin 479 ve 65 ya\u015f ve \u00fczeri 188 olmak \u00fczere toplam 4 bin 368 \u015fahsa idari ve adli i\u015flem d\u00fczenlendi.\nDenetimlerde: 254 bin 52 ara\u00e7 kontrol edildi.\nKontrol edilen ara\u00e7lardan 1.042 toplu ta\u015f\u0131maya, 151 ticari taksiye ve 4.638 di\u011fer ara\u00e7lar olmak \u00fczere toplam 5.831 ara\u00e7 s\u00fcr\u00fcc\u00fcs\u00fcne/ sahibine para cezas\u0131 uyguland\u0131.\n10 bin 315 park-bah\u00e7e, 2 bin 959 mesire-y\u00fcr\u00fcy\u00fc\u015f alan\u0131 ile 92 bin 500 i\u015f yeri denetlendi.\nS\u00fcresiz kapat\u0131lma kural\u0131n\u0131 ihlal eden 68, belirlenen \u00e7al\u0131\u015fma saatleri d\u0131\u015f\u0131nda faaliyet y\u00fcr\u00fcten 25 ve sosyal mesafe kural\u0131n\u0131 uygulamayan 98 olmak \u00fczere toplam 191 i\u015f yeri sahibine/ i\u015fletmecisine idari ve adli i\u015flem ger\u00e7ekle\u015ftirildi.",
    "article_html": "",
    "meta_description": "Son Dakika G\u00fcncel Haberler - Gelen son dakika haberine g\u00f6re, \u0130\u00e7i\u015fleri Bakanl\u0131\u011f\u0131 \u00fclke genelinde e\u015f zamanl\u0131 \u201cT\u00fcrkiye G\u00fcven Huzur Uygulamas\u0131\u201d ger\u00e7ekle\u015ftirdi.",
    "meta_lang": "tr"
}