{
    "article_id": "6dacd3feca2f4127b2a51be3539f1819.1589925646.6293578",
    "title": "AVM\u2019de ilk haftada y\u00fczde 30 trafik",
    "authors": [],
    "canonical_link": "https://www.milliyet.com.tr/ekonomi/avmde-ilk-haftada-yuzde-30-trafik-6213366",
    "url": "http://milliyet.com.tr/ekonomi/avmde-ilk-haftada-yuzde-30-trafik-6213366",
    "top_img": "https://i2.milimaj.com/i/milliyet/75/0x0/5ebf0ff15542840ae8b134af.jpg",
    "meta_img": "https://i2.milimaj.com/i/milliyet/75/0x0/5ebf0ff15542840ae8b134af.jpg",
    "movies": [],
    "text": "Al\u0131\u015fveri\u015f merkezleri 11 May\u0131s itibariyle kap\u0131lar\u0131n\u0131 a\u00e7arken ilk bir haftan\u0131n da karnesi belli oldu. AVM\u2019lerde giri\u015fler y\u00fczde 20-30 aras\u0131nda ger\u00e7ekle\u015firken, daha \u00e7ok haz\u0131r giyim al\u0131\u015fveri\u015fi yap\u0131ld\u0131\u011f\u0131 g\u00f6r\u00fcld\u00fc. Sekt\u00f6rde as\u0131l hareket 1 Haziran\u2019da bekleniyor. B\u00fcy\u00fck markalardan ge\u00e7en y\u0131l\u0131n cirosunu yakalayanlar oldu\u011fu belirtiliyor.\n\n\n\nK\u0131yafet al\u0131n\u0131yor\n\n\n\nViaport Genel M\u00fcd\u00fcr\u00fc U\u011fur Sa\u00e7mac\u0131o\u011flu, pazartesi g\u00fcn\u00fc 75 ma\u011faza ile a\u00e7\u0131ld\u0131klar\u0131n\u0131 ve bir haftada bu say\u0131n\u0131n 88\u2019e \u00e7\u0131kt\u0131\u011f\u0131n\u0131 s\u00f6yledi. Sa\u00e7mac\u0131o\u011flu, ziyaret\u00e7i rakamlar\u0131yla ilgili de \u201c11 May\u0131s\u2019ta 10 bin ki\u015fi, 13 May\u0131s\u2019ta 12 bin ki\u015fi a\u011f\u0131rlad\u0131k. \u0130lk be\u015f g\u00fcnde 55 binden fazla ki\u015fiyi a\u011f\u0131rlad\u0131k\u201d dedi.\n\n\n\nU\u011fur Sa\u00e7mac\u0131o\u011flu, gelenlerin daha \u00e7ok k\u0131yafet al\u0131\u015fveri\u015fi yapt\u0131\u011f\u0131n\u0131 anlatarak, \u201cBunun hem bayram\u0131n yakla\u015fm\u0131\u015f olmas\u0131, insanlar\u0131n al\u0131\u015fveri\u015f yapmay\u0131 \u00f6zlemi\u015f olmalar\u0131 hem de birikmi\u015f ihtiya\u00e7lardan kaynakland\u0131\u011f\u0131n\u0131 d\u00fc\u015f\u00fcn\u00fcyorum. Cirolar ma\u011fazadan ma\u011fazaya g\u00f6re de\u011fi\u015fse de y\u00fczde 100\u2019\u00fcne yakla\u015fan var. Eski cironun y\u00fczde 50 ve y\u00fczde 20\u2019sini de yapan var. Baz\u0131 b\u00fcy\u00fck markalar neredeyse ge\u00e7en y\u0131l\u0131n ayn\u0131 d\u00f6neminin cirolar\u0131n\u0131 yakalad\u0131. Bu d\u00f6nemde a\u00e7\u0131k hava AVM\u2019leri daha avantajl\u0131 olacak\u201d a\u00e7\u0131klamas\u0131n\u0131 yapt\u0131.\n\n\n\n\u0130htiya\u00e7 odakl\u0131\n\n\u0130sfanbul AVM Y\u00f6netim Direkt\u00f6r\u00fc Kemal Ba\u015ft\u00fcrk de AVM\u2019lerinde ma\u011fazalar\u0131n\u0131n y\u00fczde 40\u2019\u0131n\u0131n a\u00e7t\u0131\u011f\u0131n\u0131 belirterek, di\u011fer ma\u011fazalar\u0131n 20 May\u0131s ve 1 Haziran\u2019da a\u00e7mas\u0131n\u0131n beklendi\u011fini aktard\u0131. \u0130lk haftada temel ihtiya\u00e7 maddeleri satan sekt\u00f6rlere di\u011ferlerine oranla talebin daha yo\u011fun oldu\u011funu dile getiren Ba\u015ft\u00fcrk, \u201cMarket cirosu iki kat\u0131na \u00e7\u0131kt\u0131. K\u00fc\u00e7\u00fck ev aletleri, televizyon vs. satan ma\u011faza cirolar\u0131nda da y\u00fczde 50\u2019ye yak\u0131n art\u0131\u015f g\u00f6r\u00fcld\u00fc. Giyim ma\u011fazalar\u0131nda giri\u015f say\u0131s\u0131nda y\u00fczde 70 d\u00fc\u015f\u00fc\u015f ya\u015fand\u0131, ancak ciro kayb\u0131 sadece y\u00fczde 35 oldu\u201d diye konu\u015ftu. Ba\u015ft\u00fcrk, sekt\u00f6rle ilgili de \u015fu verileri payla\u015ft\u0131:\n\n\n\n\u201cA\u00e7\u0131lan AVM\u2019lerde giri\u015f oran\u0131 y\u00fczde 23-30 aras\u0131nda. Normal zamanda T\u00fcrkiye\u2019de bir g\u00fcnde AVM\u2019lere giren ki\u015fi say\u0131s\u0131 6.5 milyon iken pazartesi 1 milyon 226 bin giri\u015f oldu. Bu rakam\u0131n y\u00fczde 40\u2019\u0131 \u0130stanbul ve Ankara\u2019da. Bu d\u00f6nemde tahminimiz 10 m\u00fc\u015fteriden 8\u2019inin al\u0131\u015fveri\u015f yapmas\u0131. \u0130htiya\u00e7 odakl\u0131 al\u0131\u015fveri\u015f merkezi ziyareti ger\u00e7ekle\u015fiyor.\u201d\n\n\n\nY\u00fczde 40-60 ciro\n\n\n\nAnkara\u2019daki Ankamall\u2019\u0131n yat\u0131r\u0131mc\u0131s\u0131 Gimat GYO\u2019nun Genel M\u00fcd\u00fcr\u00fc Levent Kirman ise, \u201cAVM\u2019mizde y\u00fczde 25 oran\u0131nda perakendeci ma\u011fazas\u0131n\u0131 a\u00e7t\u0131. Ziyaret\u00e7i say\u0131s\u0131 normal zamanlar\u0131n y\u00fczde 25\u2019i oldu. A\u00e7\u0131lan ma\u011fazalar\u0131n cirosu marka ve sekt\u00f6re g\u00f6re de\u011fi\u015fiklik g\u00f6sterse de y\u00fczde 40-60 civar\u0131nda ger\u00e7ekle\u015fiyor. Bir aksilik olmazsa 1 Haziran\u2019dan itibaren \u00e7ok h\u0131zl\u0131 normalle\u015fme ya\u015fayabiliriz\u201d ifadelerini kulland\u0131.\n\n\n\nZorlu\u2019da l\u00fckse talep\n\n\n\nZorlu Center Genel M\u00fcd\u00fcr\u00fc Didem Ayd\u0131n, 31 ma\u011fazayla a\u00e7\u0131l\u0131\u015f yapt\u0131klar\u0131n\u0131, bu say\u0131ya her g\u00fcn bir markan\u0131n kat\u0131ld\u0131\u011f\u0131n\u0131 dile getirerek, \u201cCirolar l\u00fcks markalarda gayet iyi. Di\u011fer yerlerdeki ma\u011fazalar kapal\u0131 oldu\u011fu i\u00e7in t\u00fcm sipari\u015fler Zorlu\u2019daki ma\u011fazalar\u0131ndan yap\u0131l\u0131yor. As\u0131l tablo 1 Haziran\u2019da belli olacak\u201d diye konu\u015ftu\n\n\n\nCarousel \u0130cra Kurulu \u00dcyesi Orhan Demir, 11 May\u0131s\u2019tan itibaren a\u00e7t\u0131klar\u0131n\u0131 dile getirerek, \u015funlar\u0131 s\u00f6yledi:\n\n\u201cAVM\u2019mizin a\u00e7\u0131l\u0131\u015f\u0131 itibariyle ilk haftay\u0131 tahmin etti\u011fimiz \u015fekilde sakin bir seyirde ge\u00e7irdik. Normal kapasitemizin yakla\u015f\u0131k y\u00fczde 35\u2019i civar\u0131nda bir trafik ya\u015fand\u0131. A\u00e7\u0131l\u0131\u015f s\u00fcrecinde misafirlerimizin de hijyen ve sosyal mesafe kurallar\u0131na g\u00f6stermi\u015f oldu\u011fu hassasiyet mutluluk verici seviyede.\u201d\n\n\u2018Sadece al\u0131\u015fveri\u015f i\u00e7in geliyorlar\u2019\n\n\n\nECE T\u00fcrkiye AVM Y\u00f6netimi B\u00f6lge Direkt\u00f6r\u00fc Semet Yola\u00e7 Canl\u0131el, Marmarapark\u2019\u0131n ilk g\u00fcn 38 ma\u011faza ile a\u00e7\u0131ld\u0131\u011f\u0131n\u0131, 14 May\u0131s\u2019ta bu rakam\u0131n 66\u2019ya y\u00fckseldi\u011fini dile getirerek, \u015f\u00f6yle devam etti: \u201cZiyaret\u00e7i say\u0131lar\u0131 ge\u00e7en y\u0131la g\u00f6re y\u00fczde 70 d\u00fc\u015ft\u00fc. \u0130lk g\u00fcn 10 bin ki\u015fiyi a\u011f\u0131rlad\u0131k. A\u00e7\u0131lan ma\u011fazalar\u0131n say\u0131s\u0131 artt\u0131k\u00e7a, giri\u015f say\u0131lar\u0131 da artacak. Ge\u00e7en y\u0131lla k\u0131yasland\u0131\u011f\u0131nda elbette cirolar \u00f6nemli \u00f6l\u00e7\u00fcde d\u00fc\u015f\u00fck g\u00f6r\u00fcn\u00fcyor. Ancak kirac\u0131lar\u0131m\u0131z\u0131n \u00e7o\u011fu, cirolar\u0131n beklentilerinin \u00fczerinde oldu\u011funu bizimle payla\u015f\u0131yorlar. Ziyaret\u00e7ilerimiz, \u00f6nceden belirledikleri \u00fcr\u00fcnleri sat\u0131n almak amac\u0131yla sonu\u00e7 odakl\u0131 geldi\u011fi i\u00e7in ki\u015fi ba\u015f\u0131na d\u00fc\u015fen ortalama cirolarda \u00f6nceki d\u00f6nemlere g\u00f6re art\u0131\u015f var.\u201d",
    "keywords": [
        "ge\u00e7en",
        "y\u00fczde",
        "30",
        "g\u00f6re",
        "bir",
        "haftada",
        "ki\u015fi",
        "al\u0131\u015fveri\u015f",
        "giri\u015f",
        "ve",
        "oldu",
        "trafik",
        "avmde",
        "ilk",
        "bu"
    ],
    "meta_keywords": [
        ""
    ],
    "publish_date": null,
    "summary": "Al\u0131\u015fveri\u015f merkezleri 11 May\u0131s itibariyle kap\u0131lar\u0131n\u0131 a\u00e7arken ilk bir haftan\u0131n da karnesi belli oldu.\nAVM\u2019lerde giri\u015fler y\u00fczde 20-30 aras\u0131nda ger\u00e7ekle\u015firken, daha \u00e7ok haz\u0131r giyim al\u0131\u015fveri\u015fi yap\u0131ld\u0131\u011f\u0131 g\u00f6r\u00fcld\u00fc.\nSekt\u00f6rde as\u0131l hareket 1 Haziran\u2019da bekleniyor.\nB\u00fcy\u00fck markalardan ge\u00e7en y\u0131l\u0131n cirosunu yakalayanlar oldu\u011fu belirtiliyor.\nK\u0131yafet al\u0131n\u0131yorViaport Genel M\u00fcd\u00fcr\u00fc U\u011fur Sa\u00e7mac\u0131o\u011flu, pazartesi g\u00fcn\u00fc 75 ma\u011faza ile a\u00e7\u0131ld\u0131klar\u0131n\u0131 ve bir haftada bu say\u0131n\u0131n 88\u2019e \u00e7\u0131kt\u0131\u011f\u0131n\u0131 s\u00f6yledi.\nSa\u00e7mac\u0131o\u011flu, ziyaret\u00e7i rakamlar\u0131yla ilgili de \u201c11 May\u0131s\u2019ta 10 bin ki\u015fi, 13 May\u0131s\u2019ta 12 bin ki\u015fi a\u011f\u0131rlad\u0131k.\n\u0130lk be\u015f g\u00fcnde 55 binden fazla ki\u015fiyi a\u011f\u0131rlad\u0131k\u201d dedi.\nU\u011fur Sa\u00e7mac\u0131o\u011flu, gelenlerin daha \u00e7ok k\u0131yafet al\u0131\u015fveri\u015fi yapt\u0131\u011f\u0131n\u0131 anlatarak, \u201cBunun hem bayram\u0131n yakla\u015fm\u0131\u015f olmas\u0131, insanlar\u0131n al\u0131\u015fveri\u015f yapmay\u0131 \u00f6zlemi\u015f olmalar\u0131 hem de birikmi\u015f ihtiya\u00e7lardan kaynakland\u0131\u011f\u0131n\u0131 d\u00fc\u015f\u00fcn\u00fcyorum.\nCirolar ma\u011fazadan ma\u011fazaya g\u00f6re de\u011fi\u015fse de y\u00fczde 100\u2019\u00fcne yakla\u015fan var.\nEski cironun y\u00fczde 50 ve y\u00fczde 20\u2019sini de yapan var.\nBaz\u0131 b\u00fcy\u00fck markalar neredeyse ge\u00e7en y\u0131l\u0131n ayn\u0131 d\u00f6neminin cirolar\u0131n\u0131 yakalad\u0131.\nBu d\u00f6nemde a\u00e7\u0131k hava AVM\u2019leri daha avantajl\u0131 olacak\u201d a\u00e7\u0131klamas\u0131n\u0131 yapt\u0131.\n\u0130htiya\u00e7 odakl\u0131\u0130sfanbul AVM Y\u00f6netim Direkt\u00f6r\u00fc Kemal Ba\u015ft\u00fcrk de AVM\u2019lerinde ma\u011fazalar\u0131n\u0131n y\u00fczde 40\u2019\u0131n\u0131n a\u00e7t\u0131\u011f\u0131n\u0131 belirterek, di\u011fer ma\u011fazalar\u0131n 20 May\u0131s ve 1 Haziran\u2019da a\u00e7mas\u0131n\u0131n beklendi\u011fini aktard\u0131.\n\u0130lk haftada temel ihtiya\u00e7 maddeleri satan sekt\u00f6rlere di\u011ferlerine oranla talebin daha yo\u011fun oldu\u011funu dile getiren Ba\u015ft\u00fcrk, \u201cMarket cirosu iki kat\u0131na \u00e7\u0131kt\u0131.\nK\u00fc\u00e7\u00fck ev aletleri, televizyon vs. satan ma\u011faza cirolar\u0131nda da y\u00fczde 50\u2019ye yak\u0131n art\u0131\u015f g\u00f6r\u00fcld\u00fc.\nGiyim ma\u011fazalar\u0131nda giri\u015f say\u0131s\u0131nda y\u00fczde 70 d\u00fc\u015f\u00fc\u015f ya\u015fand\u0131, ancak ciro kayb\u0131 sadece y\u00fczde 35 oldu\u201d diye konu\u015ftu.\nBa\u015ft\u00fcrk, sekt\u00f6rle ilgili de \u015fu verileri payla\u015ft\u0131:\u201cA\u00e7\u0131lan AVM\u2019lerde giri\u015f oran\u0131 y\u00fczde 23-30 aras\u0131nda.\nNormal zamanda T\u00fcrkiye\u2019de bir g\u00fcnde AVM\u2019lere giren ki\u015fi say\u0131s\u0131 6.5 milyon iken pazartesi 1 milyon 226 bin giri\u015f oldu.\nBu rakam\u0131n y\u00fczde 40\u2019\u0131 \u0130stanbul ve Ankara\u2019da.\nBu d\u00f6nemde tahminimiz 10 m\u00fc\u015fteriden 8\u2019inin al\u0131\u015fveri\u015f yapmas\u0131.\n\u0130htiya\u00e7 odakl\u0131 al\u0131\u015fveri\u015f merkezi ziyareti ger\u00e7ekle\u015fiyor.\u201dY\u00fczde 40-60 ciroAnkara\u2019daki Ankamall\u2019\u0131n yat\u0131r\u0131mc\u0131s\u0131 Gimat GYO\u2019nun Genel M\u00fcd\u00fcr\u00fc Levent Kirman ise, \u201cAVM\u2019mizde y\u00fczde 25 oran\u0131nda perakendeci ma\u011fazas\u0131n\u0131 a\u00e7t\u0131.\nZiyaret\u00e7i say\u0131s\u0131 normal zamanlar\u0131n y\u00fczde 25\u2019i oldu.\nA\u00e7\u0131lan ma\u011fazalar\u0131n cirosu marka ve sekt\u00f6re g\u00f6re de\u011fi\u015fiklik g\u00f6sterse de y\u00fczde 40-60 civar\u0131nda ger\u00e7ekle\u015fiyor.\nBir aksilik olmazsa 1 Haziran\u2019dan itibaren \u00e7ok h\u0131zl\u0131 normalle\u015fme ya\u015fayabiliriz\u201d ifadelerini kulland\u0131.\nZorlu\u2019da l\u00fckse talepZorlu Center Genel M\u00fcd\u00fcr\u00fc Didem Ayd\u0131n, 31 ma\u011fazayla a\u00e7\u0131l\u0131\u015f yapt\u0131klar\u0131n\u0131, bu say\u0131ya her g\u00fcn bir markan\u0131n kat\u0131ld\u0131\u011f\u0131n\u0131 dile getirerek, \u201cCirolar l\u00fcks markalarda gayet iyi.\nDi\u011fer yerlerdeki ma\u011fazalar kapal\u0131 oldu\u011fu i\u00e7in t\u00fcm sipari\u015fler Zorlu\u2019daki ma\u011fazalar\u0131ndan yap\u0131l\u0131yor.\nAs\u0131l tablo 1 Haziran\u2019da belli olacak\u201d diye konu\u015ftuCarousel \u0130cra Kurulu \u00dcyesi Orhan Demir, 11 May\u0131s\u2019tan itibaren a\u00e7t\u0131klar\u0131n\u0131 dile getirerek, \u015funlar\u0131 s\u00f6yledi:\u201cAVM\u2019mizin a\u00e7\u0131l\u0131\u015f\u0131 itibariyle ilk haftay\u0131 tahmin etti\u011fimiz \u015fekilde sakin bir seyirde ge\u00e7irdik.\nNormal kapasitemizin yakla\u015f\u0131k y\u00fczde 35\u2019i civar\u0131nda bir trafik ya\u015fand\u0131.\nA\u00e7\u0131l\u0131\u015f s\u00fcrecinde misafirlerimizin de hijyen ve sosyal mesafe kurallar\u0131na g\u00f6stermi\u015f oldu\u011fu hassasiyet mutluluk verici seviyede.\u201d\u2018Sadece al\u0131\u015fveri\u015f i\u00e7in geliyorlar\u2019ECE T\u00fcrkiye AVM Y\u00f6netimi B\u00f6lge Direkt\u00f6r\u00fc Semet Yola\u00e7 Canl\u0131el, Marmarapark\u2019\u0131n ilk g\u00fcn 38 ma\u011faza ile a\u00e7\u0131ld\u0131\u011f\u0131n\u0131, 14 May\u0131s\u2019ta bu rakam\u0131n 66\u2019ya y\u00fckseldi\u011fini dile getirerek, \u015f\u00f6yle devam etti: \u201cZiyaret\u00e7i say\u0131lar\u0131 ge\u00e7en y\u0131la g\u00f6re y\u00fczde 70 d\u00fc\u015ft\u00fc.\n\u0130lk g\u00fcn 10 bin ki\u015fiyi a\u011f\u0131rlad\u0131k.\nA\u00e7\u0131lan ma\u011fazalar\u0131n say\u0131s\u0131 artt\u0131k\u00e7a, giri\u015f say\u0131lar\u0131 da artacak.\nGe\u00e7en y\u0131lla k\u0131yasland\u0131\u011f\u0131nda elbette cirolar \u00f6nemli \u00f6l\u00e7\u00fcde d\u00fc\u015f\u00fck g\u00f6r\u00fcn\u00fcyor.\nAncak kirac\u0131lar\u0131m\u0131z\u0131n \u00e7o\u011fu, cirolar\u0131n beklentilerinin \u00fczerinde oldu\u011funu bizimle payla\u015f\u0131yorlar.\nZiyaret\u00e7ilerimiz, \u00f6nceden belirledikleri \u00fcr\u00fcnleri sat\u0131n almak amac\u0131yla sonu\u00e7 odakl\u0131 geldi\u011fi i\u00e7in ki\u015fi ba\u015f\u0131na d\u00fc\u015fen ortalama cirolarda \u00f6nceki d\u00f6nemlere g\u00f6re art\u0131\u015f var.\u201d",
    "article_html": "",
    "meta_description": "Son Haberler - Kovid-19 nedeniyle verilen iki ayl\u0131k aran\u0131n ard\u0131ndan a\u00e7\u0131lan AVM\u2019lerde ilk hafta biraz sakin ge\u00e7erken, insan trafi\u011fi y\u00fczde 20-30\u2019larda kald\u0131. En \u00e7ok haz\u0131r giyim talep g\u00f6r\u00fcrken, b\u00fcy\u00fck markalardan eski cirolar\u0131na ula\u015fanlar oldu",
    "meta_lang": "tr"
}