{
    "article_id": "0826bd8ccf2185b0f935f8d901c4eeb4.1589925647.8036103",
    "title": "40 g\u00fcn sonra yeniden sokakta",
    "authors": [],
    "canonical_link": "https://www.milliyet.com.tr/gundem/40-gun-sonra-yeniden-sokakta-6213406",
    "url": "http://milliyet.com.tr/gundem/40-gun-sonra-yeniden-sokakta-6213406",
    "top_img": "https://i2.milimaj.com/i/milliyet/75/0x0/5ebf1e235542851648a8578d.jpg",
    "meta_img": "https://i2.milimaj.com/i/milliyet/75/0x0/5ebf1e235542851648a8578d.jpg",
    "movies": [],
    "text": "Yeni tip koronavir\u00fcsle (Kovid-19) m\u00fccadele kapsam\u0131nda soka\u011fa \u00e7\u0131kmalar\u0131 k\u0131s\u0131tlanan 15-20 ya\u015f aral\u0131\u011f\u0131ndaki gen\u00e7ler, verilen \u00f6zel izinle 40 g\u00fcn sonra ilk kez d\u00fcn 11.00-15.00 saatlerinde soka\u011fa \u00e7\u0131kt\u0131. Hafta sonu soka\u011fa \u00e7\u0131kmalar\u0131na izin verilen 65 ya\u015f ve \u00fcst\u00fc ile kronik hastal\u0131\u011f\u0131 olanlar ile \u00e7ar\u015famba g\u00fcn\u00fc 0-14 ya\u015f aral\u0131\u011f\u0131ndaki \u00e7ocuklar\u0131n ard\u0131ndan 4 saatli\u011fine soka\u011fa \u00e7\u0131kan gen\u00e7ler parklarda, sahillerde vakit ge\u00e7irdi.\n\n\u0130stanbullu gen\u00e7ler, 11.00-15.00 saatleri aras\u0131nda parklar ve sahillerde d\u0131\u015far\u0131da olman\u0131n tad\u0131n\u0131 \u00e7\u0131kard\u0131. Baz\u0131 gen\u00e7ler parklarda y\u00fcr\u00fcy\u00fc\u015f ve spor yaparken, baz\u0131lar\u0131 yanlar\u0131nda getirdikleri yiyeceklerle piknik yapmay\u0131, baz\u0131lar\u0131 da \u015fehrin \u00e7e\u015fitli caddelerinde gezmeyi ve AVM\u2019lerde al\u0131\u015fveri\u015f tapmay\u0131 tercih etti. Baz\u0131 gen\u00e7ler bisikletleriyle d\u0131\u015far\u0131 \u00e7\u0131karken, baz\u0131lar\u0131 kaykay ve paten kay\u0131p, top oynad\u0131.\n\nCadde \u00e7ok yo\u011fun\n\nBa\u011fdat Caddesi ise son y\u0131llar\u0131n en kalabal\u0131k g\u00fcnlerinden birini ya\u015fad\u0131. Hem 4 saatlik izin s\u00fcresini caddede ge\u00e7irmek isteyen gen\u00e7ler hem de y\u00fcr\u00fcy\u00fc\u015fe \u00e7\u0131kan vatanda\u015flar nedeniyle Ba\u011fdat Caddesi\u2019nde yo\u011fun bir kalabal\u0131k olu\u015ftu. Polis ekipleri vatanda\u015flar\u0131 sosyal mesafeye uymalar\u0131 konusunda zaman zaman uyarmak zorunda kald\u0131.\n\nAnkara Ku\u011fulu Park\u2019a annesiyle gelen Zeynep Oral (16), \u201cHeyecanl\u0131y\u0131m. Hayat\u0131mda sanki ilk kez d\u0131\u015far\u0131 \u00e7\u0131km\u0131\u015f\u0131m gibi hissediyorum\u201d derken, ba\u015fka bir gen\u00e7 k\u0131z, \u201cD\u0131\u015far\u0131 \u00e7\u0131kt\u0131\u011f\u0131m i\u00e7in \u00e7ok mutluyum\u201d dedi.\n\n\u0130zmir Kordon\u2019da s\u0131cak havan\u0131n tad\u0131n\u0131 \u00e7\u0131karan gen\u00e7lerden Do\u011fukan Cengiz (20) de, \u201cGer\u00e7ekten \u015fu an \u00e7ok mutluyum. Bize bu imkan\u0131 veren bakan\u0131m\u0131za \u00e7ok te\u015fekk\u00fcr ediyoruz\u201d dedi. Bursa\u2019da cadde ve sokaklara ak\u0131n eden gen\u00e7lerden baz\u0131lar\u0131, \u00e7imlerde oturup sohbet ederken, baz\u0131lar\u0131 y\u00fcr\u00fcy\u00fc\u015f yaparak, g\u00fcne\u015fli havan\u0131n keyfini \u00e7\u0131kard\u0131. Baz\u0131 gen\u00e7lerin sosyal mesafeye uymad\u0131klar\u0131 g\u00f6zlendi.Ordu\u2019da gen\u00e7lerin ilk adresi, Atat\u00fcrk An\u0131t\u0131 ile Ay\u0131\u015f\u0131\u011f\u0131 Meydan\u0131 oldu. Gen\u00e7lerden kimi y\u00fcr\u00fcy\u00fc\u015f yaparken, kimi a\u011fa\u00e7lar\u0131n g\u00f6lgesinde oturup arkada\u015flar\u0131yla sohbet ederek, foto\u011fraf \u00e7ektirdi. Baz\u0131 gen\u00e7ler ise gitar \u00e7al\u0131p \u015fark\u0131lar s\u00f6yleyerek, soka\u011fa \u00e7\u0131kmalar\u0131n\u0131 kutlad\u0131.\n\nVan\u2019da ya\u015fayan gen\u00e7ler de 4 saatlik izni \u00f6zellikle park ve Van G\u00f6l\u00fc sahilinde ge\u00e7irmeyi tercih etti. S\u00fcre bitince de t\u00fcm gen\u00e7ler eve d\u00f6nd\u00fc.\n\n\u2018S\u0131nav tarihi bizi zorlad\u0131\u2019\n\nEski\u015fehir\u2019de arkada\u015flar\u0131yla gezmeye \u00e7\u0131kan Eren K\u0131l\u0131n\u00e7 ise, \u201cRahat bir nefes ald\u0131k. Bir de s\u0131nava haz\u0131rlan\u0131yoruz. S\u0131nav tarihlerinin de\u011fi\u015ftirilmesi nedeniyle de \u00e7ok zorland\u0131k. Bug\u00fcn geziyoruz\u201d dedi.\n\n\u0130zmit Kent Meydan\u0131\u2019nda bulu\u015fan gen\u00e7ler ise, m\u00fczik e\u015fli\u011finde dans etti. Atacan Keskin, \u201cEvde \u00e7ok can\u0131m\u0131z s\u0131k\u0131ld\u0131. Cep telefonumuzdan m\u00fczik a\u00e7\u0131p zaman zaman da dans ederek e\u011flendik\u201d diye konu\u015ftu.\n\nEdirne\u2019de maske takt\u0131klar\u0131 g\u00f6zlenen gen\u00e7ler, sosyal mesafe kural\u0131na uygun \u015fekilde cadde, park ve ye\u015fil alanlara ko\u015ftu. 15 ya\u015f\u0131ndaki Oktay \u00d6zdemir, \u201cBize verilen s\u00fcre biraz az geldi\u201d dedi.\n\nPolislerden ka\u00e7t\u0131lar\n\nBursa\u2019n\u0131n \u0130neg\u00f6l il\u00e7esinde \u00f6nceki gece Bursa-Ankara karayolunda uygulama yapan polis ekiplerinin \u2018dur\u2019 ihtar\u0131na uymay\u0131p ters istikamette ka\u00e7an otomobil s\u00fcr\u00fcc\u00fcs\u00fc Ahmet A. (19) ve arkada\u015f\u0131 Fatih \u00c7. (19), kovalamacayla yakaland\u0131. \u015e\u00fcphelilerin, 20 ya\u015f alt\u0131 soka\u011fa \u00e7\u0131kma yasa\u011f\u0131 nedeniyle polis ekiplerinden ka\u00e7t\u0131\u011f\u0131 \u00f6\u011frenildi. \u0130ki gence soka\u011fa \u00e7\u0131kma yasa\u011f\u0131na muhalefetten 6 bin 360 TL, ayr\u0131ca s\u00fcr\u00fcc\u00fc Ahmet A.\u2019ya trafi\u011fi tehlikeye d\u00fc\u015f\u00fcrme su\u00e7undan 7 bin TL olmak \u00fczere toplam 13 bin 360 TL cezai i\u015flem uyguland\u0131.\n\nYakan top oynad\u0131lar\n\nAnkara\u2019n\u0131n Ke\u00e7i\u00f6ren il\u00e7esinde yakla\u015f\u0131k 20 ki\u015filik bir grup, \u00f6nceki ak\u015fam saatlerinde sosyal mesafe kural\u0131n\u0131 ihlal ederek sokakta yakan top oynad\u0131. Mahallelinin tepkisine neden olan grup, polisin gelmesiyle ko\u015farak evlerine ka\u00e7t\u0131. Polis vatanda\u015flara, \u201c\u00c7oluk \u00e7ocuk, kundaktaki bebe\u011fe kadar herkes maskesiz \u015fekilde d\u0131\u015far\u0131da. Tekrar geldi\u011fimizde g\u00f6r\u00fcnen olursa cezai i\u015flem uygulanacak, arkada\u015flar\u201d s\u00f6zleriyle tepki g\u00f6sterdi.",
    "keywords": [
        "40",
        "sonra",
        "bir",
        "soka\u011fa",
        "ya\u015f",
        "sosyal",
        "g\u00fcn",
        "\u00e7ok",
        "gen\u00e7ler",
        "ve",
        "zaman",
        "yeniden",
        "sokakta",
        "baz\u0131lar\u0131",
        "polis"
    ],
    "meta_keywords": [
        ""
    ],
    "publish_date": null,
    "summary": "Yeni tip koronavir\u00fcsle (Kovid-19) m\u00fccadele kapsam\u0131nda soka\u011fa \u00e7\u0131kmalar\u0131 k\u0131s\u0131tlanan 15-20 ya\u015f aral\u0131\u011f\u0131ndaki gen\u00e7ler, verilen \u00f6zel izinle 40 g\u00fcn sonra ilk kez d\u00fcn 11.00-15.00 saatlerinde soka\u011fa \u00e7\u0131kt\u0131.\nHafta sonu soka\u011fa \u00e7\u0131kmalar\u0131na izin verilen 65 ya\u015f ve \u00fcst\u00fc ile kronik hastal\u0131\u011f\u0131 olanlar ile \u00e7ar\u015famba g\u00fcn\u00fc 0-14 ya\u015f aral\u0131\u011f\u0131ndaki \u00e7ocuklar\u0131n ard\u0131ndan 4 saatli\u011fine soka\u011fa \u00e7\u0131kan gen\u00e7ler parklarda, sahillerde vakit ge\u00e7irdi.\n\u0130stanbullu gen\u00e7ler, 11.00-15.00 saatleri aras\u0131nda parklar ve sahillerde d\u0131\u015far\u0131da olman\u0131n tad\u0131n\u0131 \u00e7\u0131kard\u0131.\nBaz\u0131 gen\u00e7ler parklarda y\u00fcr\u00fcy\u00fc\u015f ve spor yaparken, baz\u0131lar\u0131 yanlar\u0131nda getirdikleri yiyeceklerle piknik yapmay\u0131, baz\u0131lar\u0131 da \u015fehrin \u00e7e\u015fitli caddelerinde gezmeyi ve AVM\u2019lerde al\u0131\u015fveri\u015f tapmay\u0131 tercih etti.\nBaz\u0131 gen\u00e7ler bisikletleriyle d\u0131\u015far\u0131 \u00e7\u0131karken, baz\u0131lar\u0131 kaykay ve paten kay\u0131p, top oynad\u0131.\nCadde \u00e7ok yo\u011funBa\u011fdat Caddesi ise son y\u0131llar\u0131n en kalabal\u0131k g\u00fcnlerinden birini ya\u015fad\u0131.\nHem 4 saatlik izin s\u00fcresini caddede ge\u00e7irmek isteyen gen\u00e7ler hem de y\u00fcr\u00fcy\u00fc\u015fe \u00e7\u0131kan vatanda\u015flar nedeniyle Ba\u011fdat Caddesi\u2019nde yo\u011fun bir kalabal\u0131k olu\u015ftu.\nPolis ekipleri vatanda\u015flar\u0131 sosyal mesafeye uymalar\u0131 konusunda zaman zaman uyarmak zorunda kald\u0131.\nAnkara Ku\u011fulu Park\u2019a annesiyle gelen Zeynep Oral (16), \u201cHeyecanl\u0131y\u0131m.\nHayat\u0131mda sanki ilk kez d\u0131\u015far\u0131 \u00e7\u0131km\u0131\u015f\u0131m gibi hissediyorum\u201d derken, ba\u015fka bir gen\u00e7 k\u0131z, \u201cD\u0131\u015far\u0131 \u00e7\u0131kt\u0131\u011f\u0131m i\u00e7in \u00e7ok mutluyum\u201d dedi.\n\u0130zmir Kordon\u2019da s\u0131cak havan\u0131n tad\u0131n\u0131 \u00e7\u0131karan gen\u00e7lerden Do\u011fukan Cengiz (20) de, \u201cGer\u00e7ekten \u015fu an \u00e7ok mutluyum.\nBize bu imkan\u0131 veren bakan\u0131m\u0131za \u00e7ok te\u015fekk\u00fcr ediyoruz\u201d dedi.\nBursa\u2019da cadde ve sokaklara ak\u0131n eden gen\u00e7lerden baz\u0131lar\u0131, \u00e7imlerde oturup sohbet ederken, baz\u0131lar\u0131 y\u00fcr\u00fcy\u00fc\u015f yaparak, g\u00fcne\u015fli havan\u0131n keyfini \u00e7\u0131kard\u0131.\nBaz\u0131 gen\u00e7lerin sosyal mesafeye uymad\u0131klar\u0131 g\u00f6zlendi.Ordu\u2019da gen\u00e7lerin ilk adresi, Atat\u00fcrk An\u0131t\u0131 ile Ay\u0131\u015f\u0131\u011f\u0131 Meydan\u0131 oldu.\nGen\u00e7lerden kimi y\u00fcr\u00fcy\u00fc\u015f yaparken, kimi a\u011fa\u00e7lar\u0131n g\u00f6lgesinde oturup arkada\u015flar\u0131yla sohbet ederek, foto\u011fraf \u00e7ektirdi.\nBaz\u0131 gen\u00e7ler ise gitar \u00e7al\u0131p \u015fark\u0131lar s\u00f6yleyerek, soka\u011fa \u00e7\u0131kmalar\u0131n\u0131 kutlad\u0131.\nVan\u2019da ya\u015fayan gen\u00e7ler de 4 saatlik izni \u00f6zellikle park ve Van G\u00f6l\u00fc sahilinde ge\u00e7irmeyi tercih etti.\nS\u00fcre bitince de t\u00fcm gen\u00e7ler eve d\u00f6nd\u00fc.\n\u2018S\u0131nav tarihi bizi zorlad\u0131\u2019Eski\u015fehir\u2019de arkada\u015flar\u0131yla gezmeye \u00e7\u0131kan Eren K\u0131l\u0131n\u00e7 ise, \u201cRahat bir nefes ald\u0131k.\nBir de s\u0131nava haz\u0131rlan\u0131yoruz.\nS\u0131nav tarihlerinin de\u011fi\u015ftirilmesi nedeniyle de \u00e7ok zorland\u0131k.\nBug\u00fcn geziyoruz\u201d dedi.\n\u0130zmit Kent Meydan\u0131\u2019nda bulu\u015fan gen\u00e7ler ise, m\u00fczik e\u015fli\u011finde dans etti.\nAtacan Keskin, \u201cEvde \u00e7ok can\u0131m\u0131z s\u0131k\u0131ld\u0131.\nCep telefonumuzdan m\u00fczik a\u00e7\u0131p zaman zaman da dans ederek e\u011flendik\u201d diye konu\u015ftu.\nEdirne\u2019de maske takt\u0131klar\u0131 g\u00f6zlenen gen\u00e7ler, sosyal mesafe kural\u0131na uygun \u015fekilde cadde, park ve ye\u015fil alanlara ko\u015ftu.\n15 ya\u015f\u0131ndaki Oktay \u00d6zdemir, \u201cBize verilen s\u00fcre biraz az geldi\u201d dedi.\nPolislerden ka\u00e7t\u0131larBursa\u2019n\u0131n \u0130neg\u00f6l il\u00e7esinde \u00f6nceki gece Bursa-Ankara karayolunda uygulama yapan polis ekiplerinin \u2018dur\u2019 ihtar\u0131na uymay\u0131p ters istikamette ka\u00e7an otomobil s\u00fcr\u00fcc\u00fcs\u00fc Ahmet A.\n(19) ve arkada\u015f\u0131 Fatih \u00c7.\n(19), kovalamacayla yakaland\u0131.\n\u015e\u00fcphelilerin, 20 ya\u015f alt\u0131 soka\u011fa \u00e7\u0131kma yasa\u011f\u0131 nedeniyle polis ekiplerinden ka\u00e7t\u0131\u011f\u0131 \u00f6\u011frenildi.\n\u0130ki gence soka\u011fa \u00e7\u0131kma yasa\u011f\u0131na muhalefetten 6 bin 360 TL, ayr\u0131ca s\u00fcr\u00fcc\u00fc Ahmet A.\u2019ya trafi\u011fi tehlikeye d\u00fc\u015f\u00fcrme su\u00e7undan 7 bin TL olmak \u00fczere toplam 13 bin 360 TL cezai i\u015flem uyguland\u0131.\nYakan top oynad\u0131larAnkara\u2019n\u0131n Ke\u00e7i\u00f6ren il\u00e7esinde yakla\u015f\u0131k 20 ki\u015filik bir grup, \u00f6nceki ak\u015fam saatlerinde sosyal mesafe kural\u0131n\u0131 ihlal ederek sokakta yakan top oynad\u0131.\nMahallelinin tepkisine neden olan grup, polisin gelmesiyle ko\u015farak evlerine ka\u00e7t\u0131.\nPolis vatanda\u015flara, \u201c\u00c7oluk \u00e7ocuk, kundaktaki bebe\u011fe kadar herkes maskesiz \u015fekilde d\u0131\u015far\u0131da.\nTekrar geldi\u011fimizde g\u00f6r\u00fcnen olursa cezai i\u015flem uygulanacak, arkada\u015flar\u201d s\u00f6zleriyle tepki g\u00f6sterdi.",
    "article_html": "",
    "meta_description": "Son Dakika G\u00fcncel Haberler - 20 ya\u015f alt\u0131 gen\u00e7ler 40 g\u00fcn sonra soka\u011fa \u00e7\u0131kt\u0131. Arkada\u015flar\u0131yla bulu\u015fup g\u00fcne\u015fli havan\u0131n keyfini \u00e7\u0131karan gen\u00e7lerin kimi \u015fark\u0131 s\u00f6yledi, dans etti, kimi futbol oynad\u0131, kimi de piknik yapt\u0131",
    "meta_lang": "tr"
}