{
    "article_id": "d052aa92e901b7a7427701210efcac2b.1589925648.8306992",
    "title": "Buca, Gaziemir ve \u00c7i\u011fli\u2019ye maskematik",
    "authors": [],
    "canonical_link": "https://www.milliyet.com.tr/ege/buca-gaziemir-ve-cigliye-maskematik-6213181",
    "url": "http://milliyet.com.tr/ege/buca-gaziemir-ve-cigliye-maskematik-6213181",
    "top_img": "https://i2.milimaj.com/i/milliyet/75/0x0/5ebead985542851648a854fd.jpg",
    "meta_img": "https://i2.milimaj.com/i/milliyet/75/0x0/5ebead985542851648a854fd.jpg",
    "movies": [],
    "text": "\u0130zmir B\u00fcy\u00fck\u015fehir Belediyesi yurtta\u015flar\u0131n t\u0131bbi maskeye \u00fccretsiz eri\u015fimini kolayla\u015ft\u0131rmak i\u00e7in metro istasyonlar\u0131na yerle\u015ftirdi\u011fi maskematiklerin ard\u0131ndan, metronun olmad\u0131\u011f\u0131 yerlerde de seyyar maskematik uygulamas\u0131n\u0131 ba\u015flatt\u0131. \u0130lki Buca\u2019n\u0131n \u015eirinyer \u0130ZBAN dura\u011f\u0131n\u0131n yan\u0131ndaki parka kurulan seyyar maskematik, \u00f6n\u00fcm\u00fczdeki g\u00fcnlerde Gaziemir ve \u00c7i\u011fli\u2019de halk\u0131n yo\u011fun olarak kulland\u0131\u011f\u0131 yerlere de koyulacak. \u015eimdiye Seyyar maskematikleri daha da yayg\u0131nla\u015ft\u0131racaklar\u0131n\u0131 kaydeden Ba\u015fkan Tun\u00e7 Soyer, \u201cBunun g\u00fczelli\u011fi her yerde, da\u011f ba\u015f\u0131nda bile kullan\u0131labiliyor olmas\u0131. Elektrik olmayan yerde jenerat\u00f6r ile \u00e7al\u0131\u015f\u0131yor\u201d dedi. Bug\u00fcne dek \u0130zmir\u2019in 19 noktas\u0131nda bulunan maskematiklerden 1 milyon 800 bin maske da\u011f\u0131t\u0131ld\u0131\n\nKlimalar kapal\u0131\n\nAyr\u0131ca, Sa\u011fl\u0131k Bakanl\u0131\u011f\u0131 Bilim Kurulu\u2019nun tavsiyesi do\u011frultusunda, koronavir\u00fcs salg\u0131n\u0131n\u0131n yeniden g\u00fc\u00e7lenmemesi i\u00e7in otob\u00fcslerde bir s\u00fcre daha klima a\u00e7mama karar\u0131 al\u0131nd\u0131. Soyer, t\u00fcm ara\u00e7lar\u0131n klima bak\u0131mlar\u0131n\u0131n yap\u0131ld\u0131\u011f\u0131n\u0131, kullan\u0131ma haz\u0131r oldu\u011funu, ancak salg\u0131n riski nedeniyle a\u00e7\u0131lmayaca\u011f\u0131n\u0131 s\u00f6yledi.\n\n20 liraya sofra kurun\n\n\u00d6te yandan B\u00fcy\u00fck\u015fehir, Biz Var\u0131z dayan\u0131\u015fmas\u0131 kapsam\u0131nda Ramazan ay\u0131n\u0131n ba\u015flang\u0131c\u0131ndan bu yana 312 bin ki\u015filik iftar paketi da\u011f\u0131tt\u0131. Bu paketlerin 241 bin ki\u015filik k\u0131sm\u0131n\u0131, dayan\u0131\u015fma kapsam\u0131nda da\u011f\u0131t\u0131lmak \u00fczere hay\u0131rsever yurtta\u015flar ald\u0131. \u0130ftar Sofras\u0131 i\u00e7in ba\u011f\u0131\u015f toplanmas\u0131 ve yemek da\u011f\u0131t\u0131m\u0131 bayrama kadar s\u00fcrecek. Dayan\u0131\u015fma kapsam\u0131nda iki ki\u015filik \u0130ftar Sofras\u0131 20 liraya al\u0131nabiliyor. Sat\u0131n al\u0131nan paket, deste\u011fin uygun g\u00f6r\u00fcld\u00fc\u011f\u00fc semtlerde B\u00fcy\u00fck\u015fehir Belediyesi\u2019ne ba\u011fl\u0131 Grand Plaza G\u0131da Turizm A.\u015e. ekipleri taraf\u0131ndan evlere ula\u015ft\u0131r\u0131l\u0131yor. B\u00fcy\u00fck\u015fehir, Ramazan nedeniyle g\u00fcnde 10 bin ki\u015filik iftar yeme\u011fi da\u011f\u0131t\u0131yor. Soyer\u2019in ziyaret etti\u011fi bal\u0131k hali esnaf\u0131 da kampanyaya 10 tonluk g\u0131da kolisi ba\u011f\u0131\u015flad\u0131. Esnaf, Soyer\u2019in 62. do\u011fumg\u00fcn\u00fc de kutlad\u0131, yeni ya\u015f\u0131n\u0131n an\u0131s\u0131na m\u00fcd\u00fcrl\u00fck bah\u00e7esine \u00e7\u0131nar a\u011fac\u0131 dikti.\n\n62\u2019nci ya\u015fa, Roman m\u00fczisyenlerden s\u00fcrpriz kutlama\n\nSeyyar Pazar projesini hayata ge\u00e7irmek i\u00e7in Buca Kaynaklar\u2019daki sebze-meyve haline giden \u0130zmir B\u00fcy\u00fck\u015fehir Ba\u015fkan\u0131 Tun\u00e7 Soyer, burada da ho\u015f bir s\u00fcrprizle kar\u015f\u0131la\u015ft\u0131. Soyer\u2019i iki klarnet, bir keman, bir darbuka sanat\u00e7\u0131s\u0131 roman kar\u015f\u0131lad\u0131. Soyer i\u00e7in iyi ki do\u011fdun \u015fark\u0131s\u0131 hep bir a\u011f\u0131zdan sazlar e\u015fli\u011finde s\u00f6ylendi. Romanlar\u0131n yo\u011funlukla ikamet etti\u011fi Emirsultan Mahallesi Muhtar\u0131 H\u00fcseyin Heptepe de, geri d\u00f6n\u00fc\u015f\u00fcmden elde edilen malzemelerle olu\u015fturulan tabloyu hediye etti, \u201cRoman \u00e7al\u0131\u015fmalar\u0131 i\u00e7in te\u015fekk\u00fcr ediyorum. Sizinle \u0130zmir, \u0130zmir Romanlarla g\u00fczel\u201d dedi. Soyer, halde paketleme yapan kad\u0131n \u00e7al\u0131\u015fanlara da \u00e7i\u00e7ek ve al\u0131\u015fveri\u015f kart\u0131 verdi.",
    "keywords": [
        "i\u00e7in",
        "soyer",
        "ki\u015filik",
        "bir",
        "maskematik",
        "\u00e7i\u011fliye",
        "ve",
        "b\u00fcy\u00fck\u015fehir",
        "da",
        "bin",
        "gaziemir",
        "seyyar",
        "buca",
        "i\u0307zmir"
    ],
    "meta_keywords": [
        ""
    ],
    "publish_date": null,
    "summary": "\u0130zmir B\u00fcy\u00fck\u015fehir Belediyesi yurtta\u015flar\u0131n t\u0131bbi maskeye \u00fccretsiz eri\u015fimini kolayla\u015ft\u0131rmak i\u00e7in metro istasyonlar\u0131na yerle\u015ftirdi\u011fi maskematiklerin ard\u0131ndan, metronun olmad\u0131\u011f\u0131 yerlerde de seyyar maskematik uygulamas\u0131n\u0131 ba\u015flatt\u0131.\n\u0130lki Buca\u2019n\u0131n \u015eirinyer \u0130ZBAN dura\u011f\u0131n\u0131n yan\u0131ndaki parka kurulan seyyar maskematik, \u00f6n\u00fcm\u00fczdeki g\u00fcnlerde Gaziemir ve \u00c7i\u011fli\u2019de halk\u0131n yo\u011fun olarak kulland\u0131\u011f\u0131 yerlere de koyulacak.\n\u015eimdiye Seyyar maskematikleri daha da yayg\u0131nla\u015ft\u0131racaklar\u0131n\u0131 kaydeden Ba\u015fkan Tun\u00e7 Soyer, \u201cBunun g\u00fczelli\u011fi her yerde, da\u011f ba\u015f\u0131nda bile kullan\u0131labiliyor olmas\u0131.\nElektrik olmayan yerde jenerat\u00f6r ile \u00e7al\u0131\u015f\u0131yor\u201d dedi.\nBug\u00fcne dek \u0130zmir\u2019in 19 noktas\u0131nda bulunan maskematiklerden 1 milyon 800 bin maske da\u011f\u0131t\u0131ld\u0131Klimalar kapal\u0131Ayr\u0131ca, Sa\u011fl\u0131k Bakanl\u0131\u011f\u0131 Bilim Kurulu\u2019nun tavsiyesi do\u011frultusunda, koronavir\u00fcs salg\u0131n\u0131n\u0131n yeniden g\u00fc\u00e7lenmemesi i\u00e7in otob\u00fcslerde bir s\u00fcre daha klima a\u00e7mama karar\u0131 al\u0131nd\u0131.\nSoyer, t\u00fcm ara\u00e7lar\u0131n klima bak\u0131mlar\u0131n\u0131n yap\u0131ld\u0131\u011f\u0131n\u0131, kullan\u0131ma haz\u0131r oldu\u011funu, ancak salg\u0131n riski nedeniyle a\u00e7\u0131lmayaca\u011f\u0131n\u0131 s\u00f6yledi.\n20 liraya sofra kurun\u00d6te yandan B\u00fcy\u00fck\u015fehir, Biz Var\u0131z dayan\u0131\u015fmas\u0131 kapsam\u0131nda Ramazan ay\u0131n\u0131n ba\u015flang\u0131c\u0131ndan bu yana 312 bin ki\u015filik iftar paketi da\u011f\u0131tt\u0131.\nBu paketlerin 241 bin ki\u015filik k\u0131sm\u0131n\u0131, dayan\u0131\u015fma kapsam\u0131nda da\u011f\u0131t\u0131lmak \u00fczere hay\u0131rsever yurtta\u015flar ald\u0131.\n\u0130ftar Sofras\u0131 i\u00e7in ba\u011f\u0131\u015f toplanmas\u0131 ve yemek da\u011f\u0131t\u0131m\u0131 bayrama kadar s\u00fcrecek.\nDayan\u0131\u015fma kapsam\u0131nda iki ki\u015filik \u0130ftar Sofras\u0131 20 liraya al\u0131nabiliyor.\nSat\u0131n al\u0131nan paket, deste\u011fin uygun g\u00f6r\u00fcld\u00fc\u011f\u00fc semtlerde B\u00fcy\u00fck\u015fehir Belediyesi\u2019ne ba\u011fl\u0131 Grand Plaza G\u0131da Turizm A.\u015e.\nekipleri taraf\u0131ndan evlere ula\u015ft\u0131r\u0131l\u0131yor.\nB\u00fcy\u00fck\u015fehir, Ramazan nedeniyle g\u00fcnde 10 bin ki\u015filik iftar yeme\u011fi da\u011f\u0131t\u0131yor.\nSoyer\u2019in ziyaret etti\u011fi bal\u0131k hali esnaf\u0131 da kampanyaya 10 tonluk g\u0131da kolisi ba\u011f\u0131\u015flad\u0131.\nEsnaf, Soyer\u2019in 62. do\u011fumg\u00fcn\u00fc de kutlad\u0131, yeni ya\u015f\u0131n\u0131n an\u0131s\u0131na m\u00fcd\u00fcrl\u00fck bah\u00e7esine \u00e7\u0131nar a\u011fac\u0131 dikti.\n62\u2019nci ya\u015fa, Roman m\u00fczisyenlerden s\u00fcrpriz kutlamaSeyyar Pazar projesini hayata ge\u00e7irmek i\u00e7in Buca Kaynaklar\u2019daki sebze-meyve haline giden \u0130zmir B\u00fcy\u00fck\u015fehir Ba\u015fkan\u0131 Tun\u00e7 Soyer, burada da ho\u015f bir s\u00fcrprizle kar\u015f\u0131la\u015ft\u0131.\nSoyer\u2019i iki klarnet, bir keman, bir darbuka sanat\u00e7\u0131s\u0131 roman kar\u015f\u0131lad\u0131.\nSoyer i\u00e7in iyi ki do\u011fdun \u015fark\u0131s\u0131 hep bir a\u011f\u0131zdan sazlar e\u015fli\u011finde s\u00f6ylendi.\nRomanlar\u0131n yo\u011funlukla ikamet etti\u011fi Emirsultan Mahallesi Muhtar\u0131 H\u00fcseyin Heptepe de, geri d\u00f6n\u00fc\u015f\u00fcmden elde edilen malzemelerle olu\u015fturulan tabloyu hediye etti, \u201cRoman \u00e7al\u0131\u015fmalar\u0131 i\u00e7in te\u015fekk\u00fcr ediyorum.\nSizinle \u0130zmir, \u0130zmir Romanlarla g\u00fczel\u201d dedi.\nSoyer, halde paketleme yapan kad\u0131n \u00e7al\u0131\u015fanlara da \u00e7i\u00e7ek ve al\u0131\u015fveri\u015f kart\u0131 verdi.",
    "article_html": "",
    "meta_description": "\u0130zmir B\u00fcy\u00fck\u015fehir, vatanda\u015f\u0131n aya\u011f\u0131na giden hizmetlere metro istasyonlar\u0131ndaki maskemati\u011fi de ekledi. Ayr\u0131ca Biz Var\u0131z dayan\u0131\u015fmas\u0131 kapsam\u0131nda 312 bin ki\u015filik iftar paketi da\u011f\u0131tt\u0131, bal\u0131k hali esnaf\u0131ndan da 10 tonluk destek geldi",
    "meta_lang": "tr"
}