{
    "article_id": "143d8adf583962fe64180bed0799aa79.1589925649.250905",
    "title": "Corona vir\u00fcs salg\u0131n\u0131yla ilgili d\u00fcnyada son 24 saatte ya\u015fanan geli\u015fmeler",
    "authors": [],
    "canonical_link": "https://www.milliyet.com.tr/dunya/corona-virus-salginiyla-ilgili-dunyada-son-24-saatte-yasanan-gelismeler-6213324",
    "url": "http://milliyet.com.tr/dunya/corona-virus-salginiyla-ilgili-dunyada-son-24-saatte-yasanan-gelismeler-6213324",
    "top_img": "https://i2.milimaj.com/i/milliyet/75/0x0/5ebef7095542840ae8b13415.jpg",
    "meta_img": "https://i2.milimaj.com/i/milliyet/75/0x0/5ebef7095542840ae8b13415.jpg",
    "movies": [],
    "text": "Salg\u0131ndan en fazla etkilenen ABD'de vaka say\u0131s\u0131 1 milyon 471 bine y\u00fckselirken, can kayb\u0131 87 bin 825, iyile\u015fen say\u0131s\u0131 ise 317 bin 727 oldu.\n\nABD'de Kovid-19 salg\u0131n\u0131n\u0131n ekonomiye olumsuz etkisi nedeniyle evsiz say\u0131s\u0131n\u0131n y\u00fczde 45 artabilece\u011fi bildirildi.\n\nSalg\u0131ndan en fazla etkilenen New York'ta ''evde kal'' talimat\u0131 13 Haziran'a kadar uzat\u0131ld\u0131.\n\nABD Ba\u015fkan\u0131 Donald Trump, Kovid-19'a kar\u015f\u0131 y\u0131l sonuna kadar bir a\u015f\u0131 bulacaklar\u0131n\u0131 d\u00fc\u015f\u00fcnd\u00fcklerini belirtti.\n\n\u0130ngiltere'deki can kayb\u0131 33 bin 998'e, toplam vaka say\u0131s\u0131 ise 236 bin 711'e \u00e7\u0131kt\u0131.\n\nUlusal \u0130statistik Ofisi, \u00fclkede 2 Mart ile 1 May\u0131s aras\u0131nda huzurevlerinde meydana gelen 45 bin 899 \u00f6l\u00fcm\u00fcn 12 bin 526's\u0131n\u0131n Kovid-19 ile ba\u011flant\u0131 oldu\u011funu a\u00e7\u0131klad\u0131.\n\n\u0130talya'da ise Kovid-19 nedeniyle hayat\u0131n\u0131 kaybedenlerin say\u0131s\u0131 31 bin 610'a, toplam vaka say\u0131s\u0131 223 bin 885'e y\u00fckseldi. \u00dclkede iyile\u015fenlerin say\u0131s\u0131 da 120 bin 205 olarak a\u00e7\u0131kland\u0131.\n\nBrezilya Sa\u011fl\u0131k Bakan\u0131 Teich istifa etti\n\n\u0130spanya'daki can kayb\u0131 ise 27 bin 459'a y\u00fckselirken, vaka say\u0131s\u0131 274 bin 367, iyile\u015fen say\u0131s\u0131 ise 188 bin 967 oldu.\n\nKovid-19'un en yo\u011fun g\u00f6r\u00fcld\u00fc\u011f\u00fc Madrid'de \u00f6zerk y\u00f6netim, 18 May\u0131s'ta kademeli normalle\u015fme s\u00fcrecinde ikinci a\u015famaya ge\u00e7meyi talep etti.\n\nFransa'da Kovid-19 nedeniyle ya\u015fanan can kayb\u0131 27 bin 529'a, vaka say\u0131s\u0131 ise 215 bin 632'ye \u00e7\u0131kt\u0131. \u00dclkede 60 bin 448 ki\u015fi ise iyile\u015fti.\n\nFransa Sa\u011fl\u0131k Bakan\u0131 Olivier Veran, Kovid-19'a ili\u015fkin ara\u015ft\u0131rma yap\u0131lmak \u00fczere 45 farkl\u0131 projeye toplamda 22 milyon avro destek sa\u011flayacaklar\u0131n\u0131 belirtti.\n\nBrezilya'daki can kayb\u0131 844 artarak,6 13 bin 993'e y\u00fckselirken, vaka say\u0131s\u0131 da 13 bin 944 artarak 202 bin 918'e ula\u015ft\u0131.\n\nYakla\u015f\u0131k bir ay \u00f6nce g\u00f6reve ba\u015flayan Brezilya Sa\u011fl\u0131k Bakan\u0131 Nelson Teich istifa etti.\n\nRusya'da futbol ligleri 21 Haziran'da ba\u015flayacak\n\nRusya'daki can kayb\u0131 2 bin 418'e \u00e7\u0131karken, vaka say\u0131s\u0131 son 24 saatte 10 bin 598 artarak 262 bin 843 oldu. \u0130yile\u015fen say\u0131s\u0131 ise 58 bin 226'ya \u00e7\u0131kt\u0131.\n\nRusya \u0130nsan Sa\u011fl\u0131\u011f\u0131 ve T\u00fcketici Haklar\u0131n\u0131 Koruma Servisinden yap\u0131lan a\u00e7\u0131klamada, yakla\u015f\u0131k 256 bin ki\u015finin g\u00f6zetim alt\u0131nda tutuldu\u011fu kaydedildi.\n\n\u00dclkedeki futbol liglerinin, 21 Haziran'da ba\u015flayaca\u011f\u0131 bildirildi.\n\nAvusturya'da iki ay aradan sonra ibadethane ve restoranlar a\u00e7\u0131ld\u0131.\n\nMalezya'n\u0131n baz\u0131 camilerinde 2 ay sonra ilk cuma namaz\u0131 dar kat\u0131l\u0131mla k\u0131l\u0131nd\u0131.\n\nAlmanya, Kovid-19 \u00f6nlemleri kapsam\u0131nda \u00fclkeye gelenleri 14 g\u00fcn karantinada tutma uygulamas\u0131n\u0131, AB \u00fclkelerinden gelenler i\u00e7in kald\u0131rd\u0131.\n\nSlovenya'da h\u00fck\u00fcmet \"salg\u0131n\" durumunu sonland\u0131rd\u0131\n\nSlovenya'da h\u00fck\u00fcmet, Kovid-19 nedeniyle 12 Mart'tan beri y\u00fcr\u00fcrl\u00fckte olan \"salg\u0131n\" durumunu sonland\u0131rd\u0131.\n\nBosna Hersek'in ba\u015fkenti Saraybosna'da toplu ta\u015f\u0131ma yeniden ba\u015flad\u0131.\n\nKuzey Makedonya'da yakla\u015f\u0131k 2 ay sona ilk cuma namaz\u0131 k\u0131l\u0131nd\u0131.\n\nKarada\u011f'da k\u0131smi soka\u011fa \u00e7\u0131kma yasa\u011f\u0131 kald\u0131r\u0131ld\u0131, plajlar, restoranlar, kafeler ve al\u0131\u015fveri\u015f merkezleri yeniden a\u00e7\u0131ld\u0131.\n\nSingapur'da M\u00fcsl\u00fcmanlar\u0131n bu y\u0131lki hac ibadetleri, salg\u0131n sebebiyle gelecek y\u0131la ertelendi.\n\nSri Lanka'da Kovid-19'dan \u00f6lenlerin cesedinin, din ayr\u0131m\u0131 g\u00f6zetmeden krematoryumlarda yak\u0131lmas\u0131 uygulamas\u0131n\u0131n iptali i\u00e7in M\u00fcsl\u00fcman siyaset\u00e7iler hukuki ba\u015fvuruda bulundu.\n\nBel\u00e7ika 1. Futbol Ligi'nde (Pro Ligi) 2019-2020 sezonu tescil edilirken, lider Club Brugge'\u00fcn \u015fampiyon oldu\u011fu duyuruldu",
    "keywords": [
        "vir\u00fcs",
        "corona",
        "say\u0131s\u0131",
        "\u00fclkede",
        "ise",
        "ya\u015fanan",
        "son",
        "nedeniyle",
        "geli\u015fmeler",
        "y\u00fckselirken",
        "d\u00fcnyada",
        "ay",
        "saatte",
        "ilgili",
        "bin",
        "vaka",
        "24",
        "salg\u0131n\u0131yla",
        "kovid19",
        "kayb\u0131"
    ],
    "meta_keywords": [
        ""
    ],
    "publish_date": null,
    "summary": "Salg\u0131ndan en fazla etkilenen ABD'de vaka say\u0131s\u0131 1 milyon 471 bine y\u00fckselirken, can kayb\u0131 87 bin 825, iyile\u015fen say\u0131s\u0131 ise 317 bin 727 oldu.\nABD'de Kovid-19 salg\u0131n\u0131n\u0131n ekonomiye olumsuz etkisi nedeniyle evsiz say\u0131s\u0131n\u0131n y\u00fczde 45 artabilece\u011fi bildirildi.\nSalg\u0131ndan en fazla etkilenen New York'ta ''evde kal'' talimat\u0131 13 Haziran'a kadar uzat\u0131ld\u0131.\nABD Ba\u015fkan\u0131 Donald Trump, Kovid-19'a kar\u015f\u0131 y\u0131l sonuna kadar bir a\u015f\u0131 bulacaklar\u0131n\u0131 d\u00fc\u015f\u00fcnd\u00fcklerini belirtti.\n\u0130ngiltere'deki can kayb\u0131 33 bin 998'e, toplam vaka say\u0131s\u0131 ise 236 bin 711'e \u00e7\u0131kt\u0131.\nUlusal \u0130statistik Ofisi, \u00fclkede 2 Mart ile 1 May\u0131s aras\u0131nda huzurevlerinde meydana gelen 45 bin 899 \u00f6l\u00fcm\u00fcn 12 bin 526's\u0131n\u0131n Kovid-19 ile ba\u011flant\u0131 oldu\u011funu a\u00e7\u0131klad\u0131.\n\u0130talya'da ise Kovid-19 nedeniyle hayat\u0131n\u0131 kaybedenlerin say\u0131s\u0131 31 bin 610'a, toplam vaka say\u0131s\u0131 223 bin 885'e y\u00fckseldi.\n\u00dclkede iyile\u015fenlerin say\u0131s\u0131 da 120 bin 205 olarak a\u00e7\u0131kland\u0131.\nBrezilya Sa\u011fl\u0131k Bakan\u0131 Teich istifa etti\u0130spanya'daki can kayb\u0131 ise 27 bin 459'a y\u00fckselirken, vaka say\u0131s\u0131 274 bin 367, iyile\u015fen say\u0131s\u0131 ise 188 bin 967 oldu.\nKovid-19'un en yo\u011fun g\u00f6r\u00fcld\u00fc\u011f\u00fc Madrid'de \u00f6zerk y\u00f6netim, 18 May\u0131s'ta kademeli normalle\u015fme s\u00fcrecinde ikinci a\u015famaya ge\u00e7meyi talep etti.\nFransa'da Kovid-19 nedeniyle ya\u015fanan can kayb\u0131 27 bin 529'a, vaka say\u0131s\u0131 ise 215 bin 632'ye \u00e7\u0131kt\u0131.\n\u00dclkede 60 bin 448 ki\u015fi ise iyile\u015fti.\nFransa Sa\u011fl\u0131k Bakan\u0131 Olivier Veran, Kovid-19'a ili\u015fkin ara\u015ft\u0131rma yap\u0131lmak \u00fczere 45 farkl\u0131 projeye toplamda 22 milyon avro destek sa\u011flayacaklar\u0131n\u0131 belirtti.\nBrezilya'daki can kayb\u0131 844 artarak,6 13 bin 993'e y\u00fckselirken, vaka say\u0131s\u0131 da 13 bin 944 artarak 202 bin 918'e ula\u015ft\u0131.\nYakla\u015f\u0131k bir ay \u00f6nce g\u00f6reve ba\u015flayan Brezilya Sa\u011fl\u0131k Bakan\u0131 Nelson Teich istifa etti.\nRusya'da futbol ligleri 21 Haziran'da ba\u015flayacakRusya'daki can kayb\u0131 2 bin 418'e \u00e7\u0131karken, vaka say\u0131s\u0131 son 24 saatte 10 bin 598 artarak 262 bin 843 oldu.\n\u0130yile\u015fen say\u0131s\u0131 ise 58 bin 226'ya \u00e7\u0131kt\u0131.\nRusya \u0130nsan Sa\u011fl\u0131\u011f\u0131 ve T\u00fcketici Haklar\u0131n\u0131 Koruma Servisinden yap\u0131lan a\u00e7\u0131klamada, yakla\u015f\u0131k 256 bin ki\u015finin g\u00f6zetim alt\u0131nda tutuldu\u011fu kaydedildi.\n\u00dclkedeki futbol liglerinin, 21 Haziran'da ba\u015flayaca\u011f\u0131 bildirildi.\nAvusturya'da iki ay aradan sonra ibadethane ve restoranlar a\u00e7\u0131ld\u0131.\nMalezya'n\u0131n baz\u0131 camilerinde 2 ay sonra ilk cuma namaz\u0131 dar kat\u0131l\u0131mla k\u0131l\u0131nd\u0131.\nAlmanya, Kovid-19 \u00f6nlemleri kapsam\u0131nda \u00fclkeye gelenleri 14 g\u00fcn karantinada tutma uygulamas\u0131n\u0131, AB \u00fclkelerinden gelenler i\u00e7in kald\u0131rd\u0131.\nSlovenya'da h\u00fck\u00fcmet \"salg\u0131n\" durumunu sonland\u0131rd\u0131Slovenya'da h\u00fck\u00fcmet, Kovid-19 nedeniyle 12 Mart'tan beri y\u00fcr\u00fcrl\u00fckte olan \"salg\u0131n\" durumunu sonland\u0131rd\u0131.\nBosna Hersek'in ba\u015fkenti Saraybosna'da toplu ta\u015f\u0131ma yeniden ba\u015flad\u0131.\nKuzey Makedonya'da yakla\u015f\u0131k 2 ay sona ilk cuma namaz\u0131 k\u0131l\u0131nd\u0131.\nKarada\u011f'da k\u0131smi soka\u011fa \u00e7\u0131kma yasa\u011f\u0131 kald\u0131r\u0131ld\u0131, plajlar, restoranlar, kafeler ve al\u0131\u015fveri\u015f merkezleri yeniden a\u00e7\u0131ld\u0131.\nSingapur'da M\u00fcsl\u00fcmanlar\u0131n bu y\u0131lki hac ibadetleri, salg\u0131n sebebiyle gelecek y\u0131la ertelendi.\nSri Lanka'da Kovid-19'dan \u00f6lenlerin cesedinin, din ayr\u0131m\u0131 g\u00f6zetmeden krematoryumlarda yak\u0131lmas\u0131 uygulamas\u0131n\u0131n iptali i\u00e7in M\u00fcsl\u00fcman siyaset\u00e7iler hukuki ba\u015fvuruda bulundu.\nFutbol Ligi'nde (Pro Ligi) 2019-2020 sezonu tescil edilirken, lider Club Brugge'\u00fcn \u015fampiyon oldu\u011fu duyuruldu",
    "article_html": "",
    "meta_description": "Son Dakika - D\u00fcnya genelinde yeni tip corona vir\u00fcs vaka say\u0131s\u0131 4,5 milyonu ge\u00e7erken, can kayb\u0131 da 306 bine ula\u015ft\u0131.",
    "meta_lang": "tr"
}